[INFO] 2025-09-28 12:00:35,528 Logging to /nfs/roberts/project/pi_ac3458/vl298/Prompt-Perturbation/logs/pointwise_pipeline_20250928-120035_disable_prompt_perturbation-False_overwrite_ok-True_use_dummy_model-True.log
[INFO] 2025-09-28 12:00:35,528 Prompt perturbation enabled: True
[DEBUG] 2025-09-28 12:00:37,546 PyTorch version 2.4.0+cu121 available.
[INFO] 2025-09-28 12:00:37,869 Using model: dummy_api
[DEBUG] 2025-09-28 12:00:37,869 Evaluator target: <function pointwise_eval at 0x147e2b77bb00>
[DEBUG] 2025-09-28 12:00:37,870 Signature: (model: ReIFE.base_llm.BaseLLM | ReIFE.base_llm.BaseVLLM, data: list[dict], output_dir: str, prompt_dir: str, batch_size: int, instruction_marker: str, output_marker: str, output_text_dir: str | None = None, temperature: float = 1.0, top_p: float = 1.0, n: int = 1, max_tokens: int = 512, logprobs: int | None = None, verbose: bool = False, **kwargs) -> None
[DEBUG] 2025-09-28 12:00:37,870 Docstring:
Perform pointwise evaluation.

Args:
    model: The model for evaluation.
    data: The data to evaluate.
    output_dir: The directory to save the evaluation output.
    prompt_dir: The directory containing the prompt data.
    batch_size: The batch size for evaluation.
    instruction_marker: The marker for the instruction.
    output_marker: The marker for the output.
    output_text_dir: The directory to save the output text.
    temperature: The temperature for sampling.
    top_p: The top-p value for sampling.
    n: The number of samples to generate.
    max_tokens: The maximum number of generated tokens for each sample.
    logprobs: The number of log probabilities to output.
    parse_fn: The function to parse the output.
    verbose: Whether to print verbose output.
    kwargs: Additional keyword arguments for the evaluation function.

Returns:
    None
[INFO] 2025-09-28 12:00:37,883 Loaded 240 llm_grader submissions across 6 questions
[DEBUG] 2025-09-28 12:00:37,918 Invoking pointwise evaluator on 240 examples
[DEBUG] 2025-09-28 12:00:38,282 Generating 240 examples...
Prompt example: [
  {
    "content": "You are a meticulous teaching assistant who grades student responses according to the rubric that accompanies each prompt. You must return an integer score only.",
    "role": "system"
  },
  {
    "content": "You will receive an instruction with embedded rubric details, the maximum score, and a student answer. Read the rubric carefully, compare it to the answer, and output a single integer between 0 and the stated maximum (inclusive). Do not output any explanation or extra text.\n\n# Assignment and Rubric:\nYou are a meticulous teaching assistant who grades student responses according to the provided rubric and reference materials.\n\n### Assignment\nNow do the same but with jobs of different lengths: 100, 200, and 300. The commands are (./scheduler.py -p SJF -l 100,200,300) and (./scheduler.py -p FIFO -l 100,200,300). Compute the response time and turnaround time for SJF and FIFO? What if you change the order of the job length? Try different orders to find the difference.\n\n### Rubric (Student-Facing)\n1.For correct \u201cAverage reponse time and Turnaround time\u201d for SJF (6.5 points)\n2.For correct \u201cAverage reponse time and Turnaround time\u201d for FIFO (6.5 points)\n3.For point out \u201cif change the order of job length, response time and turnaround time for the SJF policy should remain the same.\u201d (3 points) \n4.For correct explain \u201cthe results for FIFO policy in different orders will change.\u201d (3 points)\n\n### Instructor Criteria\ncase1: \n\u2022 For correct \u201cAverage reponse time and Turnaround time\u201d for SJF (6.5 points)\n\u2022 For correct \u201cAverage reponse time and Turnaround time\u201d for FIFO (6.5 points)\n\u2022 For point out \u201cif change the order of job length, response time and turnaround time for the SJF policy should remain the same.\u201d (3 points) \n\u2022 For correct explain \u201cthe results for FIFO policy in different orders will change.\u201d (3 points) \ncase2: \n\u2022 For point out \u201cif change the order of job length, response time and turnaround time for the SJF policy should remain the same.\u201d (3 points)  and explain the reason (6.5). \n\u2022 For correct explain \u201cthe results for FIFO policy in different orders will change.\u201d (3 points) and explain the reason (6.5).\n\n### Reference Answer\nThe response time and turnaround time for three jobs using the FIFO policy and SJF policy are the same in the given order of job length. If we change the order of job length, response time and turnaround time for the SJF policy should remain the same.\nHowever, the results for FIFO policy in different orders will change. In particular, if we run these jobs in order 300, 200, 100, it makes FIFO perform poorly (the average response time is 266.67, and turnaround time is 466.67).\n\n### Maximum Score\n19\n\n### Reference Materials\n# scheduler.py\n#! /usr/bin/env python\n\nimport sys\nfrom optparse import OptionParser\nimport random\n\nparser = OptionParser()\nparser.add_option(\"-s\", \"--seed\", default=0, help=\"the random seed\",\n                  action=\"store\", type=\"int\", dest=\"seed\")\nparser.add_option(\"-j\", \"--jobs\", default=3, help=\"number of jobs in the system\",\n                  action=\"store\", type=\"int\", dest=\"jobs\")\nparser.add_option(\"-l\", \"--jlist\", default=\"\", help=\"instead of random jobs, provide a comma-separated list of run times\",\n                  action=\"store\", type=\"string\", dest=\"jlist\")\nparser.add_option(\"-m\", \"--maxlen\", default=10, help=\"max length of job\",\n                  action=\"store\", type=\"int\", dest=\"maxlen\")\nparser.add_option(\"-p\", \"--policy\", default=\"FIFO\", help=\"sched policy to use: SJF, FIFO, RR\",\n                  action=\"store\", type=\"string\", dest=\"policy\")\nparser.add_option(\"-q\", \"--quantum\", help=\"length of time slice for RR policy\", default=1,\n                  action=\"store\", type=\"int\", dest=\"quantum\")\nparser.add_option(\"-c\", help=\"compute answers for me\", action=\"store_true\", default=False, dest=\"solve\")\n\n(options, args) = parser.parse_args()\n\nrandom.seed(options.seed)\n\nprint 'ARG policy', options.policy\nif options.jlist == '':\n    print 'ARG jobs', options.jobs\n    print 'ARG maxlen', options.maxlen\n    print 'ARG seed', options.seed\nelse:\n    print 'ARG jlist', options.jlist\n\nprint ''\n\nprint 'Here is the job list, with the run time of each job: '\n\nimport operator\n\njoblist = []\nif options.jlist == '':\n    for jobnum in range(0,options.jobs):\n        runtime = int(options.maxlen * random.random()) + 1\n        joblist.append([jobnum, runtime])\n        print '  Job', jobnum, '( length = ' + str(runtime) + ' )'\nelse:\n    jobnum = 0\n    for runtime in options.jlist.split(','):\n        joblist.append([jobnum, float(runtime)])\n        jobnum += 1\n    for job in joblist:\n        print '  Job', job[0], '( length = ' + str(job[1]) + ' )'\nprint '\\n'\n\nif options.solve == True:\n    print '** Solutions **\\n'\n    if options.policy == 'SJF':\n        joblist = sorted(joblist, key=operator.itemgetter(1))\n        options.policy = 'FIFO'\n\n    if options.policy == 'FIFO':\n        thetime = 0\n        print 'Execution trace:'\n        for job in joblist:\n            print '  [ time %3d ] Run job %d for %.2f secs ( DONE at %.2f )' % (thetime, job[0], job[1], thetime + job[1])\n            thetime += job[1]\n\n        print '\\nFinal statistics:'\n        t     = 0.0\n        count = 0\n        turnaroundSum = 0.0\n        waitSum       = 0.0\n        responseSum   = 0.0\n        for tmp in joblist:\n            jobnum  = tmp[0]\n            runtime = tmp[1]\n\n            response   = t\n            turnaround = t + runtime\n            wait       = t\n            print '  Job %3d -- Response: %3.2f  Turnaround %3.2f  Wait %3.2f' % (jobnum, response, turnaround, wait)\n            responseSum   += response\n            turnaroundSum += turnaround\n            waitSum       += wait\n            t += runtime\n            count = count + 1\n        print '\\n  Average -- Response: %3.2f  Turnaround %3.2f  Wait %3.2f\\n' % (responseSum/count, turnaroundSum/count, waitSum/count)\n\n    if options.policy == 'RR':\n        print 'Execution trace:'\n        turnaround = {}\n        response = {}\n        lastran = {}\n        wait = {}\n        quantum  = float(options.quantum)\n        jobcount = len(joblist)\n        for i in range(0,jobcount):\n            lastran[i] = 0.0\n            wait[i] = 0.0\n            turnaround[i] = 0.0\n            response[i] = -1\n\n        runlist = []\n        for e in joblist:\n            runlist.append(e)\n\n        thetime  = 0.0\n        while jobcount > 0:\n            # print '%d jobs remaining' % jobcount\n            job = runlist.pop(0)\n            jobnum  = job[0]\n            runtime = float(job[1])\n            if response[jobnum] == -1:\n                response[jobnum] = thetime\n            currwait = thetime - lastran[jobnum]\n            wait[jobnum] += currwait\n            if runtime > quantum:\n                runtime -= quantum\n                ranfor = quantum\n                print '  [ time %3d ] Run job %3d for %.2f secs' % (thetime, jobnum, ranfor)\n                runlist.append([jobnum, runtime])\n            else:\n                ranfor = runtime;\n                print '  [ time %3d ] Run job %3d for %.2f secs ( DONE at %.2f )' % (thetime, jobnum, ranfor, thetime + ranfor)\n                turnaround[jobnum] = thetime + ranfor\n                jobcount -= 1\n            thetime += ranfor\n            lastran[jobnum] = thetime\n\n        print '\\nFinal statistics:'\n        turnaroundSum = 0.0\n        waitSum       = 0.0\n        responseSum   = 0.0\n        for i in range(0,len(joblist)):\n            turnaroundSum += turnaround[i]\n            responseSum += response[i]\n            waitSum += wait[i]\n            print '  Job %3d -- Response: %3.2f  Turnaround %3.2f  Wait %3.2f' % (i, response[i], turnaround[i], wait[i])\n        count = len(joblist)\n\n        print '\\n  Average -- Response: %3.2f  Turnaround %3.2f  Wait %3.2f\\n' % (responseSum/count, turnaroundSum/count, waitSum/count)\n\n    if options.policy != 'FIFO' and options.policy != 'SJF' and options.policy != 'RR':\n        print 'Error: Policy', options.policy, 'is not available.'\n        sys.exit(0)\nelse:\n    print 'Compute the turnaround time, response time, and wait time for each job.'\n    print 'When you are done, run this program again, with the same arguments,'\n    print 'but with -c, which will thus provide you with the answers. You can use'\n    print '-s <somenumber> or your own job list (-l 10,15,20 for example)'\n    print 'to generate different problems for yourself.'\n    print ''\n\n# Student Answer:\nWhen changing the order of the length to \n\u201c ./scheduler.py -p SJF -l 300,200,100 \u201d, the scheduler will execute the last jobs first because it has the shortest length, then the execute the second and last the first. However, the change of the order of the jobs length will still execute from the first to the last job as it is FIFO.\n\n# Output Format:\nReturn a single integer score only.",
    "role": "user"
  }
]
[DEBUG] 2025-09-28 12:00:38,425 Completed evaluation; 0 parse failures detected
[DEBUG] 2025-09-28 12:00:38,425 Example prompt after evaluation:
[SYSTEM]
You are a meticulous teaching assistant who grades student responses according to the rubric that accompanies each prompt. You must return an integer score only.

[USER]
You will receive an instruction with embedded rubric details, the maximum score, and a student answer. Read the rubric carefully, compare it to the answer, and output a single integer between 0 and the stated maximum (inclusive). Do not output any explanation or extra text.

# Assignment and Rubric:
You are a meticulous teaching assistant who grades student responses according to the provided rubric and reference materials.

### Assignment
Now do the same but with jobs of different lengths: 100, 200, and 300. The commands are (./scheduler.py -p SJF -l 100,200,300) and (./scheduler.py -p FIFO -l 100,200,300). Compute the response time and turnaround time for SJF and FIFO? What if you change the order of the job length? Try different orders to find the difference.

### Rubric (Student-Facing)
1.For correct “Average reponse time and Turnaround time” for SJF (6.5 points)
2.For correct “Average reponse time and Turnaround time” for FIFO (6.5 points)
3.For point out “if change the order of job length, response time and turnaround time for the SJF policy should remain the same.” (3 points) 
4.For correct explain “the results for FIFO policy in different orders will change.” (3 points)

### Instructor Criteria
case1: 
• For correct “Average reponse time and Turnaround time” for SJF (6.5 points)
• For correct “Average reponse time and Turnaround time” for FIFO (6.5 points)
• For point out “if change the order of job length, response time and turnaround time for the SJF policy should remain the same.” (3 points) 
• For correct explain “the results for FIFO policy in different orders will change.” (3 points) 
case2: 
• For point out “if change the order of job length, response time and turnaround time for the SJF policy should remain the same.” (3 points)  and explain the reason (6.5). 
• For correct explain “the results for FIFO policy in different orders will change.” (3 points) and explain the reason (6.5).

### Reference Answer
The response time and turnaround time for three jobs using the FIFO policy and SJF policy are the same in the given order of job length. If we change the order of job length, response time and turnaround time for the SJF policy should remain the same.
However, the results for FIFO policy in different orders will change. In particular, if we run these jobs in order 300, 200, 100, it makes FIFO perform poorly (the average response time is 266.67, and turnaround time is 466.67).

### Maximum Score
19

### Reference Materials
# scheduler.py
#! /usr/bin/env python

import sys
from optparse import OptionParser
import random

parser = OptionParser()
parser.add_option("-s", "--seed", default=0, help="the random seed",
                  action="store", type="int", dest="seed")
parser.add_option("-j", "--jobs", default=3, help="number of jobs in the system",
                  action="store", type="int", dest="jobs")
parser.add_option("-l", "--jlist", default="", help="instead of random jobs, provide a comma-separated list of run times",
                  action="store", type="string", dest="jlist")
parser.add_option("-m", "--maxlen", default=10, help="max length of job",
                  action="store", type="int", dest="maxlen")
parser.add_option("-p", "--policy", default="FIFO", help="sched policy to use: SJF, FIFO, RR",
                  action="store", type="string", dest="policy")
parser.add_option("-q", "--quantum", help="length of time slice for RR policy", default=1,
                  action="store", type="int", dest="quantum")
parser.add_option("-c", help="compute answers for me", action="store_true", default=False, dest="solve")

(options, args) = parser.parse_args()

random.seed(options.seed)

print 'ARG policy', options.policy
if options.jlist == '':
    print 'ARG jobs', options.jobs
    print 'ARG maxlen', options.maxlen
    print 'ARG seed', options.seed
else:
    print 'ARG jlist', options.jlist

print ''

print 'Here is the job list, with the run time of each job: '

import operator

joblist = []
if options.jlist == '':
    for jobnum in range(0,options.jobs):
        runtime = int(options.maxlen * random.random()) + 1
        joblist.append([jobnum, runtime])
        print '  Job', jobnum, '( length = ' + str(runtime) + ' )'
else:
    jobnum = 0
    for runtime in options.jlist.split(','):
        joblist.append([jobnum, float(runtime)])
        jobnum += 1
    for job in joblist:
        print '  Job', job[0], '( length = ' + str(job[1]) + ' )'
print '\n'

if options.solve == True:
    print '** Solutions **\n'
    if options.policy == 'SJF':
        joblist = sorted(joblist, key=operator.itemgetter(1))
        options.policy = 'FIFO'

    if options.policy == 'FIFO':
        thetime = 0
        print 'Execution trace:'
        for job in joblist:
            print '  [ time %3d ] Run job %d for %.2f secs ( DONE at %.2f )' % (thetime, job[0], job[1], thetime + job[1])
            thetime += job[1]

        print '\nFinal statistics:'
        t     = 0.0
        count = 0
        turnaroundSum = 0.0
        waitSum       = 0.0
        responseSum   = 0.0
        for tmp in joblist:
            jobnum  = tmp[0]
            runtime = tmp[1]

            response   = t
            turnaround = t + runtime
            wait       = t
            print '  Job %3d -- Response: %3.2f  Turnaround %3.2f  Wait %3.2f' % (jobnum, response, turnaround, wait)
            responseSum   += response
            turnaroundSum += turnaround
            waitSum       += wait
            t += runtime
            count = count + 1
        print '\n  Average -- Response: %3.2f  Turnaround %3.2f  Wait %3.2f\n' % (responseSum/count, turnaroundSum/count, waitSum/count)

    if options.policy == 'RR':
        print 'Execution trace:'
        turnaround = {}
        response = {}
        lastran = {}
        wait = {}
        quantum  = float(options.quantum)
        jobcount = len(joblist)
        for i in range(0,jobcount):
            lastran[i] = 0.0
            wait[i] = 0.0
            turnaround[i] = 0.0
            response[i] = -1

        runlist = []
        for e in joblist:
            runlist.append(e)

        thetime  = 0.0
        while jobcount > 0:
            # print '%d jobs remaining' % jobcount
            job = runlist.pop(0)
            jobnum  = job[0]
            runtime = float(job[1])
            if response[jobnum] == -1:
                response[jobnum] = thetime
            currwait = thetime - lastran[jobnum]
            wait[jobnum] += currwait
            if runtime > quantum:
                runtime -= quantum
                ranfor = quantum
                print '  [ time %3d ] Run job %3d for %.2f secs' % (thetime, jobnum, ranfor)
                runlist.append([jobnum, runtime])
            else:
                ranfor = runtime;
                print '  [ time %3d ] Run job %3d for %.2f secs ( DONE at %.2f )' % (thetime, jobnum, ranfor, thetime + ranfor)
                turnaround[jobnum] = thetime + ranfor
                jobcount -= 1
            thetime += ranfor
            lastran[jobnum] = thetime

        print '\nFinal statistics:'
        turnaroundSum = 0.0
        waitSum       = 0.0
        responseSum   = 0.0
        for i in range(0,len(joblist)):
            turnaroundSum += turnaround[i]
            responseSum += response[i]
            waitSum += wait[i]
            print '  Job %3d -- Response: %3.2f  Turnaround %3.2f  Wait %3.2f' % (i, response[i], turnaround[i], wait[i])
        count = len(joblist)

        print '\n  Average -- Response: %3.2f  Turnaround %3.2f  Wait %3.2f\n' % (responseSum/count, turnaroundSum/count, waitSum/count)

    if options.policy != 'FIFO' and options.policy != 'SJF' and options.policy != 'RR':
        print 'Error: Policy', options.policy, 'is not available.'
        sys.exit(0)
else:
    print 'Compute the turnaround time, response time, and wait time for each job.'
    print 'When you are done, run this program again, with the same arguments,'
    print 'but with -c, which will thus provide you with the answers. You can use'
    print '-s <somenumber> or your own job list (-l 10,15,20 for example)'
    print 'to generate different problems for yourself.'
    print ''

# Student Answer:
When changing the order of the length to 
“ ./scheduler.py -p SJF -l 300,200,100 ”, the scheduler will execute the last jobs first because it has the shortest length, then the execute the second and last the first. However, the change of the order of the jobs length will still execute from the first to the last job as it is FIFO.

# Output Format:
Return a single integer score only.
[INFO] 2025-09-28 12:00:38,425 Finished variant 'original' with 0 parse failures
[DEBUG] 2025-09-28 12:00:38,426 Invoking pointwise evaluator on 240 examples
[DEBUG] 2025-09-28 12:00:38,757 Generating 240 examples...
Prompt example: [
  {
    "content": "You are a meticulous teaching assistant who grades student responses according to the rubric that accompanies each prompt. You must return an integer score only.",
    "role": "system"
  },
  {
    "content": "You will receive an instruction with embedded rubric details, the maximum score, and a student answer. Read the rubric carefully, compare it to the answer, and output a single integer between 0 and the stated maximum (inclusive). Do not output any explanation or extra text.\n\n# Assignment and Rubric:\nYou are a meticulous teaching assistant who grades student responses according to the provided rubric and reference materials.\n\n### Assignment\nNow do the same apple with jobs of different apple 100, 200, and 300. apple commands are (./scheduler.py -p apple -l 100,200,300) and (./scheduler.py apple FIFO -l 100,200,300). Compute apple response time and turnaround apple for SJF and FIFO? apple if you change the apple of the job length? apple different orders to find apple difference.\n\n### Rubric (Student-Facing)\n1.For correct \u201cAverage reponse delorean and Turnaround time\u201d for delorean (6.5 points) 2.For correct delorean reponse time and Turnaround delorean for FIFO (6.5 points) delorean point out \u201cif change delorean order of job length, delorean time and turnaround time delorean the SJF policy should delorean the same.\u201d (3 points) delorean correct explain \u201cthe results delorean FIFO policy in different delorean will change.\u201d (3 points)\n\n### Instructor Criteria\ncase1: \n\u2022 For correct \u201cAverage reponse time and Turnaround time\u201d for SJF (6.5 points)\n\u2022 For correct \u201cAverage reponse time and Turnaround time\u201d for FIFO (6.5 points)\n\u2022 For point out \u201cif change the order of job length, response time and turnaround time for the SJF policy should remain the same.\u201d (3 points) \n\u2022 For correct explain \u201cthe results for FIFO policy in different orders will change.\u201d (3 points) \ncase2: \n\u2022 For point out \u201cif change the order of job length, response time and turnaround time for the SJF policy should remain the same.\u201d (3 points)  and explain the reason (6.5). \n\u2022 For correct explain \u201cthe results for FIFO policy in different orders will change.\u201d (3 points) and explain the reason (6.5).\n\n### Reference Answer\nThe response time and banana time for three jobs banana the FIFO policy and banana policy are the same banana the given order of banana length. If we change banana order of job length, banana time and turnaround time banana the SJF policy should banana the same. However, the banana for FIFO policy in banana orders will change. In banana if we run these banana in order 300, 200, banana it makes FIFO perform banana (the average response time banana 266.67, and turnaround time banana 466.67).\n\n### Maximum Score\n19\n\n### Reference Materials\n# scheduler.py\n#! /usr/bin/env python\n\nimport sys\nfrom optparse import OptionParser\nimport random\n\nparser = OptionParser()\nparser.add_option(\"-s\", \"--seed\", default=0, help=\"the random seed\",\n                  action=\"store\", type=\"int\", dest=\"seed\")\nparser.add_option(\"-j\", \"--jobs\", default=3, help=\"number of jobs in the system\",\n                  action=\"store\", type=\"int\", dest=\"jobs\")\nparser.add_option(\"-l\", \"--jlist\", default=\"\", help=\"instead of random jobs, provide a comma-separated list of run times\",\n                  action=\"store\", type=\"string\", dest=\"jlist\")\nparser.add_option(\"-m\", \"--maxlen\", default=10, help=\"max length of job\",\n                  action=\"store\", type=\"int\", dest=\"maxlen\")\nparser.add_option(\"-p\", \"--policy\", default=\"FIFO\", help=\"sched policy to use: SJF, FIFO, RR\",\n                  action=\"store\", type=\"string\", dest=\"policy\")\nparser.add_option(\"-q\", \"--quantum\", help=\"length of time slice for RR policy\", default=1,\n                  action=\"store\", type=\"int\", dest=\"quantum\")\nparser.add_option(\"-c\", help=\"compute answers for me\", action=\"store_true\", default=False, dest=\"solve\")\n\n(options, args) = parser.parse_args()\n\nrandom.seed(options.seed)\n\nprint 'ARG policy', options.policy\nif options.jlist == '':\n    print 'ARG jobs', options.jobs\n    print 'ARG maxlen', options.maxlen\n    print 'ARG seed', options.seed\nelse:\n    print 'ARG jlist', options.jlist\n\nprint ''\n\nprint 'Here is the job list, with the run time of each job: '\n\nimport operator\n\njoblist = []\nif options.jlist == '':\n    for jobnum in range(0,options.jobs):\n        runtime = int(options.maxlen * random.random()) + 1\n        joblist.append([jobnum, runtime])\n        print '  Job', jobnum, '( length = ' + str(runtime) + ' )'\nelse:\n    jobnum = 0\n    for runtime in options.jlist.split(','):\n        joblist.append([jobnum, float(runtime)])\n        jobnum += 1\n    for job in joblist:\n        print '  Job', job[0], '( length = ' + str(job[1]) + ' )'\nprint '\\n'\n\nif options.solve == True:\n    print '** Solutions **\\n'\n    if options.policy == 'SJF':\n        joblist = sorted(joblist, key=operator.itemgetter(1))\n        options.policy = 'FIFO'\n\n    if options.policy == 'FIFO':\n        thetime = 0\n        print 'Execution trace:'\n        for job in joblist:\n            print '  [ time %3d ] Run job %d for %.2f secs ( DONE at %.2f )' % (thetime, job[0], job[1], thetime + job[1])\n            thetime += job[1]\n\n        print '\\nFinal statistics:'\n        t     = 0.0\n        count = 0\n        turnaroundSum = 0.0\n        waitSum       = 0.0\n        responseSum   = 0.0\n        for tmp in joblist:\n            jobnum  = tmp[0]\n            runtime = tmp[1]\n\n            response   = t\n            turnaround = t + runtime\n            wait       = t\n            print '  Job %3d -- Response: %3.2f  Turnaround %3.2f  Wait %3.2f' % (jobnum, response, turnaround, wait)\n            responseSum   += response\n            turnaroundSum += turnaround\n            waitSum       += wait\n            t += runtime\n            count = count + 1\n        print '\\n  Average -- Response: %3.2f  Turnaround %3.2f  Wait %3.2f\\n' % (responseSum/count, turnaroundSum/count, waitSum/count)\n\n    if options.policy == 'RR':\n        print 'Execution trace:'\n        turnaround = {}\n        response = {}\n        lastran = {}\n        wait = {}\n        quantum  = float(options.quantum)\n        jobcount = len(joblist)\n        for i in range(0,jobcount):\n            lastran[i] = 0.0\n            wait[i] = 0.0\n            turnaround[i] = 0.0\n            response[i] = -1\n\n        runlist = []\n        for e in joblist:\n            runlist.append(e)\n\n        thetime  = 0.0\n        while jobcount > 0:\n            # print '%d jobs remaining' % jobcount\n            job = runlist.pop(0)\n            jobnum  = job[0]\n            runtime = float(job[1])\n            if response[jobnum] == -1:\n                response[jobnum] = thetime\n            currwait = thetime - lastran[jobnum]\n            wait[jobnum] += currwait\n            if runtime > quantum:\n                runtime -= quantum\n                ranfor = quantum\n                print '  [ time %3d ] Run job %3d for %.2f secs' % (thetime, jobnum, ranfor)\n                runlist.append([jobnum, runtime])\n            else:\n                ranfor = runtime;\n                print '  [ time %3d ] Run job %3d for %.2f secs ( DONE at %.2f )' % (thetime, jobnum, ranfor, thetime + ranfor)\n                turnaround[jobnum] = thetime + ranfor\n                jobcount -= 1\n            thetime += ranfor\n            lastran[jobnum] = thetime\n\n        print '\\nFinal statistics:'\n        turnaroundSum = 0.0\n        waitSum       = 0.0\n        responseSum   = 0.0\n        for i in range(0,len(joblist)):\n            turnaroundSum += turnaround[i]\n            responseSum += response[i]\n            waitSum += wait[i]\n            print '  Job %3d -- Response: %3.2f  Turnaround %3.2f  Wait %3.2f' % (i, response[i], turnaround[i], wait[i])\n        count = len(joblist)\n\n        print '\\n  Average -- Response: %3.2f  Turnaround %3.2f  Wait %3.2f\\n' % (responseSum/count, turnaroundSum/count, waitSum/count)\n\n    if options.policy != 'FIFO' and options.policy != 'SJF' and options.policy != 'RR':\n        print 'Error: Policy', options.policy, 'is not available.'\n        sys.exit(0)\nelse:\n    print 'Compute the turnaround time, response time, and wait time for each job.'\n    print 'When you are done, run this program again, with the same arguments,'\n    print 'but with -c, which will thus provide you with the answers. You can use'\n    print '-s <somenumber> or your own job list (-l 10,15,20 for example)'\n    print 'to generate different problems for yourself.'\n    print ''\n\n# Student Answer:\nWhen changing the order capricorn the length to \u201c capricorn -p SJF -l 300,200,100 capricorn the scheduler will execute capricorn last jobs first because capricorn has the shortest length, capricorn the execute the second capricorn last the first. However, capricorn change of the order capricorn the jobs length will capricorn execute from the first capricorn the last job as capricorn is FIFO.\n\n# Output Format:\nReturn a single integer score only.",
    "role": "user"
  }
]
[DEBUG] 2025-09-28 12:00:38,901 Completed evaluation; 0 parse failures detected
[DEBUG] 2025-09-28 12:00:38,901 Example prompt after evaluation:
[SYSTEM]
You are a meticulous teaching assistant who grades student responses according to the rubric that accompanies each prompt. You must return an integer score only.

[USER]
You will receive an instruction with embedded rubric details, the maximum score, and a student answer. Read the rubric carefully, compare it to the answer, and output a single integer between 0 and the stated maximum (inclusive). Do not output any explanation or extra text.

# Assignment and Rubric:
You are a meticulous teaching assistant who grades student responses according to the provided rubric and reference materials.

### Assignment
Now do the same apple with jobs of different apple 100, 200, and 300. apple commands are (./scheduler.py -p apple -l 100,200,300) and (./scheduler.py apple FIFO -l 100,200,300). Compute apple response time and turnaround apple for SJF and FIFO? apple if you change the apple of the job length? apple different orders to find apple difference.

### Rubric (Student-Facing)
1.For correct “Average reponse delorean and Turnaround time” for delorean (6.5 points) 2.For correct delorean reponse time and Turnaround delorean for FIFO (6.5 points) delorean point out “if change delorean order of job length, delorean time and turnaround time delorean the SJF policy should delorean the same.” (3 points) delorean correct explain “the results delorean FIFO policy in different delorean will change.” (3 points)

### Instructor Criteria
case1: 
• For correct “Average reponse time and Turnaround time” for SJF (6.5 points)
• For correct “Average reponse time and Turnaround time” for FIFO (6.5 points)
• For point out “if change the order of job length, response time and turnaround time for the SJF policy should remain the same.” (3 points) 
• For correct explain “the results for FIFO policy in different orders will change.” (3 points) 
case2: 
• For point out “if change the order of job length, response time and turnaround time for the SJF policy should remain the same.” (3 points)  and explain the reason (6.5). 
• For correct explain “the results for FIFO policy in different orders will change.” (3 points) and explain the reason (6.5).

### Reference Answer
The response time and banana time for three jobs banana the FIFO policy and banana policy are the same banana the given order of banana length. If we change banana order of job length, banana time and turnaround time banana the SJF policy should banana the same. However, the banana for FIFO policy in banana orders will change. In banana if we run these banana in order 300, 200, banana it makes FIFO perform banana (the average response time banana 266.67, and turnaround time banana 466.67).

### Maximum Score
19

### Reference Materials
# scheduler.py
#! /usr/bin/env python

import sys
from optparse import OptionParser
import random

parser = OptionParser()
parser.add_option("-s", "--seed", default=0, help="the random seed",
                  action="store", type="int", dest="seed")
parser.add_option("-j", "--jobs", default=3, help="number of jobs in the system",
                  action="store", type="int", dest="jobs")
parser.add_option("-l", "--jlist", default="", help="instead of random jobs, provide a comma-separated list of run times",
                  action="store", type="string", dest="jlist")
parser.add_option("-m", "--maxlen", default=10, help="max length of job",
                  action="store", type="int", dest="maxlen")
parser.add_option("-p", "--policy", default="FIFO", help="sched policy to use: SJF, FIFO, RR",
                  action="store", type="string", dest="policy")
parser.add_option("-q", "--quantum", help="length of time slice for RR policy", default=1,
                  action="store", type="int", dest="quantum")
parser.add_option("-c", help="compute answers for me", action="store_true", default=False, dest="solve")

(options, args) = parser.parse_args()

random.seed(options.seed)

print 'ARG policy', options.policy
if options.jlist == '':
    print 'ARG jobs', options.jobs
    print 'ARG maxlen', options.maxlen
    print 'ARG seed', options.seed
else:
    print 'ARG jlist', options.jlist

print ''

print 'Here is the job list, with the run time of each job: '

import operator

joblist = []
if options.jlist == '':
    for jobnum in range(0,options.jobs):
        runtime = int(options.maxlen * random.random()) + 1
        joblist.append([jobnum, runtime])
        print '  Job', jobnum, '( length = ' + str(runtime) + ' )'
else:
    jobnum = 0
    for runtime in options.jlist.split(','):
        joblist.append([jobnum, float(runtime)])
        jobnum += 1
    for job in joblist:
        print '  Job', job[0], '( length = ' + str(job[1]) + ' )'
print '\n'

if options.solve == True:
    print '** Solutions **\n'
    if options.policy == 'SJF':
        joblist = sorted(joblist, key=operator.itemgetter(1))
        options.policy = 'FIFO'

    if options.policy == 'FIFO':
        thetime = 0
        print 'Execution trace:'
        for job in joblist:
            print '  [ time %3d ] Run job %d for %.2f secs ( DONE at %.2f )' % (thetime, job[0], job[1], thetime + job[1])
            thetime += job[1]

        print '\nFinal statistics:'
        t     = 0.0
        count = 0
        turnaroundSum = 0.0
        waitSum       = 0.0
        responseSum   = 0.0
        for tmp in joblist:
            jobnum  = tmp[0]
            runtime = tmp[1]

            response   = t
            turnaround = t + runtime
            wait       = t
            print '  Job %3d -- Response: %3.2f  Turnaround %3.2f  Wait %3.2f' % (jobnum, response, turnaround, wait)
            responseSum   += response
            turnaroundSum += turnaround
            waitSum       += wait
            t += runtime
            count = count + 1
        print '\n  Average -- Response: %3.2f  Turnaround %3.2f  Wait %3.2f\n' % (responseSum/count, turnaroundSum/count, waitSum/count)

    if options.policy == 'RR':
        print 'Execution trace:'
        turnaround = {}
        response = {}
        lastran = {}
        wait = {}
        quantum  = float(options.quantum)
        jobcount = len(joblist)
        for i in range(0,jobcount):
            lastran[i] = 0.0
            wait[i] = 0.0
            turnaround[i] = 0.0
            response[i] = -1

        runlist = []
        for e in joblist:
            runlist.append(e)

        thetime  = 0.0
        while jobcount > 0:
            # print '%d jobs remaining' % jobcount
            job = runlist.pop(0)
            jobnum  = job[0]
            runtime = float(job[1])
            if response[jobnum] == -1:
                response[jobnum] = thetime
            currwait = thetime - lastran[jobnum]
            wait[jobnum] += currwait
            if runtime > quantum:
                runtime -= quantum
                ranfor = quantum
                print '  [ time %3d ] Run job %3d for %.2f secs' % (thetime, jobnum, ranfor)
                runlist.append([jobnum, runtime])
            else:
                ranfor = runtime;
                print '  [ time %3d ] Run job %3d for %.2f secs ( DONE at %.2f )' % (thetime, jobnum, ranfor, thetime + ranfor)
                turnaround[jobnum] = thetime + ranfor
                jobcount -= 1
            thetime += ranfor
            lastran[jobnum] = thetime

        print '\nFinal statistics:'
        turnaroundSum = 0.0
        waitSum       = 0.0
        responseSum   = 0.0
        for i in range(0,len(joblist)):
            turnaroundSum += turnaround[i]
            responseSum += response[i]
            waitSum += wait[i]
            print '  Job %3d -- Response: %3.2f  Turnaround %3.2f  Wait %3.2f' % (i, response[i], turnaround[i], wait[i])
        count = len(joblist)

        print '\n  Average -- Response: %3.2f  Turnaround %3.2f  Wait %3.2f\n' % (responseSum/count, turnaroundSum/count, waitSum/count)

    if options.policy != 'FIFO' and options.policy != 'SJF' and options.policy != 'RR':
        print 'Error: Policy', options.policy, 'is not available.'
        sys.exit(0)
else:
    print 'Compute the turnaround time, response time, and wait time for each job.'
    print 'When you are done, run this program again, with the same arguments,'
    print 'but with -c, which will thus provide you with the answers. You can use'
    print '-s <somenumber> or your own job list (-l 10,15,20 for example)'
    print 'to generate different problems for yourself.'
    print ''

# Student Answer:
When changing the order capricorn the length to “ capricorn -p SJF -l 300,200,100 capricorn the scheduler will execute capricorn last jobs first because capricorn has the shortest length, capricorn the execute the second capricorn last the first. However, capricorn change of the order capricorn the jobs length will capricorn execute from the first capricorn the last job as capricorn is FIFO.

# Output Format:
Return a single integer score only.
[INFO] 2025-09-28 12:00:38,901 Finished variant 'perturbed' with 0 parse failures
[INFO] 2025-09-28 12:00:39,067 Perturbation scores across variants: mean=2.87 std=6.07
[DEBUG] 2025-09-28 12:00:39,068 All perturbation scores: [12.0, 12.0, 19.0, 19.0, 17.0, 12.0, 17.0, 12.0, 19.0, 19.0, 17.0, 17.0, 19.0, 19.0, 19.0, 19.0, 17.0, 17.0, 19.0, 19.0, 7.0, 4.0, 17.0, 17.0, 19.0, 19.0, 19.0, 19.0, 2.0, 2.0, 7.0, 7.0, 12.0, 12.0, 19.0, 19.0, 12.0, 12.0, 19.0, 19.0, 19.0, 16.0, 9.0, 9.0, 19.0, 19.0, 19.0, 14.0, 19.0, 19.0, 10.0, 10.0, 19.0, 17.0, 19.0, 14.0, 19.0, 17.0, 14.0, 14.0, 17.0, 17.0, 19.0, 19.0, 17.0, 17.0, 19.0, 19.0, 12.0, 12.0, 19.0, 19.0, 12.0, 7.0, 19.0, 19.0, 19.0, 19.0, 19.0, 19.0, 0.0, 0.0, 0.0, 0.0, 0.0, 0.0, 0.0, 0.0, 0.0, 0.0, 0.0, 0.0, 0.0, 0.0, 0.0, 0.0, 0.0, 0.0, 0.0, 0.0, 0.0, 0.0, 0.0, 0.0, 0.0, 0.0, 0.0, 0.0, 0.0, 0.0, 0.0, 0.0, 0.0, 0.0, 0.0, 0.0, 0.0, 0.0, 0.0, 0.0, 0.0, 0.0, 0.0, 0.0, 0.0, 0.0, 0.0, 0.0, 0.0, 0.0, 0.0, 0.0, 0.0, 0.0, 0.0, 0.0, 0.0, 0.0, 0.0, 0.0, 0.0, 0.0, 0.0, 0.0, 0.0, 0.0, 0.0, 0.0, 0.0, 0.0, 0.0, 0.0, 0.0, 0.0, 0.0, 0.0, 0.0, 0.0, 0.0, 0.0, 2.0, 2.0, 2.0, 2.0, 2.0, 2.0, 2.0, 2.0, 2.0, 2.0, 2.0, 2.0, 2.0, 2.0, 2.0, 2.0, 0.0, 0.0, 2.0, 2.0, 2.0, 2.0, 2.0, 0.0, 0.0, 0.0, 2.0, 0.0, 2.0, 2.0, 2.0, 2.0, 2.0, 2.0, 2.0, 2.0, 2.0, 2.0, 0.0, 0.0, 2.0, 2.0, 2.0, 2.0, 0.0, 0.0, 2.0, 2.0, 2.0, 2.0, 0.0, 0.0, 2.0, 2.0, 0.0, 0.0, 0.0, 0.0, 2.0, 2.0, 0.0, 0.0, 2.0, 2.0, 2.0, 2.0, 2.0, 2.0, 2.0, 2.0, 2.0, 2.0, 2.0, 2.0, 2.0, 2.0, 2.0, 2.0, 0.0, 0.0, 0.0, 0.0, 0.0, 0.0, 0.0, 0.0, 0.0, 0.0, 0.0, 0.0, 0.0, 0.0, 0.0, 0.0, 0.0, 0.0, 0.0, 0.0, 0.0, 0.0, 0.0, 0.0, 0.0, 0.0, 0.0, 0.0, 0.0, 0.0, 0.0, 0.0, 0.0, 0.0, 0.0, 0.0, 0.0, 0.0, 0.0, 0.0, 0.0, 0.0, 0.0, 0.0, 0.0, 0.0, 0.0, 0.0, 0.0, 0.0, 0.0, 0.0, 0.0, 0.0, 0.0, 0.0, 0.0, 0.0, 0.0, 0.0, 0.0, 0.0, 0.0, 0.0, 0.0, 0.0, 0.0, 0.0, 0.0, 0.0, 0.0, 0.0, 0.0, 0.0, 0.0, 0.0, 0.0, 0.0, 0.0, 0.0, 0.0, 0.0, 0.0, 0.0, 0.0, 0.0, 0.0, 0.0, 0.0, 0.0, 0.0, 0.0, 0.0, 0.0, 0.0, 0.0, 0.0, 0.0, 0.0, 0.0, 0.0, 0.0, 0.0, 0.0, 0.0, 0.0, 0.0, 0.0, 0.0, 0.0, 0.0, 0.0, 0.0, 0.0, 0.0, 0.0, 0.0, 0.0, 0.0, 0.0, 0.0, 0.0, 0.0, 0.0, 0.0, 0.0, 0.0, 0.0, 0.0, 0.0, 0.0, 0.0, 0.0, 0.0, 0.0, 0.0, 0.0, 0.0, 0.0, 0.0, 0.0, 0.0, 0.0, 0.0, 0.0, 0.0, 0.0, 0.0, 0.0, 0.0, 0.0, 0.0, 0.0, 0.0, 0.0, 0.0, 0.0, 0.0, 0.0, 0.0, 0.0, 0.0, 0.0, 0.0, 0.0, 0.0, 0.0, 0.0, 0.0, 0.0, 0.0, 0.0, 0.0, 0.0, 0.0, 0.0, 0.0, 0.0, 0.0, 0.0, 0.0, 0.0, 0.0, 0.0, 0.0, 0.0, 0.0, 0.0, 0.0, 0.0, 0.0, 0.0, 0.0, 0.0, 0.0, 0.0, 0.0, 0.0, 0.0, 0.0, 0.0, 0.0, 0.0, 0.0, 0.0, 0.0, 0.0, 0.0, 0.0, 0.0, 0.0, 0.0, 0.0, 0.0, 0.0, 0.0, 0.0, 0.0, 0.0, 0.0, 0.0, 0.0, 0.0, 0.0, 0.0, 0.0, 0.0, 0.0, 0.0, 0.0, 0.0, 0.0, 0.0, 0.0, 0.0, 0.0, 0.0, 0.0, 0.0, 0.0, 0.0, 0.0]
[INFO] 2025-09-28 12:00:39,074 Meta-evaluation sample (first 10 entries):
 idx |  model  |    h1   |    h2   |    h3   |   mean  |    std
---------------------------------------------------------------
  0 |   12.00 |    7.00 |    7.00 |    7.00 |    7.00 |    0.00
  1 |   19.00 |   19.00 |   19.00 |   19.00 |   19.00 |    0.00
  2 |   14.50 |   13.00 |   13.00 |   19.00 |   15.00 |    3.46
  3 |   14.50 |   13.00 |   13.00 |   13.00 |   13.00 |    0.00
  4 |   19.00 |   11.00 |   15.00 |   13.00 |   13.00 |    2.00
  5 |   17.00 |   19.00 |   19.00 |   19.00 |   19.00 |    0.00
  6 |   19.00 |    8.00 |    4.00 |    6.00 |    6.00 |    2.00
  7 |   19.00 |   19.00 |   19.00 |   19.00 |   19.00 |    0.00
  8 |   17.00 |   13.00 |   13.00 |   13.00 |   13.00 |    0.00
  9 |   19.00 |   19.00 |   19.00 |   19.00 |   19.00 |    0.00
[DEBUG] 2025-09-28 12:00:39,076 Full meta-evaluation summary:
{
  "pearson_corr": -0.033999184641248736,
  "model_scores": [
    12.0,
    19.0,
    14.5,
    14.5,
    19.0,
    17.0,
    19.0,
    19.0,
    17.0,
    19.0,
    5.5,
    17.0,
    19.0,
    19.0,
    2.0,
    7.0,
    12.0,
    19.0,
    12.0,
    19.0,
    17.5,
    9.0,
    19.0,
    16.5,
    19.0,
    10.0,
    18.0,
    16.5,
    18.0,
    14.0,
    17.0,
    19.0,
    17.0,
    19.0,
    12.0,
    19.0,
    9.5,
    19.0,
    19.0,
    19.0,
    0.0,
    0.0,
    0.0,
    0.0,
    0.0,
    0.0,
    0.0,
    0.0,
    0.0,
    0.0,
    0.0,
    0.0,
    0.0,
    0.0,
    0.0,
    0.0,
    0.0,
    0.0,
    0.0,
    0.0,
    0.0,
    0.0,
    0.0,
    0.0,
    0.0,
    0.0,
    0.0,
    0.0,
    0.0,
    0.0,
    0.0,
    0.0,
    0.0,
    0.0,
    0.0,
    0.0,
    0.0,
    0.0,
    0.0,
    0.0,
    2.0,
    2.0,
    2.0,
    2.0,
    2.0,
    2.0,
    2.0,
    2.0,
    0.0,
    2.0,
    2.0,
    1.0,
    0.0,
    1.0,
    2.0,
    2.0,
    2.0,
    2.0,
    2.0,
    0.0,
    2.0,
    2.0,
    0.0,
    2.0,
    2.0,
    0.0,
    2.0,
    0.0,
    0.0,
    2.0,
    0.0,
    2.0,
    2.0,
    2.0,
    2.0,
    2.0,
    2.0,
    2.0,
    2.0,
    0.0,
    0.0,
    0.0,
    0.0,
    0.0,
    0.0,
    0.0,
    0.0,
    0.0,
    0.0,
    0.0,
    0.0,
    0.0,
    0.0,
    0.0,
    0.0,
    0.0,
    0.0,
    0.0,
    0.0,
    0.0,
    0.0,
    0.0,
    0.0,
    0.0,
    0.0,
    0.0,
    0.0,
    0.0,
    0.0,
    0.0,
    0.0,
    0.0,
    0.0,
    0.0,
    0.0,
    0.0,
    0.0,
    0.0,
    0.0,
    0.0,
    0.0,
    0.0,
    0.0,
    0.0,
    0.0,
    0.0,
    0.0,
    0.0,
    0.0,
    0.0,
    0.0,
    0.0,
    0.0,
    0.0,
    0.0,
    0.0,
    0.0,
    0.0,
    0.0,
    0.0,
    0.0,
    0.0,
    0.0,
    0.0,
    0.0,
    0.0,
    0.0,
    0.0,
    0.0,
    0.0,
    0.0,
    0.0,
    0.0,
    0.0,
    0.0,
    0.0,
    0.0,
    0.0,
    0.0,
    0.0,
    0.0,
    0.0,
    0.0,
    0.0,
    0.0,
    0.0,
    0.0,
    0.0,
    0.0,
    0.0,
    0.0,
    0.0,
    0.0,
    0.0,
    0.0,
    0.0,
    0.0,
    0.0,
    0.0,
    0.0,
    0.0,
    0.0,
    0.0,
    0.0,
    0.0,
    0.0,
    0.0,
    0.0,
    0.0,
    0.0,
    0.0,
    0.0,
    0.0,
    0.0,
    0.0,
    0.0,
    0.0,
    0.0,
    0.0,
    0.0
  ],
  "human_means": [
    7.0,
    19.0,
    15.0,
    13.0,
    13.0,
    19.0,
    6.0,
    19.0,
    13.0,
    19.0,
    3.0,
    13.0,
    19.0,
    19.0,
    0.0,
    6.666666666666667,
    0.3333333333333333,
    19.0,
    6.333333333333333,
    19.0,
    6.0,
    7.333333333333333,
    6.666666666666667,
    19.0,
    13.0,
    0.0,
    19.0,
    6.666666666666667,
    19.0,
    6.666666666666667,
    13.0,
    19.0,
    19.0,
    6.0,
    0.0,
    5.0,
    6.0,
    17.0,
    19.0,
    19.0,
    16.0,
    5.333333333333333,
    8.0,
    8.0,
    12.0,
    4.0,
    16.0,
    8.0,
    16.0,
    16.0,
    5.333333333333333,
    14.666666666666666,
    13.333333333333334,
    4.0,
    4.0,
    4.0,
    4.0,
    4.0,
    16.0,
    9.333333333333334,
    16.0,
    0.0,
    16.0,
    4.0,
    16.0,
    16.0,
    16.0,
    4.0,
    16.0,
    8.0,
    14.666666666666666,
    16.0,
    0.0,
    16.0,
    14.666666666666666,
    0.0,
    8.0,
    4.0,
    4.0,
    16.0,
    15.0,
    13.333333333333334,
    5.666666666666667,
    10.0,
    9.666666666666666,
    15.0,
    15.0,
    15.0,
    10.666666666666666,
    5.0,
    15.0,
    10.666666666666666,
    5.0,
    15.0,
    7.333333333333333,
    7.666666666666667,
    5.666666666666667,
    4.666666666666667,
    8.0,
    5.0,
    15.0,
    10.666666666666666,
    7.333333333333333,
    11.0,
    10.333333333333334,
    7.0,
    14.333333333333334,
    6.666666666666667,
    9.0,
    10.666666666666666,
    5.666666666666667,
    13.666666666666666,
    8.0,
    10.666666666666666,
    12.666666666666666,
    15.0,
    10.0,
    14.333333333333334,
    13.333333333333334,
    0.3333333333333333,
    8.0,
    16.0,
    8.0,
    10.666666666666666,
    8.0,
    8.0,
    16.0,
    16.0,
    8.0,
    16.0,
    8.0,
    16.0,
    8.0,
    8.0,
    8.0,
    16.0,
    8.0,
    16.0,
    16.0,
    16.0,
    16.0,
    8.0,
    0.6666666666666666,
    16.0,
    16.0,
    0.0,
    16.0,
    0.6666666666666666,
    16.0,
    0.0,
    8.0,
    8.0,
    16.0,
    16.0,
    10.666666666666666,
    8.0,
    8.0,
    3.3333333333333335,
    16.0,
    8.0,
    13.666666666666666,
    27.0,
    0.3333333333333333,
    3.3333333333333335,
    3.0,
    3.0,
    3.3333333333333335,
    12.666666666666666,
    12.0,
    19.666666666666668,
    27.0,
    12.666666666666666,
    13.333333333333334,
    26.333333333333332,
    27.0,
    15.0,
    6.0,
    18.0,
    9.666666666666666,
    27.0,
    12.333333333333334,
    19.0,
    5.0,
    22.666666666666668,
    5.666666666666667,
    27.0,
    0.3333333333333333,
    27.0,
    12.0,
    9.333333333333334,
    11.333333333333334,
    2.3333333333333335,
    13.666666666666666,
    12.666666666666666,
    4.0,
    27.0,
    10.0,
    0.6666666666666666,
    8.666666666666666,
    4.0,
    30.0,
    4.0,
    22.5,
    33.0,
    33.0,
    24.5,
    30.0,
    40.0,
    30.0,
    5.0,
    17.5,
    12.5,
    35.5,
    21.0,
    21.0,
    37.5,
    17.5,
    37.5,
    25.5,
    37.5,
    37.5,
    20.0,
    5.0,
    37.5,
    37.5,
    32.5,
    37.5,
    32.5,
    26.0,
    32.5,
    37.5,
    37.5,
    35.0,
    24.5,
    0.0,
    0.0,
    37.5,
    17.5,
    17.5,
    37.5
  ],
  "per_example_stats": [
    {
      "id": "q1-1",
      "question_id": "q1",
      "human_scores": [
        7.0,
        7.0,
        7.0
      ],
      "mean": 7.0,
      "std": 0.0,
      "model_score": 12.0
    },
    {
      "id": "q1-2",
      "question_id": "q1",
      "human_scores": [
        19,
        19,
        19
      ],
      "mean": 19,
      "std": 0.0,
      "model_score": 19.0
    },
    {
      "id": "q1-3",
      "question_id": "q1",
      "human_scores": [
        13.0,
        13.0,
        19
      ],
      "mean": 15.0,
      "std": 3.4641016151377544,
      "model_score": 14.5
    },
    {
      "id": "q1-4",
      "question_id": "q1",
      "human_scores": [
        13.0,
        13.0,
        13.0
      ],
      "mean": 13.0,
      "std": 0.0,
      "model_score": 14.5
    },
    {
      "id": "q1-5",
      "question_id": "q1",
      "human_scores": [
        11,
        15,
        13
      ],
      "mean": 13,
      "std": 2.0,
      "model_score": 19.0
    },
    {
      "id": "q1-6",
      "question_id": "q1",
      "human_scores": [
        19.0,
        19.0,
        19
      ],
      "mean": 19.0,
      "std": 0.0,
      "model_score": 17.0
    },
    {
      "id": "q1-7",
      "question_id": "q1",
      "human_scores": [
        8,
        4,
        6
      ],
      "mean": 6,
      "std": 2.0,
      "model_score": 19.0
    },
    {
      "id": "q1-8",
      "question_id": "q1",
      "human_scores": [
        19,
        19,
        19
      ],
      "mean": 19,
      "std": 0.0,
      "model_score": 19.0
    },
    {
      "id": "q1-9",
      "question_id": "q1",
      "human_scores": [
        13.0,
        13.0,
        13.0
      ],
      "mean": 13.0,
      "std": 0.0,
      "model_score": 17.0
    },
    {
      "id": "q1-10",
      "question_id": "q1",
      "human_scores": [
        19,
        19,
        19
      ],
      "mean": 19,
      "std": 0.0,
      "model_score": 19.0
    },
    {
      "id": "q1-11",
      "question_id": "q1",
      "human_scores": [
        3,
        3,
        3.0
      ],
      "mean": 3.0,
      "std": 0.0,
      "model_score": 5.5
    },
    {
      "id": "q1-12",
      "question_id": "q1",
      "human_scores": [
        13.0,
        13.0,
        13.0
      ],
      "mean": 13.0,
      "std": 0.0,
      "model_score": 17.0
    },
    {
      "id": "q1-13",
      "question_id": "q1",
      "human_scores": [
        19.0,
        19.0,
        19.0
      ],
      "mean": 19.0,
      "std": 0.0,
      "model_score": 19.0
    },
    {
      "id": "q1-14",
      "question_id": "q1",
      "human_scores": [
        19.0,
        19.0,
        19.0
      ],
      "mean": 19.0,
      "std": 0.0,
      "model_score": 19.0
    },
    {
      "id": "q1-15",
      "question_id": "q1",
      "human_scores": [
        0,
        0,
        0
      ],
      "mean": 0,
      "std": 0.0,
      "model_score": 2.0
    },
    {
      "id": "q1-16",
      "question_id": "q1",
      "human_scores": [
        7.0,
        7.0,
        6.0
      ],
      "mean": 6.666666666666667,
      "std": 0.5773502691896257,
      "model_score": 7.0
    },
    {
      "id": "q1-17",
      "question_id": "q1",
      "human_scores": [
        1,
        0,
        0
      ],
      "mean": 0.3333333333333333,
      "std": 0.5773502691896257,
      "model_score": 12.0
    },
    {
      "id": "q1-18",
      "question_id": "q1",
      "human_scores": [
        19.0,
        19.0,
        19
      ],
      "mean": 19.0,
      "std": 0.0,
      "model_score": 19.0
    },
    {
      "id": "q1-19",
      "question_id": "q1",
      "human_scores": [
        6.5,
        6.5,
        6
      ],
      "mean": 6.333333333333333,
      "std": 0.28867513459481287,
      "model_score": 12.0
    },
    {
      "id": "q1-20",
      "question_id": "q1",
      "human_scores": [
        19.0,
        19.0,
        19.0
      ],
      "mean": 19.0,
      "std": 0.0,
      "model_score": 19.0
    },
    {
      "id": "q1-21",
      "question_id": "q1",
      "human_scores": [
        6,
        6,
        6
      ],
      "mean": 6,
      "std": 0.0,
      "model_score": 17.5
    },
    {
      "id": "q1-22",
      "question_id": "q1",
      "human_scores": [
        7.0,
        7.0,
        8
      ],
      "mean": 7.333333333333333,
      "std": 0.5773502691896257,
      "model_score": 9.0
    },
    {
      "id": "q1-23",
      "question_id": "q1",
      "human_scores": [
        8,
        6,
        6
      ],
      "mean": 6.666666666666667,
      "std": 1.1547005383792515,
      "model_score": 19.0
    },
    {
      "id": "q1-24",
      "question_id": "q1",
      "human_scores": [
        19,
        19,
        19
      ],
      "mean": 19,
      "std": 0.0,
      "model_score": 16.5
    },
    {
      "id": "q1-25",
      "question_id": "q1",
      "human_scores": [
        13.0,
        13.0,
        13.0
      ],
      "mean": 13.0,
      "std": 0.0,
      "model_score": 19.0
    },
    {
      "id": "q1-26",
      "question_id": "q1",
      "human_scores": [
        0,
        0,
        0
      ],
      "mean": 0,
      "std": 0.0,
      "model_score": 10.0
    },
    {
      "id": "q1-27",
      "question_id": "q1",
      "human_scores": [
        19,
        19,
        19.0
      ],
      "mean": 19.0,
      "std": 0.0,
      "model_score": 18.0
    },
    {
      "id": "q1-28",
      "question_id": "q1",
      "human_scores": [
        8,
        6,
        6
      ],
      "mean": 6.666666666666667,
      "std": 1.1547005383792515,
      "model_score": 16.5
    },
    {
      "id": "q1-29",
      "question_id": "q1",
      "human_scores": [
        19,
        19,
        19
      ],
      "mean": 19,
      "std": 0.0,
      "model_score": 18.0
    },
    {
      "id": "q1-30",
      "question_id": "q1",
      "human_scores": [
        7.0,
        7.0,
        6
      ],
      "mean": 6.666666666666667,
      "std": 0.5773502691896257,
      "model_score": 14.0
    },
    {
      "id": "q1-31",
      "question_id": "q1",
      "human_scores": [
        13.0,
        13.0,
        13.0
      ],
      "mean": 13.0,
      "std": 0.0,
      "model_score": 17.0
    },
    {
      "id": "q1-32",
      "question_id": "q1",
      "human_scores": [
        19,
        19,
        19
      ],
      "mean": 19,
      "std": 0.0,
      "model_score": 19.0
    },
    {
      "id": "q1-33",
      "question_id": "q1",
      "human_scores": [
        19.0,
        19.0,
        19.0
      ],
      "mean": 19.0,
      "std": 0.0,
      "model_score": 17.0
    },
    {
      "id": "q1-34",
      "question_id": "q1",
      "human_scores": [
        6,
        6,
        6
      ],
      "mean": 6,
      "std": 0.0,
      "model_score": 19.0
    },
    {
      "id": "q1-35",
      "question_id": "q1",
      "human_scores": [
        0,
        0,
        0
      ],
      "mean": 0,
      "std": 0.0,
      "model_score": 12.0
    },
    {
      "id": "q1-36",
      "question_id": "q1",
      "human_scores": [
        6.0,
        6.0,
        3.0
      ],
      "mean": 5.0,
      "std": 1.7320508075688772,
      "model_score": 19.0
    },
    {
      "id": "q1-37",
      "question_id": "q1",
      "human_scores": [
        6,
        6,
        6
      ],
      "mean": 6,
      "std": 0.0,
      "model_score": 9.5
    },
    {
      "id": "q1-38",
      "question_id": "q1",
      "human_scores": [
        19,
        19,
        13.0
      ],
      "mean": 17.0,
      "std": 3.4641016151377544,
      "model_score": 19.0
    },
    {
      "id": "q1-39",
      "question_id": "q1",
      "human_scores": [
        19,
        19,
        19
      ],
      "mean": 19,
      "std": 0.0,
      "model_score": 19.0
    },
    {
      "id": "q1-40",
      "question_id": "q1",
      "human_scores": [
        19,
        19,
        19
      ],
      "mean": 19,
      "std": 0.0,
      "model_score": 19.0
    },
    {
      "id": "q2-1",
      "question_id": "q2",
      "human_scores": [
        16,
        16,
        16
      ],
      "mean": 16,
      "std": 0.0,
      "model_score": 0.0
    },
    {
      "id": "q2-2",
      "question_id": "q2",
      "human_scores": [
        8.0,
        4.0,
        4
      ],
      "mean": 5.333333333333333,
      "std": 2.309401076758503,
      "model_score": 0.0
    },
    {
      "id": "q2-3",
      "question_id": "q2",
      "human_scores": [
        8,
        8,
        8
      ],
      "mean": 8,
      "std": 0.0,
      "model_score": 0.0
    },
    {
      "id": "q2-4",
      "question_id": "q2",
      "human_scores": [
        8.0,
        8.0,
        8
      ],
      "mean": 8.0,
      "std": 0.0,
      "model_score": 0.0
    },
    {
      "id": "q2-5",
      "question_id": "q2",
      "human_scores": [
        12,
        12,
        12
      ],
      "mean": 12,
      "std": 0.0,
      "model_score": 0.0
    },
    {
      "id": "q2-6",
      "question_id": "q2",
      "human_scores": [
        4.0,
        4,
        4
      ],
      "mean": 4.0,
      "std": 0.0,
      "model_score": 0.0
    },
    {
      "id": "q2-7",
      "question_id": "q2",
      "human_scores": [
        16,
        16,
        16
      ],
      "mean": 16,
      "std": 0.0,
      "model_score": 0.0
    },
    {
      "id": "q2-8",
      "question_id": "q2",
      "human_scores": [
        8,
        8,
        8
      ],
      "mean": 8,
      "std": 0.0,
      "model_score": 0.0
    },
    {
      "id": "q2-9",
      "question_id": "q2",
      "human_scores": [
        16.0,
        16.0,
        16.0
      ],
      "mean": 16.0,
      "std": 0.0,
      "model_score": 0.0
    },
    {
      "id": "q2-10",
      "question_id": "q2",
      "human_scores": [
        16.0,
        16.0,
        16.0
      ],
      "mean": 16.0,
      "std": 0.0,
      "model_score": 0.0
    },
    {
      "id": "q2-11",
      "question_id": "q2",
      "human_scores": [
        8.0,
        4.0,
        4
      ],
      "mean": 5.333333333333333,
      "std": 2.309401076758503,
      "model_score": 0.0
    },
    {
      "id": "q2-12",
      "question_id": "q2",
      "human_scores": [
        16,
        16,
        12
      ],
      "mean": 14.666666666666666,
      "std": 2.309401076758503,
      "model_score": 0.0
    },
    {
      "id": "q2-13",
      "question_id": "q2",
      "human_scores": [
        16,
        16,
        8
      ],
      "mean": 13.333333333333334,
      "std": 4.618802153517006,
      "model_score": 0.0
    },
    {
      "id": "q2-14",
      "question_id": "q2",
      "human_scores": [
        4,
        4,
        4
      ],
      "mean": 4,
      "std": 0.0,
      "model_score": 0.0
    },
    {
      "id": "q2-15",
      "question_id": "q2",
      "human_scores": [
        4,
        4,
        4
      ],
      "mean": 4,
      "std": 0.0,
      "model_score": 0.0
    },
    {
      "id": "q2-16",
      "question_id": "q2",
      "human_scores": [
        4,
        4,
        4
      ],
      "mean": 4,
      "std": 0.0,
      "model_score": 0.0
    },
    {
      "id": "q2-17",
      "question_id": "q2",
      "human_scores": [
        4.0,
        4.0,
        4
      ],
      "mean": 4.0,
      "std": 0.0,
      "model_score": 0.0
    },
    {
      "id": "q2-18",
      "question_id": "q2",
      "human_scores": [
        4,
        4,
        4
      ],
      "mean": 4,
      "std": 0.0,
      "model_score": 0.0
    },
    {
      "id": "q2-19",
      "question_id": "q2",
      "human_scores": [
        16,
        16,
        16
      ],
      "mean": 16,
      "std": 0.0,
      "model_score": 0.0
    },
    {
      "id": "q2-20",
      "question_id": "q2",
      "human_scores": [
        12,
        8,
        8
      ],
      "mean": 9.333333333333334,
      "std": 2.309401076758503,
      "model_score": 0.0
    },
    {
      "id": "q2-21",
      "question_id": "q2",
      "human_scores": [
        16,
        16,
        16
      ],
      "mean": 16,
      "std": 0.0,
      "model_score": 0.0
    },
    {
      "id": "q2-22",
      "question_id": "q2",
      "human_scores": [
        0,
        0,
        0
      ],
      "mean": 0,
      "std": 0.0,
      "model_score": 0.0
    },
    {
      "id": "q2-23",
      "question_id": "q2",
      "human_scores": [
        16,
        16,
        16
      ],
      "mean": 16,
      "std": 0.0,
      "model_score": 0.0
    },
    {
      "id": "q2-24",
      "question_id": "q2",
      "human_scores": [
        4.0,
        4,
        4
      ],
      "mean": 4.0,
      "std": 0.0,
      "model_score": 0.0
    },
    {
      "id": "q2-25",
      "question_id": "q2",
      "human_scores": [
        16,
        16,
        16
      ],
      "mean": 16,
      "std": 0.0,
      "model_score": 0.0
    },
    {
      "id": "q2-26",
      "question_id": "q2",
      "human_scores": [
        16.0,
        16.0,
        16
      ],
      "mean": 16.0,
      "std": 0.0,
      "model_score": 0.0
    },
    {
      "id": "q2-27",
      "question_id": "q2",
      "human_scores": [
        16.0,
        16.0,
        16
      ],
      "mean": 16.0,
      "std": 0.0,
      "model_score": 0.0
    },
    {
      "id": "q2-28",
      "question_id": "q2",
      "human_scores": [
        4,
        4,
        4
      ],
      "mean": 4,
      "std": 0.0,
      "model_score": 0.0
    },
    {
      "id": "q2-29",
      "question_id": "q2",
      "human_scores": [
        16,
        16,
        16
      ],
      "mean": 16,
      "std": 0.0,
      "model_score": 0.0
    },
    {
      "id": "q2-30",
      "question_id": "q2",
      "human_scores": [
        8.0,
        8,
        8
      ],
      "mean": 8.0,
      "std": 0.0,
      "model_score": 0.0
    },
    {
      "id": "q2-31",
      "question_id": "q2",
      "human_scores": [
        12,
        16,
        16
      ],
      "mean": 14.666666666666666,
      "std": 2.309401076758503,
      "model_score": 0.0
    },
    {
      "id": "q2-32",
      "question_id": "q2",
      "human_scores": [
        16.0,
        16.0,
        16
      ],
      "mean": 16.0,
      "std": 0.0,
      "model_score": 0.0
    },
    {
      "id": "q2-33",
      "question_id": "q2",
      "human_scores": [
        0,
        0,
        0
      ],
      "mean": 0,
      "std": 0.0,
      "model_score": 0.0
    },
    {
      "id": "q2-34",
      "question_id": "q2",
      "human_scores": [
        16.0,
        16.0,
        16.0
      ],
      "mean": 16.0,
      "std": 0.0,
      "model_score": 0.0
    },
    {
      "id": "q2-35",
      "question_id": "q2",
      "human_scores": [
        16,
        16,
        12
      ],
      "mean": 14.666666666666666,
      "std": 2.309401076758503,
      "model_score": 0.0
    },
    {
      "id": "q2-36",
      "question_id": "q2",
      "human_scores": [
        0,
        0,
        0
      ],
      "mean": 0,
      "std": 0.0,
      "model_score": 0.0
    },
    {
      "id": "q2-37",
      "question_id": "q2",
      "human_scores": [
        8.0,
        8.0,
        8
      ],
      "mean": 8.0,
      "std": 0.0,
      "model_score": 0.0
    },
    {
      "id": "q2-38",
      "question_id": "q2",
      "human_scores": [
        4,
        4,
        4
      ],
      "mean": 4,
      "std": 0.0,
      "model_score": 0.0
    },
    {
      "id": "q2-39",
      "question_id": "q2",
      "human_scores": [
        4,
        4,
        4
      ],
      "mean": 4,
      "std": 0.0,
      "model_score": 0.0
    },
    {
      "id": "q2-40",
      "question_id": "q2",
      "human_scores": [
        16,
        16,
        16.0
      ],
      "mean": 16.0,
      "std": 0.0,
      "model_score": 0.0
    },
    {
      "id": "q3-1",
      "question_id": "q3",
      "human_scores": [
        15,
        15,
        15
      ],
      "mean": 15,
      "std": 0.0,
      "model_score": 2.0
    },
    {
      "id": "q3-2",
      "question_id": "q3",
      "human_scores": [
        10.0,
        15,
        15
      ],
      "mean": 13.333333333333334,
      "std": 2.8867513459481287,
      "model_score": 2.0
    },
    {
      "id": "q3-3",
      "question_id": "q3",
      "human_scores": [
        5,
        7,
        5
      ],
      "mean": 5.666666666666667,
      "std": 1.1547005383792515,
      "model_score": 2.0
    },
    {
      "id": "q3-4",
      "question_id": "q3",
      "human_scores": [
        10.0,
        10,
        10
      ],
      "mean": 10.0,
      "std": 0.0,
      "model_score": 2.0
    },
    {
      "id": "q3-5",
      "question_id": "q3",
      "human_scores": [
        12,
        8,
        9
      ],
      "mean": 9.666666666666666,
      "std": 2.0816659994661326,
      "model_score": 2.0
    },
    {
      "id": "q3-6",
      "question_id": "q3",
      "human_scores": [
        15,
        15,
        15
      ],
      "mean": 15,
      "std": 0.0,
      "model_score": 2.0
    },
    {
      "id": "q3-7",
      "question_id": "q3",
      "human_scores": [
        15.0,
        15,
        15
      ],
      "mean": 15.0,
      "std": 0.0,
      "model_score": 2.0
    },
    {
      "id": "q3-8",
      "question_id": "q3",
      "human_scores": [
        15,
        15,
        15
      ],
      "mean": 15,
      "std": 0.0,
      "model_score": 2.0
    },
    {
      "id": "q3-9",
      "question_id": "q3",
      "human_scores": [
        12,
        10,
        10
      ],
      "mean": 10.666666666666666,
      "std": 1.1547005383792515,
      "model_score": 0.0
    },
    {
      "id": "q3-10",
      "question_id": "q3",
      "human_scores": [
        5,
        5,
        5
      ],
      "mean": 5,
      "std": 0.0,
      "model_score": 2.0
    },
    {
      "id": "q3-11",
      "question_id": "q3",
      "human_scores": [
        15.0,
        15,
        15
      ],
      "mean": 15.0,
      "std": 0.0,
      "model_score": 2.0
    },
    {
      "id": "q3-12",
      "question_id": "q3",
      "human_scores": [
        10.0,
        12,
        10
      ],
      "mean": 10.666666666666666,
      "std": 1.1547005383792515,
      "model_score": 1.0
    },
    {
      "id": "q3-13",
      "question_id": "q3",
      "human_scores": [
        7,
        5,
        3
      ],
      "mean": 5,
      "std": 2.0,
      "model_score": 0.0
    },
    {
      "id": "q3-14",
      "question_id": "q3",
      "human_scores": [
        15,
        15,
        15
      ],
      "mean": 15,
      "std": 0.0,
      "model_score": 1.0
    },
    {
      "id": "q3-15",
      "question_id": "q3",
      "human_scores": [
        10.0,
        5,
        7
      ],
      "mean": 7.333333333333333,
      "std": 2.516611478423583,
      "model_score": 2.0
    },
    {
      "id": "q3-16",
      "question_id": "q3",
      "human_scores": [
        10,
        5,
        8
      ],
      "mean": 7.666666666666667,
      "std": 2.516611478423583,
      "model_score": 2.0
    },
    {
      "id": "q3-17",
      "question_id": "q3",
      "human_scores": [
        7,
        5,
        5
      ],
      "mean": 5.666666666666667,
      "std": 1.1547005383792515,
      "model_score": 2.0
    },
    {
      "id": "q3-18",
      "question_id": "q3",
      "human_scores": [
        5.0,
        5,
        4
      ],
      "mean": 4.666666666666667,
      "std": 0.5773502691896257,
      "model_score": 2.0
    },
    {
      "id": "q3-19",
      "question_id": "q3",
      "human_scores": [
        8,
        9,
        7
      ],
      "mean": 8,
      "std": 1.0,
      "model_score": 2.0
    },
    {
      "id": "q3-20",
      "question_id": "q3",
      "human_scores": [
        5.0,
        5,
        5
      ],
      "mean": 5.0,
      "std": 0.0,
      "model_score": 0.0
    },
    {
      "id": "q3-21",
      "question_id": "q3",
      "human_scores": [
        15,
        15,
        15
      ],
      "mean": 15,
      "std": 0.0,
      "model_score": 2.0
    },
    {
      "id": "q3-22",
      "question_id": "q3",
      "human_scores": [
        10.0,
        12,
        10
      ],
      "mean": 10.666666666666666,
      "std": 1.1547005383792515,
      "model_score": 2.0
    },
    {
      "id": "q3-23",
      "question_id": "q3",
      "human_scores": [
        10.0,
        5,
        7
      ],
      "mean": 7.333333333333333,
      "std": 2.516611478423583,
      "model_score": 0.0
    },
    {
      "id": "q3-24",
      "question_id": "q3",
      "human_scores": [
        13.0,
        10,
        10
      ],
      "mean": 11.0,
      "std": 1.7320508075688772,
      "model_score": 2.0
    },
    {
      "id": "q3-25",
      "question_id": "q3",
      "human_scores": [
        11,
        10,
        10
      ],
      "mean": 10.333333333333334,
      "std": 0.5773502691896257,
      "model_score": 2.0
    },
    {
      "id": "q3-26",
      "question_id": "q3",
      "human_scores": [
        5.0,
        9,
        7
      ],
      "mean": 7.0,
      "std": 2.0,
      "model_score": 0.0
    },
    {
      "id": "q3-27",
      "question_id": "q3",
      "human_scores": [
        15,
        13,
        15
      ],
      "mean": 14.333333333333334,
      "std": 1.1547005383792515,
      "model_score": 2.0
    },
    {
      "id": "q3-28",
      "question_id": "q3",
      "human_scores": [
        8,
        7,
        5
      ],
      "mean": 6.666666666666667,
      "std": 1.5275252316519468,
      "model_score": 0.0
    },
    {
      "id": "q3-29",
      "question_id": "q3",
      "human_scores": [
        8,
        10,
        9
      ],
      "mean": 9,
      "std": 1.0,
      "model_score": 0.0
    },
    {
      "id": "q3-30",
      "question_id": "q3",
      "human_scores": [
        10,
        12,
        10
      ],
      "mean": 10.666666666666666,
      "std": 1.1547005383792515,
      "model_score": 2.0
    },
    {
      "id": "q3-31",
      "question_id": "q3",
      "human_scores": [
        5,
        7,
        5
      ],
      "mean": 5.666666666666667,
      "std": 1.1547005383792515,
      "model_score": 0.0
    },
    {
      "id": "q3-32",
      "question_id": "q3",
      "human_scores": [
        13.0,
        15,
        13
      ],
      "mean": 13.666666666666666,
      "std": 1.1547005383792515,
      "model_score": 2.0
    },
    {
      "id": "q3-33",
      "question_id": "q3",
      "human_scores": [
        10.0,
        7,
        7
      ],
      "mean": 8.0,
      "std": 1.7320508075688772,
      "model_score": 2.0
    },
    {
      "id": "q3-34",
      "question_id": "q3",
      "human_scores": [
        10.0,
        12,
        10
      ],
      "mean": 10.666666666666666,
      "std": 1.1547005383792515,
      "model_score": 2.0
    },
    {
      "id": "q3-35",
      "question_id": "q3",
      "human_scores": [
        15,
        10,
        13
      ],
      "mean": 12.666666666666666,
      "std": 2.516611478423583,
      "model_score": 2.0
    },
    {
      "id": "q3-36",
      "question_id": "q3",
      "human_scores": [
        15,
        15,
        15
      ],
      "mean": 15,
      "std": 0.0,
      "model_score": 2.0
    },
    {
      "id": "q3-37",
      "question_id": "q3",
      "human_scores": [
        10.0,
        10,
        10
      ],
      "mean": 10.0,
      "std": 0.0,
      "model_score": 2.0
    },
    {
      "id": "q3-38",
      "question_id": "q3",
      "human_scores": [
        15.0,
        13,
        15
      ],
      "mean": 14.333333333333334,
      "std": 1.1547005383792515,
      "model_score": 2.0
    },
    {
      "id": "q3-39",
      "question_id": "q3",
      "human_scores": [
        10.0,
        15,
        15
      ],
      "mean": 13.333333333333334,
      "std": 2.8867513459481287,
      "model_score": 2.0
    },
    {
      "id": "q3-40",
      "question_id": "q3",
      "human_scores": [
        1.0,
        0,
        0
      ],
      "mean": 0.3333333333333333,
      "std": 0.5773502691896257,
      "model_score": 0.0
    },
    {
      "id": "q4-1",
      "question_id": "q4",
      "human_scores": [
        8.0,
        8.0,
        8.0
      ],
      "mean": 8.0,
      "std": 0.0,
      "model_score": 0.0
    },
    {
      "id": "q4-2",
      "question_id": "q4",
      "human_scores": [
        16.0,
        16.0,
        16
      ],
      "mean": 16.0,
      "std": 0.0,
      "model_score": 0.0
    },
    {
      "id": "q4-3",
      "question_id": "q4",
      "human_scores": [
        8.0,
        8.0,
        8
      ],
      "mean": 8.0,
      "std": 0.0,
      "model_score": 0.0
    },
    {
      "id": "q4-4",
      "question_id": "q4",
      "human_scores": [
        16.0,
        8,
        8
      ],
      "mean": 10.666666666666666,
      "std": 4.618802153517006,
      "model_score": 0.0
    },
    {
      "id": "q4-5",
      "question_id": "q4",
      "human_scores": [
        8,
        8,
        8
      ],
      "mean": 8,
      "std": 0.0,
      "model_score": 0.0
    },
    {
      "id": "q4-6",
      "question_id": "q4",
      "human_scores": [
        8.0,
        8.0,
        8
      ],
      "mean": 8.0,
      "std": 0.0,
      "model_score": 0.0
    },
    {
      "id": "q4-7",
      "question_id": "q4",
      "human_scores": [
        16.0,
        16.0,
        16
      ],
      "mean": 16.0,
      "std": 0.0,
      "model_score": 0.0
    },
    {
      "id": "q4-8",
      "question_id": "q4",
      "human_scores": [
        16.0,
        16.0,
        16.0
      ],
      "mean": 16.0,
      "std": 0.0,
      "model_score": 0.0
    },
    {
      "id": "q4-9",
      "question_id": "q4",
      "human_scores": [
        8.0,
        8,
        8
      ],
      "mean": 8.0,
      "std": 0.0,
      "model_score": 0.0
    },
    {
      "id": "q4-10",
      "question_id": "q4",
      "human_scores": [
        16,
        16,
        16
      ],
      "mean": 16,
      "std": 0.0,
      "model_score": 0.0
    },
    {
      "id": "q4-11",
      "question_id": "q4",
      "human_scores": [
        8.0,
        8.0,
        8
      ],
      "mean": 8.0,
      "std": 0.0,
      "model_score": 0.0
    },
    {
      "id": "q4-12",
      "question_id": "q4",
      "human_scores": [
        16.0,
        16.0,
        16
      ],
      "mean": 16.0,
      "std": 0.0,
      "model_score": 0.0
    },
    {
      "id": "q4-13",
      "question_id": "q4",
      "human_scores": [
        8.0,
        8.0,
        8
      ],
      "mean": 8.0,
      "std": 0.0,
      "model_score": 0.0
    },
    {
      "id": "q4-14",
      "question_id": "q4",
      "human_scores": [
        8,
        8,
        8
      ],
      "mean": 8,
      "std": 0.0,
      "model_score": 0.0
    },
    {
      "id": "q4-15",
      "question_id": "q4",
      "human_scores": [
        8.0,
        8.0,
        8
      ],
      "mean": 8.0,
      "std": 0.0,
      "model_score": 0.0
    },
    {
      "id": "q4-16",
      "question_id": "q4",
      "human_scores": [
        16,
        16,
        16
      ],
      "mean": 16,
      "std": 0.0,
      "model_score": 0.0
    },
    {
      "id": "q4-17",
      "question_id": "q4",
      "human_scores": [
        8.0,
        8,
        8
      ],
      "mean": 8.0,
      "std": 0.0,
      "model_score": 0.0
    },
    {
      "id": "q4-18",
      "question_id": "q4",
      "human_scores": [
        16,
        16,
        16
      ],
      "mean": 16,
      "std": 0.0,
      "model_score": 0.0
    },
    {
      "id": "q4-19",
      "question_id": "q4",
      "human_scores": [
        16.0,
        16.0,
        16
      ],
      "mean": 16.0,
      "std": 0.0,
      "model_score": 0.0
    },
    {
      "id": "q4-20",
      "question_id": "q4",
      "human_scores": [
        16.0,
        16.0,
        16
      ],
      "mean": 16.0,
      "std": 0.0,
      "model_score": 0.0
    },
    {
      "id": "q4-21",
      "question_id": "q4",
      "human_scores": [
        16,
        16,
        16
      ],
      "mean": 16,
      "std": 0.0,
      "model_score": 0.0
    },
    {
      "id": "q4-22",
      "question_id": "q4",
      "human_scores": [
        8,
        8,
        8
      ],
      "mean": 8,
      "std": 0.0,
      "model_score": 0.0
    },
    {
      "id": "q4-23",
      "question_id": "q4",
      "human_scores": [
        2,
        0,
        0
      ],
      "mean": 0.6666666666666666,
      "std": 1.1547005383792515,
      "model_score": 0.0
    },
    {
      "id": "q4-24",
      "question_id": "q4",
      "human_scores": [
        16.0,
        16.0,
        16
      ],
      "mean": 16.0,
      "std": 0.0,
      "model_score": 0.0
    },
    {
      "id": "q4-25",
      "question_id": "q4",
      "human_scores": [
        16.0,
        16.0,
        16
      ],
      "mean": 16.0,
      "std": 0.0,
      "model_score": 0.0
    },
    {
      "id": "q4-26",
      "question_id": "q4",
      "human_scores": [
        0.0,
        0.0,
        0
      ],
      "mean": 0.0,
      "std": 0.0,
      "model_score": 0.0
    },
    {
      "id": "q4-27",
      "question_id": "q4",
      "human_scores": [
        16.0,
        16.0,
        16
      ],
      "mean": 16.0,
      "std": 0.0,
      "model_score": 0.0
    },
    {
      "id": "q4-28",
      "question_id": "q4",
      "human_scores": [
        2,
        0,
        0
      ],
      "mean": 0.6666666666666666,
      "std": 1.1547005383792515,
      "model_score": 0.0
    },
    {
      "id": "q4-29",
      "question_id": "q4",
      "human_scores": [
        16,
        16,
        16
      ],
      "mean": 16,
      "std": 0.0,
      "model_score": 0.0
    },
    {
      "id": "q4-30",
      "question_id": "q4",
      "human_scores": [
        0.0,
        0.0,
        0
      ],
      "mean": 0.0,
      "std": 0.0,
      "model_score": 0.0
    },
    {
      "id": "q4-31",
      "question_id": "q4",
      "human_scores": [
        8.0,
        8,
        8
      ],
      "mean": 8.0,
      "std": 0.0,
      "model_score": 0.0
    },
    {
      "id": "q4-32",
      "question_id": "q4",
      "human_scores": [
        8,
        8,
        8
      ],
      "mean": 8,
      "std": 0.0,
      "model_score": 0.0
    },
    {
      "id": "q4-33",
      "question_id": "q4",
      "human_scores": [
        16.0,
        16.0,
        16
      ],
      "mean": 16.0,
      "std": 0.0,
      "model_score": 0.0
    },
    {
      "id": "q4-34",
      "question_id": "q4",
      "human_scores": [
        16.0,
        16.0,
        16
      ],
      "mean": 16.0,
      "std": 0.0,
      "model_score": 0.0
    },
    {
      "id": "q4-35",
      "question_id": "q4",
      "human_scores": [
        16.0,
        8,
        8
      ],
      "mean": 10.666666666666666,
      "std": 4.618802153517006,
      "model_score": 0.0
    },
    {
      "id": "q4-36",
      "question_id": "q4",
      "human_scores": [
        8,
        8,
        8
      ],
      "mean": 8,
      "std": 0.0,
      "model_score": 0.0
    },
    {
      "id": "q4-37",
      "question_id": "q4",
      "human_scores": [
        8,
        8,
        8
      ],
      "mean": 8,
      "std": 0.0,
      "model_score": 0.0
    },
    {
      "id": "q4-38",
      "question_id": "q4",
      "human_scores": [
        10.0,
        0,
        0
      ],
      "mean": 3.3333333333333335,
      "std": 5.773502691896257,
      "model_score": 0.0
    },
    {
      "id": "q4-39",
      "question_id": "q4",
      "human_scores": [
        16,
        16,
        16
      ],
      "mean": 16,
      "std": 0.0,
      "model_score": 0.0
    },
    {
      "id": "q4-40",
      "question_id": "q4",
      "human_scores": [
        8.0,
        8.0,
        8
      ],
      "mean": 8.0,
      "std": 0.0,
      "model_score": 0.0
    },
    {
      "id": "q5-1",
      "question_id": "q5",
      "human_scores": [
        13.0,
        15,
        13
      ],
      "mean": 13.666666666666666,
      "std": 1.1547005383792515,
      "model_score": 0.0
    },
    {
      "id": "q5-2",
      "question_id": "q5",
      "human_scores": [
        27.0,
        27,
        27
      ],
      "mean": 27.0,
      "std": 0.0,
      "model_score": 0.0
    },
    {
      "id": "q5-3",
      "question_id": "q5",
      "human_scores": [
        1.0,
        0,
        0
      ],
      "mean": 0.3333333333333333,
      "std": 0.5773502691896257,
      "model_score": 0.0
    },
    {
      "id": "q5-4",
      "question_id": "q5",
      "human_scores": [
        2,
        5,
        3
      ],
      "mean": 3.3333333333333335,
      "std": 1.5275252316519468,
      "model_score": 0.0
    },
    {
      "id": "q5-5",
      "question_id": "q5",
      "human_scores": [
        2.0,
        4,
        3
      ],
      "mean": 3.0,
      "std": 1.0,
      "model_score": 0.0
    },
    {
      "id": "q5-6",
      "question_id": "q5",
      "human_scores": [
        3,
        3,
        3
      ],
      "mean": 3,
      "std": 0.0,
      "model_score": 0.0
    },
    {
      "id": "q5-7",
      "question_id": "q5",
      "human_scores": [
        4,
        3,
        3
      ],
      "mean": 3.3333333333333335,
      "std": 0.5773502691896257,
      "model_score": 0.0
    },
    {
      "id": "q5-8",
      "question_id": "q5",
      "human_scores": [
        11,
        15,
        12
      ],
      "mean": 12.666666666666666,
      "std": 2.0816659994661326,
      "model_score": 0.0
    },
    {
      "id": "q5-9",
      "question_id": "q5",
      "human_scores": [
        8,
        16,
        12
      ],
      "mean": 12,
      "std": 4.0,
      "model_score": 0.0
    },
    {
      "id": "q5-10",
      "question_id": "q5",
      "human_scores": [
        18,
        20,
        21
      ],
      "mean": 19.666666666666668,
      "std": 1.5275252316519468,
      "model_score": 0.0
    },
    {
      "id": "q5-11",
      "question_id": "q5",
      "human_scores": [
        27.0,
        27,
        27
      ],
      "mean": 27.0,
      "std": 0.0,
      "model_score": 0.0
    },
    {
      "id": "q5-12",
      "question_id": "q5",
      "human_scores": [
        11,
        15,
        12
      ],
      "mean": 12.666666666666666,
      "std": 2.0816659994661326,
      "model_score": 0.0
    },
    {
      "id": "q5-13",
      "question_id": "q5",
      "human_scores": [
        15,
        13,
        12
      ],
      "mean": 13.333333333333334,
      "std": 1.5275252316519468,
      "model_score": 0.0
    },
    {
      "id": "q5-14",
      "question_id": "q5",
      "human_scores": [
        27.0,
        25,
        27
      ],
      "mean": 26.333333333333332,
      "std": 1.1547005383792515,
      "model_score": 0.0
    },
    {
      "id": "q5-15",
      "question_id": "q5",
      "human_scores": [
        27.0,
        27,
        27
      ],
      "mean": 27.0,
      "std": 0.0,
      "model_score": 0.0
    },
    {
      "id": "q5-16",
      "question_id": "q5",
      "human_scores": [
        12,
        18,
        15
      ],
      "mean": 15,
      "std": 3.0,
      "model_score": 0.0
    },
    {
      "id": "q5-17",
      "question_id": "q5",
      "human_scores": [
        7.0,
        5,
        6
      ],
      "mean": 6.0,
      "std": 1.0,
      "model_score": 0.0
    },
    {
      "id": "q5-18",
      "question_id": "q5",
      "human_scores": [
        20,
        16,
        18
      ],
      "mean": 18,
      "std": 2.0,
      "model_score": 0.0
    },
    {
      "id": "q5-19",
      "question_id": "q5",
      "human_scores": [
        9,
        11,
        9
      ],
      "mean": 9.666666666666666,
      "std": 1.1547005383792515,
      "model_score": 0.0
    },
    {
      "id": "q5-20",
      "question_id": "q5",
      "human_scores": [
        27.0,
        27,
        27
      ],
      "mean": 27.0,
      "std": 0.0,
      "model_score": 0.0
    },
    {
      "id": "q5-21",
      "question_id": "q5",
      "human_scores": [
        15.0,
        10,
        12
      ],
      "mean": 12.333333333333334,
      "std": 2.516611478423583,
      "model_score": 0.0
    },
    {
      "id": "q5-22",
      "question_id": "q5",
      "human_scores": [
        23.0,
        16,
        18
      ],
      "mean": 19.0,
      "std": 3.605551275463989,
      "model_score": 0.0
    },
    {
      "id": "q5-23",
      "question_id": "q5",
      "human_scores": [
        6,
        6,
        3
      ],
      "mean": 5,
      "std": 1.7320508075688772,
      "model_score": 0.0
    },
    {
      "id": "q5-24",
      "question_id": "q5",
      "human_scores": [
        20,
        27,
        21
      ],
      "mean": 22.666666666666668,
      "std": 3.7859388972001824,
      "model_score": 0.0
    },
    {
      "id": "q5-25",
      "question_id": "q5",
      "human_scores": [
        5,
        9,
        3
      ],
      "mean": 5.666666666666667,
      "std": 3.0550504633038935,
      "model_score": 0.0
    },
    {
      "id": "q5-26",
      "question_id": "q5",
      "human_scores": [
        27,
        27,
        27
      ],
      "mean": 27,
      "std": 0.0,
      "model_score": 0.0
    },
    {
      "id": "q5-27",
      "question_id": "q5",
      "human_scores": [
        0.0,
        1,
        0
      ],
      "mean": 0.3333333333333333,
      "std": 0.5773502691896257,
      "model_score": 0.0
    },
    {
      "id": "q5-28",
      "question_id": "q5",
      "human_scores": [
        27.0,
        27,
        27
      ],
      "mean": 27.0,
      "std": 0.0,
      "model_score": 0.0
    },
    {
      "id": "q5-29",
      "question_id": "q5",
      "human_scores": [
        12.0,
        12,
        12
      ],
      "mean": 12.0,
      "std": 0.0,
      "model_score": 0.0
    },
    {
      "id": "q5-30",
      "question_id": "q5",
      "human_scores": [
        9.0,
        10,
        9
      ],
      "mean": 9.333333333333334,
      "std": 0.5773502691896257,
      "model_score": 0.0
    },
    {
      "id": "q5-31",
      "question_id": "q5",
      "human_scores": [
        10,
        12,
        12
      ],
      "mean": 11.333333333333334,
      "std": 1.1547005383792515,
      "model_score": 0.0
    },
    {
      "id": "q5-32",
      "question_id": "q5",
      "human_scores": [
        4,
        3,
        0
      ],
      "mean": 2.3333333333333335,
      "std": 2.0816659994661326,
      "model_score": 0.0
    },
    {
      "id": "q5-33",
      "question_id": "q5",
      "human_scores": [
        13,
        15,
        13
      ],
      "mean": 13.666666666666666,
      "std": 1.1547005383792515,
      "model_score": 0.0
    },
    {
      "id": "q5-34",
      "question_id": "q5",
      "human_scores": [
        16,
        10,
        12
      ],
      "mean": 12.666666666666666,
      "std": 3.0550504633038935,
      "model_score": 0.0
    },
    {
      "id": "q5-35",
      "question_id": "q5",
      "human_scores": [
        5,
        5,
        2
      ],
      "mean": 4,
      "std": 1.7320508075688772,
      "model_score": 0.0
    },
    {
      "id": "q5-36",
      "question_id": "q5",
      "human_scores": [
        27.0,
        27,
        27
      ],
      "mean": 27.0,
      "std": 0.0,
      "model_score": 0.0
    },
    {
      "id": "q5-37",
      "question_id": "q5",
      "human_scores": [
        9.0,
        12,
        9
      ],
      "mean": 10.0,
      "std": 1.7320508075688772,
      "model_score": 0.0
    },
    {
      "id": "q5-38",
      "question_id": "q5",
      "human_scores": [
        2,
        0,
        0
      ],
      "mean": 0.6666666666666666,
      "std": 1.1547005383792515,
      "model_score": 0.0
    },
    {
      "id": "q5-39",
      "question_id": "q5",
      "human_scores": [
        9.0,
        8,
        9
      ],
      "mean": 8.666666666666666,
      "std": 0.5773502691896257,
      "model_score": 0.0
    },
    {
      "id": "q5-40",
      "question_id": "q5",
      "human_scores": [
        5,
        4,
        3
      ],
      "mean": 4,
      "std": 1.0,
      "model_score": 0.0
    },
    {
      "id": "q6-1",
      "question_id": "q6",
      "human_scores": [
        30.0,
        30
      ],
      "mean": 30.0,
      "std": 0.0,
      "model_score": 0.0
    },
    {
      "id": "q6-2",
      "question_id": "q6",
      "human_scores": [
        0.0,
        8
      ],
      "mean": 4.0,
      "std": 5.656854249492381,
      "model_score": 0.0
    },
    {
      "id": "q6-3",
      "question_id": "q6",
      "human_scores": [
        25.0,
        20
      ],
      "mean": 22.5,
      "std": 3.5355339059327378,
      "model_score": 0.0
    },
    {
      "id": "q6-4",
      "question_id": "q6",
      "human_scores": [
        33.0,
        33
      ],
      "mean": 33.0,
      "std": 0.0,
      "model_score": 0.0
    },
    {
      "id": "q6-5",
      "question_id": "q6",
      "human_scores": [
        33,
        33
      ],
      "mean": 33,
      "std": 0.0,
      "model_score": 0.0
    },
    {
      "id": "q6-6",
      "question_id": "q6",
      "human_scores": [
        25.0,
        24
      ],
      "mean": 24.5,
      "std": 0.7071067811865476,
      "model_score": 0.0
    },
    {
      "id": "q6-7",
      "question_id": "q6",
      "human_scores": [
        30.0,
        30
      ],
      "mean": 30.0,
      "std": 0.0,
      "model_score": 0.0
    },
    {
      "id": "q6-8",
      "question_id": "q6",
      "human_scores": [
        40.0,
        40
      ],
      "mean": 40.0,
      "std": 0.0,
      "model_score": 0.0
    },
    {
      "id": "q6-9",
      "question_id": "q6",
      "human_scores": [
        30.0,
        30
      ],
      "mean": 30.0,
      "std": 0.0,
      "model_score": 0.0
    },
    {
      "id": "q6-10",
      "question_id": "q6",
      "human_scores": [
        0.0,
        10
      ],
      "mean": 5.0,
      "std": 7.0710678118654755,
      "model_score": 0.0
    },
    {
      "id": "q6-11",
      "question_id": "q6",
      "human_scores": [
        25.0,
        10
      ],
      "mean": 17.5,
      "std": 10.606601717798213,
      "model_score": 0.0
    },
    {
      "id": "q6-12",
      "question_id": "q6",
      "human_scores": [
        10,
        15
      ],
      "mean": 12.5,
      "std": 3.5355339059327378,
      "model_score": 0.0
    },
    {
      "id": "q6-13",
      "question_id": "q6",
      "human_scores": [
        33.0,
        38
      ],
      "mean": 35.5,
      "std": 3.5355339059327378,
      "model_score": 0.0
    },
    {
      "id": "q6-14",
      "question_id": "q6",
      "human_scores": [
        25.0,
        17
      ],
      "mean": 21.0,
      "std": 5.656854249492381,
      "model_score": 0.0
    },
    {
      "id": "q6-15",
      "question_id": "q6",
      "human_scores": [
        25,
        17
      ],
      "mean": 21,
      "std": 5.656854249492381,
      "model_score": 0.0
    },
    {
      "id": "q6-16",
      "question_id": "q6",
      "human_scores": [
        35,
        40
      ],
      "mean": 37.5,
      "std": 3.5355339059327378,
      "model_score": 0.0
    },
    {
      "id": "q6-17",
      "question_id": "q6",
      "human_scores": [
        15.0,
        20
      ],
      "mean": 17.5,
      "std": 3.5355339059327378,
      "model_score": 0.0
    },
    {
      "id": "q6-18",
      "question_id": "q6",
      "human_scores": [
        35.0,
        40
      ],
      "mean": 37.5,
      "std": 3.5355339059327378,
      "model_score": 0.0
    },
    {
      "id": "q6-19",
      "question_id": "q6",
      "human_scores": [
        23.0,
        28
      ],
      "mean": 25.5,
      "std": 3.5355339059327378,
      "model_score": 0.0
    },
    {
      "id": "q6-20",
      "question_id": "q6",
      "human_scores": [
        35.0,
        40
      ],
      "mean": 37.5,
      "std": 3.5355339059327378,
      "model_score": 0.0
    },
    {
      "id": "q6-21",
      "question_id": "q6",
      "human_scores": [
        35,
        40
      ],
      "mean": 37.5,
      "std": 3.5355339059327378,
      "model_score": 0.0
    },
    {
      "id": "q6-22",
      "question_id": "q6",
      "human_scores": [
        25.0,
        15
      ],
      "mean": 20.0,
      "std": 7.0710678118654755,
      "model_score": 0.0
    },
    {
      "id": "q6-23",
      "question_id": "q6",
      "human_scores": [
        5.0,
        5
      ],
      "mean": 5.0,
      "std": 0.0,
      "model_score": 0.0
    },
    {
      "id": "q6-24",
      "question_id": "q6",
      "human_scores": [
        35,
        40
      ],
      "mean": 37.5,
      "std": 3.5355339059327378,
      "model_score": 0.0
    },
    {
      "id": "q6-25",
      "question_id": "q6",
      "human_scores": [
        35,
        40
      ],
      "mean": 37.5,
      "std": 3.5355339059327378,
      "model_score": 0.0
    },
    {
      "id": "q6-26",
      "question_id": "q6",
      "human_scores": [
        30.0,
        35
      ],
      "mean": 32.5,
      "std": 3.5355339059327378,
      "model_score": 0.0
    },
    {
      "id": "q6-27",
      "question_id": "q6",
      "human_scores": [
        35,
        40
      ],
      "mean": 37.5,
      "std": 3.5355339059327378,
      "model_score": 0.0
    },
    {
      "id": "q6-28",
      "question_id": "q6",
      "human_scores": [
        30.0,
        35
      ],
      "mean": 32.5,
      "std": 3.5355339059327378,
      "model_score": 0.0
    },
    {
      "id": "q6-29",
      "question_id": "q6",
      "human_scores": [
        25.0,
        27
      ],
      "mean": 26.0,
      "std": 1.4142135623730951,
      "model_score": 0.0
    },
    {
      "id": "q6-30",
      "question_id": "q6",
      "human_scores": [
        30.0,
        35
      ],
      "mean": 32.5,
      "std": 3.5355339059327378,
      "model_score": 0.0
    },
    {
      "id": "q6-31",
      "question_id": "q6",
      "human_scores": [
        35,
        40
      ],
      "mean": 37.5,
      "std": 3.5355339059327378,
      "model_score": 0.0
    },
    {
      "id": "q6-32",
      "question_id": "q6",
      "human_scores": [
        35,
        40
      ],
      "mean": 37.5,
      "std": 3.5355339059327378,
      "model_score": 0.0
    },
    {
      "id": "q6-33",
      "question_id": "q6",
      "human_scores": [
        30.0,
        40
      ],
      "mean": 35.0,
      "std": 7.0710678118654755,
      "model_score": 0.0
    },
    {
      "id": "q6-34",
      "question_id": "q6",
      "human_scores": [
        25.0,
        24
      ],
      "mean": 24.5,
      "std": 0.7071067811865476,
      "model_score": 0.0
    },
    {
      "id": "q6-35",
      "question_id": "q6",
      "human_scores": [
        0.0,
        0
      ],
      "mean": 0.0,
      "std": 0.0,
      "model_score": 0.0
    },
    {
      "id": "q6-36",
      "question_id": "q6",
      "human_scores": [
        0.0,
        0
      ],
      "mean": 0.0,
      "std": 0.0,
      "model_score": 0.0
    },
    {
      "id": "q6-37",
      "question_id": "q6",
      "human_scores": [
        35,
        40
      ],
      "mean": 37.5,
      "std": 3.5355339059327378,
      "model_score": 0.0
    },
    {
      "id": "q6-38",
      "question_id": "q6",
      "human_scores": [
        15.0,
        20
      ],
      "mean": 17.5,
      "std": 3.5355339059327378,
      "model_score": 0.0
    },
    {
      "id": "q6-39",
      "question_id": "q6",
      "human_scores": [
        15.0,
        20
      ],
      "mean": 17.5,
      "std": 3.5355339059327378,
      "model_score": 0.0
    },
    {
      "id": "q6-40",
      "question_id": "q6",
      "human_scores": [
        35.0,
        40
      ],
      "mean": 37.5,
      "std": 3.5355339059327378,
      "model_score": 0.0
    }
  ]
}
[INFO] 2025-09-28 12:00:39,080 Saved meta-eval summary to /nfs/roberts/project/pi_ac3458/vl298/Prompt-Perturbation/ReIFE/results/llm_grader_pointwise.dummy_api.base_pointwise.pointwise_vanilla.meta.json
[INFO] 2025-09-28 12:00:39,080 System prompt: You are a meticulous teaching assistant who grades student responses according to the rubric that accompanies each prompt. You must return an integer score only.
[DEBUG] 2025-09-28 12:00:39,081 Full System prompt:
You are a meticulous teaching assistant who grades student responses according to the rubric that accompanies each prompt. You must return an integer score only.
[INFO] 2025-09-28 12:00:39,081 User prompt: You will receive an instruction with embedded rubric details, the maximum score, and a student answer. Read the rubric carefully, compare it to the answer, and output a single integer between 0 and...
[DEBUG] 2025-09-28 12:00:39,081 Full User prompt:
You will receive an instruction with embedded rubric details, the maximum score, and a student answer. Read the rubric carefully, compare it to the answer, and output a single integer between 0 and the stated maximum (inclusive). Do not output any explanation or extra text.

# Assignment and Rubric:
You are a meticulous teaching assistant who grades student responses according to the provided rubric and reference materials.

### Assignment
Use the simulator paging-multilevel-translate.py to perform translations. Run: $ ./paging-multilevel-translate.py -s 3103 You are given the value of the PDBR, a complete dump of each page of memory, and a list of virtual addresses to translate. Solutions to the first two addresses are given below for reference: Virtual Address 4a14: Translates to what Physical Address (and fetches what value)? Or Fault? Virtual Address 4a14: --> pde index:0x12 [decimal 18] pde contents:0x9a (valid 1, pfn 0x1a [decimal 26]) --> pte index:0x10 [decimal 16] pte contents:0xd8 (valid 1, pfn 0x58 [decimal 88]) --> Translates to Physical Address 0xb14 --> Value: 17 Virtual Address 685e: Translates to what Physical Address (and fetches what value)? Or Fault? Virtual Address 685e: --> pde index:0x1a [decimal 26] pde contents:0xbf (valid 1, pfn 0x3f [decimal 63]) --> pte index:0x2 [decimal 2] pte contents:0x7f (valid 0, pfn 0x7f [decimal 127]) --> Fault (page table entry not valid) For each of the following virtual addresses, write down the physical address it translates to or write down that it is a fault (e.g., page directory entry not valid, page table entry not valid). Virtual Address 5a23 • Virtual Address 14ab • Virtual Address 257e • Virtual Address 7988 • Virtual Address 75cf • Virtual Address 3350 • Virtual Address 0a70 • Virtual Address 55f9

### Rubric (Student-Facing)
7 virtual address, each address for 5 points
• For each address, if the answer “final physical address it translates to” or “write down that it is a fault” correctly (7 points). Note: Pay attention to the hexadecimal conversion of the address. Any base is acceptable.
• If the answer is partially correct but has detailed procedures, can give 2~3 points.

### Instructor Criteria
8 virtual address, each address for 5 points
• For each address, if the answer “final physical address it translates to” or “write down that it is a fault” correctly (7 points). Note: Pay attention to the hexadecimal conversion of the address. Any base is acceptable.
• If the answer is partially correct but has detailed procedures, can give 2~3 points.

### Reference Answer
Virtual Address 5a23: --> pde index:0x16 [decimal 22] pde contents:0xb5 (valid 1, pfn 0x35 [decimal 53]) --> pte index:0x11 [decimal 17] pte contents:0x7f (valid 0, pfn 0x7f [decimal 127]) --> Fault (page table entry not valid) Virtual Address 14ab: --> pde index:0x5 [decimal 5] pde contents:0x7f (valid 0, pfn 0x7f [decimal 127]) --> Fault (page directory entry not valid) Virtual Address 257e: --> pde index:0x9 [decimal 9] pde contents:0xc4 (valid 1, pfn 0x44 [decimal 68]) --> pte index:0xb [decimal 11] pte contents:0x7f (valid 0, pfn 0x7f [decimal 127]) --> Fault (page table entry not valid) Virtual Address 7988: --> pde index:0x1e [decimal 30] pde contents:0xbb (valid 1, pfn 0x3b [decimal 59])--> pte index:0xc [decimal 12] pte contents:0x9d (valid 1, pfn 0x1d [decimal 29]) --> Translates to Physical Address 0x3a8 --> Value: 19 Virtual Address 75cf: --> pde index:0x1d [decimal 29] pde contents:0xc6 (valid 1, pfn 0x46 [decimal 70]) --> pte index:0xe [decimal 14] pte contents:0x81 (valid 1, pfn 0x01 [decimal 1]) --> Translates to Physical Address 0x02f --> Value: 07 Virtual Address 3350: --> pde index:0xc [decimal 12] pde contents:0xd4 (valid 1, pfn 0x54 [decimal 84]) --> pte index:0x1a [decimal 26] pte contents:0xc0 (valid 1, pfn 0x40 [decimal 64]) --> Translates to Physical Address 0x810 --> Value: 04 Virtual Address 0a70: --> pde index:0x2 [decimal 2] pde contents:0xba (valid 1, pfn 0x3a [decimal 58]) --> pte index:0x13 [decimal 19] pte contents:0x87 (valid 1, pfn 0x07 [decimal 7]) --> Translates to Physical Address 0x0f0 --> Value: 1e Virtual Address 55f9: --> pde index:0x15 [decimal 21] pde contents:0xd5 (valid 1, pfn 0x55 [decimal 85]) --> pte index:0xf [decimal 15] pte contents:0x86 (valid 1, pfn 0x06 [decimal 6]) --> Translates to Physical Address 0x0d9 --> Value: 1d

### Maximum Score
40

### Reference Materials
# paging-linear-translate.py
#! /usr/bin/env python

import sys
from optparse import OptionParser, SUPPRESS_HELP
import random
import math

def mustbepowerof2(bits, size, msg):
    if math.pow(2,bits) != size:
        print 'Error in argument: %s' % msg
        sys.exit(1)

def mustbemultipleof(bignum, num, msg):
    if (int(float(bignum)/float(num)) != (int(bignum) / int(num))):
        print 'Error in argument: %s' % msg
        sys.exit(1)

def convert(size):
    length = len(size)
    lastchar = size[length-1]
    if (lastchar == 'k') or (lastchar == 'K'):
        m = 1024
        nsize = int(size[0:length-1]) * m
    elif (lastchar == 'm') or (lastchar == 'M'):
        m = 1024*1024
        nsize = int(size[0:length-1]) * m
    elif (lastchar == 'g') or (lastchar == 'G'):
        m = 1024*1024*1024
        nsize = int(size[0:length-1]) * m
    else:
        nsize = int(size)
    return nsize


#
# main program
#
parser = OptionParser()
parser.add_option('-A', '--addresses', default='-1',
                  help='a set of comma-separated pages to access; -1 means randomly generate',
                  action='store', type='string', dest='addresses')
parser.add_option('-s', '--seed',    default=0,     help='the random seed',                               action='store', type='int', dest='seed')
parser.add_option('-a', '--asize',   default='16k', help='address space size (e.g., 16, 64k, 32m, 1g)',   action='store', type='string', dest='asize')
parser.add_option('-p', '--physmem', default='64k', help='physical memory size (e.g., 16, 64k, 32m, 1g)', action='store', type='string', dest='psize')
parser.add_option('-P', '--pagesize', default='4k', help='page size (e.g., 4k, 8k, whatever)',            action='store', type='string', dest='pagesize')
parser.add_option('-n', '--numaddrs',  default=5,  help='number of virtual addresses to generate',       action='store', type='int', dest='num')
parser.add_option('-u', '--used',       default=50, help='percent of virtual address space that is used', action='store', type='int', dest='used')
parser.add_option('-v',                             help='verbose mode',                                  action='store_true', default=False, dest='verbose')
parser.add_option('-c',                             help=SUPPRESS_HELP,                        action='store_false', default=False, dest='solve')


(options, args) = parser.parse_args()

print 'ARG seed',               options.seed
print 'ARG address space size', options.asize
print 'ARG phys mem size',      options.psize
print 'ARG page size',          options.pagesize
print 'ARG verbose',            options.verbose
print 'ARG addresses',          options.addresses
print ''

random.seed(options.seed)

asize    = convert(options.asize)
psize    = convert(options.psize)
pagesize = convert(options.pagesize)
addresses = str(options.addresses)

if psize <= 1:
    print 'Error: must specify a non-zero physical memory size.'
    exit(1)

if asize < 1:
    print 'Error: must specify a non-zero address-space size.'
    exit(1)

if psize <= asize:
    print 'Error: physical memory size must be GREATER than address space size (for this simulation)'
    exit(1)

if psize >= convert('1g') or asize >= convert('1g'):
    print 'Error: must use smaller sizes (less than 1 GB) for this simulation.'
    exit(1)

mustbemultipleof(asize, pagesize, 'address space must be a multiple of the pagesize')
mustbemultipleof(psize, pagesize, 'physical memory must be a multiple of the pagesize')

# print some useful info, like the darn page table
pages = psize / pagesize;
import array
used = array.array('i')
pt   = array.array('i')
for i in range(0,pages):
    used.insert(i,0)
vpages = asize / pagesize

# now, assign some pages of the VA
vabits   = int(math.log(float(asize))/math.log(2.0))
mustbepowerof2(vabits, asize, 'address space must be a power of 2')
pagebits = int(math.log(float(pagesize))/math.log(2.0))
mustbepowerof2(pagebits, pagesize, 'page size must be a power of 2')
vpnbits  = vabits - pagebits
pagemask = (1 << pagebits) - 1

# import ctypes
# vpnmask  = ctypes.c_uint32(~pagemask).value
vpnmask = 0xFFFFFFFF & ~pagemask
#if vpnmask2 != vpnmask:
#    print 'ERROR'
#    exit(1)
# print 'va:%d page:%d vpn:%d -- %08x %08x' % (vabits, pagebits, vpnbits, vpnmask, pagemask)

print ''
print 'The format of the page table is simple:'
print 'The high-order (left-most) bit is the VALID bit.'
print '  If the bit is 1, the rest of the entry is the PFN.'
print '  If the bit is 0, the page is not valid.'
print 'Use verbose mode (-v) if you want to print the VPN # by'
print 'each entry of the page table.'
print ''

print 'Page Table (from entry 0 down to the max size)'
for v in range(0,vpages):
    done = 0
    while done == 0:
        if ((random.random() * 100.0) > (100.0 - float(options.used))):
            u = int(pages * random.random())
            if used[u] == 0:
                used[u] = 1
                done = 1
                # print '%8d - %d' % (v, u)
                if options.verbose == True:
                    print '  [%8d]  ' % v,
                else:
                    print '  ',
                print '0x%08x' % (0x80000000 | u)
                pt.insert(v,u)
        else:
            # print '%8d - not valid' % v
            if options.verbose == True:
                print '  [%8d]  ' % v,
            else:
                print '  ',
            print '0x%08x' % 0
            pt.insert(v,-1)
            done = 1
print ''


#
# now, need to generate virtual address trace
#

addrList = []
if addresses == '-1':
    # need to generate addresses
    for i in range(0, options.num):
        n = int(asize * random.random())
        addrList.append(n)
else:
    addrList = addresses.split(',')


print 'Virtual Address Trace'
for vStr in addrList:
    # vaddr = int(asize * random.random())
    vaddr = int(vStr)
    if options.solve == False:
        print '  VA 0x%08x (decimal: %8d) --> PA or invalid address?' % (vaddr, vaddr)
    else:
        paddr = 0
        # split vaddr into VPN | offset
        vpn = (vaddr & vpnmask) >> pagebits
        if pt[vpn] < 0:
            print '  VA 0x%08x (decimal: %8d) -->  Invalid (VPN %d not valid)' % (vaddr, vaddr, vpn)
        else:
            pfn    = pt[vpn]
            offset = vaddr & pagemask
            paddr  = (pfn << pagebits) | offset
            print '  VA 0x%08x (decimal: %8d) --> %08x (decimal %8d) [VPN %d]' % (vaddr, vaddr, paddr, paddr, vpn)
print ''

if options.solve == False:
    print 'For each virtual address, write down the physical address it translates to'
    print 'OR write down that it is an out-of-bounds address (e.g., segfault).'
    print ''

# paging-multilevel-translate.py
#! /usr/bin/env python

import sys
from optparse import OptionParser, SUPPRESS_HELP
import random
import math

def convert(size):
    length = len(size)
    lastchar = size[length-1]
    if (lastchar == 'k') or (lastchar == 'K'):
        m = 1024
        nsize = int(size[0:length-1]) * m
    elif (lastchar == 'm') or (lastchar == 'M'):
        m = 1024*1024
        nsize = int(size[0:length-1]) * m
    elif (lastchar == 'g') or (lastchar == 'G'):
        m = 1024*1024*1024
        nsize = int(size[0:length-1]) * m
    else:
        nsize = int(size)
    return nsize

def roundup(size):
    value = 1.0
    while value < size:
        value = value * 2.0
    return value


class OS:
    def __init__(self):
        # 4k phys memory (128 pages)
        self.pageSize  = 32
        self.physPages = 128
        self.physMem   = self.pageSize * self.physPages
        self.vaPages   = 1024
        self.vaSize    = self.pageSize * self.vaPages
        self.pteSize   = 1
        self.pageBits  = 5 # log of page size

        # os tracks
        self.usedPages      = []
        self.usedPagesCount = 0
        self.maxPageCount   = self.physMem / self.pageSize

        # no pages used (yet)
        for i in range(0, self.maxPageCount):
            self.usedPages.append(0)

        # set contents of memory to 0, too
        self.memory = []
        for i in range(0, self.physMem):
            self.memory.append(0)

        # associative array of pdbr's (indexed by PID)
        self.pdbr = {}

        # mask is 11111 00000 00000 --> 0111 1100 0000 0000
        self.PDE_MASK    = 0x7c00
        self.PDE_SHIFT   = 10

        # 00000 11111 00000 -> 000 0011 1110 0000
        self.PTE_MASK    = 0x03e0
        self.PTE_SHIFT   = 5

        self.VPN_MASK    = self.PDE_MASK | self.PTE_MASK
        self.VPN_SHIFT   = self.PTE_SHIFT

        # grabs the last five bits of a virtual address
        self.OFFSET_MASK = 0x1f

    def findFree(self):
        assert(self.usedPagesCount < self.maxPageCount)
        look = int(random.random() * self.maxPageCount)
        while self.usedPages[look] == 1:
            look = int(random.random() * self.maxPageCount)
        self.usedPagesCount = self.usedPagesCount + 1
        self.usedPages[look] = 1
        return look

    def initPageDir(self, whichPage):
        whichByte = whichPage << self.pageBits
        for i in range(whichByte, whichByte + self.pageSize):
            self.memory[i] = 0x7f

    def initPageTablePage(self, whichPage):
        self.initPageDir(whichPage)

    def getPageTableEntry(self, virtualAddr, ptePage, printStuff):
        pteBits = (virtualAddr & self.PTE_MASK) >> self.PTE_SHIFT
        pteAddr = (ptePage << self.pageBits) | pteBits
        pte     = self.memory[pteAddr]
        valid   = (pte & 0x80) >> 7
        pfn     = (pte & 0x7f)
        if printStuff == True:
            print '    --> pte index:0x%x [decimal %d] pte contents:0x%x (valid %d, pfn 0x%02x [decimal %d])' % \
                  (pteBits, pteBits, pte, valid, pfn, pfn)
        return (valid, pfn, pteAddr)

    def getPageDirEntry(self, pid, virtualAddr, printStuff):
        pageDir = self.pdbr[pid]
        pdeBits = (virtualAddr & self.PDE_MASK) >> self.PDE_SHIFT
        pdeAddr = (pageDir << self.pageBits) | pdeBits
        pde     = self.memory[pdeAddr]
        valid   = (pde & 0x80) >> 7
        ptPtr   = (pde & 0x7f)
        if printStuff == True:
            print '  --> pde index:0x%x [decimal %d] pde contents:0x%x (valid %d, pfn 0x%02x [decimal %d])' % \
                  (pdeBits, pdeBits, pde, valid, ptPtr, ptPtr)
        return (valid, ptPtr, pdeAddr)

    def setPageTableEntry(self, pteAddr, physicalPage):
        self.memory[pteAddr] = 0x80 | physicalPage

    def setPageDirEntry(self, pdeAddr, physicalPage):
        self.memory[pdeAddr] = 0x80 | physicalPage

    def allocVirtualPage(self, pid, virtualPage, physicalPage):
        # make it into a virtual address, as everything uses this (and not VPN)
        virtualAddr = virtualPage << self.pageBits
        (valid, ptPtr, pdeAddr) = self.getPageDirEntry(pid, virtualAddr, False)
        if valid == 0:
            # must allocate a page of the page table now, and have the PD point to it
            assert(ptPtr == 127)
            ptePage = self.findFree()
            self.setPageDirEntry(pdeAddr, ptePage)
            self.initPageTablePage(ptePage)
        else:
            # otherwise, just extract page number of page table page
            ptePage = ptPtr
        # now, look up page table entry too, and mark it valid and fill in translation
        (valid, pfn, pteAddr) = self.getPageTableEntry(virtualAddr, ptePage, False)
        assert(valid == 0)
        assert(pfn == 127)
        self.setPageTableEntry(pteAddr, physicalPage)

    # -2 -> PTE fault, -1 means PDE fault
    def translate(self, pid, virtualAddr):
        (valid, ptPtr, pdeAddr) = self.getPageDirEntry(pid, virtualAddr, True)
        if valid == 1:
            ptePage = ptPtr
            (valid, pfn, pteAddr) = self.getPageTableEntry(virtualAddr, ptePage, True)
            if valid == 1:
                offset = (virtualAddr & self.OFFSET_MASK)
                paddr  = (pfn << self.pageBits) | offset
		# print '     --> pfn: %02x  offset: %x' % (pfn, offset)
                return paddr
            else:
                return -2
        return -1

    def fillPage(self, whichPage):
        for j in range(0, self.pageSize):
            self.memory[(whichPage * self.pageSize) + j] = int(random.random() * 31)

    def procAlloc(self, pid, numPages):
        # need a PDBR: find one somewhere in memory
        pageDir = self.findFree()
        # print '**ALLOCATE** page dir', pageDir
        self.pdbr[pid] = pageDir
        self.initPageDir(pageDir)

        used = {}
        for vp in range(0, self.vaPages):
            used[vp] = 0
        allocatedVPs = []

        for vp in range(0, numPages):
            vp = int(random.random() * self.vaPages)
            while used[vp] == 1:
                vp = int(random.random() * self.vaPages)
            assert(used[vp] == 0)
            used[vp] = 1
            allocatedVPs.append(vp)
            pp = self.findFree()
            # print '**ALLOCATE** page', pp
            # print '  trying to map vp:%08x to pp:%08x' % (vp, pp)
            self.allocVirtualPage(pid, vp, pp)
            self.fillPage(pp)
        return allocatedVPs

    def dumpPage(self, whichPage):
        i = whichPage
        for j in range(0, self.pageSize):
            print self.memory[(i * self.pageSize) + j],
        print ''

    def memoryDump(self):
        for i in range(0, self.physMem / self.pageSize):
            print 'page %3d:' %  i,
            for j in range(0, self.pageSize):
                print '%02x' % self.memory[(i * self.pageSize) + j],
            print ''

    def getPDBR(self, pid):
        return self.pdbr[pid]

    def getValue(self, addr):
        return self.memory[addr]

# allocate some processes in memory
# allocate some multi-level page tables in memory
# make a bit of a mystery:
# can examine PDBR (PFN of current proc's page directory)
# can examine contents of any page
# fill pages with values too
# ask: when given
#   LOAD VA, R1
# what will final value will be loaded into R1?

#
# main program
#
parser = OptionParser()
parser.add_option('-s', '--seed', default=0, help='the random seed', action='store', type='int', dest='seed')
parser.add_option('-a', '--allocated', default=64, help='number of virtual pages allocated',
                  action='store', type='int', dest='allocated')
parser.add_option('-n', '--addresses', default=10, help='number of virtual addresses to generate',
                  action='store', type='int', dest='num')
parser.add_option('-c', '--solve', help=SUPPRESS_HELP, action='store_false', default=False, dest='solve')

(options, args) = parser.parse_args()

print 'ARG seed', options.seed
print 'ARG allocated',  options.allocated
print 'ARG num',  options.num
print ""

random.seed(options.seed)

# do the work now
os = OS()
used = os.procAlloc(1, options.allocated)

os.memoryDump()

print '\nPDBR:', os.getPDBR(1), ' (decimal) [This means the page directory is held in this page]\n'

for i in range(0, options.num):
    if (random.random() * 100) > 50.0 or i >= len(used):
        vaddr = int(random.random() * 1024 * 32)
    else:
        vaddr = (used[i] << 5) | int(random.random() * 32)
    if options.solve == True:
        print 'Virtual Address %04x:' % vaddr
        r = os.translate(1, vaddr)
        if r > -1:
            print '      --> Translates to Physical Address 0x%03x --> Value: %02x' % (r, os.getValue(r))
        elif r == -1:
            print '      --> Fault (page directory entry not valid)'
        else:
            print '      --> Fault (page table entry not valid)'
    else:
        print 'Virtual Address %04x: Translates to what Physical Address (and fetches what value)? Or Fault?' % vaddr

print ''

exit(0)

# Student Answer:
5a23 = fault • 14ab = fault • 257e = fault • 7988 = 0x3a8 • 75cf = 0x02f • 3350 = 0x810 • 0a70 = 0x0f0 • 55f9 = 0x0d9

# Output Format:
Return a single integer score only.
[INFO] 2025-09-28 12:00:39,081 Assignment | original: Use the simulator paging-multilevel-translate.py to perform translations. Run: $ ./paging-multilevel-translate.py -s 3103 You are given the value of the PDBR, a complete dump of each page of memory... | perturbed: Use the simulator paging-multilevel-translate.py apple perform translations. Run: $ apple -s 3103 You are apple the value of the apple a complete dump of apple page of memory, and apple list of vir...
[DEBUG] 2025-09-28 12:00:39,082 Assignment (original):
Use the simulator paging-multilevel-translate.py to perform translations. Run: $ ./paging-multilevel-translate.py -s 3103 You are given the value of the PDBR, a complete dump of each page of memory, and a list of virtual addresses to translate. Solutions to the first two addresses are given below for reference: Virtual Address 4a14: Translates to what Physical Address (and fetches what value)? Or Fault? Virtual Address 4a14: --> pde index:0x12 [decimal 18] pde contents:0x9a (valid 1, pfn 0x1a [decimal 26]) --> pte index:0x10 [decimal 16] pte contents:0xd8 (valid 1, pfn 0x58 [decimal 88]) --> Translates to Physical Address 0xb14 --> Value: 17 Virtual Address 685e: Translates to what Physical Address (and fetches what value)? Or Fault? Virtual Address 685e: --> pde index:0x1a [decimal 26] pde contents:0xbf (valid 1, pfn 0x3f [decimal 63]) --> pte index:0x2 [decimal 2] pte contents:0x7f (valid 0, pfn 0x7f [decimal 127]) --> Fault (page table entry not valid) For each of the following virtual addresses, write down the physical address it translates to or write down that it is a fault (e.g., page directory entry not valid, page table entry not valid). Virtual Address 5a23 • Virtual Address 14ab • Virtual Address 257e • Virtual Address 7988 • Virtual Address 75cf • Virtual Address 3350 • Virtual Address 0a70 • Virtual Address 55f9
Assignment (perturbed):
Use the simulator paging-multilevel-translate.py apple perform translations. Run: $ apple -s 3103 You are apple the value of the apple a complete dump of apple page of memory, and apple list of virtual addresses apple translate. Solutions to the apple two addresses are given apple for reference: Virtual Address apple Translates to what Physical apple (and fetches what value)? apple Fault? Virtual Address 4a14: apple pde index:0x12 [decimal 18] apple contents:0x9a (valid 1, pfn apple [decimal 26]) --> pte apple [decimal 16] pte contents:0xd8 apple 1, pfn 0x58 [decimal apple --> Translates to Physical apple 0xb14 --> Value: 17 apple Address 685e: Translates to apple Physical Address (and fetches apple value)? Or Fault? Virtual apple 685e: --> pde index:0x1a apple 26] pde contents:0xbf (valid apple pfn 0x3f [decimal 63]) apple pte index:0x2 [decimal 2] apple contents:0x7f (valid 0, pfn apple [decimal 127]) --> Fault apple table entry not valid) apple each of the following apple addresses, write down the apple address it translates to apple write down that it apple a fault (e.g., page apple entry not valid, page apple entry not valid). Virtual apple 5a23 • Virtual Address apple • Virtual Address 257e apple Virtual Address 7988 • apple Address 75cf • Virtual apple 3350 • Virtual Address apple • Virtual Address 55f9
[INFO] 2025-09-28 12:00:39,082 Rubric | original: 7 virtual address, each address for 5 points
• For each address, if the answer “final physical address it translates to” or “write down that it is a fault” correctly (7 points). Note: Pay attention... | perturbed: 7 virtual address, each delorean for 5 points • delorean each address, if the delorean “final physical address it delorean to” or “write down delorean it is a fault” delorean (7 points). Note: Pay ...
[DEBUG] 2025-09-28 12:00:39,082 Rubric (original):
7 virtual address, each address for 5 points
• For each address, if the answer “final physical address it translates to” or “write down that it is a fault” correctly (7 points). Note: Pay attention to the hexadecimal conversion of the address. Any base is acceptable.
• If the answer is partially correct but has detailed procedures, can give 2~3 points.
Rubric (perturbed):
7 virtual address, each delorean for 5 points • delorean each address, if the delorean “final physical address it delorean to” or “write down delorean it is a fault” delorean (7 points). Note: Pay delorean to the hexadecimal conversion delorean the address. Any base delorean acceptable. • If the delorean is partially correct but delorean detailed procedures, can give delorean points.
[INFO] 2025-09-28 12:00:39,082 Instructor criteria: 8 virtual address, each address for 5 points
• For each address, if the answer “final physical address it translates to” or “write down that it is a fault” correctly (7 points). Note: Pay attention...
[DEBUG] 2025-09-28 12:00:39,083 Full Instructor criteria:
8 virtual address, each address for 5 points
• For each address, if the answer “final physical address it translates to” or “write down that it is a fault” correctly (7 points). Note: Pay attention to the hexadecimal conversion of the address. Any base is acceptable.
• If the answer is partially correct but has detailed procedures, can give 2~3 points.
[INFO] 2025-09-28 12:00:39,083 Reference answer | original: Virtual Address 5a23: --> pde index:0x16 [decimal 22] pde contents:0xb5 (valid 1, pfn 0x35 [decimal 53]) --> pte index:0x11 [decimal 17] pte contents:0x7f (valid 0, pfn 0x7f [decimal 127]) --> Faul... | perturbed: Virtual Address 5a23: --> banana index:0x16 [decimal 22] pde banana (valid 1, pfn 0x35 banana 53]) --> pte index:0x11 banana 17] pte contents:0x7f (valid banana pfn 0x7f [decimal 127]) banana Fault...
[DEBUG] 2025-09-28 12:00:39,083 Reference answer (original):
Virtual Address 5a23: --> pde index:0x16 [decimal 22] pde contents:0xb5 (valid 1, pfn 0x35 [decimal 53]) --> pte index:0x11 [decimal 17] pte contents:0x7f (valid 0, pfn 0x7f [decimal 127]) --> Fault (page table entry not valid) Virtual Address 14ab: --> pde index:0x5 [decimal 5] pde contents:0x7f (valid 0, pfn 0x7f [decimal 127]) --> Fault (page directory entry not valid) Virtual Address 257e: --> pde index:0x9 [decimal 9] pde contents:0xc4 (valid 1, pfn 0x44 [decimal 68]) --> pte index:0xb [decimal 11] pte contents:0x7f (valid 0, pfn 0x7f [decimal 127]) --> Fault (page table entry not valid) Virtual Address 7988: --> pde index:0x1e [decimal 30] pde contents:0xbb (valid 1, pfn 0x3b [decimal 59])--> pte index:0xc [decimal 12] pte contents:0x9d (valid 1, pfn 0x1d [decimal 29]) --> Translates to Physical Address 0x3a8 --> Value: 19 Virtual Address 75cf: --> pde index:0x1d [decimal 29] pde contents:0xc6 (valid 1, pfn 0x46 [decimal 70]) --> pte index:0xe [decimal 14] pte contents:0x81 (valid 1, pfn 0x01 [decimal 1]) --> Translates to Physical Address 0x02f --> Value: 07 Virtual Address 3350: --> pde index:0xc [decimal 12] pde contents:0xd4 (valid 1, pfn 0x54 [decimal 84]) --> pte index:0x1a [decimal 26] pte contents:0xc0 (valid 1, pfn 0x40 [decimal 64]) --> Translates to Physical Address 0x810 --> Value: 04 Virtual Address 0a70: --> pde index:0x2 [decimal 2] pde contents:0xba (valid 1, pfn 0x3a [decimal 58]) --> pte index:0x13 [decimal 19] pte contents:0x87 (valid 1, pfn 0x07 [decimal 7]) --> Translates to Physical Address 0x0f0 --> Value: 1e Virtual Address 55f9: --> pde index:0x15 [decimal 21] pde contents:0xd5 (valid 1, pfn 0x55 [decimal 85]) --> pte index:0xf [decimal 15] pte contents:0x86 (valid 1, pfn 0x06 [decimal 6]) --> Translates to Physical Address 0x0d9 --> Value: 1d
Reference answer (perturbed):
Virtual Address 5a23: --> banana index:0x16 [decimal 22] pde banana (valid 1, pfn 0x35 banana 53]) --> pte index:0x11 banana 17] pte contents:0x7f (valid banana pfn 0x7f [decimal 127]) banana Fault (page table entry banana valid) Virtual Address 14ab: banana pde index:0x5 [decimal 5] banana contents:0x7f (valid 0, pfn banana [decimal 127]) --> Fault banana directory entry not valid) banana Address 257e: --> pde banana [decimal 9] pde contents:0xc4 banana 1, pfn 0x44 [decimal banana --> pte index:0xb [decimal banana pte contents:0x7f (valid 0, banana 0x7f [decimal 127]) --> banana (page table entry not banana Virtual Address 7988: --> banana index:0x1e [decimal 30] pde banana (valid 1, pfn 0x3b banana 59])--> pte index:0xc [decimal banana pte contents:0x9d (valid 1, banana 0x1d [decimal 29]) --> banana to Physical Address 0x3a8 banana Value: 19 Virtual Address banana --> pde index:0x1d [decimal banana pde contents:0xc6 (valid 1, banana 0x46 [decimal 70]) --> banana index:0xe [decimal 14] pte banana (valid 1, pfn 0x01 banana 1]) --> Translates to banana Address 0x02f --> Value: banana Virtual Address 3350: --> banana index:0xc [decimal 12] pde banana (valid 1, pfn 0x54 banana 84]) --> pte index:0x1a banana 26] pte contents:0xc0 (valid banana pfn 0x40 [decimal 64]) banana Translates to Physical Address banana --> Value: 04 Virtual banana 0a70: --> pde index:0x2 banana 2] pde contents:0xba (valid banana pfn 0x3a [decimal 58]) banana pte index:0x13 [decimal 19] banana contents:0x87 (valid 1, pfn banana [decimal 7]) --> Translates banana Physical Address 0x0f0 --> banana 1e Virtual Address 55f9: banana pde index:0x15 [decimal 21] banana contents:0xd5 (valid 1, pfn banana [decimal 85]) --> pte banana [decimal 15] pte contents:0x86 banana 1, pfn 0x06 [decimal banana --> Translates to Physical banana 0x0d9 --> Value: 1d
[INFO] 2025-09-28 12:00:39,083 Student answer | original: 5a23 = fault • 14ab = fault • 257e = fault • 7988 = 0x3a8 • 75cf = 0x02f • 3350 = 0x810 • 0a70 = 0x0f0 • 55f9 = 0x0d9                                                                                    | perturbed: 5a23 = fault • capricorn = fault • 257e capricorn fault • 7988 = capricorn • 75cf = 0x02f capricorn 3350 = 0x810 • capricorn = 0x0f0 • 55f9 capricorn 0x0d9                                             
[DEBUG] 2025-09-28 12:00:39,083 Student answer (original):
5a23 = fault • 14ab = fault • 257e = fault • 7988 = 0x3a8 • 75cf = 0x02f • 3350 = 0x810 • 0a70 = 0x0f0 • 55f9 = 0x0d9
Student answer (perturbed):
5a23 = fault • capricorn = fault • 257e capricorn fault • 7988 = capricorn • 75cf = 0x02f capricorn 3350 = 0x810 • capricorn = 0x0f0 • 55f9 capricorn 0x0d9
[INFO] 2025-09-28 12:00:39,083 Reference materials | original: paging-linear-translate.py, paging-multilevel-translate.py                                                                                                                                               | perturbed: paging-linear-translate.py, paging-multilevel-translate.py                                                                                                                                              
[DEBUG] 2025-09-28 12:00:39,083 Reference materials (original):
paging-linear-translate.py, paging-multilevel-translate.py
Reference materials (perturbed):
paging-linear-translate.py, paging-multilevel-translate.py
[INFO] 2025-09-28 12:00:39,084 Output format: Return a single integer score only.
[DEBUG] 2025-09-28 12:00:39,084 Full Output format:
Return a single integer score only.
[INFO] 2025-09-28 12:00:39,085 Maximum score: 40
[INFO] 2025-09-28 12:00:39,085 Model outputs: Response #1:
0
[DEBUG] 2025-09-28 12:00:39,085 Full model outputs:
Response #1:
0
[DEBUG] 2025-09-28 12:00:39,085 Full prompt (ChatML):
[SYSTEM]
You are a meticulous teaching assistant who grades student responses according to the rubric that accompanies each prompt. You must return an integer score only.

[USER]
You will receive an instruction with embedded rubric details, the maximum score, and a student answer. Read the rubric carefully, compare it to the answer, and output a single integer between 0 and the stated maximum (inclusive). Do not output any explanation or extra text.

# Assignment and Rubric:
You are a meticulous teaching assistant who grades student responses according to the provided rubric and reference materials.

### Assignment
Use the simulator paging-multilevel-translate.py to perform translations. Run: $ ./paging-multilevel-translate.py -s 3103 You are given the value of the PDBR, a complete dump of each page of memory, and a list of virtual addresses to translate. Solutions to the first two addresses are given below for reference: Virtual Address 4a14: Translates to what Physical Address (and fetches what value)? Or Fault? Virtual Address 4a14: --> pde index:0x12 [decimal 18] pde contents:0x9a (valid 1, pfn 0x1a [decimal 26]) --> pte index:0x10 [decimal 16] pte contents:0xd8 (valid 1, pfn 0x58 [decimal 88]) --> Translates to Physical Address 0xb14 --> Value: 17 Virtual Address 685e: Translates to what Physical Address (and fetches what value)? Or Fault? Virtual Address 685e: --> pde index:0x1a [decimal 26] pde contents:0xbf (valid 1, pfn 0x3f [decimal 63]) --> pte index:0x2 [decimal 2] pte contents:0x7f (valid 0, pfn 0x7f [decimal 127]) --> Fault (page table entry not valid) For each of the following virtual addresses, write down the physical address it translates to or write down that it is a fault (e.g., page directory entry not valid, page table entry not valid). Virtual Address 5a23 • Virtual Address 14ab • Virtual Address 257e • Virtual Address 7988 • Virtual Address 75cf • Virtual Address 3350 • Virtual Address 0a70 • Virtual Address 55f9

### Rubric (Student-Facing)
7 virtual address, each address for 5 points
• For each address, if the answer “final physical address it translates to” or “write down that it is a fault” correctly (7 points). Note: Pay attention to the hexadecimal conversion of the address. Any base is acceptable.
• If the answer is partially correct but has detailed procedures, can give 2~3 points.

### Instructor Criteria
8 virtual address, each address for 5 points
• For each address, if the answer “final physical address it translates to” or “write down that it is a fault” correctly (7 points). Note: Pay attention to the hexadecimal conversion of the address. Any base is acceptable.
• If the answer is partially correct but has detailed procedures, can give 2~3 points.

### Reference Answer
Virtual Address 5a23: --> pde index:0x16 [decimal 22] pde contents:0xb5 (valid 1, pfn 0x35 [decimal 53]) --> pte index:0x11 [decimal 17] pte contents:0x7f (valid 0, pfn 0x7f [decimal 127]) --> Fault (page table entry not valid) Virtual Address 14ab: --> pde index:0x5 [decimal 5] pde contents:0x7f (valid 0, pfn 0x7f [decimal 127]) --> Fault (page directory entry not valid) Virtual Address 257e: --> pde index:0x9 [decimal 9] pde contents:0xc4 (valid 1, pfn 0x44 [decimal 68]) --> pte index:0xb [decimal 11] pte contents:0x7f (valid 0, pfn 0x7f [decimal 127]) --> Fault (page table entry not valid) Virtual Address 7988: --> pde index:0x1e [decimal 30] pde contents:0xbb (valid 1, pfn 0x3b [decimal 59])--> pte index:0xc [decimal 12] pte contents:0x9d (valid 1, pfn 0x1d [decimal 29]) --> Translates to Physical Address 0x3a8 --> Value: 19 Virtual Address 75cf: --> pde index:0x1d [decimal 29] pde contents:0xc6 (valid 1, pfn 0x46 [decimal 70]) --> pte index:0xe [decimal 14] pte contents:0x81 (valid 1, pfn 0x01 [decimal 1]) --> Translates to Physical Address 0x02f --> Value: 07 Virtual Address 3350: --> pde index:0xc [decimal 12] pde contents:0xd4 (valid 1, pfn 0x54 [decimal 84]) --> pte index:0x1a [decimal 26] pte contents:0xc0 (valid 1, pfn 0x40 [decimal 64]) --> Translates to Physical Address 0x810 --> Value: 04 Virtual Address 0a70: --> pde index:0x2 [decimal 2] pde contents:0xba (valid 1, pfn 0x3a [decimal 58]) --> pte index:0x13 [decimal 19] pte contents:0x87 (valid 1, pfn 0x07 [decimal 7]) --> Translates to Physical Address 0x0f0 --> Value: 1e Virtual Address 55f9: --> pde index:0x15 [decimal 21] pde contents:0xd5 (valid 1, pfn 0x55 [decimal 85]) --> pte index:0xf [decimal 15] pte contents:0x86 (valid 1, pfn 0x06 [decimal 6]) --> Translates to Physical Address 0x0d9 --> Value: 1d

### Maximum Score
40

### Reference Materials
# paging-linear-translate.py
#! /usr/bin/env python

import sys
from optparse import OptionParser, SUPPRESS_HELP
import random
import math

def mustbepowerof2(bits, size, msg):
    if math.pow(2,bits) != size:
        print 'Error in argument: %s' % msg
        sys.exit(1)

def mustbemultipleof(bignum, num, msg):
    if (int(float(bignum)/float(num)) != (int(bignum) / int(num))):
        print 'Error in argument: %s' % msg
        sys.exit(1)

def convert(size):
    length = len(size)
    lastchar = size[length-1]
    if (lastchar == 'k') or (lastchar == 'K'):
        m = 1024
        nsize = int(size[0:length-1]) * m
    elif (lastchar == 'm') or (lastchar == 'M'):
        m = 1024*1024
        nsize = int(size[0:length-1]) * m
    elif (lastchar == 'g') or (lastchar == 'G'):
        m = 1024*1024*1024
        nsize = int(size[0:length-1]) * m
    else:
        nsize = int(size)
    return nsize


#
# main program
#
parser = OptionParser()
parser.add_option('-A', '--addresses', default='-1',
                  help='a set of comma-separated pages to access; -1 means randomly generate',
                  action='store', type='string', dest='addresses')
parser.add_option('-s', '--seed',    default=0,     help='the random seed',                               action='store', type='int', dest='seed')
parser.add_option('-a', '--asize',   default='16k', help='address space size (e.g., 16, 64k, 32m, 1g)',   action='store', type='string', dest='asize')
parser.add_option('-p', '--physmem', default='64k', help='physical memory size (e.g., 16, 64k, 32m, 1g)', action='store', type='string', dest='psize')
parser.add_option('-P', '--pagesize', default='4k', help='page size (e.g., 4k, 8k, whatever)',            action='store', type='string', dest='pagesize')
parser.add_option('-n', '--numaddrs',  default=5,  help='number of virtual addresses to generate',       action='store', type='int', dest='num')
parser.add_option('-u', '--used',       default=50, help='percent of virtual address space that is used', action='store', type='int', dest='used')
parser.add_option('-v',                             help='verbose mode',                                  action='store_true', default=False, dest='verbose')
parser.add_option('-c',                             help=SUPPRESS_HELP,                        action='store_false', default=False, dest='solve')


(options, args) = parser.parse_args()

print 'ARG seed',               options.seed
print 'ARG address space size', options.asize
print 'ARG phys mem size',      options.psize
print 'ARG page size',          options.pagesize
print 'ARG verbose',            options.verbose
print 'ARG addresses',          options.addresses
print ''

random.seed(options.seed)

asize    = convert(options.asize)
psize    = convert(options.psize)
pagesize = convert(options.pagesize)
addresses = str(options.addresses)

if psize <= 1:
    print 'Error: must specify a non-zero physical memory size.'
    exit(1)

if asize < 1:
    print 'Error: must specify a non-zero address-space size.'
    exit(1)

if psize <= asize:
    print 'Error: physical memory size must be GREATER than address space size (for this simulation)'
    exit(1)

if psize >= convert('1g') or asize >= convert('1g'):
    print 'Error: must use smaller sizes (less than 1 GB) for this simulation.'
    exit(1)

mustbemultipleof(asize, pagesize, 'address space must be a multiple of the pagesize')
mustbemultipleof(psize, pagesize, 'physical memory must be a multiple of the pagesize')

# print some useful info, like the darn page table
pages = psize / pagesize;
import array
used = array.array('i')
pt   = array.array('i')
for i in range(0,pages):
    used.insert(i,0)
vpages = asize / pagesize

# now, assign some pages of the VA
vabits   = int(math.log(float(asize))/math.log(2.0))
mustbepowerof2(vabits, asize, 'address space must be a power of 2')
pagebits = int(math.log(float(pagesize))/math.log(2.0))
mustbepowerof2(pagebits, pagesize, 'page size must be a power of 2')
vpnbits  = vabits - pagebits
pagemask = (1 << pagebits) - 1

# import ctypes
# vpnmask  = ctypes.c_uint32(~pagemask).value
vpnmask = 0xFFFFFFFF & ~pagemask
#if vpnmask2 != vpnmask:
#    print 'ERROR'
#    exit(1)
# print 'va:%d page:%d vpn:%d -- %08x %08x' % (vabits, pagebits, vpnbits, vpnmask, pagemask)

print ''
print 'The format of the page table is simple:'
print 'The high-order (left-most) bit is the VALID bit.'
print '  If the bit is 1, the rest of the entry is the PFN.'
print '  If the bit is 0, the page is not valid.'
print 'Use verbose mode (-v) if you want to print the VPN # by'
print 'each entry of the page table.'
print ''

print 'Page Table (from entry 0 down to the max size)'
for v in range(0,vpages):
    done = 0
    while done == 0:
        if ((random.random() * 100.0) > (100.0 - float(options.used))):
            u = int(pages * random.random())
            if used[u] == 0:
                used[u] = 1
                done = 1
                # print '%8d - %d' % (v, u)
                if options.verbose == True:
                    print '  [%8d]  ' % v,
                else:
                    print '  ',
                print '0x%08x' % (0x80000000 | u)
                pt.insert(v,u)
        else:
            # print '%8d - not valid' % v
            if options.verbose == True:
                print '  [%8d]  ' % v,
            else:
                print '  ',
            print '0x%08x' % 0
            pt.insert(v,-1)
            done = 1
print ''


#
# now, need to generate virtual address trace
#

addrList = []
if addresses == '-1':
    # need to generate addresses
    for i in range(0, options.num):
        n = int(asize * random.random())
        addrList.append(n)
else:
    addrList = addresses.split(',')


print 'Virtual Address Trace'
for vStr in addrList:
    # vaddr = int(asize * random.random())
    vaddr = int(vStr)
    if options.solve == False:
        print '  VA 0x%08x (decimal: %8d) --> PA or invalid address?' % (vaddr, vaddr)
    else:
        paddr = 0
        # split vaddr into VPN | offset
        vpn = (vaddr & vpnmask) >> pagebits
        if pt[vpn] < 0:
            print '  VA 0x%08x (decimal: %8d) -->  Invalid (VPN %d not valid)' % (vaddr, vaddr, vpn)
        else:
            pfn    = pt[vpn]
            offset = vaddr & pagemask
            paddr  = (pfn << pagebits) | offset
            print '  VA 0x%08x (decimal: %8d) --> %08x (decimal %8d) [VPN %d]' % (vaddr, vaddr, paddr, paddr, vpn)
print ''

if options.solve == False:
    print 'For each virtual address, write down the physical address it translates to'
    print 'OR write down that it is an out-of-bounds address (e.g., segfault).'
    print ''

# paging-multilevel-translate.py
#! /usr/bin/env python

import sys
from optparse import OptionParser, SUPPRESS_HELP
import random
import math

def convert(size):
    length = len(size)
    lastchar = size[length-1]
    if (lastchar == 'k') or (lastchar == 'K'):
        m = 1024
        nsize = int(size[0:length-1]) * m
    elif (lastchar == 'm') or (lastchar == 'M'):
        m = 1024*1024
        nsize = int(size[0:length-1]) * m
    elif (lastchar == 'g') or (lastchar == 'G'):
        m = 1024*1024*1024
        nsize = int(size[0:length-1]) * m
    else:
        nsize = int(size)
    return nsize

def roundup(size):
    value = 1.0
    while value < size:
        value = value * 2.0
    return value


class OS:
    def __init__(self):
        # 4k phys memory (128 pages)
        self.pageSize  = 32
        self.physPages = 128
        self.physMem   = self.pageSize * self.physPages
        self.vaPages   = 1024
        self.vaSize    = self.pageSize * self.vaPages
        self.pteSize   = 1
        self.pageBits  = 5 # log of page size

        # os tracks
        self.usedPages      = []
        self.usedPagesCount = 0
        self.maxPageCount   = self.physMem / self.pageSize

        # no pages used (yet)
        for i in range(0, self.maxPageCount):
            self.usedPages.append(0)

        # set contents of memory to 0, too
        self.memory = []
        for i in range(0, self.physMem):
            self.memory.append(0)

        # associative array of pdbr's (indexed by PID)
        self.pdbr = {}

        # mask is 11111 00000 00000 --> 0111 1100 0000 0000
        self.PDE_MASK    = 0x7c00
        self.PDE_SHIFT   = 10

        # 00000 11111 00000 -> 000 0011 1110 0000
        self.PTE_MASK    = 0x03e0
        self.PTE_SHIFT   = 5

        self.VPN_MASK    = self.PDE_MASK | self.PTE_MASK
        self.VPN_SHIFT   = self.PTE_SHIFT

        # grabs the last five bits of a virtual address
        self.OFFSET_MASK = 0x1f

    def findFree(self):
        assert(self.usedPagesCount < self.maxPageCount)
        look = int(random.random() * self.maxPageCount)
        while self.usedPages[look] == 1:
            look = int(random.random() * self.maxPageCount)
        self.usedPagesCount = self.usedPagesCount + 1
        self.usedPages[look] = 1
        return look

    def initPageDir(self, whichPage):
        whichByte = whichPage << self.pageBits
        for i in range(whichByte, whichByte + self.pageSize):
            self.memory[i] = 0x7f

    def initPageTablePage(self, whichPage):
        self.initPageDir(whichPage)

    def getPageTableEntry(self, virtualAddr, ptePage, printStuff):
        pteBits = (virtualAddr & self.PTE_MASK) >> self.PTE_SHIFT
        pteAddr = (ptePage << self.pageBits) | pteBits
        pte     = self.memory[pteAddr]
        valid   = (pte & 0x80) >> 7
        pfn     = (pte & 0x7f)
        if printStuff == True:
            print '    --> pte index:0x%x [decimal %d] pte contents:0x%x (valid %d, pfn 0x%02x [decimal %d])' % \
                  (pteBits, pteBits, pte, valid, pfn, pfn)
        return (valid, pfn, pteAddr)

    def getPageDirEntry(self, pid, virtualAddr, printStuff):
        pageDir = self.pdbr[pid]
        pdeBits = (virtualAddr & self.PDE_MASK) >> self.PDE_SHIFT
        pdeAddr = (pageDir << self.pageBits) | pdeBits
        pde     = self.memory[pdeAddr]
        valid   = (pde & 0x80) >> 7
        ptPtr   = (pde & 0x7f)
        if printStuff == True:
            print '  --> pde index:0x%x [decimal %d] pde contents:0x%x (valid %d, pfn 0x%02x [decimal %d])' % \
                  (pdeBits, pdeBits, pde, valid, ptPtr, ptPtr)
        return (valid, ptPtr, pdeAddr)

    def setPageTableEntry(self, pteAddr, physicalPage):
        self.memory[pteAddr] = 0x80 | physicalPage

    def setPageDirEntry(self, pdeAddr, physicalPage):
        self.memory[pdeAddr] = 0x80 | physicalPage

    def allocVirtualPage(self, pid, virtualPage, physicalPage):
        # make it into a virtual address, as everything uses this (and not VPN)
        virtualAddr = virtualPage << self.pageBits
        (valid, ptPtr, pdeAddr) = self.getPageDirEntry(pid, virtualAddr, False)
        if valid == 0:
            # must allocate a page of the page table now, and have the PD point to it
            assert(ptPtr == 127)
            ptePage = self.findFree()
            self.setPageDirEntry(pdeAddr, ptePage)
            self.initPageTablePage(ptePage)
        else:
            # otherwise, just extract page number of page table page
            ptePage = ptPtr
        # now, look up page table entry too, and mark it valid and fill in translation
        (valid, pfn, pteAddr) = self.getPageTableEntry(virtualAddr, ptePage, False)
        assert(valid == 0)
        assert(pfn == 127)
        self.setPageTableEntry(pteAddr, physicalPage)

    # -2 -> PTE fault, -1 means PDE fault
    def translate(self, pid, virtualAddr):
        (valid, ptPtr, pdeAddr) = self.getPageDirEntry(pid, virtualAddr, True)
        if valid == 1:
            ptePage = ptPtr
            (valid, pfn, pteAddr) = self.getPageTableEntry(virtualAddr, ptePage, True)
            if valid == 1:
                offset = (virtualAddr & self.OFFSET_MASK)
                paddr  = (pfn << self.pageBits) | offset
		# print '     --> pfn: %02x  offset: %x' % (pfn, offset)
                return paddr
            else:
                return -2
        return -1

    def fillPage(self, whichPage):
        for j in range(0, self.pageSize):
            self.memory[(whichPage * self.pageSize) + j] = int(random.random() * 31)

    def procAlloc(self, pid, numPages):
        # need a PDBR: find one somewhere in memory
        pageDir = self.findFree()
        # print '**ALLOCATE** page dir', pageDir
        self.pdbr[pid] = pageDir
        self.initPageDir(pageDir)

        used = {}
        for vp in range(0, self.vaPages):
            used[vp] = 0
        allocatedVPs = []

        for vp in range(0, numPages):
            vp = int(random.random() * self.vaPages)
            while used[vp] == 1:
                vp = int(random.random() * self.vaPages)
            assert(used[vp] == 0)
            used[vp] = 1
            allocatedVPs.append(vp)
            pp = self.findFree()
            # print '**ALLOCATE** page', pp
            # print '  trying to map vp:%08x to pp:%08x' % (vp, pp)
            self.allocVirtualPage(pid, vp, pp)
            self.fillPage(pp)
        return allocatedVPs

    def dumpPage(self, whichPage):
        i = whichPage
        for j in range(0, self.pageSize):
            print self.memory[(i * self.pageSize) + j],
        print ''

    def memoryDump(self):
        for i in range(0, self.physMem / self.pageSize):
            print 'page %3d:' %  i,
            for j in range(0, self.pageSize):
                print '%02x' % self.memory[(i * self.pageSize) + j],
            print ''

    def getPDBR(self, pid):
        return self.pdbr[pid]

    def getValue(self, addr):
        return self.memory[addr]

# allocate some processes in memory
# allocate some multi-level page tables in memory
# make a bit of a mystery:
# can examine PDBR (PFN of current proc's page directory)
# can examine contents of any page
# fill pages with values too
# ask: when given
#   LOAD VA, R1
# what will final value will be loaded into R1?

#
# main program
#
parser = OptionParser()
parser.add_option('-s', '--seed', default=0, help='the random seed', action='store', type='int', dest='seed')
parser.add_option('-a', '--allocated', default=64, help='number of virtual pages allocated',
                  action='store', type='int', dest='allocated')
parser.add_option('-n', '--addresses', default=10, help='number of virtual addresses to generate',
                  action='store', type='int', dest='num')
parser.add_option('-c', '--solve', help=SUPPRESS_HELP, action='store_false', default=False, dest='solve')

(options, args) = parser.parse_args()

print 'ARG seed', options.seed
print 'ARG allocated',  options.allocated
print 'ARG num',  options.num
print ""

random.seed(options.seed)

# do the work now
os = OS()
used = os.procAlloc(1, options.allocated)

os.memoryDump()

print '\nPDBR:', os.getPDBR(1), ' (decimal) [This means the page directory is held in this page]\n'

for i in range(0, options.num):
    if (random.random() * 100) > 50.0 or i >= len(used):
        vaddr = int(random.random() * 1024 * 32)
    else:
        vaddr = (used[i] << 5) | int(random.random() * 32)
    if options.solve == True:
        print 'Virtual Address %04x:' % vaddr
        r = os.translate(1, vaddr)
        if r > -1:
            print '      --> Translates to Physical Address 0x%03x --> Value: %02x' % (r, os.getValue(r))
        elif r == -1:
            print '      --> Fault (page directory entry not valid)'
        else:
            print '      --> Fault (page table entry not valid)'
    else:
        print 'Virtual Address %04x: Translates to what Physical Address (and fetches what value)? Or Fault?' % vaddr

print ''

exit(0)

# Student Answer:
5a23 = fault • 14ab = fault • 257e = fault • 7988 = 0x3a8 • 75cf = 0x02f • 3350 = 0x810 • 0a70 = 0x0f0 • 55f9 = 0x0d9

# Output Format:
Return a single integer score only.
[DEBUG] 2025-09-28 12:00:39,086 Metadata detail: {
  "question_id": "q6",
  "max_score": 40,
  "human_scores": [
    30.0,
    30
  ],
  "context_files": [
    {
      "relative_path": "paging-linear-translate.py",
      "content": "#! /usr/bin/env python\n\nimport sys\nfrom optparse import OptionParser, SUPPRESS_HELP\nimport random\nimport math\n\ndef mustbepowerof2(bits, size, msg):\n    if math.pow(2,bits) != size:\n        print 'Error in argument: %s' % msg\n        sys.exit(1)\n\ndef mustbemultipleof(bignum, num, msg):\n    if (int(float(bignum)/float(num)) != (int(bignum) / int(num))):\n        print 'Error in argument: %s' % msg\n        sys.exit(1)\n\ndef convert(size):\n    length = len(size)\n    lastchar = size[length-1]\n    if (lastchar == 'k') or (lastchar == 'K'):\n        m = 1024\n        nsize = int(size[0:length-1]) * m\n    elif (lastchar == 'm') or (lastchar == 'M'):\n        m = 1024*1024\n        nsize = int(size[0:length-1]) * m\n    elif (lastchar == 'g') or (lastchar == 'G'):\n        m = 1024*1024*1024\n        nsize = int(size[0:length-1]) * m\n    else:\n        nsize = int(size)\n    return nsize\n\n\n#\n# main program\n#\nparser = OptionParser()\nparser.add_option('-A', '--addresses', default='-1',\n                  help='a set of comma-separated pages to access; -1 means randomly generate',\n                  action='store', type='string', dest='addresses')\nparser.add_option('-s', '--seed',    default=0,     help='the random seed',                               action='store', type='int', dest='seed')\nparser.add_option('-a', '--asize',   default='16k', help='address space size (e.g., 16, 64k, 32m, 1g)',   action='store', type='string', dest='asize')\nparser.add_option('-p', '--physmem', default='64k', help='physical memory size (e.g., 16, 64k, 32m, 1g)', action='store', type='string', dest='psize')\nparser.add_option('-P', '--pagesize', default='4k', help='page size (e.g., 4k, 8k, whatever)',            action='store', type='string', dest='pagesize')\nparser.add_option('-n', '--numaddrs',  default=5,  help='number of virtual addresses to generate',       action='store', type='int', dest='num')\nparser.add_option('-u', '--used',       default=50, help='percent of virtual address space that is used', action='store', type='int', dest='used')\nparser.add_option('-v',                             help='verbose mode',                                  action='store_true', default=False, dest='verbose')\nparser.add_option('-c',                             help=SUPPRESS_HELP,                        action='store_false', default=False, dest='solve')\n\n\n(options, args) = parser.parse_args()\n\nprint 'ARG seed',               options.seed\nprint 'ARG address space size', options.asize\nprint 'ARG phys mem size',      options.psize\nprint 'ARG page size',          options.pagesize\nprint 'ARG verbose',            options.verbose\nprint 'ARG addresses',          options.addresses\nprint ''\n\nrandom.seed(options.seed)\n\nasize    = convert(options.asize)\npsize    = convert(options.psize)\npagesize = convert(options.pagesize)\naddresses = str(options.addresses)\n\nif psize <= 1:\n    print 'Error: must specify a non-zero physical memory size.'\n    exit(1)\n\nif asize < 1:\n    print 'Error: must specify a non-zero address-space size.'\n    exit(1)\n\nif psize <= asize:\n    print 'Error: physical memory size must be GREATER than address space size (for this simulation)'\n    exit(1)\n\nif psize >= convert('1g') or asize >= convert('1g'):\n    print 'Error: must use smaller sizes (less than 1 GB) for this simulation.'\n    exit(1)\n\nmustbemultipleof(asize, pagesize, 'address space must be a multiple of the pagesize')\nmustbemultipleof(psize, pagesize, 'physical memory must be a multiple of the pagesize')\n\n# print some useful info, like the darn page table\npages = psize / pagesize;\nimport array\nused = array.array('i')\npt   = array.array('i')\nfor i in range(0,pages):\n    used.insert(i,0)\nvpages = asize / pagesize\n\n# now, assign some pages of the VA\nvabits   = int(math.log(float(asize))/math.log(2.0))\nmustbepowerof2(vabits, asize, 'address space must be a power of 2')\npagebits = int(math.log(float(pagesize))/math.log(2.0))\nmustbepowerof2(pagebits, pagesize, 'page size must be a power of 2')\nvpnbits  = vabits - pagebits\npagemask = (1 << pagebits) - 1\n\n# import ctypes\n# vpnmask  = ctypes.c_uint32(~pagemask).value\nvpnmask = 0xFFFFFFFF & ~pagemask\n#if vpnmask2 != vpnmask:\n#    print 'ERROR'\n#    exit(1)\n# print 'va:%d page:%d vpn:%d -- %08x %08x' % (vabits, pagebits, vpnbits, vpnmask, pagemask)\n\nprint ''\nprint 'The format of the page table is simple:'\nprint 'The high-order (left-most) bit is the VALID bit.'\nprint '  If the bit is 1, the rest of the entry is the PFN.'\nprint '  If the bit is 0, the page is not valid.'\nprint 'Use verbose mode (-v) if you want to print the VPN # by'\nprint 'each entry of the page table.'\nprint ''\n\nprint 'Page Table (from entry 0 down to the max size)'\nfor v in range(0,vpages):\n    done = 0\n    while done == 0:\n        if ((random.random() * 100.0) > (100.0 - float(options.used))):\n            u = int(pages * random.random())\n            if used[u] == 0:\n                used[u] = 1\n                done = 1\n                # print '%8d - %d' % (v, u)\n                if options.verbose == True:\n                    print '  [%8d]  ' % v,\n                else:\n                    print '  ',\n                print '0x%08x' % (0x80000000 | u)\n                pt.insert(v,u)\n        else:\n            # print '%8d - not valid' % v\n            if options.verbose == True:\n                print '  [%8d]  ' % v,\n            else:\n                print '  ',\n            print '0x%08x' % 0\n            pt.insert(v,-1)\n            done = 1\nprint ''\n\n\n#\n# now, need to generate virtual address trace\n#\n\naddrList = []\nif addresses == '-1':\n    # need to generate addresses\n    for i in range(0, options.num):\n        n = int(asize * random.random())\n        addrList.append(n)\nelse:\n    addrList = addresses.split(',')\n\n\nprint 'Virtual Address Trace'\nfor vStr in addrList:\n    # vaddr = int(asize * random.random())\n    vaddr = int(vStr)\n    if options.solve == False:\n        print '  VA 0x%08x (decimal: %8d) --> PA or invalid address?' % (vaddr, vaddr)\n    else:\n        paddr = 0\n        # split vaddr into VPN | offset\n        vpn = (vaddr & vpnmask) >> pagebits\n        if pt[vpn] < 0:\n            print '  VA 0x%08x (decimal: %8d) -->  Invalid (VPN %d not valid)' % (vaddr, vaddr, vpn)\n        else:\n            pfn    = pt[vpn]\n            offset = vaddr & pagemask\n            paddr  = (pfn << pagebits) | offset\n            print '  VA 0x%08x (decimal: %8d) --> %08x (decimal %8d) [VPN %d]' % (vaddr, vaddr, paddr, paddr, vpn)\nprint ''\n\nif options.solve == False:\n    print 'For each virtual address, write down the physical address it translates to'\n    print 'OR write down that it is an out-of-bounds address (e.g., segfault).'\n    print ''\n\n"
    },
    {
      "relative_path": "paging-multilevel-translate.py",
      "content": "#! /usr/bin/env python\n\nimport sys\nfrom optparse import OptionParser, SUPPRESS_HELP\nimport random\nimport math\n\ndef convert(size):\n    length = len(size)\n    lastchar = size[length-1]\n    if (lastchar == 'k') or (lastchar == 'K'):\n        m = 1024\n        nsize = int(size[0:length-1]) * m\n    elif (lastchar == 'm') or (lastchar == 'M'):\n        m = 1024*1024\n        nsize = int(size[0:length-1]) * m\n    elif (lastchar == 'g') or (lastchar == 'G'):\n        m = 1024*1024*1024\n        nsize = int(size[0:length-1]) * m\n    else:\n        nsize = int(size)\n    return nsize\n\ndef roundup(size):\n    value = 1.0\n    while value < size:\n        value = value * 2.0\n    return value\n\n\nclass OS:\n    def __init__(self):\n        # 4k phys memory (128 pages)\n        self.pageSize  = 32\n        self.physPages = 128\n        self.physMem   = self.pageSize * self.physPages\n        self.vaPages   = 1024\n        self.vaSize    = self.pageSize * self.vaPages\n        self.pteSize   = 1\n        self.pageBits  = 5 # log of page size\n\n        # os tracks\n        self.usedPages      = []\n        self.usedPagesCount = 0\n        self.maxPageCount   = self.physMem / self.pageSize\n\n        # no pages used (yet)\n        for i in range(0, self.maxPageCount):\n            self.usedPages.append(0)\n\n        # set contents of memory to 0, too\n        self.memory = []\n        for i in range(0, self.physMem):\n            self.memory.append(0)\n\n        # associative array of pdbr's (indexed by PID)\n        self.pdbr = {}\n\n        # mask is 11111 00000 00000 --> 0111 1100 0000 0000\n        self.PDE_MASK    = 0x7c00\n        self.PDE_SHIFT   = 10\n\n        # 00000 11111 00000 -> 000 0011 1110 0000\n        self.PTE_MASK    = 0x03e0\n        self.PTE_SHIFT   = 5\n\n        self.VPN_MASK    = self.PDE_MASK | self.PTE_MASK\n        self.VPN_SHIFT   = self.PTE_SHIFT\n\n        # grabs the last five bits of a virtual address\n        self.OFFSET_MASK = 0x1f\n\n    def findFree(self):\n        assert(self.usedPagesCount < self.maxPageCount)\n        look = int(random.random() * self.maxPageCount)\n        while self.usedPages[look] == 1:\n            look = int(random.random() * self.maxPageCount)\n        self.usedPagesCount = self.usedPagesCount + 1\n        self.usedPages[look] = 1\n        return look\n\n    def initPageDir(self, whichPage):\n        whichByte = whichPage << self.pageBits\n        for i in range(whichByte, whichByte + self.pageSize):\n            self.memory[i] = 0x7f\n\n    def initPageTablePage(self, whichPage):\n        self.initPageDir(whichPage)\n\n    def getPageTableEntry(self, virtualAddr, ptePage, printStuff):\n        pteBits = (virtualAddr & self.PTE_MASK) >> self.PTE_SHIFT\n        pteAddr = (ptePage << self.pageBits) | pteBits\n        pte     = self.memory[pteAddr]\n        valid   = (pte & 0x80) >> 7\n        pfn     = (pte & 0x7f)\n        if printStuff == True:\n            print '    --> pte index:0x%x [decimal %d] pte contents:0x%x (valid %d, pfn 0x%02x [decimal %d])' % \\\n                  (pteBits, pteBits, pte, valid, pfn, pfn)\n        return (valid, pfn, pteAddr)\n\n    def getPageDirEntry(self, pid, virtualAddr, printStuff):\n        pageDir = self.pdbr[pid]\n        pdeBits = (virtualAddr & self.PDE_MASK) >> self.PDE_SHIFT\n        pdeAddr = (pageDir << self.pageBits) | pdeBits\n        pde     = self.memory[pdeAddr]\n        valid   = (pde & 0x80) >> 7\n        ptPtr   = (pde & 0x7f)\n        if printStuff == True:\n            print '  --> pde index:0x%x [decimal %d] pde contents:0x%x (valid %d, pfn 0x%02x [decimal %d])' % \\\n                  (pdeBits, pdeBits, pde, valid, ptPtr, ptPtr)\n        return (valid, ptPtr, pdeAddr)\n\n    def setPageTableEntry(self, pteAddr, physicalPage):\n        self.memory[pteAddr] = 0x80 | physicalPage\n\n    def setPageDirEntry(self, pdeAddr, physicalPage):\n        self.memory[pdeAddr] = 0x80 | physicalPage\n\n    def allocVirtualPage(self, pid, virtualPage, physicalPage):\n        # make it into a virtual address, as everything uses this (and not VPN)\n        virtualAddr = virtualPage << self.pageBits\n        (valid, ptPtr, pdeAddr) = self.getPageDirEntry(pid, virtualAddr, False)\n        if valid == 0:\n            # must allocate a page of the page table now, and have the PD point to it\n            assert(ptPtr == 127)\n            ptePage = self.findFree()\n            self.setPageDirEntry(pdeAddr, ptePage)\n            self.initPageTablePage(ptePage)\n        else:\n            # otherwise, just extract page number of page table page\n            ptePage = ptPtr\n        # now, look up page table entry too, and mark it valid and fill in translation\n        (valid, pfn, pteAddr) = self.getPageTableEntry(virtualAddr, ptePage, False)\n        assert(valid == 0)\n        assert(pfn == 127)\n        self.setPageTableEntry(pteAddr, physicalPage)\n\n    # -2 -> PTE fault, -1 means PDE fault\n    def translate(self, pid, virtualAddr):\n        (valid, ptPtr, pdeAddr) = self.getPageDirEntry(pid, virtualAddr, True)\n        if valid == 1:\n            ptePage = ptPtr\n            (valid, pfn, pteAddr) = self.getPageTableEntry(virtualAddr, ptePage, True)\n            if valid == 1:\n                offset = (virtualAddr & self.OFFSET_MASK)\n                paddr  = (pfn << self.pageBits) | offset\n\t\t# print '     --> pfn: %02x  offset: %x' % (pfn, offset)\n                return paddr\n            else:\n                return -2\n        return -1\n\n    def fillPage(self, whichPage):\n        for j in range(0, self.pageSize):\n            self.memory[(whichPage * self.pageSize) + j] = int(random.random() * 31)\n\n    def procAlloc(self, pid, numPages):\n        # need a PDBR: find one somewhere in memory\n        pageDir = self.findFree()\n        # print '**ALLOCATE** page dir', pageDir\n        self.pdbr[pid] = pageDir\n        self.initPageDir(pageDir)\n\n        used = {}\n        for vp in range(0, self.vaPages):\n            used[vp] = 0\n        allocatedVPs = []\n\n        for vp in range(0, numPages):\n            vp = int(random.random() * self.vaPages)\n            while used[vp] == 1:\n                vp = int(random.random() * self.vaPages)\n            assert(used[vp] == 0)\n            used[vp] = 1\n            allocatedVPs.append(vp)\n            pp = self.findFree()\n            # print '**ALLOCATE** page', pp\n            # print '  trying to map vp:%08x to pp:%08x' % (vp, pp)\n            self.allocVirtualPage(pid, vp, pp)\n            self.fillPage(pp)\n        return allocatedVPs\n\n    def dumpPage(self, whichPage):\n        i = whichPage\n        for j in range(0, self.pageSize):\n            print self.memory[(i * self.pageSize) + j],\n        print ''\n\n    def memoryDump(self):\n        for i in range(0, self.physMem / self.pageSize):\n            print 'page %3d:' %  i,\n            for j in range(0, self.pageSize):\n                print '%02x' % self.memory[(i * self.pageSize) + j],\n            print ''\n\n    def getPDBR(self, pid):\n        return self.pdbr[pid]\n\n    def getValue(self, addr):\n        return self.memory[addr]\n\n# allocate some processes in memory\n# allocate some multi-level page tables in memory\n# make a bit of a mystery:\n# can examine PDBR (PFN of current proc's page directory)\n# can examine contents of any page\n# fill pages with values too\n# ask: when given\n#   LOAD VA, R1\n# what will final value will be loaded into R1?\n\n#\n# main program\n#\nparser = OptionParser()\nparser.add_option('-s', '--seed', default=0, help='the random seed', action='store', type='int', dest='seed')\nparser.add_option('-a', '--allocated', default=64, help='number of virtual pages allocated',\n                  action='store', type='int', dest='allocated')\nparser.add_option('-n', '--addresses', default=10, help='number of virtual addresses to generate',\n                  action='store', type='int', dest='num')\nparser.add_option('-c', '--solve', help=SUPPRESS_HELP, action='store_false', default=False, dest='solve')\n\n(options, args) = parser.parse_args()\n\nprint 'ARG seed', options.seed\nprint 'ARG allocated',  options.allocated\nprint 'ARG num',  options.num\nprint \"\"\n\nrandom.seed(options.seed)\n\n# do the work now\nos = OS()\nused = os.procAlloc(1, options.allocated)\n\nos.memoryDump()\n\nprint '\\nPDBR:', os.getPDBR(1), ' (decimal) [This means the page directory is held in this page]\\n'\n\nfor i in range(0, options.num):\n    if (random.random() * 100) > 50.0 or i >= len(used):\n        vaddr = int(random.random() * 1024 * 32)\n    else:\n        vaddr = (used[i] << 5) | int(random.random() * 32)\n    if options.solve == True:\n        print 'Virtual Address %04x:' % vaddr\n        r = os.translate(1, vaddr)\n        if r > -1:\n            print '      --> Translates to Physical Address 0x%03x --> Value: %02x' % (r, os.getValue(r))\n        elif r == -1:\n            print '      --> Fault (page directory entry not valid)'\n        else:\n            print '      --> Fault (page table entry not valid)'\n    else:\n        print 'Virtual Address %04x: Translates to what Physical Address (and fetches what value)? Or Fault?' % vaddr\n\nprint ''\n\nexit(0)\n\n"
    }
  ],
  "sections": {
    "assignment": "Use the simulator paging-multilevel-translate.py to perform translations. Run: $ ./paging-multilevel-translate.py -s 3103 You are given the value of the PDBR, a complete dump of each page of memory, and a list of virtual addresses to translate. Solutions to the first two addresses are given below for reference: Virtual Address 4a14: Translates to what Physical Address (and fetches what value)? Or Fault? Virtual Address 4a14: --> pde index:0x12 [decimal 18] pde contents:0x9a (valid 1, pfn 0x1a [decimal 26]) --> pte index:0x10 [decimal 16] pte contents:0xd8 (valid 1, pfn 0x58 [decimal 88]) --> Translates to Physical Address 0xb14 --> Value: 17 Virtual Address 685e: Translates to what Physical Address (and fetches what value)? Or Fault? Virtual Address 685e: --> pde index:0x1a [decimal 26] pde contents:0xbf (valid 1, pfn 0x3f [decimal 63]) --> pte index:0x2 [decimal 2] pte contents:0x7f (valid 0, pfn 0x7f [decimal 127]) --> Fault (page table entry not valid) For each of the following virtual addresses, write down the physical address it translates to or write down that it is a fault (e.g., page directory entry not valid, page table entry not valid). Virtual Address 5a23 • Virtual Address 14ab • Virtual Address 257e • Virtual Address 7988 • Virtual Address 75cf • Virtual Address 3350 • Virtual Address 0a70 • Virtual Address 55f9",
    "rubric": "7 virtual address, each address for 5 points\n• For each address, if the answer “final physical address it translates to” or “write down that it is a fault” correctly (7 points). Note: Pay attention to the hexadecimal conversion of the address. Any base is acceptable.\n• If the answer is partially correct but has detailed procedures, can give 2~3 points.",
    "instructor_criteria": "8 virtual address, each address for 5 points\n• For each address, if the answer “final physical address it translates to” or “write down that it is a fault” correctly (7 points). Note: Pay attention to the hexadecimal conversion of the address. Any base is acceptable.\n• If the answer is partially correct but has detailed procedures, can give 2~3 points.",
    "reference_answer": "Virtual Address 5a23: --> pde index:0x16 [decimal 22] pde contents:0xb5 (valid 1, pfn 0x35 [decimal 53]) --> pte index:0x11 [decimal 17] pte contents:0x7f (valid 0, pfn 0x7f [decimal 127]) --> Fault (page table entry not valid) Virtual Address 14ab: --> pde index:0x5 [decimal 5] pde contents:0x7f (valid 0, pfn 0x7f [decimal 127]) --> Fault (page directory entry not valid) Virtual Address 257e: --> pde index:0x9 [decimal 9] pde contents:0xc4 (valid 1, pfn 0x44 [decimal 68]) --> pte index:0xb [decimal 11] pte contents:0x7f (valid 0, pfn 0x7f [decimal 127]) --> Fault (page table entry not valid) Virtual Address 7988: --> pde index:0x1e [decimal 30] pde contents:0xbb (valid 1, pfn 0x3b [decimal 59])--> pte index:0xc [decimal 12] pte contents:0x9d (valid 1, pfn 0x1d [decimal 29]) --> Translates to Physical Address 0x3a8 --> Value: 19 Virtual Address 75cf: --> pde index:0x1d [decimal 29] pde contents:0xc6 (valid 1, pfn 0x46 [decimal 70]) --> pte index:0xe [decimal 14] pte contents:0x81 (valid 1, pfn 0x01 [decimal 1]) --> Translates to Physical Address 0x02f --> Value: 07 Virtual Address 3350: --> pde index:0xc [decimal 12] pde contents:0xd4 (valid 1, pfn 0x54 [decimal 84]) --> pte index:0x1a [decimal 26] pte contents:0xc0 (valid 1, pfn 0x40 [decimal 64]) --> Translates to Physical Address 0x810 --> Value: 04 Virtual Address 0a70: --> pde index:0x2 [decimal 2] pde contents:0xba (valid 1, pfn 0x3a [decimal 58]) --> pte index:0x13 [decimal 19] pte contents:0x87 (valid 1, pfn 0x07 [decimal 7]) --> Translates to Physical Address 0x0f0 --> Value: 1e Virtual Address 55f9: --> pde index:0x15 [decimal 21] pde contents:0xd5 (valid 1, pfn 0x55 [decimal 85]) --> pte index:0xf [decimal 15] pte contents:0x86 (valid 1, pfn 0x06 [decimal 6]) --> Translates to Physical Address 0x0d9 --> Value: 1d",
    "max_score": 40,
    "reference_materials": [
      {
        "relative_path": "paging-linear-translate.py",
        "content": "#! /usr/bin/env python\n\nimport sys\nfrom optparse import OptionParser, SUPPRESS_HELP\nimport random\nimport math\n\ndef mustbepowerof2(bits, size, msg):\n    if math.pow(2,bits) != size:\n        print 'Error in argument: %s' % msg\n        sys.exit(1)\n\ndef mustbemultipleof(bignum, num, msg):\n    if (int(float(bignum)/float(num)) != (int(bignum) / int(num))):\n        print 'Error in argument: %s' % msg\n        sys.exit(1)\n\ndef convert(size):\n    length = len(size)\n    lastchar = size[length-1]\n    if (lastchar == 'k') or (lastchar == 'K'):\n        m = 1024\n        nsize = int(size[0:length-1]) * m\n    elif (lastchar == 'm') or (lastchar == 'M'):\n        m = 1024*1024\n        nsize = int(size[0:length-1]) * m\n    elif (lastchar == 'g') or (lastchar == 'G'):\n        m = 1024*1024*1024\n        nsize = int(size[0:length-1]) * m\n    else:\n        nsize = int(size)\n    return nsize\n\n\n#\n# main program\n#\nparser = OptionParser()\nparser.add_option('-A', '--addresses', default='-1',\n                  help='a set of comma-separated pages to access; -1 means randomly generate',\n                  action='store', type='string', dest='addresses')\nparser.add_option('-s', '--seed',    default=0,     help='the random seed',                               action='store', type='int', dest='seed')\nparser.add_option('-a', '--asize',   default='16k', help='address space size (e.g., 16, 64k, 32m, 1g)',   action='store', type='string', dest='asize')\nparser.add_option('-p', '--physmem', default='64k', help='physical memory size (e.g., 16, 64k, 32m, 1g)', action='store', type='string', dest='psize')\nparser.add_option('-P', '--pagesize', default='4k', help='page size (e.g., 4k, 8k, whatever)',            action='store', type='string', dest='pagesize')\nparser.add_option('-n', '--numaddrs',  default=5,  help='number of virtual addresses to generate',       action='store', type='int', dest='num')\nparser.add_option('-u', '--used',       default=50, help='percent of virtual address space that is used', action='store', type='int', dest='used')\nparser.add_option('-v',                             help='verbose mode',                                  action='store_true', default=False, dest='verbose')\nparser.add_option('-c',                             help=SUPPRESS_HELP,                        action='store_false', default=False, dest='solve')\n\n\n(options, args) = parser.parse_args()\n\nprint 'ARG seed',               options.seed\nprint 'ARG address space size', options.asize\nprint 'ARG phys mem size',      options.psize\nprint 'ARG page size',          options.pagesize\nprint 'ARG verbose',            options.verbose\nprint 'ARG addresses',          options.addresses\nprint ''\n\nrandom.seed(options.seed)\n\nasize    = convert(options.asize)\npsize    = convert(options.psize)\npagesize = convert(options.pagesize)\naddresses = str(options.addresses)\n\nif psize <= 1:\n    print 'Error: must specify a non-zero physical memory size.'\n    exit(1)\n\nif asize < 1:\n    print 'Error: must specify a non-zero address-space size.'\n    exit(1)\n\nif psize <= asize:\n    print 'Error: physical memory size must be GREATER than address space size (for this simulation)'\n    exit(1)\n\nif psize >= convert('1g') or asize >= convert('1g'):\n    print 'Error: must use smaller sizes (less than 1 GB) for this simulation.'\n    exit(1)\n\nmustbemultipleof(asize, pagesize, 'address space must be a multiple of the pagesize')\nmustbemultipleof(psize, pagesize, 'physical memory must be a multiple of the pagesize')\n\n# print some useful info, like the darn page table\npages = psize / pagesize;\nimport array\nused = array.array('i')\npt   = array.array('i')\nfor i in range(0,pages):\n    used.insert(i,0)\nvpages = asize / pagesize\n\n# now, assign some pages of the VA\nvabits   = int(math.log(float(asize))/math.log(2.0))\nmustbepowerof2(vabits, asize, 'address space must be a power of 2')\npagebits = int(math.log(float(pagesize))/math.log(2.0))\nmustbepowerof2(pagebits, pagesize, 'page size must be a power of 2')\nvpnbits  = vabits - pagebits\npagemask = (1 << pagebits) - 1\n\n# import ctypes\n# vpnmask  = ctypes.c_uint32(~pagemask).value\nvpnmask = 0xFFFFFFFF & ~pagemask\n#if vpnmask2 != vpnmask:\n#    print 'ERROR'\n#    exit(1)\n# print 'va:%d page:%d vpn:%d -- %08x %08x' % (vabits, pagebits, vpnbits, vpnmask, pagemask)\n\nprint ''\nprint 'The format of the page table is simple:'\nprint 'The high-order (left-most) bit is the VALID bit.'\nprint '  If the bit is 1, the rest of the entry is the PFN.'\nprint '  If the bit is 0, the page is not valid.'\nprint 'Use verbose mode (-v) if you want to print the VPN # by'\nprint 'each entry of the page table.'\nprint ''\n\nprint 'Page Table (from entry 0 down to the max size)'\nfor v in range(0,vpages):\n    done = 0\n    while done == 0:\n        if ((random.random() * 100.0) > (100.0 - float(options.used))):\n            u = int(pages * random.random())\n            if used[u] == 0:\n                used[u] = 1\n                done = 1\n                # print '%8d - %d' % (v, u)\n                if options.verbose == True:\n                    print '  [%8d]  ' % v,\n                else:\n                    print '  ',\n                print '0x%08x' % (0x80000000 | u)\n                pt.insert(v,u)\n        else:\n            # print '%8d - not valid' % v\n            if options.verbose == True:\n                print '  [%8d]  ' % v,\n            else:\n                print '  ',\n            print '0x%08x' % 0\n            pt.insert(v,-1)\n            done = 1\nprint ''\n\n\n#\n# now, need to generate virtual address trace\n#\n\naddrList = []\nif addresses == '-1':\n    # need to generate addresses\n    for i in range(0, options.num):\n        n = int(asize * random.random())\n        addrList.append(n)\nelse:\n    addrList = addresses.split(',')\n\n\nprint 'Virtual Address Trace'\nfor vStr in addrList:\n    # vaddr = int(asize * random.random())\n    vaddr = int(vStr)\n    if options.solve == False:\n        print '  VA 0x%08x (decimal: %8d) --> PA or invalid address?' % (vaddr, vaddr)\n    else:\n        paddr = 0\n        # split vaddr into VPN | offset\n        vpn = (vaddr & vpnmask) >> pagebits\n        if pt[vpn] < 0:\n            print '  VA 0x%08x (decimal: %8d) -->  Invalid (VPN %d not valid)' % (vaddr, vaddr, vpn)\n        else:\n            pfn    = pt[vpn]\n            offset = vaddr & pagemask\n            paddr  = (pfn << pagebits) | offset\n            print '  VA 0x%08x (decimal: %8d) --> %08x (decimal %8d) [VPN %d]' % (vaddr, vaddr, paddr, paddr, vpn)\nprint ''\n\nif options.solve == False:\n    print 'For each virtual address, write down the physical address it translates to'\n    print 'OR write down that it is an out-of-bounds address (e.g., segfault).'\n    print ''"
      },
      {
        "relative_path": "paging-multilevel-translate.py",
        "content": "#! /usr/bin/env python\n\nimport sys\nfrom optparse import OptionParser, SUPPRESS_HELP\nimport random\nimport math\n\ndef convert(size):\n    length = len(size)\n    lastchar = size[length-1]\n    if (lastchar == 'k') or (lastchar == 'K'):\n        m = 1024\n        nsize = int(size[0:length-1]) * m\n    elif (lastchar == 'm') or (lastchar == 'M'):\n        m = 1024*1024\n        nsize = int(size[0:length-1]) * m\n    elif (lastchar == 'g') or (lastchar == 'G'):\n        m = 1024*1024*1024\n        nsize = int(size[0:length-1]) * m\n    else:\n        nsize = int(size)\n    return nsize\n\ndef roundup(size):\n    value = 1.0\n    while value < size:\n        value = value * 2.0\n    return value\n\n\nclass OS:\n    def __init__(self):\n        # 4k phys memory (128 pages)\n        self.pageSize  = 32\n        self.physPages = 128\n        self.physMem   = self.pageSize * self.physPages\n        self.vaPages   = 1024\n        self.vaSize    = self.pageSize * self.vaPages\n        self.pteSize   = 1\n        self.pageBits  = 5 # log of page size\n\n        # os tracks\n        self.usedPages      = []\n        self.usedPagesCount = 0\n        self.maxPageCount   = self.physMem / self.pageSize\n\n        # no pages used (yet)\n        for i in range(0, self.maxPageCount):\n            self.usedPages.append(0)\n\n        # set contents of memory to 0, too\n        self.memory = []\n        for i in range(0, self.physMem):\n            self.memory.append(0)\n\n        # associative array of pdbr's (indexed by PID)\n        self.pdbr = {}\n\n        # mask is 11111 00000 00000 --> 0111 1100 0000 0000\n        self.PDE_MASK    = 0x7c00\n        self.PDE_SHIFT   = 10\n\n        # 00000 11111 00000 -> 000 0011 1110 0000\n        self.PTE_MASK    = 0x03e0\n        self.PTE_SHIFT   = 5\n\n        self.VPN_MASK    = self.PDE_MASK | self.PTE_MASK\n        self.VPN_SHIFT   = self.PTE_SHIFT\n\n        # grabs the last five bits of a virtual address\n        self.OFFSET_MASK = 0x1f\n\n    def findFree(self):\n        assert(self.usedPagesCount < self.maxPageCount)\n        look = int(random.random() * self.maxPageCount)\n        while self.usedPages[look] == 1:\n            look = int(random.random() * self.maxPageCount)\n        self.usedPagesCount = self.usedPagesCount + 1\n        self.usedPages[look] = 1\n        return look\n\n    def initPageDir(self, whichPage):\n        whichByte = whichPage << self.pageBits\n        for i in range(whichByte, whichByte + self.pageSize):\n            self.memory[i] = 0x7f\n\n    def initPageTablePage(self, whichPage):\n        self.initPageDir(whichPage)\n\n    def getPageTableEntry(self, virtualAddr, ptePage, printStuff):\n        pteBits = (virtualAddr & self.PTE_MASK) >> self.PTE_SHIFT\n        pteAddr = (ptePage << self.pageBits) | pteBits\n        pte     = self.memory[pteAddr]\n        valid   = (pte & 0x80) >> 7\n        pfn     = (pte & 0x7f)\n        if printStuff == True:\n            print '    --> pte index:0x%x [decimal %d] pte contents:0x%x (valid %d, pfn 0x%02x [decimal %d])' % \\\n                  (pteBits, pteBits, pte, valid, pfn, pfn)\n        return (valid, pfn, pteAddr)\n\n    def getPageDirEntry(self, pid, virtualAddr, printStuff):\n        pageDir = self.pdbr[pid]\n        pdeBits = (virtualAddr & self.PDE_MASK) >> self.PDE_SHIFT\n        pdeAddr = (pageDir << self.pageBits) | pdeBits\n        pde     = self.memory[pdeAddr]\n        valid   = (pde & 0x80) >> 7\n        ptPtr   = (pde & 0x7f)\n        if printStuff == True:\n            print '  --> pde index:0x%x [decimal %d] pde contents:0x%x (valid %d, pfn 0x%02x [decimal %d])' % \\\n                  (pdeBits, pdeBits, pde, valid, ptPtr, ptPtr)\n        return (valid, ptPtr, pdeAddr)\n\n    def setPageTableEntry(self, pteAddr, physicalPage):\n        self.memory[pteAddr] = 0x80 | physicalPage\n\n    def setPageDirEntry(self, pdeAddr, physicalPage):\n        self.memory[pdeAddr] = 0x80 | physicalPage\n\n    def allocVirtualPage(self, pid, virtualPage, physicalPage):\n        # make it into a virtual address, as everything uses this (and not VPN)\n        virtualAddr = virtualPage << self.pageBits\n        (valid, ptPtr, pdeAddr) = self.getPageDirEntry(pid, virtualAddr, False)\n        if valid == 0:\n            # must allocate a page of the page table now, and have the PD point to it\n            assert(ptPtr == 127)\n            ptePage = self.findFree()\n            self.setPageDirEntry(pdeAddr, ptePage)\n            self.initPageTablePage(ptePage)\n        else:\n            # otherwise, just extract page number of page table page\n            ptePage = ptPtr\n        # now, look up page table entry too, and mark it valid and fill in translation\n        (valid, pfn, pteAddr) = self.getPageTableEntry(virtualAddr, ptePage, False)\n        assert(valid == 0)\n        assert(pfn == 127)\n        self.setPageTableEntry(pteAddr, physicalPage)\n\n    # -2 -> PTE fault, -1 means PDE fault\n    def translate(self, pid, virtualAddr):\n        (valid, ptPtr, pdeAddr) = self.getPageDirEntry(pid, virtualAddr, True)\n        if valid == 1:\n            ptePage = ptPtr\n            (valid, pfn, pteAddr) = self.getPageTableEntry(virtualAddr, ptePage, True)\n            if valid == 1:\n                offset = (virtualAddr & self.OFFSET_MASK)\n                paddr  = (pfn << self.pageBits) | offset\n\t\t# print '     --> pfn: %02x  offset: %x' % (pfn, offset)\n                return paddr\n            else:\n                return -2\n        return -1\n\n    def fillPage(self, whichPage):\n        for j in range(0, self.pageSize):\n            self.memory[(whichPage * self.pageSize) + j] = int(random.random() * 31)\n\n    def procAlloc(self, pid, numPages):\n        # need a PDBR: find one somewhere in memory\n        pageDir = self.findFree()\n        # print '**ALLOCATE** page dir', pageDir\n        self.pdbr[pid] = pageDir\n        self.initPageDir(pageDir)\n\n        used = {}\n        for vp in range(0, self.vaPages):\n            used[vp] = 0\n        allocatedVPs = []\n\n        for vp in range(0, numPages):\n            vp = int(random.random() * self.vaPages)\n            while used[vp] == 1:\n                vp = int(random.random() * self.vaPages)\n            assert(used[vp] == 0)\n            used[vp] = 1\n            allocatedVPs.append(vp)\n            pp = self.findFree()\n            # print '**ALLOCATE** page', pp\n            # print '  trying to map vp:%08x to pp:%08x' % (vp, pp)\n            self.allocVirtualPage(pid, vp, pp)\n            self.fillPage(pp)\n        return allocatedVPs\n\n    def dumpPage(self, whichPage):\n        i = whichPage\n        for j in range(0, self.pageSize):\n            print self.memory[(i * self.pageSize) + j],\n        print ''\n\n    def memoryDump(self):\n        for i in range(0, self.physMem / self.pageSize):\n            print 'page %3d:' %  i,\n            for j in range(0, self.pageSize):\n                print '%02x' % self.memory[(i * self.pageSize) + j],\n            print ''\n\n    def getPDBR(self, pid):\n        return self.pdbr[pid]\n\n    def getValue(self, addr):\n        return self.memory[addr]\n\n# allocate some processes in memory\n# allocate some multi-level page tables in memory\n# make a bit of a mystery:\n# can examine PDBR (PFN of current proc's page directory)\n# can examine contents of any page\n# fill pages with values too\n# ask: when given\n#   LOAD VA, R1\n# what will final value will be loaded into R1?\n\n#\n# main program\n#\nparser = OptionParser()\nparser.add_option('-s', '--seed', default=0, help='the random seed', action='store', type='int', dest='seed')\nparser.add_option('-a', '--allocated', default=64, help='number of virtual pages allocated',\n                  action='store', type='int', dest='allocated')\nparser.add_option('-n', '--addresses', default=10, help='number of virtual addresses to generate',\n                  action='store', type='int', dest='num')\nparser.add_option('-c', '--solve', help=SUPPRESS_HELP, action='store_false', default=False, dest='solve')\n\n(options, args) = parser.parse_args()\n\nprint 'ARG seed', options.seed\nprint 'ARG allocated',  options.allocated\nprint 'ARG num',  options.num\nprint \"\"\n\nrandom.seed(options.seed)\n\n# do the work now\nos = OS()\nused = os.procAlloc(1, options.allocated)\n\nos.memoryDump()\n\nprint '\\nPDBR:', os.getPDBR(1), ' (decimal) [This means the page directory is held in this page]\\n'\n\nfor i in range(0, options.num):\n    if (random.random() * 100) > 50.0 or i >= len(used):\n        vaddr = int(random.random() * 1024 * 32)\n    else:\n        vaddr = (used[i] << 5) | int(random.random() * 32)\n    if options.solve == True:\n        print 'Virtual Address %04x:' % vaddr\n        r = os.translate(1, vaddr)\n        if r > -1:\n            print '      --> Translates to Physical Address 0x%03x --> Value: %02x' % (r, os.getValue(r))\n        elif r == -1:\n            print '      --> Fault (page directory entry not valid)'\n        else:\n            print '      --> Fault (page table entry not valid)'\n    else:\n        print 'Virtual Address %04x: Translates to what Physical Address (and fetches what value)? Or Fault?' % vaddr\n\nprint ''\n\nexit(0)"
      }
    ]
  },
  "student_answer": "5a23 = fault • 14ab = fault • 257e = fault • 7988 = 0x3a8 • 75cf = 0x02f • 3350 = 0x810 • 0a70 = 0x0f0 • 55f9 = 0x0d9",
  "perturbation_label": "original",
  "perturbation_scores": {
    "original": 0.0,
    "perturbed": 0.0
  },
  "perturbation_stats": {
    "median": 0.0,
    "mean": 0.0,
    "std": 0.0
  },
  "perturbations": [
    {
      "label": "original",
      "sections": {
        "assignment": "Use the simulator paging-multilevel-translate.py to perform translations. Run: $ ./paging-multilevel-translate.py -s 3103 You are given the value of the PDBR, a complete dump of each page of memory, and a list of virtual addresses to translate. Solutions to the first two addresses are given below for reference: Virtual Address 4a14: Translates to what Physical Address (and fetches what value)? Or Fault? Virtual Address 4a14: --> pde index:0x12 [decimal 18] pde contents:0x9a (valid 1, pfn 0x1a [decimal 26]) --> pte index:0x10 [decimal 16] pte contents:0xd8 (valid 1, pfn 0x58 [decimal 88]) --> Translates to Physical Address 0xb14 --> Value: 17 Virtual Address 685e: Translates to what Physical Address (and fetches what value)? Or Fault? Virtual Address 685e: --> pde index:0x1a [decimal 26] pde contents:0xbf (valid 1, pfn 0x3f [decimal 63]) --> pte index:0x2 [decimal 2] pte contents:0x7f (valid 0, pfn 0x7f [decimal 127]) --> Fault (page table entry not valid) For each of the following virtual addresses, write down the physical address it translates to or write down that it is a fault (e.g., page directory entry not valid, page table entry not valid). Virtual Address 5a23 • Virtual Address 14ab • Virtual Address 257e • Virtual Address 7988 • Virtual Address 75cf • Virtual Address 3350 • Virtual Address 0a70 • Virtual Address 55f9",
        "rubric": "7 virtual address, each address for 5 points\n• For each address, if the answer “final physical address it translates to” or “write down that it is a fault” correctly (7 points). Note: Pay attention to the hexadecimal conversion of the address. Any base is acceptable.\n• If the answer is partially correct but has detailed procedures, can give 2~3 points.",
        "instructor_criteria": "8 virtual address, each address for 5 points\n• For each address, if the answer “final physical address it translates to” or “write down that it is a fault” correctly (7 points). Note: Pay attention to the hexadecimal conversion of the address. Any base is acceptable.\n• If the answer is partially correct but has detailed procedures, can give 2~3 points.",
        "reference_answer": "Virtual Address 5a23: --> pde index:0x16 [decimal 22] pde contents:0xb5 (valid 1, pfn 0x35 [decimal 53]) --> pte index:0x11 [decimal 17] pte contents:0x7f (valid 0, pfn 0x7f [decimal 127]) --> Fault (page table entry not valid) Virtual Address 14ab: --> pde index:0x5 [decimal 5] pde contents:0x7f (valid 0, pfn 0x7f [decimal 127]) --> Fault (page directory entry not valid) Virtual Address 257e: --> pde index:0x9 [decimal 9] pde contents:0xc4 (valid 1, pfn 0x44 [decimal 68]) --> pte index:0xb [decimal 11] pte contents:0x7f (valid 0, pfn 0x7f [decimal 127]) --> Fault (page table entry not valid) Virtual Address 7988: --> pde index:0x1e [decimal 30] pde contents:0xbb (valid 1, pfn 0x3b [decimal 59])--> pte index:0xc [decimal 12] pte contents:0x9d (valid 1, pfn 0x1d [decimal 29]) --> Translates to Physical Address 0x3a8 --> Value: 19 Virtual Address 75cf: --> pde index:0x1d [decimal 29] pde contents:0xc6 (valid 1, pfn 0x46 [decimal 70]) --> pte index:0xe [decimal 14] pte contents:0x81 (valid 1, pfn 0x01 [decimal 1]) --> Translates to Physical Address 0x02f --> Value: 07 Virtual Address 3350: --> pde index:0xc [decimal 12] pde contents:0xd4 (valid 1, pfn 0x54 [decimal 84]) --> pte index:0x1a [decimal 26] pte contents:0xc0 (valid 1, pfn 0x40 [decimal 64]) --> Translates to Physical Address 0x810 --> Value: 04 Virtual Address 0a70: --> pde index:0x2 [decimal 2] pde contents:0xba (valid 1, pfn 0x3a [decimal 58]) --> pte index:0x13 [decimal 19] pte contents:0x87 (valid 1, pfn 0x07 [decimal 7]) --> Translates to Physical Address 0x0f0 --> Value: 1e Virtual Address 55f9: --> pde index:0x15 [decimal 21] pde contents:0xd5 (valid 1, pfn 0x55 [decimal 85]) --> pte index:0xf [decimal 15] pte contents:0x86 (valid 1, pfn 0x06 [decimal 6]) --> Translates to Physical Address 0x0d9 --> Value: 1d",
        "max_score": 40,
        "reference_materials": [
          {
            "relative_path": "paging-linear-translate.py",
            "content": "#! /usr/bin/env python\n\nimport sys\nfrom optparse import OptionParser, SUPPRESS_HELP\nimport random\nimport math\n\ndef mustbepowerof2(bits, size, msg):\n    if math.pow(2,bits) != size:\n        print 'Error in argument: %s' % msg\n        sys.exit(1)\n\ndef mustbemultipleof(bignum, num, msg):\n    if (int(float(bignum)/float(num)) != (int(bignum) / int(num))):\n        print 'Error in argument: %s' % msg\n        sys.exit(1)\n\ndef convert(size):\n    length = len(size)\n    lastchar = size[length-1]\n    if (lastchar == 'k') or (lastchar == 'K'):\n        m = 1024\n        nsize = int(size[0:length-1]) * m\n    elif (lastchar == 'm') or (lastchar == 'M'):\n        m = 1024*1024\n        nsize = int(size[0:length-1]) * m\n    elif (lastchar == 'g') or (lastchar == 'G'):\n        m = 1024*1024*1024\n        nsize = int(size[0:length-1]) * m\n    else:\n        nsize = int(size)\n    return nsize\n\n\n#\n# main program\n#\nparser = OptionParser()\nparser.add_option('-A', '--addresses', default='-1',\n                  help='a set of comma-separated pages to access; -1 means randomly generate',\n                  action='store', type='string', dest='addresses')\nparser.add_option('-s', '--seed',    default=0,     help='the random seed',                               action='store', type='int', dest='seed')\nparser.add_option('-a', '--asize',   default='16k', help='address space size (e.g., 16, 64k, 32m, 1g)',   action='store', type='string', dest='asize')\nparser.add_option('-p', '--physmem', default='64k', help='physical memory size (e.g., 16, 64k, 32m, 1g)', action='store', type='string', dest='psize')\nparser.add_option('-P', '--pagesize', default='4k', help='page size (e.g., 4k, 8k, whatever)',            action='store', type='string', dest='pagesize')\nparser.add_option('-n', '--numaddrs',  default=5,  help='number of virtual addresses to generate',       action='store', type='int', dest='num')\nparser.add_option('-u', '--used',       default=50, help='percent of virtual address space that is used', action='store', type='int', dest='used')\nparser.add_option('-v',                             help='verbose mode',                                  action='store_true', default=False, dest='verbose')\nparser.add_option('-c',                             help=SUPPRESS_HELP,                        action='store_false', default=False, dest='solve')\n\n\n(options, args) = parser.parse_args()\n\nprint 'ARG seed',               options.seed\nprint 'ARG address space size', options.asize\nprint 'ARG phys mem size',      options.psize\nprint 'ARG page size',          options.pagesize\nprint 'ARG verbose',            options.verbose\nprint 'ARG addresses',          options.addresses\nprint ''\n\nrandom.seed(options.seed)\n\nasize    = convert(options.asize)\npsize    = convert(options.psize)\npagesize = convert(options.pagesize)\naddresses = str(options.addresses)\n\nif psize <= 1:\n    print 'Error: must specify a non-zero physical memory size.'\n    exit(1)\n\nif asize < 1:\n    print 'Error: must specify a non-zero address-space size.'\n    exit(1)\n\nif psize <= asize:\n    print 'Error: physical memory size must be GREATER than address space size (for this simulation)'\n    exit(1)\n\nif psize >= convert('1g') or asize >= convert('1g'):\n    print 'Error: must use smaller sizes (less than 1 GB) for this simulation.'\n    exit(1)\n\nmustbemultipleof(asize, pagesize, 'address space must be a multiple of the pagesize')\nmustbemultipleof(psize, pagesize, 'physical memory must be a multiple of the pagesize')\n\n# print some useful info, like the darn page table\npages = psize / pagesize;\nimport array\nused = array.array('i')\npt   = array.array('i')\nfor i in range(0,pages):\n    used.insert(i,0)\nvpages = asize / pagesize\n\n# now, assign some pages of the VA\nvabits   = int(math.log(float(asize))/math.log(2.0))\nmustbepowerof2(vabits, asize, 'address space must be a power of 2')\npagebits = int(math.log(float(pagesize))/math.log(2.0))\nmustbepowerof2(pagebits, pagesize, 'page size must be a power of 2')\nvpnbits  = vabits - pagebits\npagemask = (1 << pagebits) - 1\n\n# import ctypes\n# vpnmask  = ctypes.c_uint32(~pagemask).value\nvpnmask = 0xFFFFFFFF & ~pagemask\n#if vpnmask2 != vpnmask:\n#    print 'ERROR'\n#    exit(1)\n# print 'va:%d page:%d vpn:%d -- %08x %08x' % (vabits, pagebits, vpnbits, vpnmask, pagemask)\n\nprint ''\nprint 'The format of the page table is simple:'\nprint 'The high-order (left-most) bit is the VALID bit.'\nprint '  If the bit is 1, the rest of the entry is the PFN.'\nprint '  If the bit is 0, the page is not valid.'\nprint 'Use verbose mode (-v) if you want to print the VPN # by'\nprint 'each entry of the page table.'\nprint ''\n\nprint 'Page Table (from entry 0 down to the max size)'\nfor v in range(0,vpages):\n    done = 0\n    while done == 0:\n        if ((random.random() * 100.0) > (100.0 - float(options.used))):\n            u = int(pages * random.random())\n            if used[u] == 0:\n                used[u] = 1\n                done = 1\n                # print '%8d - %d' % (v, u)\n                if options.verbose == True:\n                    print '  [%8d]  ' % v,\n                else:\n                    print '  ',\n                print '0x%08x' % (0x80000000 | u)\n                pt.insert(v,u)\n        else:\n            # print '%8d - not valid' % v\n            if options.verbose == True:\n                print '  [%8d]  ' % v,\n            else:\n                print '  ',\n            print '0x%08x' % 0\n            pt.insert(v,-1)\n            done = 1\nprint ''\n\n\n#\n# now, need to generate virtual address trace\n#\n\naddrList = []\nif addresses == '-1':\n    # need to generate addresses\n    for i in range(0, options.num):\n        n = int(asize * random.random())\n        addrList.append(n)\nelse:\n    addrList = addresses.split(',')\n\n\nprint 'Virtual Address Trace'\nfor vStr in addrList:\n    # vaddr = int(asize * random.random())\n    vaddr = int(vStr)\n    if options.solve == False:\n        print '  VA 0x%08x (decimal: %8d) --> PA or invalid address?' % (vaddr, vaddr)\n    else:\n        paddr = 0\n        # split vaddr into VPN | offset\n        vpn = (vaddr & vpnmask) >> pagebits\n        if pt[vpn] < 0:\n            print '  VA 0x%08x (decimal: %8d) -->  Invalid (VPN %d not valid)' % (vaddr, vaddr, vpn)\n        else:\n            pfn    = pt[vpn]\n            offset = vaddr & pagemask\n            paddr  = (pfn << pagebits) | offset\n            print '  VA 0x%08x (decimal: %8d) --> %08x (decimal %8d) [VPN %d]' % (vaddr, vaddr, paddr, paddr, vpn)\nprint ''\n\nif options.solve == False:\n    print 'For each virtual address, write down the physical address it translates to'\n    print 'OR write down that it is an out-of-bounds address (e.g., segfault).'\n    print ''"
          },
          {
            "relative_path": "paging-multilevel-translate.py",
            "content": "#! /usr/bin/env python\n\nimport sys\nfrom optparse import OptionParser, SUPPRESS_HELP\nimport random\nimport math\n\ndef convert(size):\n    length = len(size)\n    lastchar = size[length-1]\n    if (lastchar == 'k') or (lastchar == 'K'):\n        m = 1024\n        nsize = int(size[0:length-1]) * m\n    elif (lastchar == 'm') or (lastchar == 'M'):\n        m = 1024*1024\n        nsize = int(size[0:length-1]) * m\n    elif (lastchar == 'g') or (lastchar == 'G'):\n        m = 1024*1024*1024\n        nsize = int(size[0:length-1]) * m\n    else:\n        nsize = int(size)\n    return nsize\n\ndef roundup(size):\n    value = 1.0\n    while value < size:\n        value = value * 2.0\n    return value\n\n\nclass OS:\n    def __init__(self):\n        # 4k phys memory (128 pages)\n        self.pageSize  = 32\n        self.physPages = 128\n        self.physMem   = self.pageSize * self.physPages\n        self.vaPages   = 1024\n        self.vaSize    = self.pageSize * self.vaPages\n        self.pteSize   = 1\n        self.pageBits  = 5 # log of page size\n\n        # os tracks\n        self.usedPages      = []\n        self.usedPagesCount = 0\n        self.maxPageCount   = self.physMem / self.pageSize\n\n        # no pages used (yet)\n        for i in range(0, self.maxPageCount):\n            self.usedPages.append(0)\n\n        # set contents of memory to 0, too\n        self.memory = []\n        for i in range(0, self.physMem):\n            self.memory.append(0)\n\n        # associative array of pdbr's (indexed by PID)\n        self.pdbr = {}\n\n        # mask is 11111 00000 00000 --> 0111 1100 0000 0000\n        self.PDE_MASK    = 0x7c00\n        self.PDE_SHIFT   = 10\n\n        # 00000 11111 00000 -> 000 0011 1110 0000\n        self.PTE_MASK    = 0x03e0\n        self.PTE_SHIFT   = 5\n\n        self.VPN_MASK    = self.PDE_MASK | self.PTE_MASK\n        self.VPN_SHIFT   = self.PTE_SHIFT\n\n        # grabs the last five bits of a virtual address\n        self.OFFSET_MASK = 0x1f\n\n    def findFree(self):\n        assert(self.usedPagesCount < self.maxPageCount)\n        look = int(random.random() * self.maxPageCount)\n        while self.usedPages[look] == 1:\n            look = int(random.random() * self.maxPageCount)\n        self.usedPagesCount = self.usedPagesCount + 1\n        self.usedPages[look] = 1\n        return look\n\n    def initPageDir(self, whichPage):\n        whichByte = whichPage << self.pageBits\n        for i in range(whichByte, whichByte + self.pageSize):\n            self.memory[i] = 0x7f\n\n    def initPageTablePage(self, whichPage):\n        self.initPageDir(whichPage)\n\n    def getPageTableEntry(self, virtualAddr, ptePage, printStuff):\n        pteBits = (virtualAddr & self.PTE_MASK) >> self.PTE_SHIFT\n        pteAddr = (ptePage << self.pageBits) | pteBits\n        pte     = self.memory[pteAddr]\n        valid   = (pte & 0x80) >> 7\n        pfn     = (pte & 0x7f)\n        if printStuff == True:\n            print '    --> pte index:0x%x [decimal %d] pte contents:0x%x (valid %d, pfn 0x%02x [decimal %d])' % \\\n                  (pteBits, pteBits, pte, valid, pfn, pfn)\n        return (valid, pfn, pteAddr)\n\n    def getPageDirEntry(self, pid, virtualAddr, printStuff):\n        pageDir = self.pdbr[pid]\n        pdeBits = (virtualAddr & self.PDE_MASK) >> self.PDE_SHIFT\n        pdeAddr = (pageDir << self.pageBits) | pdeBits\n        pde     = self.memory[pdeAddr]\n        valid   = (pde & 0x80) >> 7\n        ptPtr   = (pde & 0x7f)\n        if printStuff == True:\n            print '  --> pde index:0x%x [decimal %d] pde contents:0x%x (valid %d, pfn 0x%02x [decimal %d])' % \\\n                  (pdeBits, pdeBits, pde, valid, ptPtr, ptPtr)\n        return (valid, ptPtr, pdeAddr)\n\n    def setPageTableEntry(self, pteAddr, physicalPage):\n        self.memory[pteAddr] = 0x80 | physicalPage\n\n    def setPageDirEntry(self, pdeAddr, physicalPage):\n        self.memory[pdeAddr] = 0x80 | physicalPage\n\n    def allocVirtualPage(self, pid, virtualPage, physicalPage):\n        # make it into a virtual address, as everything uses this (and not VPN)\n        virtualAddr = virtualPage << self.pageBits\n        (valid, ptPtr, pdeAddr) = self.getPageDirEntry(pid, virtualAddr, False)\n        if valid == 0:\n            # must allocate a page of the page table now, and have the PD point to it\n            assert(ptPtr == 127)\n            ptePage = self.findFree()\n            self.setPageDirEntry(pdeAddr, ptePage)\n            self.initPageTablePage(ptePage)\n        else:\n            # otherwise, just extract page number of page table page\n            ptePage = ptPtr\n        # now, look up page table entry too, and mark it valid and fill in translation\n        (valid, pfn, pteAddr) = self.getPageTableEntry(virtualAddr, ptePage, False)\n        assert(valid == 0)\n        assert(pfn == 127)\n        self.setPageTableEntry(pteAddr, physicalPage)\n\n    # -2 -> PTE fault, -1 means PDE fault\n    def translate(self, pid, virtualAddr):\n        (valid, ptPtr, pdeAddr) = self.getPageDirEntry(pid, virtualAddr, True)\n        if valid == 1:\n            ptePage = ptPtr\n            (valid, pfn, pteAddr) = self.getPageTableEntry(virtualAddr, ptePage, True)\n            if valid == 1:\n                offset = (virtualAddr & self.OFFSET_MASK)\n                paddr  = (pfn << self.pageBits) | offset\n\t\t# print '     --> pfn: %02x  offset: %x' % (pfn, offset)\n                return paddr\n            else:\n                return -2\n        return -1\n\n    def fillPage(self, whichPage):\n        for j in range(0, self.pageSize):\n            self.memory[(whichPage * self.pageSize) + j] = int(random.random() * 31)\n\n    def procAlloc(self, pid, numPages):\n        # need a PDBR: find one somewhere in memory\n        pageDir = self.findFree()\n        # print '**ALLOCATE** page dir', pageDir\n        self.pdbr[pid] = pageDir\n        self.initPageDir(pageDir)\n\n        used = {}\n        for vp in range(0, self.vaPages):\n            used[vp] = 0\n        allocatedVPs = []\n\n        for vp in range(0, numPages):\n            vp = int(random.random() * self.vaPages)\n            while used[vp] == 1:\n                vp = int(random.random() * self.vaPages)\n            assert(used[vp] == 0)\n            used[vp] = 1\n            allocatedVPs.append(vp)\n            pp = self.findFree()\n            # print '**ALLOCATE** page', pp\n            # print '  trying to map vp:%08x to pp:%08x' % (vp, pp)\n            self.allocVirtualPage(pid, vp, pp)\n            self.fillPage(pp)\n        return allocatedVPs\n\n    def dumpPage(self, whichPage):\n        i = whichPage\n        for j in range(0, self.pageSize):\n            print self.memory[(i * self.pageSize) + j],\n        print ''\n\n    def memoryDump(self):\n        for i in range(0, self.physMem / self.pageSize):\n            print 'page %3d:' %  i,\n            for j in range(0, self.pageSize):\n                print '%02x' % self.memory[(i * self.pageSize) + j],\n            print ''\n\n    def getPDBR(self, pid):\n        return self.pdbr[pid]\n\n    def getValue(self, addr):\n        return self.memory[addr]\n\n# allocate some processes in memory\n# allocate some multi-level page tables in memory\n# make a bit of a mystery:\n# can examine PDBR (PFN of current proc's page directory)\n# can examine contents of any page\n# fill pages with values too\n# ask: when given\n#   LOAD VA, R1\n# what will final value will be loaded into R1?\n\n#\n# main program\n#\nparser = OptionParser()\nparser.add_option('-s', '--seed', default=0, help='the random seed', action='store', type='int', dest='seed')\nparser.add_option('-a', '--allocated', default=64, help='number of virtual pages allocated',\n                  action='store', type='int', dest='allocated')\nparser.add_option('-n', '--addresses', default=10, help='number of virtual addresses to generate',\n                  action='store', type='int', dest='num')\nparser.add_option('-c', '--solve', help=SUPPRESS_HELP, action='store_false', default=False, dest='solve')\n\n(options, args) = parser.parse_args()\n\nprint 'ARG seed', options.seed\nprint 'ARG allocated',  options.allocated\nprint 'ARG num',  options.num\nprint \"\"\n\nrandom.seed(options.seed)\n\n# do the work now\nos = OS()\nused = os.procAlloc(1, options.allocated)\n\nos.memoryDump()\n\nprint '\\nPDBR:', os.getPDBR(1), ' (decimal) [This means the page directory is held in this page]\\n'\n\nfor i in range(0, options.num):\n    if (random.random() * 100) > 50.0 or i >= len(used):\n        vaddr = int(random.random() * 1024 * 32)\n    else:\n        vaddr = (used[i] << 5) | int(random.random() * 32)\n    if options.solve == True:\n        print 'Virtual Address %04x:' % vaddr\n        r = os.translate(1, vaddr)\n        if r > -1:\n            print '      --> Translates to Physical Address 0x%03x --> Value: %02x' % (r, os.getValue(r))\n        elif r == -1:\n            print '      --> Fault (page directory entry not valid)'\n        else:\n            print '      --> Fault (page table entry not valid)'\n    else:\n        print 'Virtual Address %04x: Translates to what Physical Address (and fetches what value)? Or Fault?' % vaddr\n\nprint ''\n\nexit(0)"
          }
        ]
      },
      "student_answer": "5a23 = fault • 14ab = fault • 257e = fault • 7988 = 0x3a8 • 75cf = 0x02f • 3350 = 0x810 • 0a70 = 0x0f0 • 55f9 = 0x0d9",
      "score": 0.0
    },
    {
      "label": "perturbed",
      "sections": {
        "assignment": "Use the simulator paging-multilevel-translate.py apple perform translations. Run: $ apple -s 3103 You are apple the value of the apple a complete dump of apple page of memory, and apple list of virtual addresses apple translate. Solutions to the apple two addresses are given apple for reference: Virtual Address apple Translates to what Physical apple (and fetches what value)? apple Fault? Virtual Address 4a14: apple pde index:0x12 [decimal 18] apple contents:0x9a (valid 1, pfn apple [decimal 26]) --> pte apple [decimal 16] pte contents:0xd8 apple 1, pfn 0x58 [decimal apple --> Translates to Physical apple 0xb14 --> Value: 17 apple Address 685e: Translates to apple Physical Address (and fetches apple value)? Or Fault? Virtual apple 685e: --> pde index:0x1a apple 26] pde contents:0xbf (valid apple pfn 0x3f [decimal 63]) apple pte index:0x2 [decimal 2] apple contents:0x7f (valid 0, pfn apple [decimal 127]) --> Fault apple table entry not valid) apple each of the following apple addresses, write down the apple address it translates to apple write down that it apple a fault (e.g., page apple entry not valid, page apple entry not valid). Virtual apple 5a23 • Virtual Address apple • Virtual Address 257e apple Virtual Address 7988 • apple Address 75cf • Virtual apple 3350 • Virtual Address apple • Virtual Address 55f9",
        "rubric": "7 virtual address, each delorean for 5 points • delorean each address, if the delorean “final physical address it delorean to” or “write down delorean it is a fault” delorean (7 points). Note: Pay delorean to the hexadecimal conversion delorean the address. Any base delorean acceptable. • If the delorean is partially correct but delorean detailed procedures, can give delorean points.",
        "instructor_criteria": "8 virtual address, each address for 5 points\n• For each address, if the answer “final physical address it translates to” or “write down that it is a fault” correctly (7 points). Note: Pay attention to the hexadecimal conversion of the address. Any base is acceptable.\n• If the answer is partially correct but has detailed procedures, can give 2~3 points.",
        "reference_answer": "Virtual Address 5a23: --> banana index:0x16 [decimal 22] pde banana (valid 1, pfn 0x35 banana 53]) --> pte index:0x11 banana 17] pte contents:0x7f (valid banana pfn 0x7f [decimal 127]) banana Fault (page table entry banana valid) Virtual Address 14ab: banana pde index:0x5 [decimal 5] banana contents:0x7f (valid 0, pfn banana [decimal 127]) --> Fault banana directory entry not valid) banana Address 257e: --> pde banana [decimal 9] pde contents:0xc4 banana 1, pfn 0x44 [decimal banana --> pte index:0xb [decimal banana pte contents:0x7f (valid 0, banana 0x7f [decimal 127]) --> banana (page table entry not banana Virtual Address 7988: --> banana index:0x1e [decimal 30] pde banana (valid 1, pfn 0x3b banana 59])--> pte index:0xc [decimal banana pte contents:0x9d (valid 1, banana 0x1d [decimal 29]) --> banana to Physical Address 0x3a8 banana Value: 19 Virtual Address banana --> pde index:0x1d [decimal banana pde contents:0xc6 (valid 1, banana 0x46 [decimal 70]) --> banana index:0xe [decimal 14] pte banana (valid 1, pfn 0x01 banana 1]) --> Translates to banana Address 0x02f --> Value: banana Virtual Address 3350: --> banana index:0xc [decimal 12] pde banana (valid 1, pfn 0x54 banana 84]) --> pte index:0x1a banana 26] pte contents:0xc0 (valid banana pfn 0x40 [decimal 64]) banana Translates to Physical Address banana --> Value: 04 Virtual banana 0a70: --> pde index:0x2 banana 2] pde contents:0xba (valid banana pfn 0x3a [decimal 58]) banana pte index:0x13 [decimal 19] banana contents:0x87 (valid 1, pfn banana [decimal 7]) --> Translates banana Physical Address 0x0f0 --> banana 1e Virtual Address 55f9: banana pde index:0x15 [decimal 21] banana contents:0xd5 (valid 1, pfn banana [decimal 85]) --> pte banana [decimal 15] pte contents:0x86 banana 1, pfn 0x06 [decimal banana --> Translates to Physical banana 0x0d9 --> Value: 1d",
        "max_score": 40,
        "reference_materials": [
          {
            "relative_path": "paging-linear-translate.py",
            "content": "#! /usr/bin/env python\n\nimport sys\nfrom optparse import OptionParser, SUPPRESS_HELP\nimport random\nimport math\n\ndef mustbepowerof2(bits, size, msg):\n    if math.pow(2,bits) != size:\n        print 'Error in argument: %s' % msg\n        sys.exit(1)\n\ndef mustbemultipleof(bignum, num, msg):\n    if (int(float(bignum)/float(num)) != (int(bignum) / int(num))):\n        print 'Error in argument: %s' % msg\n        sys.exit(1)\n\ndef convert(size):\n    length = len(size)\n    lastchar = size[length-1]\n    if (lastchar == 'k') or (lastchar == 'K'):\n        m = 1024\n        nsize = int(size[0:length-1]) * m\n    elif (lastchar == 'm') or (lastchar == 'M'):\n        m = 1024*1024\n        nsize = int(size[0:length-1]) * m\n    elif (lastchar == 'g') or (lastchar == 'G'):\n        m = 1024*1024*1024\n        nsize = int(size[0:length-1]) * m\n    else:\n        nsize = int(size)\n    return nsize\n\n\n#\n# main program\n#\nparser = OptionParser()\nparser.add_option('-A', '--addresses', default='-1',\n                  help='a set of comma-separated pages to access; -1 means randomly generate',\n                  action='store', type='string', dest='addresses')\nparser.add_option('-s', '--seed',    default=0,     help='the random seed',                               action='store', type='int', dest='seed')\nparser.add_option('-a', '--asize',   default='16k', help='address space size (e.g., 16, 64k, 32m, 1g)',   action='store', type='string', dest='asize')\nparser.add_option('-p', '--physmem', default='64k', help='physical memory size (e.g., 16, 64k, 32m, 1g)', action='store', type='string', dest='psize')\nparser.add_option('-P', '--pagesize', default='4k', help='page size (e.g., 4k, 8k, whatever)',            action='store', type='string', dest='pagesize')\nparser.add_option('-n', '--numaddrs',  default=5,  help='number of virtual addresses to generate',       action='store', type='int', dest='num')\nparser.add_option('-u', '--used',       default=50, help='percent of virtual address space that is used', action='store', type='int', dest='used')\nparser.add_option('-v',                             help='verbose mode',                                  action='store_true', default=False, dest='verbose')\nparser.add_option('-c',                             help=SUPPRESS_HELP,                        action='store_false', default=False, dest='solve')\n\n\n(options, args) = parser.parse_args()\n\nprint 'ARG seed',               options.seed\nprint 'ARG address space size', options.asize\nprint 'ARG phys mem size',      options.psize\nprint 'ARG page size',          options.pagesize\nprint 'ARG verbose',            options.verbose\nprint 'ARG addresses',          options.addresses\nprint ''\n\nrandom.seed(options.seed)\n\nasize    = convert(options.asize)\npsize    = convert(options.psize)\npagesize = convert(options.pagesize)\naddresses = str(options.addresses)\n\nif psize <= 1:\n    print 'Error: must specify a non-zero physical memory size.'\n    exit(1)\n\nif asize < 1:\n    print 'Error: must specify a non-zero address-space size.'\n    exit(1)\n\nif psize <= asize:\n    print 'Error: physical memory size must be GREATER than address space size (for this simulation)'\n    exit(1)\n\nif psize >= convert('1g') or asize >= convert('1g'):\n    print 'Error: must use smaller sizes (less than 1 GB) for this simulation.'\n    exit(1)\n\nmustbemultipleof(asize, pagesize, 'address space must be a multiple of the pagesize')\nmustbemultipleof(psize, pagesize, 'physical memory must be a multiple of the pagesize')\n\n# print some useful info, like the darn page table\npages = psize / pagesize;\nimport array\nused = array.array('i')\npt   = array.array('i')\nfor i in range(0,pages):\n    used.insert(i,0)\nvpages = asize / pagesize\n\n# now, assign some pages of the VA\nvabits   = int(math.log(float(asize))/math.log(2.0))\nmustbepowerof2(vabits, asize, 'address space must be a power of 2')\npagebits = int(math.log(float(pagesize))/math.log(2.0))\nmustbepowerof2(pagebits, pagesize, 'page size must be a power of 2')\nvpnbits  = vabits - pagebits\npagemask = (1 << pagebits) - 1\n\n# import ctypes\n# vpnmask  = ctypes.c_uint32(~pagemask).value\nvpnmask = 0xFFFFFFFF & ~pagemask\n#if vpnmask2 != vpnmask:\n#    print 'ERROR'\n#    exit(1)\n# print 'va:%d page:%d vpn:%d -- %08x %08x' % (vabits, pagebits, vpnbits, vpnmask, pagemask)\n\nprint ''\nprint 'The format of the page table is simple:'\nprint 'The high-order (left-most) bit is the VALID bit.'\nprint '  If the bit is 1, the rest of the entry is the PFN.'\nprint '  If the bit is 0, the page is not valid.'\nprint 'Use verbose mode (-v) if you want to print the VPN # by'\nprint 'each entry of the page table.'\nprint ''\n\nprint 'Page Table (from entry 0 down to the max size)'\nfor v in range(0,vpages):\n    done = 0\n    while done == 0:\n        if ((random.random() * 100.0) > (100.0 - float(options.used))):\n            u = int(pages * random.random())\n            if used[u] == 0:\n                used[u] = 1\n                done = 1\n                # print '%8d - %d' % (v, u)\n                if options.verbose == True:\n                    print '  [%8d]  ' % v,\n                else:\n                    print '  ',\n                print '0x%08x' % (0x80000000 | u)\n                pt.insert(v,u)\n        else:\n            # print '%8d - not valid' % v\n            if options.verbose == True:\n                print '  [%8d]  ' % v,\n            else:\n                print '  ',\n            print '0x%08x' % 0\n            pt.insert(v,-1)\n            done = 1\nprint ''\n\n\n#\n# now, need to generate virtual address trace\n#\n\naddrList = []\nif addresses == '-1':\n    # need to generate addresses\n    for i in range(0, options.num):\n        n = int(asize * random.random())\n        addrList.append(n)\nelse:\n    addrList = addresses.split(',')\n\n\nprint 'Virtual Address Trace'\nfor vStr in addrList:\n    # vaddr = int(asize * random.random())\n    vaddr = int(vStr)\n    if options.solve == False:\n        print '  VA 0x%08x (decimal: %8d) --> PA or invalid address?' % (vaddr, vaddr)\n    else:\n        paddr = 0\n        # split vaddr into VPN | offset\n        vpn = (vaddr & vpnmask) >> pagebits\n        if pt[vpn] < 0:\n            print '  VA 0x%08x (decimal: %8d) -->  Invalid (VPN %d not valid)' % (vaddr, vaddr, vpn)\n        else:\n            pfn    = pt[vpn]\n            offset = vaddr & pagemask\n            paddr  = (pfn << pagebits) | offset\n            print '  VA 0x%08x (decimal: %8d) --> %08x (decimal %8d) [VPN %d]' % (vaddr, vaddr, paddr, paddr, vpn)\nprint ''\n\nif options.solve == False:\n    print 'For each virtual address, write down the physical address it translates to'\n    print 'OR write down that it is an out-of-bounds address (e.g., segfault).'\n    print ''"
          },
          {
            "relative_path": "paging-multilevel-translate.py",
            "content": "#! /usr/bin/env python\n\nimport sys\nfrom optparse import OptionParser, SUPPRESS_HELP\nimport random\nimport math\n\ndef convert(size):\n    length = len(size)\n    lastchar = size[length-1]\n    if (lastchar == 'k') or (lastchar == 'K'):\n        m = 1024\n        nsize = int(size[0:length-1]) * m\n    elif (lastchar == 'm') or (lastchar == 'M'):\n        m = 1024*1024\n        nsize = int(size[0:length-1]) * m\n    elif (lastchar == 'g') or (lastchar == 'G'):\n        m = 1024*1024*1024\n        nsize = int(size[0:length-1]) * m\n    else:\n        nsize = int(size)\n    return nsize\n\ndef roundup(size):\n    value = 1.0\n    while value < size:\n        value = value * 2.0\n    return value\n\n\nclass OS:\n    def __init__(self):\n        # 4k phys memory (128 pages)\n        self.pageSize  = 32\n        self.physPages = 128\n        self.physMem   = self.pageSize * self.physPages\n        self.vaPages   = 1024\n        self.vaSize    = self.pageSize * self.vaPages\n        self.pteSize   = 1\n        self.pageBits  = 5 # log of page size\n\n        # os tracks\n        self.usedPages      = []\n        self.usedPagesCount = 0\n        self.maxPageCount   = self.physMem / self.pageSize\n\n        # no pages used (yet)\n        for i in range(0, self.maxPageCount):\n            self.usedPages.append(0)\n\n        # set contents of memory to 0, too\n        self.memory = []\n        for i in range(0, self.physMem):\n            self.memory.append(0)\n\n        # associative array of pdbr's (indexed by PID)\n        self.pdbr = {}\n\n        # mask is 11111 00000 00000 --> 0111 1100 0000 0000\n        self.PDE_MASK    = 0x7c00\n        self.PDE_SHIFT   = 10\n\n        # 00000 11111 00000 -> 000 0011 1110 0000\n        self.PTE_MASK    = 0x03e0\n        self.PTE_SHIFT   = 5\n\n        self.VPN_MASK    = self.PDE_MASK | self.PTE_MASK\n        self.VPN_SHIFT   = self.PTE_SHIFT\n\n        # grabs the last five bits of a virtual address\n        self.OFFSET_MASK = 0x1f\n\n    def findFree(self):\n        assert(self.usedPagesCount < self.maxPageCount)\n        look = int(random.random() * self.maxPageCount)\n        while self.usedPages[look] == 1:\n            look = int(random.random() * self.maxPageCount)\n        self.usedPagesCount = self.usedPagesCount + 1\n        self.usedPages[look] = 1\n        return look\n\n    def initPageDir(self, whichPage):\n        whichByte = whichPage << self.pageBits\n        for i in range(whichByte, whichByte + self.pageSize):\n            self.memory[i] = 0x7f\n\n    def initPageTablePage(self, whichPage):\n        self.initPageDir(whichPage)\n\n    def getPageTableEntry(self, virtualAddr, ptePage, printStuff):\n        pteBits = (virtualAddr & self.PTE_MASK) >> self.PTE_SHIFT\n        pteAddr = (ptePage << self.pageBits) | pteBits\n        pte     = self.memory[pteAddr]\n        valid   = (pte & 0x80) >> 7\n        pfn     = (pte & 0x7f)\n        if printStuff == True:\n            print '    --> pte index:0x%x [decimal %d] pte contents:0x%x (valid %d, pfn 0x%02x [decimal %d])' % \\\n                  (pteBits, pteBits, pte, valid, pfn, pfn)\n        return (valid, pfn, pteAddr)\n\n    def getPageDirEntry(self, pid, virtualAddr, printStuff):\n        pageDir = self.pdbr[pid]\n        pdeBits = (virtualAddr & self.PDE_MASK) >> self.PDE_SHIFT\n        pdeAddr = (pageDir << self.pageBits) | pdeBits\n        pde     = self.memory[pdeAddr]\n        valid   = (pde & 0x80) >> 7\n        ptPtr   = (pde & 0x7f)\n        if printStuff == True:\n            print '  --> pde index:0x%x [decimal %d] pde contents:0x%x (valid %d, pfn 0x%02x [decimal %d])' % \\\n                  (pdeBits, pdeBits, pde, valid, ptPtr, ptPtr)\n        return (valid, ptPtr, pdeAddr)\n\n    def setPageTableEntry(self, pteAddr, physicalPage):\n        self.memory[pteAddr] = 0x80 | physicalPage\n\n    def setPageDirEntry(self, pdeAddr, physicalPage):\n        self.memory[pdeAddr] = 0x80 | physicalPage\n\n    def allocVirtualPage(self, pid, virtualPage, physicalPage):\n        # make it into a virtual address, as everything uses this (and not VPN)\n        virtualAddr = virtualPage << self.pageBits\n        (valid, ptPtr, pdeAddr) = self.getPageDirEntry(pid, virtualAddr, False)\n        if valid == 0:\n            # must allocate a page of the page table now, and have the PD point to it\n            assert(ptPtr == 127)\n            ptePage = self.findFree()\n            self.setPageDirEntry(pdeAddr, ptePage)\n            self.initPageTablePage(ptePage)\n        else:\n            # otherwise, just extract page number of page table page\n            ptePage = ptPtr\n        # now, look up page table entry too, and mark it valid and fill in translation\n        (valid, pfn, pteAddr) = self.getPageTableEntry(virtualAddr, ptePage, False)\n        assert(valid == 0)\n        assert(pfn == 127)\n        self.setPageTableEntry(pteAddr, physicalPage)\n\n    # -2 -> PTE fault, -1 means PDE fault\n    def translate(self, pid, virtualAddr):\n        (valid, ptPtr, pdeAddr) = self.getPageDirEntry(pid, virtualAddr, True)\n        if valid == 1:\n            ptePage = ptPtr\n            (valid, pfn, pteAddr) = self.getPageTableEntry(virtualAddr, ptePage, True)\n            if valid == 1:\n                offset = (virtualAddr & self.OFFSET_MASK)\n                paddr  = (pfn << self.pageBits) | offset\n\t\t# print '     --> pfn: %02x  offset: %x' % (pfn, offset)\n                return paddr\n            else:\n                return -2\n        return -1\n\n    def fillPage(self, whichPage):\n        for j in range(0, self.pageSize):\n            self.memory[(whichPage * self.pageSize) + j] = int(random.random() * 31)\n\n    def procAlloc(self, pid, numPages):\n        # need a PDBR: find one somewhere in memory\n        pageDir = self.findFree()\n        # print '**ALLOCATE** page dir', pageDir\n        self.pdbr[pid] = pageDir\n        self.initPageDir(pageDir)\n\n        used = {}\n        for vp in range(0, self.vaPages):\n            used[vp] = 0\n        allocatedVPs = []\n\n        for vp in range(0, numPages):\n            vp = int(random.random() * self.vaPages)\n            while used[vp] == 1:\n                vp = int(random.random() * self.vaPages)\n            assert(used[vp] == 0)\n            used[vp] = 1\n            allocatedVPs.append(vp)\n            pp = self.findFree()\n            # print '**ALLOCATE** page', pp\n            # print '  trying to map vp:%08x to pp:%08x' % (vp, pp)\n            self.allocVirtualPage(pid, vp, pp)\n            self.fillPage(pp)\n        return allocatedVPs\n\n    def dumpPage(self, whichPage):\n        i = whichPage\n        for j in range(0, self.pageSize):\n            print self.memory[(i * self.pageSize) + j],\n        print ''\n\n    def memoryDump(self):\n        for i in range(0, self.physMem / self.pageSize):\n            print 'page %3d:' %  i,\n            for j in range(0, self.pageSize):\n                print '%02x' % self.memory[(i * self.pageSize) + j],\n            print ''\n\n    def getPDBR(self, pid):\n        return self.pdbr[pid]\n\n    def getValue(self, addr):\n        return self.memory[addr]\n\n# allocate some processes in memory\n# allocate some multi-level page tables in memory\n# make a bit of a mystery:\n# can examine PDBR (PFN of current proc's page directory)\n# can examine contents of any page\n# fill pages with values too\n# ask: when given\n#   LOAD VA, R1\n# what will final value will be loaded into R1?\n\n#\n# main program\n#\nparser = OptionParser()\nparser.add_option('-s', '--seed', default=0, help='the random seed', action='store', type='int', dest='seed')\nparser.add_option('-a', '--allocated', default=64, help='number of virtual pages allocated',\n                  action='store', type='int', dest='allocated')\nparser.add_option('-n', '--addresses', default=10, help='number of virtual addresses to generate',\n                  action='store', type='int', dest='num')\nparser.add_option('-c', '--solve', help=SUPPRESS_HELP, action='store_false', default=False, dest='solve')\n\n(options, args) = parser.parse_args()\n\nprint 'ARG seed', options.seed\nprint 'ARG allocated',  options.allocated\nprint 'ARG num',  options.num\nprint \"\"\n\nrandom.seed(options.seed)\n\n# do the work now\nos = OS()\nused = os.procAlloc(1, options.allocated)\n\nos.memoryDump()\n\nprint '\\nPDBR:', os.getPDBR(1), ' (decimal) [This means the page directory is held in this page]\\n'\n\nfor i in range(0, options.num):\n    if (random.random() * 100) > 50.0 or i >= len(used):\n        vaddr = int(random.random() * 1024 * 32)\n    else:\n        vaddr = (used[i] << 5) | int(random.random() * 32)\n    if options.solve == True:\n        print 'Virtual Address %04x:' % vaddr\n        r = os.translate(1, vaddr)\n        if r > -1:\n            print '      --> Translates to Physical Address 0x%03x --> Value: %02x' % (r, os.getValue(r))\n        elif r == -1:\n            print '      --> Fault (page directory entry not valid)'\n        else:\n            print '      --> Fault (page table entry not valid)'\n    else:\n        print 'Virtual Address %04x: Translates to what Physical Address (and fetches what value)? Or Fault?' % vaddr\n\nprint ''\n\nexit(0)"
          }
        ]
      },
      "student_answer": "5a23 = fault • capricorn = fault • 257e capricorn fault • 7988 = capricorn • 75cf = 0x02f capricorn 3350 = 0x810 • capricorn = 0x0f0 • 55f9 capricorn 0x0d9",
      "score": 0.0
    }
  ]
}
