[INFO] 2025-10-01 01:35:17,084 Logging to /nfs/roberts/project/pi_ac3458/vl298/Prompt-Perturbation/logs/pointwise_pipeline_20251001-013517_disable_prompt_perturbation-False_overwrite_ok-True_use_dummy_model-True.log
[INFO] 2025-10-01 01:35:17,085 Prompt perturbation enabled: True
[DEBUG] 2025-10-01 01:35:19,222 PyTorch version 2.4.0+cu121 available.
[INFO] 2025-10-01 01:35:19,684 Using model: dummy_api
[DEBUG] 2025-10-01 01:35:19,685 Evaluator target: <function pointwise_eval at 0x14a5a281bf60>
[DEBUG] 2025-10-01 01:35:19,685 Signature: (model: ReIFE.base_llm.BaseLLM | ReIFE.base_llm.BaseVLLM, data: list[dict], output_dir: str, prompt_dir: str, batch_size: int, instruction_marker: str, output_marker: str, output_text_dir: str | None = None, temperature: float = 1.0, top_p: float = 1.0, n: int = 1, max_tokens: int = 512, logprobs: int | None = None, verbose: bool = False, **kwargs) -> None
[DEBUG] 2025-10-01 01:35:19,686 Docstring:
Perform pointwise evaluation.

Args:
    model: The model for evaluation.
    data: The data to evaluate.
    output_dir: The directory to save the evaluation output.
    prompt_dir: The directory containing the prompt data.
    batch_size: The batch size for evaluation.
    instruction_marker: The marker for the instruction.
    output_marker: The marker for the output.
    output_text_dir: The directory to save the output text.
    temperature: The temperature for sampling.
    top_p: The top-p value for sampling.
    n: The number of samples to generate.
    max_tokens: The maximum number of generated tokens for each sample.
    logprobs: The number of log probabilities to output.
    parse_fn: The function to parse the output.
    verbose: Whether to print verbose output.
    kwargs: Additional keyword arguments for the evaluation function.

Returns:
    None
[INFO] 2025-10-01 01:35:19,699 Loaded 240 llm_grader submissions across 6 questions
[DEBUG] 2025-10-01 01:35:19,735 Invoking pointwise evaluator on 240 examples
[DEBUG] 2025-10-01 01:35:20,089 Generating 240 examples...
Prompt example: [
  {
    "content": "You are a meticulous teaching assistant who grades student responses according to the rubric that accompanies each prompt. You must return an integer score only.",
    "role": "system"
  },
  {
    "content": "You will receive an instruction with embedded rubric details, the maximum score, and a student answer. Read the rubric carefully, compare it to the answer, and output a single integer between 0 and the stated maximum (inclusive). Do not output any explanation or extra text.\n\n# Assignment and Rubric:\nYou are a meticulous teaching assistant who grades student responses according to the provided rubric and reference materials.\n\n### Assignment\nNow do the same but with jobs of different lengths: 100, 200, and 300. The commands are (./scheduler.py -p SJF -l 100,200,300) and (./scheduler.py -p FIFO -l 100,200,300). Compute the response time and turnaround time for SJF and FIFO? What if you change the order of the job length? Try different orders to find the difference.\n\n### Rubric (Student-Facing)\n1.For correct \u201cAverage reponse time and Turnaround time\u201d for SJF (6.5 points)\n2.For correct \u201cAverage reponse time and Turnaround time\u201d for FIFO (6.5 points)\n3.For point out \u201cif change the order of job length, response time and turnaround time for the SJF policy should remain the same.\u201d (3 points) \n4.For correct explain \u201cthe results for FIFO policy in different orders will change.\u201d (3 points)\n\n### Instructor Criteria\ncase1: \n\u2022 For correct \u201cAverage reponse time and Turnaround time\u201d for SJF (6.5 points)\n\u2022 For correct \u201cAverage reponse time and Turnaround time\u201d for FIFO (6.5 points)\n\u2022 For point out \u201cif change the order of job length, response time and turnaround time for the SJF policy should remain the same.\u201d (3 points) \n\u2022 For correct explain \u201cthe results for FIFO policy in different orders will change.\u201d (3 points) \ncase2: \n\u2022 For point out \u201cif change the order of job length, response time and turnaround time for the SJF policy should remain the same.\u201d (3 points)  and explain the reason (6.5). \n\u2022 For correct explain \u201cthe results for FIFO policy in different orders will change.\u201d (3 points) and explain the reason (6.5).\n\n### Reference Answer\nThe response time and turnaround time for three jobs using the FIFO policy and SJF policy are the same in the given order of job length. If we change the order of job length, response time and turnaround time for the SJF policy should remain the same.\nHowever, the results for FIFO policy in different orders will change. In particular, if we run these jobs in order 300, 200, 100, it makes FIFO perform poorly (the average response time is 266.67, and turnaround time is 466.67).\n\n### Maximum Score\n19\n\n### Reference Materials\n# scheduler.py\n#! /usr/bin/env python\n\nimport sys\nfrom optparse import OptionParser\nimport random\n\nparser = OptionParser()\nparser.add_option(\"-s\", \"--seed\", default=0, help=\"the random seed\",\n                  action=\"store\", type=\"int\", dest=\"seed\")\nparser.add_option(\"-j\", \"--jobs\", default=3, help=\"number of jobs in the system\",\n                  action=\"store\", type=\"int\", dest=\"jobs\")\nparser.add_option(\"-l\", \"--jlist\", default=\"\", help=\"instead of random jobs, provide a comma-separated list of run times\",\n                  action=\"store\", type=\"string\", dest=\"jlist\")\nparser.add_option(\"-m\", \"--maxlen\", default=10, help=\"max length of job\",\n                  action=\"store\", type=\"int\", dest=\"maxlen\")\nparser.add_option(\"-p\", \"--policy\", default=\"FIFO\", help=\"sched policy to use: SJF, FIFO, RR\",\n                  action=\"store\", type=\"string\", dest=\"policy\")\nparser.add_option(\"-q\", \"--quantum\", help=\"length of time slice for RR policy\", default=1,\n                  action=\"store\", type=\"int\", dest=\"quantum\")\nparser.add_option(\"-c\", help=\"compute answers for me\", action=\"store_true\", default=False, dest=\"solve\")\n\n(options, args) = parser.parse_args()\n\nrandom.seed(options.seed)\n\nprint 'ARG policy', options.policy\nif options.jlist == '':\n    print 'ARG jobs', options.jobs\n    print 'ARG maxlen', options.maxlen\n    print 'ARG seed', options.seed\nelse:\n    print 'ARG jlist', options.jlist\n\nprint ''\n\nprint 'Here is the job list, with the run time of each job: '\n\nimport operator\n\njoblist = []\nif options.jlist == '':\n    for jobnum in range(0,options.jobs):\n        runtime = int(options.maxlen * random.random()) + 1\n        joblist.append([jobnum, runtime])\n        print '  Job', jobnum, '( length = ' + str(runtime) + ' )'\nelse:\n    jobnum = 0\n    for runtime in options.jlist.split(','):\n        joblist.append([jobnum, float(runtime)])\n        jobnum += 1\n    for job in joblist:\n        print '  Job', job[0], '( length = ' + str(job[1]) + ' )'\nprint '\\n'\n\nif options.solve == True:\n    print '** Solutions **\\n'\n    if options.policy == 'SJF':\n        joblist = sorted(joblist, key=operator.itemgetter(1))\n        options.policy = 'FIFO'\n\n    if options.policy == 'FIFO':\n        thetime = 0\n        print 'Execution trace:'\n        for job in joblist:\n            print '  [ time %3d ] Run job %d for %.2f secs ( DONE at %.2f )' % (thetime, job[0], job[1], thetime + job[1])\n            thetime += job[1]\n\n        print '\\nFinal statistics:'\n        t     = 0.0\n        count = 0\n        turnaroundSum = 0.0\n        waitSum       = 0.0\n        responseSum   = 0.0\n        for tmp in joblist:\n            jobnum  = tmp[0]\n            runtime = tmp[1]\n\n            response   = t\n            turnaround = t + runtime\n            wait       = t\n            print '  Job %3d -- Response: %3.2f  Turnaround %3.2f  Wait %3.2f' % (jobnum, response, turnaround, wait)\n            responseSum   += response\n            turnaroundSum += turnaround\n            waitSum       += wait\n            t += runtime\n            count = count + 1\n        print '\\n  Average -- Response: %3.2f  Turnaround %3.2f  Wait %3.2f\\n' % (responseSum/count, turnaroundSum/count, waitSum/count)\n\n    if options.policy == 'RR':\n        print 'Execution trace:'\n        turnaround = {}\n        response = {}\n        lastran = {}\n        wait = {}\n        quantum  = float(options.quantum)\n        jobcount = len(joblist)\n        for i in range(0,jobcount):\n            lastran[i] = 0.0\n            wait[i] = 0.0\n            turnaround[i] = 0.0\n            response[i] = -1\n\n        runlist = []\n        for e in joblist:\n            runlist.append(e)\n\n        thetime  = 0.0\n        while jobcount > 0:\n            # print '%d jobs remaining' % jobcount\n            job = runlist.pop(0)\n            jobnum  = job[0]\n            runtime = float(job[1])\n            if response[jobnum] == -1:\n                response[jobnum] = thetime\n            currwait = thetime - lastran[jobnum]\n            wait[jobnum] += currwait\n            if runtime > quantum:\n                runtime -= quantum\n                ranfor = quantum\n                print '  [ time %3d ] Run job %3d for %.2f secs' % (thetime, jobnum, ranfor)\n                runlist.append([jobnum, runtime])\n            else:\n                ranfor = runtime;\n                print '  [ time %3d ] Run job %3d for %.2f secs ( DONE at %.2f )' % (thetime, jobnum, ranfor, thetime + ranfor)\n                turnaround[jobnum] = thetime + ranfor\n                jobcount -= 1\n            thetime += ranfor\n            lastran[jobnum] = thetime\n\n        print '\\nFinal statistics:'\n        turnaroundSum = 0.0\n        waitSum       = 0.0\n        responseSum   = 0.0\n        for i in range(0,len(joblist)):\n            turnaroundSum += turnaround[i]\n            responseSum += response[i]\n            waitSum += wait[i]\n            print '  Job %3d -- Response: %3.2f  Turnaround %3.2f  Wait %3.2f' % (i, response[i], turnaround[i], wait[i])\n        count = len(joblist)\n\n        print '\\n  Average -- Response: %3.2f  Turnaround %3.2f  Wait %3.2f\\n' % (responseSum/count, turnaroundSum/count, waitSum/count)\n\n    if options.policy != 'FIFO' and options.policy != 'SJF' and options.policy != 'RR':\n        print 'Error: Policy', options.policy, 'is not available.'\n        sys.exit(0)\nelse:\n    print 'Compute the turnaround time, response time, and wait time for each job.'\n    print 'When you are done, run this program again, with the same arguments,'\n    print 'but with -c, which will thus provide you with the answers. You can use'\n    print '-s <somenumber> or your own job list (-l 10,15,20 for example)'\n    print 'to generate different problems for yourself.'\n    print ''\n\n# Student Answer:\nWhen changing the order of the length to \n\u201c ./scheduler.py -p SJF -l 300,200,100 \u201d, the scheduler will execute the last jobs first because it has the shortest length, then the execute the second and last the first. However, the change of the order of the jobs length will still execute from the first to the last job as it is FIFO.\n\n# Output Format:\nReturn a single integer score only.",
    "role": "user"
  }
]
[DEBUG] 2025-10-01 01:35:20,273 Completed evaluation; 0 parse failures detected
[DEBUG] 2025-10-01 01:35:20,273 Example prompt after evaluation:
[SYSTEM]
You are a meticulous teaching assistant who grades student responses according to the rubric that accompanies each prompt. You must return an integer score only.

[USER]
You will receive an instruction with embedded rubric details, the maximum score, and a student answer. Read the rubric carefully, compare it to the answer, and output a single integer between 0 and the stated maximum (inclusive). Do not output any explanation or extra text.

# Assignment and Rubric:
You are a meticulous teaching assistant who grades student responses according to the provided rubric and reference materials.

### Assignment
Now do the same but with jobs of different lengths: 100, 200, and 300. The commands are (./scheduler.py -p SJF -l 100,200,300) and (./scheduler.py -p FIFO -l 100,200,300). Compute the response time and turnaround time for SJF and FIFO? What if you change the order of the job length? Try different orders to find the difference.

### Rubric (Student-Facing)
1.For correct “Average reponse time and Turnaround time” for SJF (6.5 points)
2.For correct “Average reponse time and Turnaround time” for FIFO (6.5 points)
3.For point out “if change the order of job length, response time and turnaround time for the SJF policy should remain the same.” (3 points) 
4.For correct explain “the results for FIFO policy in different orders will change.” (3 points)

### Instructor Criteria
case1: 
• For correct “Average reponse time and Turnaround time” for SJF (6.5 points)
• For correct “Average reponse time and Turnaround time” for FIFO (6.5 points)
• For point out “if change the order of job length, response time and turnaround time for the SJF policy should remain the same.” (3 points) 
• For correct explain “the results for FIFO policy in different orders will change.” (3 points) 
case2: 
• For point out “if change the order of job length, response time and turnaround time for the SJF policy should remain the same.” (3 points)  and explain the reason (6.5). 
• For correct explain “the results for FIFO policy in different orders will change.” (3 points) and explain the reason (6.5).

### Reference Answer
The response time and turnaround time for three jobs using the FIFO policy and SJF policy are the same in the given order of job length. If we change the order of job length, response time and turnaround time for the SJF policy should remain the same.
However, the results for FIFO policy in different orders will change. In particular, if we run these jobs in order 300, 200, 100, it makes FIFO perform poorly (the average response time is 266.67, and turnaround time is 466.67).

### Maximum Score
19

### Reference Materials
# scheduler.py
#! /usr/bin/env python

import sys
from optparse import OptionParser
import random

parser = OptionParser()
parser.add_option("-s", "--seed", default=0, help="the random seed",
                  action="store", type="int", dest="seed")
parser.add_option("-j", "--jobs", default=3, help="number of jobs in the system",
                  action="store", type="int", dest="jobs")
parser.add_option("-l", "--jlist", default="", help="instead of random jobs, provide a comma-separated list of run times",
                  action="store", type="string", dest="jlist")
parser.add_option("-m", "--maxlen", default=10, help="max length of job",
                  action="store", type="int", dest="maxlen")
parser.add_option("-p", "--policy", default="FIFO", help="sched policy to use: SJF, FIFO, RR",
                  action="store", type="string", dest="policy")
parser.add_option("-q", "--quantum", help="length of time slice for RR policy", default=1,
                  action="store", type="int", dest="quantum")
parser.add_option("-c", help="compute answers for me", action="store_true", default=False, dest="solve")

(options, args) = parser.parse_args()

random.seed(options.seed)

print 'ARG policy', options.policy
if options.jlist == '':
    print 'ARG jobs', options.jobs
    print 'ARG maxlen', options.maxlen
    print 'ARG seed', options.seed
else:
    print 'ARG jlist', options.jlist

print ''

print 'Here is the job list, with the run time of each job: '

import operator

joblist = []
if options.jlist == '':
    for jobnum in range(0,options.jobs):
        runtime = int(options.maxlen * random.random()) + 1
        joblist.append([jobnum, runtime])
        print '  Job', jobnum, '( length = ' + str(runtime) + ' )'
else:
    jobnum = 0
    for runtime in options.jlist.split(','):
        joblist.append([jobnum, float(runtime)])
        jobnum += 1
    for job in joblist:
        print '  Job', job[0], '( length = ' + str(job[1]) + ' )'
print '\n'

if options.solve == True:
    print '** Solutions **\n'
    if options.policy == 'SJF':
        joblist = sorted(joblist, key=operator.itemgetter(1))
        options.policy = 'FIFO'

    if options.policy == 'FIFO':
        thetime = 0
        print 'Execution trace:'
        for job in joblist:
            print '  [ time %3d ] Run job %d for %.2f secs ( DONE at %.2f )' % (thetime, job[0], job[1], thetime + job[1])
            thetime += job[1]

        print '\nFinal statistics:'
        t     = 0.0
        count = 0
        turnaroundSum = 0.0
        waitSum       = 0.0
        responseSum   = 0.0
        for tmp in joblist:
            jobnum  = tmp[0]
            runtime = tmp[1]

            response   = t
            turnaround = t + runtime
            wait       = t
            print '  Job %3d -- Response: %3.2f  Turnaround %3.2f  Wait %3.2f' % (jobnum, response, turnaround, wait)
            responseSum   += response
            turnaroundSum += turnaround
            waitSum       += wait
            t += runtime
            count = count + 1
        print '\n  Average -- Response: %3.2f  Turnaround %3.2f  Wait %3.2f\n' % (responseSum/count, turnaroundSum/count, waitSum/count)

    if options.policy == 'RR':
        print 'Execution trace:'
        turnaround = {}
        response = {}
        lastran = {}
        wait = {}
        quantum  = float(options.quantum)
        jobcount = len(joblist)
        for i in range(0,jobcount):
            lastran[i] = 0.0
            wait[i] = 0.0
            turnaround[i] = 0.0
            response[i] = -1

        runlist = []
        for e in joblist:
            runlist.append(e)

        thetime  = 0.0
        while jobcount > 0:
            # print '%d jobs remaining' % jobcount
            job = runlist.pop(0)
            jobnum  = job[0]
            runtime = float(job[1])
            if response[jobnum] == -1:
                response[jobnum] = thetime
            currwait = thetime - lastran[jobnum]
            wait[jobnum] += currwait
            if runtime > quantum:
                runtime -= quantum
                ranfor = quantum
                print '  [ time %3d ] Run job %3d for %.2f secs' % (thetime, jobnum, ranfor)
                runlist.append([jobnum, runtime])
            else:
                ranfor = runtime;
                print '  [ time %3d ] Run job %3d for %.2f secs ( DONE at %.2f )' % (thetime, jobnum, ranfor, thetime + ranfor)
                turnaround[jobnum] = thetime + ranfor
                jobcount -= 1
            thetime += ranfor
            lastran[jobnum] = thetime

        print '\nFinal statistics:'
        turnaroundSum = 0.0
        waitSum       = 0.0
        responseSum   = 0.0
        for i in range(0,len(joblist)):
            turnaroundSum += turnaround[i]
            responseSum += response[i]
            waitSum += wait[i]
            print '  Job %3d -- Response: %3.2f  Turnaround %3.2f  Wait %3.2f' % (i, response[i], turnaround[i], wait[i])
        count = len(joblist)

        print '\n  Average -- Response: %3.2f  Turnaround %3.2f  Wait %3.2f\n' % (responseSum/count, turnaroundSum/count, waitSum/count)

    if options.policy != 'FIFO' and options.policy != 'SJF' and options.policy != 'RR':
        print 'Error: Policy', options.policy, 'is not available.'
        sys.exit(0)
else:
    print 'Compute the turnaround time, response time, and wait time for each job.'
    print 'When you are done, run this program again, with the same arguments,'
    print 'but with -c, which will thus provide you with the answers. You can use'
    print '-s <somenumber> or your own job list (-l 10,15,20 for example)'
    print 'to generate different problems for yourself.'
    print ''

# Student Answer:
When changing the order of the length to 
“ ./scheduler.py -p SJF -l 300,200,100 ”, the scheduler will execute the last jobs first because it has the shortest length, then the execute the second and last the first. However, the change of the order of the jobs length will still execute from the first to the last job as it is FIFO.

# Output Format:
Return a single integer score only.
[INFO] 2025-10-01 01:35:20,273 Finished variant 'original' with 0 parse failures
[DEBUG] 2025-10-01 01:35:20,274 Invoking pointwise evaluator on 240 examples
[DEBUG] 2025-10-01 01:35:20,621 Generating 240 examples...
Prompt example: [
  {
    "content": "You are a meticulous teaching assistant who grades student responses according to the rubric that accompanies each prompt. You must return an integer score only.",
    "role": "system"
  },
  {
    "content": "You will receive an instruction with embedded rubric details, the maximum score, and a student answer. Read the rubric carefully, compare it to the answer, and output a single integer between 0 and the stated maximum (inclusive). Do not output any explanation or extra text.\n\n# Assignment and Rubric:\nYou are a meticulous teaching assistant who grades student responses according to the provided rubric and reference materials.\n\n### Assignment\nNow do the same apple with jobs of different apple 100, 200, and 300. apple commands are (./scheduler.py -p apple -l 100,200,300) and (./scheduler.py apple FIFO -l 100,200,300). Compute apple response time and turnaround apple for SJF and FIFO? apple if you change the apple of the job length? apple different orders to find apple difference.\n\n### Rubric (Student-Facing)\n1.For correct \u201cAverage reponse delorean and Turnaround time\u201d for delorean (6.5 points) 2.For correct delorean reponse time and Turnaround delorean for FIFO (6.5 points) delorean point out \u201cif change delorean order of job length, delorean time and turnaround time delorean the SJF policy should delorean the same.\u201d (3 points) delorean correct explain \u201cthe results delorean FIFO policy in different delorean will change.\u201d (3 points)\n\n### Instructor Criteria\ncase1: \n\u2022 For correct \u201cAverage reponse time and Turnaround time\u201d for SJF (6.5 points)\n\u2022 For correct \u201cAverage reponse time and Turnaround time\u201d for FIFO (6.5 points)\n\u2022 For point out \u201cif change the order of job length, response time and turnaround time for the SJF policy should remain the same.\u201d (3 points) \n\u2022 For correct explain \u201cthe results for FIFO policy in different orders will change.\u201d (3 points) \ncase2: \n\u2022 For point out \u201cif change the order of job length, response time and turnaround time for the SJF policy should remain the same.\u201d (3 points)  and explain the reason (6.5). \n\u2022 For correct explain \u201cthe results for FIFO policy in different orders will change.\u201d (3 points) and explain the reason (6.5).\n\n### Reference Answer\nThe response time and banana time for three jobs banana the FIFO policy and banana policy are the same banana the given order of banana length. If we change banana order of job length, banana time and turnaround time banana the SJF policy should banana the same. However, the banana for FIFO policy in banana orders will change. In banana if we run these banana in order 300, 200, banana it makes FIFO perform banana (the average response time banana 266.67, and turnaround time banana 466.67).\n\n### Maximum Score\n19\n\n### Reference Materials\n# scheduler.py\n#! /usr/bin/env python\n\nimport sys\nfrom optparse import OptionParser\nimport random\n\nparser = OptionParser()\nparser.add_option(\"-s\", \"--seed\", default=0, help=\"the random seed\",\n                  action=\"store\", type=\"int\", dest=\"seed\")\nparser.add_option(\"-j\", \"--jobs\", default=3, help=\"number of jobs in the system\",\n                  action=\"store\", type=\"int\", dest=\"jobs\")\nparser.add_option(\"-l\", \"--jlist\", default=\"\", help=\"instead of random jobs, provide a comma-separated list of run times\",\n                  action=\"store\", type=\"string\", dest=\"jlist\")\nparser.add_option(\"-m\", \"--maxlen\", default=10, help=\"max length of job\",\n                  action=\"store\", type=\"int\", dest=\"maxlen\")\nparser.add_option(\"-p\", \"--policy\", default=\"FIFO\", help=\"sched policy to use: SJF, FIFO, RR\",\n                  action=\"store\", type=\"string\", dest=\"policy\")\nparser.add_option(\"-q\", \"--quantum\", help=\"length of time slice for RR policy\", default=1,\n                  action=\"store\", type=\"int\", dest=\"quantum\")\nparser.add_option(\"-c\", help=\"compute answers for me\", action=\"store_true\", default=False, dest=\"solve\")\n\n(options, args) = parser.parse_args()\n\nrandom.seed(options.seed)\n\nprint 'ARG policy', options.policy\nif options.jlist == '':\n    print 'ARG jobs', options.jobs\n    print 'ARG maxlen', options.maxlen\n    print 'ARG seed', options.seed\nelse:\n    print 'ARG jlist', options.jlist\n\nprint ''\n\nprint 'Here is the job list, with the run time of each job: '\n\nimport operator\n\njoblist = []\nif options.jlist == '':\n    for jobnum in range(0,options.jobs):\n        runtime = int(options.maxlen * random.random()) + 1\n        joblist.append([jobnum, runtime])\n        print '  Job', jobnum, '( length = ' + str(runtime) + ' )'\nelse:\n    jobnum = 0\n    for runtime in options.jlist.split(','):\n        joblist.append([jobnum, float(runtime)])\n        jobnum += 1\n    for job in joblist:\n        print '  Job', job[0], '( length = ' + str(job[1]) + ' )'\nprint '\\n'\n\nif options.solve == True:\n    print '** Solutions **\\n'\n    if options.policy == 'SJF':\n        joblist = sorted(joblist, key=operator.itemgetter(1))\n        options.policy = 'FIFO'\n\n    if options.policy == 'FIFO':\n        thetime = 0\n        print 'Execution trace:'\n        for job in joblist:\n            print '  [ time %3d ] Run job %d for %.2f secs ( DONE at %.2f )' % (thetime, job[0], job[1], thetime + job[1])\n            thetime += job[1]\n\n        print '\\nFinal statistics:'\n        t     = 0.0\n        count = 0\n        turnaroundSum = 0.0\n        waitSum       = 0.0\n        responseSum   = 0.0\n        for tmp in joblist:\n            jobnum  = tmp[0]\n            runtime = tmp[1]\n\n            response   = t\n            turnaround = t + runtime\n            wait       = t\n            print '  Job %3d -- Response: %3.2f  Turnaround %3.2f  Wait %3.2f' % (jobnum, response, turnaround, wait)\n            responseSum   += response\n            turnaroundSum += turnaround\n            waitSum       += wait\n            t += runtime\n            count = count + 1\n        print '\\n  Average -- Response: %3.2f  Turnaround %3.2f  Wait %3.2f\\n' % (responseSum/count, turnaroundSum/count, waitSum/count)\n\n    if options.policy == 'RR':\n        print 'Execution trace:'\n        turnaround = {}\n        response = {}\n        lastran = {}\n        wait = {}\n        quantum  = float(options.quantum)\n        jobcount = len(joblist)\n        for i in range(0,jobcount):\n            lastran[i] = 0.0\n            wait[i] = 0.0\n            turnaround[i] = 0.0\n            response[i] = -1\n\n        runlist = []\n        for e in joblist:\n            runlist.append(e)\n\n        thetime  = 0.0\n        while jobcount > 0:\n            # print '%d jobs remaining' % jobcount\n            job = runlist.pop(0)\n            jobnum  = job[0]\n            runtime = float(job[1])\n            if response[jobnum] == -1:\n                response[jobnum] = thetime\n            currwait = thetime - lastran[jobnum]\n            wait[jobnum] += currwait\n            if runtime > quantum:\n                runtime -= quantum\n                ranfor = quantum\n                print '  [ time %3d ] Run job %3d for %.2f secs' % (thetime, jobnum, ranfor)\n                runlist.append([jobnum, runtime])\n            else:\n                ranfor = runtime;\n                print '  [ time %3d ] Run job %3d for %.2f secs ( DONE at %.2f )' % (thetime, jobnum, ranfor, thetime + ranfor)\n                turnaround[jobnum] = thetime + ranfor\n                jobcount -= 1\n            thetime += ranfor\n            lastran[jobnum] = thetime\n\n        print '\\nFinal statistics:'\n        turnaroundSum = 0.0\n        waitSum       = 0.0\n        responseSum   = 0.0\n        for i in range(0,len(joblist)):\n            turnaroundSum += turnaround[i]\n            responseSum += response[i]\n            waitSum += wait[i]\n            print '  Job %3d -- Response: %3.2f  Turnaround %3.2f  Wait %3.2f' % (i, response[i], turnaround[i], wait[i])\n        count = len(joblist)\n\n        print '\\n  Average -- Response: %3.2f  Turnaround %3.2f  Wait %3.2f\\n' % (responseSum/count, turnaroundSum/count, waitSum/count)\n\n    if options.policy != 'FIFO' and options.policy != 'SJF' and options.policy != 'RR':\n        print 'Error: Policy', options.policy, 'is not available.'\n        sys.exit(0)\nelse:\n    print 'Compute the turnaround time, response time, and wait time for each job.'\n    print 'When you are done, run this program again, with the same arguments,'\n    print 'but with -c, which will thus provide you with the answers. You can use'\n    print '-s <somenumber> or your own job list (-l 10,15,20 for example)'\n    print 'to generate different problems for yourself.'\n    print ''\n\n# Student Answer:\nWhen changing the order capricorn the length to \u201c capricorn -p SJF -l 300,200,100 capricorn the scheduler will execute capricorn last jobs first because capricorn has the shortest length, capricorn the execute the second capricorn last the first. However, capricorn change of the order capricorn the jobs length will capricorn execute from the first capricorn the last job as capricorn is FIFO.\n\n# Output Format:\nReturn a single integer score only.",
    "role": "user"
  }
]
[DEBUG] 2025-10-01 01:35:20,803 Completed evaluation; 0 parse failures detected
[DEBUG] 2025-10-01 01:35:20,803 Example prompt after evaluation:
[SYSTEM]
You are a meticulous teaching assistant who grades student responses according to the rubric that accompanies each prompt. You must return an integer score only.

[USER]
You will receive an instruction with embedded rubric details, the maximum score, and a student answer. Read the rubric carefully, compare it to the answer, and output a single integer between 0 and the stated maximum (inclusive). Do not output any explanation or extra text.

# Assignment and Rubric:
You are a meticulous teaching assistant who grades student responses according to the provided rubric and reference materials.

### Assignment
Now do the same apple with jobs of different apple 100, 200, and 300. apple commands are (./scheduler.py -p apple -l 100,200,300) and (./scheduler.py apple FIFO -l 100,200,300). Compute apple response time and turnaround apple for SJF and FIFO? apple if you change the apple of the job length? apple different orders to find apple difference.

### Rubric (Student-Facing)
1.For correct “Average reponse delorean and Turnaround time” for delorean (6.5 points) 2.For correct delorean reponse time and Turnaround delorean for FIFO (6.5 points) delorean point out “if change delorean order of job length, delorean time and turnaround time delorean the SJF policy should delorean the same.” (3 points) delorean correct explain “the results delorean FIFO policy in different delorean will change.” (3 points)

### Instructor Criteria
case1: 
• For correct “Average reponse time and Turnaround time” for SJF (6.5 points)
• For correct “Average reponse time and Turnaround time” for FIFO (6.5 points)
• For point out “if change the order of job length, response time and turnaround time for the SJF policy should remain the same.” (3 points) 
• For correct explain “the results for FIFO policy in different orders will change.” (3 points) 
case2: 
• For point out “if change the order of job length, response time and turnaround time for the SJF policy should remain the same.” (3 points)  and explain the reason (6.5). 
• For correct explain “the results for FIFO policy in different orders will change.” (3 points) and explain the reason (6.5).

### Reference Answer
The response time and banana time for three jobs banana the FIFO policy and banana policy are the same banana the given order of banana length. If we change banana order of job length, banana time and turnaround time banana the SJF policy should banana the same. However, the banana for FIFO policy in banana orders will change. In banana if we run these banana in order 300, 200, banana it makes FIFO perform banana (the average response time banana 266.67, and turnaround time banana 466.67).

### Maximum Score
19

### Reference Materials
# scheduler.py
#! /usr/bin/env python

import sys
from optparse import OptionParser
import random

parser = OptionParser()
parser.add_option("-s", "--seed", default=0, help="the random seed",
                  action="store", type="int", dest="seed")
parser.add_option("-j", "--jobs", default=3, help="number of jobs in the system",
                  action="store", type="int", dest="jobs")
parser.add_option("-l", "--jlist", default="", help="instead of random jobs, provide a comma-separated list of run times",
                  action="store", type="string", dest="jlist")
parser.add_option("-m", "--maxlen", default=10, help="max length of job",
                  action="store", type="int", dest="maxlen")
parser.add_option("-p", "--policy", default="FIFO", help="sched policy to use: SJF, FIFO, RR",
                  action="store", type="string", dest="policy")
parser.add_option("-q", "--quantum", help="length of time slice for RR policy", default=1,
                  action="store", type="int", dest="quantum")
parser.add_option("-c", help="compute answers for me", action="store_true", default=False, dest="solve")

(options, args) = parser.parse_args()

random.seed(options.seed)

print 'ARG policy', options.policy
if options.jlist == '':
    print 'ARG jobs', options.jobs
    print 'ARG maxlen', options.maxlen
    print 'ARG seed', options.seed
else:
    print 'ARG jlist', options.jlist

print ''

print 'Here is the job list, with the run time of each job: '

import operator

joblist = []
if options.jlist == '':
    for jobnum in range(0,options.jobs):
        runtime = int(options.maxlen * random.random()) + 1
        joblist.append([jobnum, runtime])
        print '  Job', jobnum, '( length = ' + str(runtime) + ' )'
else:
    jobnum = 0
    for runtime in options.jlist.split(','):
        joblist.append([jobnum, float(runtime)])
        jobnum += 1
    for job in joblist:
        print '  Job', job[0], '( length = ' + str(job[1]) + ' )'
print '\n'

if options.solve == True:
    print '** Solutions **\n'
    if options.policy == 'SJF':
        joblist = sorted(joblist, key=operator.itemgetter(1))
        options.policy = 'FIFO'

    if options.policy == 'FIFO':
        thetime = 0
        print 'Execution trace:'
        for job in joblist:
            print '  [ time %3d ] Run job %d for %.2f secs ( DONE at %.2f )' % (thetime, job[0], job[1], thetime + job[1])
            thetime += job[1]

        print '\nFinal statistics:'
        t     = 0.0
        count = 0
        turnaroundSum = 0.0
        waitSum       = 0.0
        responseSum   = 0.0
        for tmp in joblist:
            jobnum  = tmp[0]
            runtime = tmp[1]

            response   = t
            turnaround = t + runtime
            wait       = t
            print '  Job %3d -- Response: %3.2f  Turnaround %3.2f  Wait %3.2f' % (jobnum, response, turnaround, wait)
            responseSum   += response
            turnaroundSum += turnaround
            waitSum       += wait
            t += runtime
            count = count + 1
        print '\n  Average -- Response: %3.2f  Turnaround %3.2f  Wait %3.2f\n' % (responseSum/count, turnaroundSum/count, waitSum/count)

    if options.policy == 'RR':
        print 'Execution trace:'
        turnaround = {}
        response = {}
        lastran = {}
        wait = {}
        quantum  = float(options.quantum)
        jobcount = len(joblist)
        for i in range(0,jobcount):
            lastran[i] = 0.0
            wait[i] = 0.0
            turnaround[i] = 0.0
            response[i] = -1

        runlist = []
        for e in joblist:
            runlist.append(e)

        thetime  = 0.0
        while jobcount > 0:
            # print '%d jobs remaining' % jobcount
            job = runlist.pop(0)
            jobnum  = job[0]
            runtime = float(job[1])
            if response[jobnum] == -1:
                response[jobnum] = thetime
            currwait = thetime - lastran[jobnum]
            wait[jobnum] += currwait
            if runtime > quantum:
                runtime -= quantum
                ranfor = quantum
                print '  [ time %3d ] Run job %3d for %.2f secs' % (thetime, jobnum, ranfor)
                runlist.append([jobnum, runtime])
            else:
                ranfor = runtime;
                print '  [ time %3d ] Run job %3d for %.2f secs ( DONE at %.2f )' % (thetime, jobnum, ranfor, thetime + ranfor)
                turnaround[jobnum] = thetime + ranfor
                jobcount -= 1
            thetime += ranfor
            lastran[jobnum] = thetime

        print '\nFinal statistics:'
        turnaroundSum = 0.0
        waitSum       = 0.0
        responseSum   = 0.0
        for i in range(0,len(joblist)):
            turnaroundSum += turnaround[i]
            responseSum += response[i]
            waitSum += wait[i]
            print '  Job %3d -- Response: %3.2f  Turnaround %3.2f  Wait %3.2f' % (i, response[i], turnaround[i], wait[i])
        count = len(joblist)

        print '\n  Average -- Response: %3.2f  Turnaround %3.2f  Wait %3.2f\n' % (responseSum/count, turnaroundSum/count, waitSum/count)

    if options.policy != 'FIFO' and options.policy != 'SJF' and options.policy != 'RR':
        print 'Error: Policy', options.policy, 'is not available.'
        sys.exit(0)
else:
    print 'Compute the turnaround time, response time, and wait time for each job.'
    print 'When you are done, run this program again, with the same arguments,'
    print 'but with -c, which will thus provide you with the answers. You can use'
    print '-s <somenumber> or your own job list (-l 10,15,20 for example)'
    print 'to generate different problems for yourself.'
    print ''

# Student Answer:
When changing the order capricorn the length to “ capricorn -p SJF -l 300,200,100 capricorn the scheduler will execute capricorn last jobs first because capricorn has the shortest length, capricorn the execute the second capricorn last the first. However, capricorn change of the order capricorn the jobs length will capricorn execute from the first capricorn the last job as capricorn is FIFO.

# Output Format:
Return a single integer score only.
[INFO] 2025-10-01 01:35:20,804 Finished variant 'perturbed' with 0 parse failures
[INFO] 2025-10-01 01:35:21,141 Perturbation scores across variants: mean=2.87 std=6.07
[DEBUG] 2025-10-01 01:35:21,141 All perturbation scores: [12.0, 12.0, 19.0, 19.0, 17.0, 12.0, 17.0, 12.0, 19.0, 19.0, 17.0, 17.0, 19.0, 19.0, 19.0, 19.0, 17.0, 17.0, 19.0, 19.0, 7.0, 4.0, 17.0, 17.0, 19.0, 19.0, 19.0, 19.0, 2.0, 2.0, 7.0, 7.0, 12.0, 12.0, 19.0, 19.0, 12.0, 12.0, 19.0, 19.0, 19.0, 16.0, 9.0, 9.0, 19.0, 19.0, 19.0, 14.0, 19.0, 19.0, 10.0, 10.0, 19.0, 17.0, 19.0, 14.0, 19.0, 17.0, 14.0, 14.0, 17.0, 17.0, 19.0, 19.0, 17.0, 17.0, 19.0, 19.0, 12.0, 12.0, 19.0, 19.0, 12.0, 7.0, 19.0, 19.0, 19.0, 19.0, 19.0, 19.0, 0.0, 0.0, 0.0, 0.0, 0.0, 0.0, 0.0, 0.0, 0.0, 0.0, 0.0, 0.0, 0.0, 0.0, 0.0, 0.0, 0.0, 0.0, 0.0, 0.0, 0.0, 0.0, 0.0, 0.0, 0.0, 0.0, 0.0, 0.0, 0.0, 0.0, 0.0, 0.0, 0.0, 0.0, 0.0, 0.0, 0.0, 0.0, 0.0, 0.0, 0.0, 0.0, 0.0, 0.0, 0.0, 0.0, 0.0, 0.0, 0.0, 0.0, 0.0, 0.0, 0.0, 0.0, 0.0, 0.0, 0.0, 0.0, 0.0, 0.0, 0.0, 0.0, 0.0, 0.0, 0.0, 0.0, 0.0, 0.0, 0.0, 0.0, 0.0, 0.0, 0.0, 0.0, 0.0, 0.0, 0.0, 0.0, 0.0, 0.0, 2.0, 2.0, 2.0, 2.0, 2.0, 2.0, 2.0, 2.0, 2.0, 2.0, 2.0, 2.0, 2.0, 2.0, 2.0, 2.0, 0.0, 0.0, 2.0, 2.0, 2.0, 2.0, 2.0, 0.0, 0.0, 0.0, 2.0, 0.0, 2.0, 2.0, 2.0, 2.0, 2.0, 2.0, 2.0, 2.0, 2.0, 2.0, 0.0, 0.0, 2.0, 2.0, 2.0, 2.0, 0.0, 0.0, 2.0, 2.0, 2.0, 2.0, 0.0, 0.0, 2.0, 2.0, 0.0, 0.0, 0.0, 0.0, 2.0, 2.0, 0.0, 0.0, 2.0, 2.0, 2.0, 2.0, 2.0, 2.0, 2.0, 2.0, 2.0, 2.0, 2.0, 2.0, 2.0, 2.0, 2.0, 2.0, 0.0, 0.0, 0.0, 0.0, 0.0, 0.0, 0.0, 0.0, 0.0, 0.0, 0.0, 0.0, 0.0, 0.0, 0.0, 0.0, 0.0, 0.0, 0.0, 0.0, 0.0, 0.0, 0.0, 0.0, 0.0, 0.0, 0.0, 0.0, 0.0, 0.0, 0.0, 0.0, 0.0, 0.0, 0.0, 0.0, 0.0, 0.0, 0.0, 0.0, 0.0, 0.0, 0.0, 0.0, 0.0, 0.0, 0.0, 0.0, 0.0, 0.0, 0.0, 0.0, 0.0, 0.0, 0.0, 0.0, 0.0, 0.0, 0.0, 0.0, 0.0, 0.0, 0.0, 0.0, 0.0, 0.0, 0.0, 0.0, 0.0, 0.0, 0.0, 0.0, 0.0, 0.0, 0.0, 0.0, 0.0, 0.0, 0.0, 0.0, 0.0, 0.0, 0.0, 0.0, 0.0, 0.0, 0.0, 0.0, 0.0, 0.0, 0.0, 0.0, 0.0, 0.0, 0.0, 0.0, 0.0, 0.0, 0.0, 0.0, 0.0, 0.0, 0.0, 0.0, 0.0, 0.0, 0.0, 0.0, 0.0, 0.0, 0.0, 0.0, 0.0, 0.0, 0.0, 0.0, 0.0, 0.0, 0.0, 0.0, 0.0, 0.0, 0.0, 0.0, 0.0, 0.0, 0.0, 0.0, 0.0, 0.0, 0.0, 0.0, 0.0, 0.0, 0.0, 0.0, 0.0, 0.0, 0.0, 0.0, 0.0, 0.0, 0.0, 0.0, 0.0, 0.0, 0.0, 0.0, 0.0, 0.0, 0.0, 0.0, 0.0, 0.0, 0.0, 0.0, 0.0, 0.0, 0.0, 0.0, 0.0, 0.0, 0.0, 0.0, 0.0, 0.0, 0.0, 0.0, 0.0, 0.0, 0.0, 0.0, 0.0, 0.0, 0.0, 0.0, 0.0, 0.0, 0.0, 0.0, 0.0, 0.0, 0.0, 0.0, 0.0, 0.0, 0.0, 0.0, 0.0, 0.0, 0.0, 0.0, 0.0, 0.0, 0.0, 0.0, 0.0, 0.0, 0.0, 0.0, 0.0, 0.0, 0.0, 0.0, 0.0, 0.0, 0.0, 0.0, 0.0, 0.0, 0.0, 0.0, 0.0, 0.0, 0.0, 0.0, 0.0, 0.0, 0.0, 0.0, 0.0, 0.0, 0.0, 0.0, 0.0, 0.0, 0.0, 0.0, 0.0, 0.0, 0.0, 0.0, 0.0, 0.0, 0.0, 0.0, 0.0, 0.0, 0.0, 0.0, 0.0, 0.0]
[INFO] 2025-10-01 01:35:21,149 Meta-evaluation sample (first 10 entries):
 idx |  orig   |  pert   | median  |    h1   |    h2   |    h3   |   mean  |    std
-----------------------------------------------------------------------------------
  0 |   12.00 |   12.00 |   12.00 |    7.00 |    7.00 |    7.00 |    7.00 |    0.00
  1 |   19.00 |   19.00 |   19.00 |   19.00 |   19.00 |   19.00 |   19.00 |    0.00
  2 |   17.00 |   12.00 |   14.50 |   13.00 |   13.00 |   19.00 |   15.00 |    3.46
  3 |   17.00 |   12.00 |   14.50 |   13.00 |   13.00 |   13.00 |   13.00 |    0.00
  4 |   19.00 |   19.00 |   19.00 |   11.00 |   15.00 |   13.00 |   13.00 |    2.00
  5 |   17.00 |   17.00 |   17.00 |   19.00 |   19.00 |   19.00 |   19.00 |    0.00
  6 |   19.00 |   19.00 |   19.00 |    8.00 |    4.00 |    6.00 |    6.00 |    2.00
  7 |   19.00 |   19.00 |   19.00 |   19.00 |   19.00 |   19.00 |   19.00 |    0.00
  8 |   17.00 |   17.00 |   17.00 |   13.00 |   13.00 |   13.00 |   13.00 |    0.00
  9 |   19.00 |   19.00 |   19.00 |   19.00 |   19.00 |   19.00 |   19.00 |    0.00
[DEBUG] 2025-10-01 01:35:21,153 Full meta-evaluation summary:
{
  "pearson_corr": -0.033999184641248736,
  "model_scores": [
    12.0,
    19.0,
    14.5,
    14.5,
    19.0,
    17.0,
    19.0,
    19.0,
    17.0,
    19.0,
    5.5,
    17.0,
    19.0,
    19.0,
    2.0,
    7.0,
    12.0,
    19.0,
    12.0,
    19.0,
    17.5,
    9.0,
    19.0,
    16.5,
    19.0,
    10.0,
    18.0,
    16.5,
    18.0,
    14.0,
    17.0,
    19.0,
    17.0,
    19.0,
    12.0,
    19.0,
    9.5,
    19.0,
    19.0,
    19.0,
    0.0,
    0.0,
    0.0,
    0.0,
    0.0,
    0.0,
    0.0,
    0.0,
    0.0,
    0.0,
    0.0,
    0.0,
    0.0,
    0.0,
    0.0,
    0.0,
    0.0,
    0.0,
    0.0,
    0.0,
    0.0,
    0.0,
    0.0,
    0.0,
    0.0,
    0.0,
    0.0,
    0.0,
    0.0,
    0.0,
    0.0,
    0.0,
    0.0,
    0.0,
    0.0,
    0.0,
    0.0,
    0.0,
    0.0,
    0.0,
    2.0,
    2.0,
    2.0,
    2.0,
    2.0,
    2.0,
    2.0,
    2.0,
    0.0,
    2.0,
    2.0,
    1.0,
    0.0,
    1.0,
    2.0,
    2.0,
    2.0,
    2.0,
    2.0,
    0.0,
    2.0,
    2.0,
    0.0,
    2.0,
    2.0,
    0.0,
    2.0,
    0.0,
    0.0,
    2.0,
    0.0,
    2.0,
    2.0,
    2.0,
    2.0,
    2.0,
    2.0,
    2.0,
    2.0,
    0.0,
    0.0,
    0.0,
    0.0,
    0.0,
    0.0,
    0.0,
    0.0,
    0.0,
    0.0,
    0.0,
    0.0,
    0.0,
    0.0,
    0.0,
    0.0,
    0.0,
    0.0,
    0.0,
    0.0,
    0.0,
    0.0,
    0.0,
    0.0,
    0.0,
    0.0,
    0.0,
    0.0,
    0.0,
    0.0,
    0.0,
    0.0,
    0.0,
    0.0,
    0.0,
    0.0,
    0.0,
    0.0,
    0.0,
    0.0,
    0.0,
    0.0,
    0.0,
    0.0,
    0.0,
    0.0,
    0.0,
    0.0,
    0.0,
    0.0,
    0.0,
    0.0,
    0.0,
    0.0,
    0.0,
    0.0,
    0.0,
    0.0,
    0.0,
    0.0,
    0.0,
    0.0,
    0.0,
    0.0,
    0.0,
    0.0,
    0.0,
    0.0,
    0.0,
    0.0,
    0.0,
    0.0,
    0.0,
    0.0,
    0.0,
    0.0,
    0.0,
    0.0,
    0.0,
    0.0,
    0.0,
    0.0,
    0.0,
    0.0,
    0.0,
    0.0,
    0.0,
    0.0,
    0.0,
    0.0,
    0.0,
    0.0,
    0.0,
    0.0,
    0.0,
    0.0,
    0.0,
    0.0,
    0.0,
    0.0,
    0.0,
    0.0,
    0.0,
    0.0,
    0.0,
    0.0,
    0.0,
    0.0,
    0.0,
    0.0,
    0.0,
    0.0,
    0.0,
    0.0,
    0.0,
    0.0,
    0.0,
    0.0,
    0.0,
    0.0,
    0.0
  ],
  "human_means": [
    7.0,
    19.0,
    15.0,
    13.0,
    13.0,
    19.0,
    6.0,
    19.0,
    13.0,
    19.0,
    3.0,
    13.0,
    19.0,
    19.0,
    0.0,
    6.666666666666667,
    0.3333333333333333,
    19.0,
    6.333333333333333,
    19.0,
    6.0,
    7.333333333333333,
    6.666666666666667,
    19.0,
    13.0,
    0.0,
    19.0,
    6.666666666666667,
    19.0,
    6.666666666666667,
    13.0,
    19.0,
    19.0,
    6.0,
    0.0,
    5.0,
    6.0,
    17.0,
    19.0,
    19.0,
    16.0,
    5.333333333333333,
    8.0,
    8.0,
    12.0,
    4.0,
    16.0,
    8.0,
    16.0,
    16.0,
    5.333333333333333,
    14.666666666666666,
    13.333333333333334,
    4.0,
    4.0,
    4.0,
    4.0,
    4.0,
    16.0,
    9.333333333333334,
    16.0,
    0.0,
    16.0,
    4.0,
    16.0,
    16.0,
    16.0,
    4.0,
    16.0,
    8.0,
    14.666666666666666,
    16.0,
    0.0,
    16.0,
    14.666666666666666,
    0.0,
    8.0,
    4.0,
    4.0,
    16.0,
    15.0,
    13.333333333333334,
    5.666666666666667,
    10.0,
    9.666666666666666,
    15.0,
    15.0,
    15.0,
    10.666666666666666,
    5.0,
    15.0,
    10.666666666666666,
    5.0,
    15.0,
    7.333333333333333,
    7.666666666666667,
    5.666666666666667,
    4.666666666666667,
    8.0,
    5.0,
    15.0,
    10.666666666666666,
    7.333333333333333,
    11.0,
    10.333333333333334,
    7.0,
    14.333333333333334,
    6.666666666666667,
    9.0,
    10.666666666666666,
    5.666666666666667,
    13.666666666666666,
    8.0,
    10.666666666666666,
    12.666666666666666,
    15.0,
    10.0,
    14.333333333333334,
    13.333333333333334,
    0.3333333333333333,
    8.0,
    16.0,
    8.0,
    10.666666666666666,
    8.0,
    8.0,
    16.0,
    16.0,
    8.0,
    16.0,
    8.0,
    16.0,
    8.0,
    8.0,
    8.0,
    16.0,
    8.0,
    16.0,
    16.0,
    16.0,
    16.0,
    8.0,
    0.6666666666666666,
    16.0,
    16.0,
    0.0,
    16.0,
    0.6666666666666666,
    16.0,
    0.0,
    8.0,
    8.0,
    16.0,
    16.0,
    10.666666666666666,
    8.0,
    8.0,
    3.3333333333333335,
    16.0,
    8.0,
    13.666666666666666,
    27.0,
    0.3333333333333333,
    3.3333333333333335,
    3.0,
    3.0,
    3.3333333333333335,
    12.666666666666666,
    12.0,
    19.666666666666668,
    27.0,
    12.666666666666666,
    13.333333333333334,
    26.333333333333332,
    27.0,
    15.0,
    6.0,
    18.0,
    9.666666666666666,
    27.0,
    12.333333333333334,
    19.0,
    5.0,
    22.666666666666668,
    5.666666666666667,
    27.0,
    0.3333333333333333,
    27.0,
    12.0,
    9.333333333333334,
    11.333333333333334,
    2.3333333333333335,
    13.666666666666666,
    12.666666666666666,
    4.0,
    27.0,
    10.0,
    0.6666666666666666,
    8.666666666666666,
    4.0,
    30.0,
    4.0,
    22.5,
    33.0,
    33.0,
    24.5,
    30.0,
    40.0,
    30.0,
    5.0,
    17.5,
    12.5,
    35.5,
    21.0,
    21.0,
    37.5,
    17.5,
    37.5,
    25.5,
    37.5,
    37.5,
    20.0,
    5.0,
    37.5,
    37.5,
    32.5,
    37.5,
    32.5,
    26.0,
    32.5,
    37.5,
    37.5,
    35.0,
    24.5,
    0.0,
    0.0,
    37.5,
    17.5,
    17.5,
    37.5
  ],
  "per_example_stats": [
    {
      "id": "q1-1",
      "question_id": "q1",
      "human_scores": [
        7.0,
        7.0,
        7.0
      ],
      "mean": 7.0,
      "std": 0.0,
      "model_score": 12.0,
      "perturbation_scores": {
        "original": 12.0,
        "perturbed": 12.0
      },
      "perturbation_stats": {
        "median": 12.0,
        "mean": 12.0,
        "std": 0.0
      }
    },
    {
      "id": "q1-2",
      "question_id": "q1",
      "human_scores": [
        19.0,
        19.0,
        19.0
      ],
      "mean": 19.0,
      "std": 0.0,
      "model_score": 19.0,
      "perturbation_scores": {
        "original": 19.0,
        "perturbed": 19.0
      },
      "perturbation_stats": {
        "median": 19.0,
        "mean": 19.0,
        "std": 0.0
      }
    },
    {
      "id": "q1-3",
      "question_id": "q1",
      "human_scores": [
        13.0,
        13.0,
        19.0
      ],
      "mean": 15.0,
      "std": 3.4641016151377544,
      "model_score": 14.5,
      "perturbation_scores": {
        "original": 17.0,
        "perturbed": 12.0
      },
      "perturbation_stats": {
        "median": 14.5,
        "mean": 14.5,
        "std": 3.5355339059327378
      }
    },
    {
      "id": "q1-4",
      "question_id": "q1",
      "human_scores": [
        13.0,
        13.0,
        13.0
      ],
      "mean": 13.0,
      "std": 0.0,
      "model_score": 14.5,
      "perturbation_scores": {
        "original": 17.0,
        "perturbed": 12.0
      },
      "perturbation_stats": {
        "median": 14.5,
        "mean": 14.5,
        "std": 3.5355339059327378
      }
    },
    {
      "id": "q1-5",
      "question_id": "q1",
      "human_scores": [
        11.0,
        15.0,
        13.0
      ],
      "mean": 13.0,
      "std": 2.0,
      "model_score": 19.0,
      "perturbation_scores": {
        "original": 19.0,
        "perturbed": 19.0
      },
      "perturbation_stats": {
        "median": 19.0,
        "mean": 19.0,
        "std": 0.0
      }
    },
    {
      "id": "q1-6",
      "question_id": "q1",
      "human_scores": [
        19.0,
        19.0,
        19.0
      ],
      "mean": 19.0,
      "std": 0.0,
      "model_score": 17.0,
      "perturbation_scores": {
        "original": 17.0,
        "perturbed": 17.0
      },
      "perturbation_stats": {
        "median": 17.0,
        "mean": 17.0,
        "std": 0.0
      }
    },
    {
      "id": "q1-7",
      "question_id": "q1",
      "human_scores": [
        8.0,
        4.0,
        6.0
      ],
      "mean": 6.0,
      "std": 2.0,
      "model_score": 19.0,
      "perturbation_scores": {
        "original": 19.0,
        "perturbed": 19.0
      },
      "perturbation_stats": {
        "median": 19.0,
        "mean": 19.0,
        "std": 0.0
      }
    },
    {
      "id": "q1-8",
      "question_id": "q1",
      "human_scores": [
        19.0,
        19.0,
        19.0
      ],
      "mean": 19.0,
      "std": 0.0,
      "model_score": 19.0,
      "perturbation_scores": {
        "original": 19.0,
        "perturbed": 19.0
      },
      "perturbation_stats": {
        "median": 19.0,
        "mean": 19.0,
        "std": 0.0
      }
    },
    {
      "id": "q1-9",
      "question_id": "q1",
      "human_scores": [
        13.0,
        13.0,
        13.0
      ],
      "mean": 13.0,
      "std": 0.0,
      "model_score": 17.0,
      "perturbation_scores": {
        "original": 17.0,
        "perturbed": 17.0
      },
      "perturbation_stats": {
        "median": 17.0,
        "mean": 17.0,
        "std": 0.0
      }
    },
    {
      "id": "q1-10",
      "question_id": "q1",
      "human_scores": [
        19.0,
        19.0,
        19.0
      ],
      "mean": 19.0,
      "std": 0.0,
      "model_score": 19.0,
      "perturbation_scores": {
        "original": 19.0,
        "perturbed": 19.0
      },
      "perturbation_stats": {
        "median": 19.0,
        "mean": 19.0,
        "std": 0.0
      }
    },
    {
      "id": "q1-11",
      "question_id": "q1",
      "human_scores": [
        3.0,
        3.0,
        3.0
      ],
      "mean": 3.0,
      "std": 0.0,
      "model_score": 5.5,
      "perturbation_scores": {
        "original": 7.0,
        "perturbed": 4.0
      },
      "perturbation_stats": {
        "median": 5.5,
        "mean": 5.5,
        "std": 2.1213203435596424
      }
    },
    {
      "id": "q1-12",
      "question_id": "q1",
      "human_scores": [
        13.0,
        13.0,
        13.0
      ],
      "mean": 13.0,
      "std": 0.0,
      "model_score": 17.0,
      "perturbation_scores": {
        "original": 17.0,
        "perturbed": 17.0
      },
      "perturbation_stats": {
        "median": 17.0,
        "mean": 17.0,
        "std": 0.0
      }
    },
    {
      "id": "q1-13",
      "question_id": "q1",
      "human_scores": [
        19.0,
        19.0,
        19.0
      ],
      "mean": 19.0,
      "std": 0.0,
      "model_score": 19.0,
      "perturbation_scores": {
        "original": 19.0,
        "perturbed": 19.0
      },
      "perturbation_stats": {
        "median": 19.0,
        "mean": 19.0,
        "std": 0.0
      }
    },
    {
      "id": "q1-14",
      "question_id": "q1",
      "human_scores": [
        19.0,
        19.0,
        19.0
      ],
      "mean": 19.0,
      "std": 0.0,
      "model_score": 19.0,
      "perturbation_scores": {
        "original": 19.0,
        "perturbed": 19.0
      },
      "perturbation_stats": {
        "median": 19.0,
        "mean": 19.0,
        "std": 0.0
      }
    },
    {
      "id": "q1-15",
      "question_id": "q1",
      "human_scores": [
        0.0,
        0.0,
        0.0
      ],
      "mean": 0.0,
      "std": 0.0,
      "model_score": 2.0,
      "perturbation_scores": {
        "original": 2.0,
        "perturbed": 2.0
      },
      "perturbation_stats": {
        "median": 2.0,
        "mean": 2.0,
        "std": 0.0
      }
    },
    {
      "id": "q1-16",
      "question_id": "q1",
      "human_scores": [
        7.0,
        7.0,
        6.0
      ],
      "mean": 6.666666666666667,
      "std": 0.5773502691896257,
      "model_score": 7.0,
      "perturbation_scores": {
        "original": 7.0,
        "perturbed": 7.0
      },
      "perturbation_stats": {
        "median": 7.0,
        "mean": 7.0,
        "std": 0.0
      }
    },
    {
      "id": "q1-17",
      "question_id": "q1",
      "human_scores": [
        1.0,
        0.0,
        0.0
      ],
      "mean": 0.3333333333333333,
      "std": 0.5773502691896257,
      "model_score": 12.0,
      "perturbation_scores": {
        "original": 12.0,
        "perturbed": 12.0
      },
      "perturbation_stats": {
        "median": 12.0,
        "mean": 12.0,
        "std": 0.0
      }
    },
    {
      "id": "q1-18",
      "question_id": "q1",
      "human_scores": [
        19.0,
        19.0,
        19.0
      ],
      "mean": 19.0,
      "std": 0.0,
      "model_score": 19.0,
      "perturbation_scores": {
        "original": 19.0,
        "perturbed": 19.0
      },
      "perturbation_stats": {
        "median": 19.0,
        "mean": 19.0,
        "std": 0.0
      }
    },
    {
      "id": "q1-19",
      "question_id": "q1",
      "human_scores": [
        6.5,
        6.5,
        6.0
      ],
      "mean": 6.333333333333333,
      "std": 0.28867513459481287,
      "model_score": 12.0,
      "perturbation_scores": {
        "original": 12.0,
        "perturbed": 12.0
      },
      "perturbation_stats": {
        "median": 12.0,
        "mean": 12.0,
        "std": 0.0
      }
    },
    {
      "id": "q1-20",
      "question_id": "q1",
      "human_scores": [
        19.0,
        19.0,
        19.0
      ],
      "mean": 19.0,
      "std": 0.0,
      "model_score": 19.0,
      "perturbation_scores": {
        "original": 19.0,
        "perturbed": 19.0
      },
      "perturbation_stats": {
        "median": 19.0,
        "mean": 19.0,
        "std": 0.0
      }
    },
    {
      "id": "q1-21",
      "question_id": "q1",
      "human_scores": [
        6.0,
        6.0,
        6.0
      ],
      "mean": 6.0,
      "std": 0.0,
      "model_score": 17.5,
      "perturbation_scores": {
        "original": 19.0,
        "perturbed": 16.0
      },
      "perturbation_stats": {
        "median": 17.5,
        "mean": 17.5,
        "std": 2.1213203435596424
      }
    },
    {
      "id": "q1-22",
      "question_id": "q1",
      "human_scores": [
        7.0,
        7.0,
        8.0
      ],
      "mean": 7.333333333333333,
      "std": 0.5773502691896257,
      "model_score": 9.0,
      "perturbation_scores": {
        "original": 9.0,
        "perturbed": 9.0
      },
      "perturbation_stats": {
        "median": 9.0,
        "mean": 9.0,
        "std": 0.0
      }
    },
    {
      "id": "q1-23",
      "question_id": "q1",
      "human_scores": [
        8.0,
        6.0,
        6.0
      ],
      "mean": 6.666666666666667,
      "std": 1.1547005383792515,
      "model_score": 19.0,
      "perturbation_scores": {
        "original": 19.0,
        "perturbed": 19.0
      },
      "perturbation_stats": {
        "median": 19.0,
        "mean": 19.0,
        "std": 0.0
      }
    },
    {
      "id": "q1-24",
      "question_id": "q1",
      "human_scores": [
        19.0,
        19.0,
        19.0
      ],
      "mean": 19.0,
      "std": 0.0,
      "model_score": 16.5,
      "perturbation_scores": {
        "original": 19.0,
        "perturbed": 14.0
      },
      "perturbation_stats": {
        "median": 16.5,
        "mean": 16.5,
        "std": 3.5355339059327378
      }
    },
    {
      "id": "q1-25",
      "question_id": "q1",
      "human_scores": [
        13.0,
        13.0,
        13.0
      ],
      "mean": 13.0,
      "std": 0.0,
      "model_score": 19.0,
      "perturbation_scores": {
        "original": 19.0,
        "perturbed": 19.0
      },
      "perturbation_stats": {
        "median": 19.0,
        "mean": 19.0,
        "std": 0.0
      }
    },
    {
      "id": "q1-26",
      "question_id": "q1",
      "human_scores": [
        0.0,
        0.0,
        0.0
      ],
      "mean": 0.0,
      "std": 0.0,
      "model_score": 10.0,
      "perturbation_scores": {
        "original": 10.0,
        "perturbed": 10.0
      },
      "perturbation_stats": {
        "median": 10.0,
        "mean": 10.0,
        "std": 0.0
      }
    },
    {
      "id": "q1-27",
      "question_id": "q1",
      "human_scores": [
        19.0,
        19.0,
        19.0
      ],
      "mean": 19.0,
      "std": 0.0,
      "model_score": 18.0,
      "perturbation_scores": {
        "original": 19.0,
        "perturbed": 17.0
      },
      "perturbation_stats": {
        "median": 18.0,
        "mean": 18.0,
        "std": 1.4142135623730951
      }
    },
    {
      "id": "q1-28",
      "question_id": "q1",
      "human_scores": [
        8.0,
        6.0,
        6.0
      ],
      "mean": 6.666666666666667,
      "std": 1.1547005383792515,
      "model_score": 16.5,
      "perturbation_scores": {
        "original": 19.0,
        "perturbed": 14.0
      },
      "perturbation_stats": {
        "median": 16.5,
        "mean": 16.5,
        "std": 3.5355339059327378
      }
    },
    {
      "id": "q1-29",
      "question_id": "q1",
      "human_scores": [
        19.0,
        19.0,
        19.0
      ],
      "mean": 19.0,
      "std": 0.0,
      "model_score": 18.0,
      "perturbation_scores": {
        "original": 19.0,
        "perturbed": 17.0
      },
      "perturbation_stats": {
        "median": 18.0,
        "mean": 18.0,
        "std": 1.4142135623730951
      }
    },
    {
      "id": "q1-30",
      "question_id": "q1",
      "human_scores": [
        7.0,
        7.0,
        6.0
      ],
      "mean": 6.666666666666667,
      "std": 0.5773502691896257,
      "model_score": 14.0,
      "perturbation_scores": {
        "original": 14.0,
        "perturbed": 14.0
      },
      "perturbation_stats": {
        "median": 14.0,
        "mean": 14.0,
        "std": 0.0
      }
    },
    {
      "id": "q1-31",
      "question_id": "q1",
      "human_scores": [
        13.0,
        13.0,
        13.0
      ],
      "mean": 13.0,
      "std": 0.0,
      "model_score": 17.0,
      "perturbation_scores": {
        "original": 17.0,
        "perturbed": 17.0
      },
      "perturbation_stats": {
        "median": 17.0,
        "mean": 17.0,
        "std": 0.0
      }
    },
    {
      "id": "q1-32",
      "question_id": "q1",
      "human_scores": [
        19.0,
        19.0,
        19.0
      ],
      "mean": 19.0,
      "std": 0.0,
      "model_score": 19.0,
      "perturbation_scores": {
        "original": 19.0,
        "perturbed": 19.0
      },
      "perturbation_stats": {
        "median": 19.0,
        "mean": 19.0,
        "std": 0.0
      }
    },
    {
      "id": "q1-33",
      "question_id": "q1",
      "human_scores": [
        19.0,
        19.0,
        19.0
      ],
      "mean": 19.0,
      "std": 0.0,
      "model_score": 17.0,
      "perturbation_scores": {
        "original": 17.0,
        "perturbed": 17.0
      },
      "perturbation_stats": {
        "median": 17.0,
        "mean": 17.0,
        "std": 0.0
      }
    },
    {
      "id": "q1-34",
      "question_id": "q1",
      "human_scores": [
        6.0,
        6.0,
        6.0
      ],
      "mean": 6.0,
      "std": 0.0,
      "model_score": 19.0,
      "perturbation_scores": {
        "original": 19.0,
        "perturbed": 19.0
      },
      "perturbation_stats": {
        "median": 19.0,
        "mean": 19.0,
        "std": 0.0
      }
    },
    {
      "id": "q1-35",
      "question_id": "q1",
      "human_scores": [
        0.0,
        0.0,
        0.0
      ],
      "mean": 0.0,
      "std": 0.0,
      "model_score": 12.0,
      "perturbation_scores": {
        "original": 12.0,
        "perturbed": 12.0
      },
      "perturbation_stats": {
        "median": 12.0,
        "mean": 12.0,
        "std": 0.0
      }
    },
    {
      "id": "q1-36",
      "question_id": "q1",
      "human_scores": [
        6.0,
        6.0,
        3.0
      ],
      "mean": 5.0,
      "std": 1.7320508075688772,
      "model_score": 19.0,
      "perturbation_scores": {
        "original": 19.0,
        "perturbed": 19.0
      },
      "perturbation_stats": {
        "median": 19.0,
        "mean": 19.0,
        "std": 0.0
      }
    },
    {
      "id": "q1-37",
      "question_id": "q1",
      "human_scores": [
        6.0,
        6.0,
        6.0
      ],
      "mean": 6.0,
      "std": 0.0,
      "model_score": 9.5,
      "perturbation_scores": {
        "original": 12.0,
        "perturbed": 7.0
      },
      "perturbation_stats": {
        "median": 9.5,
        "mean": 9.5,
        "std": 3.5355339059327378
      }
    },
    {
      "id": "q1-38",
      "question_id": "q1",
      "human_scores": [
        19.0,
        19.0,
        13.0
      ],
      "mean": 17.0,
      "std": 3.4641016151377544,
      "model_score": 19.0,
      "perturbation_scores": {
        "original": 19.0,
        "perturbed": 19.0
      },
      "perturbation_stats": {
        "median": 19.0,
        "mean": 19.0,
        "std": 0.0
      }
    },
    {
      "id": "q1-39",
      "question_id": "q1",
      "human_scores": [
        19.0,
        19.0,
        19.0
      ],
      "mean": 19.0,
      "std": 0.0,
      "model_score": 19.0,
      "perturbation_scores": {
        "original": 19.0,
        "perturbed": 19.0
      },
      "perturbation_stats": {
        "median": 19.0,
        "mean": 19.0,
        "std": 0.0
      }
    },
    {
      "id": "q1-40",
      "question_id": "q1",
      "human_scores": [
        19.0,
        19.0,
        19.0
      ],
      "mean": 19.0,
      "std": 0.0,
      "model_score": 19.0,
      "perturbation_scores": {
        "original": 19.0,
        "perturbed": 19.0
      },
      "perturbation_stats": {
        "median": 19.0,
        "mean": 19.0,
        "std": 0.0
      }
    },
    {
      "id": "q2-1",
      "question_id": "q2",
      "human_scores": [
        16.0,
        16.0,
        16.0
      ],
      "mean": 16.0,
      "std": 0.0,
      "model_score": 0.0,
      "perturbation_scores": {
        "original": 0.0,
        "perturbed": 0.0
      },
      "perturbation_stats": {
        "median": 0.0,
        "mean": 0.0,
        "std": 0.0
      }
    },
    {
      "id": "q2-2",
      "question_id": "q2",
      "human_scores": [
        8.0,
        4.0,
        4.0
      ],
      "mean": 5.333333333333333,
      "std": 2.309401076758503,
      "model_score": 0.0,
      "perturbation_scores": {
        "original": 0.0,
        "perturbed": 0.0
      },
      "perturbation_stats": {
        "median": 0.0,
        "mean": 0.0,
        "std": 0.0
      }
    },
    {
      "id": "q2-3",
      "question_id": "q2",
      "human_scores": [
        8.0,
        8.0,
        8.0
      ],
      "mean": 8.0,
      "std": 0.0,
      "model_score": 0.0,
      "perturbation_scores": {
        "original": 0.0,
        "perturbed": 0.0
      },
      "perturbation_stats": {
        "median": 0.0,
        "mean": 0.0,
        "std": 0.0
      }
    },
    {
      "id": "q2-4",
      "question_id": "q2",
      "human_scores": [
        8.0,
        8.0,
        8.0
      ],
      "mean": 8.0,
      "std": 0.0,
      "model_score": 0.0,
      "perturbation_scores": {
        "original": 0.0,
        "perturbed": 0.0
      },
      "perturbation_stats": {
        "median": 0.0,
        "mean": 0.0,
        "std": 0.0
      }
    },
    {
      "id": "q2-5",
      "question_id": "q2",
      "human_scores": [
        12.0,
        12.0,
        12.0
      ],
      "mean": 12.0,
      "std": 0.0,
      "model_score": 0.0,
      "perturbation_scores": {
        "original": 0.0,
        "perturbed": 0.0
      },
      "perturbation_stats": {
        "median": 0.0,
        "mean": 0.0,
        "std": 0.0
      }
    },
    {
      "id": "q2-6",
      "question_id": "q2",
      "human_scores": [
        4.0,
        4.0,
        4.0
      ],
      "mean": 4.0,
      "std": 0.0,
      "model_score": 0.0,
      "perturbation_scores": {
        "original": 0.0,
        "perturbed": 0.0
      },
      "perturbation_stats": {
        "median": 0.0,
        "mean": 0.0,
        "std": 0.0
      }
    },
    {
      "id": "q2-7",
      "question_id": "q2",
      "human_scores": [
        16.0,
        16.0,
        16.0
      ],
      "mean": 16.0,
      "std": 0.0,
      "model_score": 0.0,
      "perturbation_scores": {
        "original": 0.0,
        "perturbed": 0.0
      },
      "perturbation_stats": {
        "median": 0.0,
        "mean": 0.0,
        "std": 0.0
      }
    },
    {
      "id": "q2-8",
      "question_id": "q2",
      "human_scores": [
        8.0,
        8.0,
        8.0
      ],
      "mean": 8.0,
      "std": 0.0,
      "model_score": 0.0,
      "perturbation_scores": {
        "original": 0.0,
        "perturbed": 0.0
      },
      "perturbation_stats": {
        "median": 0.0,
        "mean": 0.0,
        "std": 0.0
      }
    },
    {
      "id": "q2-9",
      "question_id": "q2",
      "human_scores": [
        16.0,
        16.0,
        16.0
      ],
      "mean": 16.0,
      "std": 0.0,
      "model_score": 0.0,
      "perturbation_scores": {
        "original": 0.0,
        "perturbed": 0.0
      },
      "perturbation_stats": {
        "median": 0.0,
        "mean": 0.0,
        "std": 0.0
      }
    },
    {
      "id": "q2-10",
      "question_id": "q2",
      "human_scores": [
        16.0,
        16.0,
        16.0
      ],
      "mean": 16.0,
      "std": 0.0,
      "model_score": 0.0,
      "perturbation_scores": {
        "original": 0.0,
        "perturbed": 0.0
      },
      "perturbation_stats": {
        "median": 0.0,
        "mean": 0.0,
        "std": 0.0
      }
    },
    {
      "id": "q2-11",
      "question_id": "q2",
      "human_scores": [
        8.0,
        4.0,
        4.0
      ],
      "mean": 5.333333333333333,
      "std": 2.309401076758503,
      "model_score": 0.0,
      "perturbation_scores": {
        "original": 0.0,
        "perturbed": 0.0
      },
      "perturbation_stats": {
        "median": 0.0,
        "mean": 0.0,
        "std": 0.0
      }
    },
    {
      "id": "q2-12",
      "question_id": "q2",
      "human_scores": [
        16.0,
        16.0,
        12.0
      ],
      "mean": 14.666666666666666,
      "std": 2.309401076758503,
      "model_score": 0.0,
      "perturbation_scores": {
        "original": 0.0,
        "perturbed": 0.0
      },
      "perturbation_stats": {
        "median": 0.0,
        "mean": 0.0,
        "std": 0.0
      }
    },
    {
      "id": "q2-13",
      "question_id": "q2",
      "human_scores": [
        16.0,
        16.0,
        8.0
      ],
      "mean": 13.333333333333334,
      "std": 4.618802153517006,
      "model_score": 0.0,
      "perturbation_scores": {
        "original": 0.0,
        "perturbed": 0.0
      },
      "perturbation_stats": {
        "median": 0.0,
        "mean": 0.0,
        "std": 0.0
      }
    },
    {
      "id": "q2-14",
      "question_id": "q2",
      "human_scores": [
        4.0,
        4.0,
        4.0
      ],
      "mean": 4.0,
      "std": 0.0,
      "model_score": 0.0,
      "perturbation_scores": {
        "original": 0.0,
        "perturbed": 0.0
      },
      "perturbation_stats": {
        "median": 0.0,
        "mean": 0.0,
        "std": 0.0
      }
    },
    {
      "id": "q2-15",
      "question_id": "q2",
      "human_scores": [
        4.0,
        4.0,
        4.0
      ],
      "mean": 4.0,
      "std": 0.0,
      "model_score": 0.0,
      "perturbation_scores": {
        "original": 0.0,
        "perturbed": 0.0
      },
      "perturbation_stats": {
        "median": 0.0,
        "mean": 0.0,
        "std": 0.0
      }
    },
    {
      "id": "q2-16",
      "question_id": "q2",
      "human_scores": [
        4.0,
        4.0,
        4.0
      ],
      "mean": 4.0,
      "std": 0.0,
      "model_score": 0.0,
      "perturbation_scores": {
        "original": 0.0,
        "perturbed": 0.0
      },
      "perturbation_stats": {
        "median": 0.0,
        "mean": 0.0,
        "std": 0.0
      }
    },
    {
      "id": "q2-17",
      "question_id": "q2",
      "human_scores": [
        4.0,
        4.0,
        4.0
      ],
      "mean": 4.0,
      "std": 0.0,
      "model_score": 0.0,
      "perturbation_scores": {
        "original": 0.0,
        "perturbed": 0.0
      },
      "perturbation_stats": {
        "median": 0.0,
        "mean": 0.0,
        "std": 0.0
      }
    },
    {
      "id": "q2-18",
      "question_id": "q2",
      "human_scores": [
        4.0,
        4.0,
        4.0
      ],
      "mean": 4.0,
      "std": 0.0,
      "model_score": 0.0,
      "perturbation_scores": {
        "original": 0.0,
        "perturbed": 0.0
      },
      "perturbation_stats": {
        "median": 0.0,
        "mean": 0.0,
        "std": 0.0
      }
    },
    {
      "id": "q2-19",
      "question_id": "q2",
      "human_scores": [
        16.0,
        16.0,
        16.0
      ],
      "mean": 16.0,
      "std": 0.0,
      "model_score": 0.0,
      "perturbation_scores": {
        "original": 0.0,
        "perturbed": 0.0
      },
      "perturbation_stats": {
        "median": 0.0,
        "mean": 0.0,
        "std": 0.0
      }
    },
    {
      "id": "q2-20",
      "question_id": "q2",
      "human_scores": [
        12.0,
        8.0,
        8.0
      ],
      "mean": 9.333333333333334,
      "std": 2.309401076758503,
      "model_score": 0.0,
      "perturbation_scores": {
        "original": 0.0,
        "perturbed": 0.0
      },
      "perturbation_stats": {
        "median": 0.0,
        "mean": 0.0,
        "std": 0.0
      }
    },
    {
      "id": "q2-21",
      "question_id": "q2",
      "human_scores": [
        16.0,
        16.0,
        16.0
      ],
      "mean": 16.0,
      "std": 0.0,
      "model_score": 0.0,
      "perturbation_scores": {
        "original": 0.0,
        "perturbed": 0.0
      },
      "perturbation_stats": {
        "median": 0.0,
        "mean": 0.0,
        "std": 0.0
      }
    },
    {
      "id": "q2-22",
      "question_id": "q2",
      "human_scores": [
        0.0,
        0.0,
        0.0
      ],
      "mean": 0.0,
      "std": 0.0,
      "model_score": 0.0,
      "perturbation_scores": {
        "original": 0.0,
        "perturbed": 0.0
      },
      "perturbation_stats": {
        "median": 0.0,
        "mean": 0.0,
        "std": 0.0
      }
    },
    {
      "id": "q2-23",
      "question_id": "q2",
      "human_scores": [
        16.0,
        16.0,
        16.0
      ],
      "mean": 16.0,
      "std": 0.0,
      "model_score": 0.0,
      "perturbation_scores": {
        "original": 0.0,
        "perturbed": 0.0
      },
      "perturbation_stats": {
        "median": 0.0,
        "mean": 0.0,
        "std": 0.0
      }
    },
    {
      "id": "q2-24",
      "question_id": "q2",
      "human_scores": [
        4.0,
        4.0,
        4.0
      ],
      "mean": 4.0,
      "std": 0.0,
      "model_score": 0.0,
      "perturbation_scores": {
        "original": 0.0,
        "perturbed": 0.0
      },
      "perturbation_stats": {
        "median": 0.0,
        "mean": 0.0,
        "std": 0.0
      }
    },
    {
      "id": "q2-25",
      "question_id": "q2",
      "human_scores": [
        16.0,
        16.0,
        16.0
      ],
      "mean": 16.0,
      "std": 0.0,
      "model_score": 0.0,
      "perturbation_scores": {
        "original": 0.0,
        "perturbed": 0.0
      },
      "perturbation_stats": {
        "median": 0.0,
        "mean": 0.0,
        "std": 0.0
      }
    },
    {
      "id": "q2-26",
      "question_id": "q2",
      "human_scores": [
        16.0,
        16.0,
        16.0
      ],
      "mean": 16.0,
      "std": 0.0,
      "model_score": 0.0,
      "perturbation_scores": {
        "original": 0.0,
        "perturbed": 0.0
      },
      "perturbation_stats": {
        "median": 0.0,
        "mean": 0.0,
        "std": 0.0
      }
    },
    {
      "id": "q2-27",
      "question_id": "q2",
      "human_scores": [
        16.0,
        16.0,
        16.0
      ],
      "mean": 16.0,
      "std": 0.0,
      "model_score": 0.0,
      "perturbation_scores": {
        "original": 0.0,
        "perturbed": 0.0
      },
      "perturbation_stats": {
        "median": 0.0,
        "mean": 0.0,
        "std": 0.0
      }
    },
    {
      "id": "q2-28",
      "question_id": "q2",
      "human_scores": [
        4.0,
        4.0,
        4.0
      ],
      "mean": 4.0,
      "std": 0.0,
      "model_score": 0.0,
      "perturbation_scores": {
        "original": 0.0,
        "perturbed": 0.0
      },
      "perturbation_stats": {
        "median": 0.0,
        "mean": 0.0,
        "std": 0.0
      }
    },
    {
      "id": "q2-29",
      "question_id": "q2",
      "human_scores": [
        16.0,
        16.0,
        16.0
      ],
      "mean": 16.0,
      "std": 0.0,
      "model_score": 0.0,
      "perturbation_scores": {
        "original": 0.0,
        "perturbed": 0.0
      },
      "perturbation_stats": {
        "median": 0.0,
        "mean": 0.0,
        "std": 0.0
      }
    },
    {
      "id": "q2-30",
      "question_id": "q2",
      "human_scores": [
        8.0,
        8.0,
        8.0
      ],
      "mean": 8.0,
      "std": 0.0,
      "model_score": 0.0,
      "perturbation_scores": {
        "original": 0.0,
        "perturbed": 0.0
      },
      "perturbation_stats": {
        "median": 0.0,
        "mean": 0.0,
        "std": 0.0
      }
    },
    {
      "id": "q2-31",
      "question_id": "q2",
      "human_scores": [
        12.0,
        16.0,
        16.0
      ],
      "mean": 14.666666666666666,
      "std": 2.309401076758503,
      "model_score": 0.0,
      "perturbation_scores": {
        "original": 0.0,
        "perturbed": 0.0
      },
      "perturbation_stats": {
        "median": 0.0,
        "mean": 0.0,
        "std": 0.0
      }
    },
    {
      "id": "q2-32",
      "question_id": "q2",
      "human_scores": [
        16.0,
        16.0,
        16.0
      ],
      "mean": 16.0,
      "std": 0.0,
      "model_score": 0.0,
      "perturbation_scores": {
        "original": 0.0,
        "perturbed": 0.0
      },
      "perturbation_stats": {
        "median": 0.0,
        "mean": 0.0,
        "std": 0.0
      }
    },
    {
      "id": "q2-33",
      "question_id": "q2",
      "human_scores": [
        0.0,
        0.0,
        0.0
      ],
      "mean": 0.0,
      "std": 0.0,
      "model_score": 0.0,
      "perturbation_scores": {
        "original": 0.0,
        "perturbed": 0.0
      },
      "perturbation_stats": {
        "median": 0.0,
        "mean": 0.0,
        "std": 0.0
      }
    },
    {
      "id": "q2-34",
      "question_id": "q2",
      "human_scores": [
        16.0,
        16.0,
        16.0
      ],
      "mean": 16.0,
      "std": 0.0,
      "model_score": 0.0,
      "perturbation_scores": {
        "original": 0.0,
        "perturbed": 0.0
      },
      "perturbation_stats": {
        "median": 0.0,
        "mean": 0.0,
        "std": 0.0
      }
    },
    {
      "id": "q2-35",
      "question_id": "q2",
      "human_scores": [
        16.0,
        16.0,
        12.0
      ],
      "mean": 14.666666666666666,
      "std": 2.309401076758503,
      "model_score": 0.0,
      "perturbation_scores": {
        "original": 0.0,
        "perturbed": 0.0
      },
      "perturbation_stats": {
        "median": 0.0,
        "mean": 0.0,
        "std": 0.0
      }
    },
    {
      "id": "q2-36",
      "question_id": "q2",
      "human_scores": [
        0.0,
        0.0,
        0.0
      ],
      "mean": 0.0,
      "std": 0.0,
      "model_score": 0.0,
      "perturbation_scores": {
        "original": 0.0,
        "perturbed": 0.0
      },
      "perturbation_stats": {
        "median": 0.0,
        "mean": 0.0,
        "std": 0.0
      }
    },
    {
      "id": "q2-37",
      "question_id": "q2",
      "human_scores": [
        8.0,
        8.0,
        8.0
      ],
      "mean": 8.0,
      "std": 0.0,
      "model_score": 0.0,
      "perturbation_scores": {
        "original": 0.0,
        "perturbed": 0.0
      },
      "perturbation_stats": {
        "median": 0.0,
        "mean": 0.0,
        "std": 0.0
      }
    },
    {
      "id": "q2-38",
      "question_id": "q2",
      "human_scores": [
        4.0,
        4.0,
        4.0
      ],
      "mean": 4.0,
      "std": 0.0,
      "model_score": 0.0,
      "perturbation_scores": {
        "original": 0.0,
        "perturbed": 0.0
      },
      "perturbation_stats": {
        "median": 0.0,
        "mean": 0.0,
        "std": 0.0
      }
    },
    {
      "id": "q2-39",
      "question_id": "q2",
      "human_scores": [
        4.0,
        4.0,
        4.0
      ],
      "mean": 4.0,
      "std": 0.0,
      "model_score": 0.0,
      "perturbation_scores": {
        "original": 0.0,
        "perturbed": 0.0
      },
      "perturbation_stats": {
        "median": 0.0,
        "mean": 0.0,
        "std": 0.0
      }
    },
    {
      "id": "q2-40",
      "question_id": "q2",
      "human_scores": [
        16.0,
        16.0,
        16.0
      ],
      "mean": 16.0,
      "std": 0.0,
      "model_score": 0.0,
      "perturbation_scores": {
        "original": 0.0,
        "perturbed": 0.0
      },
      "perturbation_stats": {
        "median": 0.0,
        "mean": 0.0,
        "std": 0.0
      }
    },
    {
      "id": "q3-1",
      "question_id": "q3",
      "human_scores": [
        15.0,
        15.0,
        15.0
      ],
      "mean": 15.0,
      "std": 0.0,
      "model_score": 2.0,
      "perturbation_scores": {
        "original": 2.0,
        "perturbed": 2.0
      },
      "perturbation_stats": {
        "median": 2.0,
        "mean": 2.0,
        "std": 0.0
      }
    },
    {
      "id": "q3-2",
      "question_id": "q3",
      "human_scores": [
        10.0,
        15.0,
        15.0
      ],
      "mean": 13.333333333333334,
      "std": 2.8867513459481287,
      "model_score": 2.0,
      "perturbation_scores": {
        "original": 2.0,
        "perturbed": 2.0
      },
      "perturbation_stats": {
        "median": 2.0,
        "mean": 2.0,
        "std": 0.0
      }
    },
    {
      "id": "q3-3",
      "question_id": "q3",
      "human_scores": [
        5.0,
        7.0,
        5.0
      ],
      "mean": 5.666666666666667,
      "std": 1.1547005383792515,
      "model_score": 2.0,
      "perturbation_scores": {
        "original": 2.0,
        "perturbed": 2.0
      },
      "perturbation_stats": {
        "median": 2.0,
        "mean": 2.0,
        "std": 0.0
      }
    },
    {
      "id": "q3-4",
      "question_id": "q3",
      "human_scores": [
        10.0,
        10.0,
        10.0
      ],
      "mean": 10.0,
      "std": 0.0,
      "model_score": 2.0,
      "perturbation_scores": {
        "original": 2.0,
        "perturbed": 2.0
      },
      "perturbation_stats": {
        "median": 2.0,
        "mean": 2.0,
        "std": 0.0
      }
    },
    {
      "id": "q3-5",
      "question_id": "q3",
      "human_scores": [
        12.0,
        8.0,
        9.0
      ],
      "mean": 9.666666666666666,
      "std": 2.0816659994661326,
      "model_score": 2.0,
      "perturbation_scores": {
        "original": 2.0,
        "perturbed": 2.0
      },
      "perturbation_stats": {
        "median": 2.0,
        "mean": 2.0,
        "std": 0.0
      }
    },
    {
      "id": "q3-6",
      "question_id": "q3",
      "human_scores": [
        15.0,
        15.0,
        15.0
      ],
      "mean": 15.0,
      "std": 0.0,
      "model_score": 2.0,
      "perturbation_scores": {
        "original": 2.0,
        "perturbed": 2.0
      },
      "perturbation_stats": {
        "median": 2.0,
        "mean": 2.0,
        "std": 0.0
      }
    },
    {
      "id": "q3-7",
      "question_id": "q3",
      "human_scores": [
        15.0,
        15.0,
        15.0
      ],
      "mean": 15.0,
      "std": 0.0,
      "model_score": 2.0,
      "perturbation_scores": {
        "original": 2.0,
        "perturbed": 2.0
      },
      "perturbation_stats": {
        "median": 2.0,
        "mean": 2.0,
        "std": 0.0
      }
    },
    {
      "id": "q3-8",
      "question_id": "q3",
      "human_scores": [
        15.0,
        15.0,
        15.0
      ],
      "mean": 15.0,
      "std": 0.0,
      "model_score": 2.0,
      "perturbation_scores": {
        "original": 2.0,
        "perturbed": 2.0
      },
      "perturbation_stats": {
        "median": 2.0,
        "mean": 2.0,
        "std": 0.0
      }
    },
    {
      "id": "q3-9",
      "question_id": "q3",
      "human_scores": [
        12.0,
        10.0,
        10.0
      ],
      "mean": 10.666666666666666,
      "std": 1.1547005383792515,
      "model_score": 0.0,
      "perturbation_scores": {
        "original": 0.0,
        "perturbed": 0.0
      },
      "perturbation_stats": {
        "median": 0.0,
        "mean": 0.0,
        "std": 0.0
      }
    },
    {
      "id": "q3-10",
      "question_id": "q3",
      "human_scores": [
        5.0,
        5.0,
        5.0
      ],
      "mean": 5.0,
      "std": 0.0,
      "model_score": 2.0,
      "perturbation_scores": {
        "original": 2.0,
        "perturbed": 2.0
      },
      "perturbation_stats": {
        "median": 2.0,
        "mean": 2.0,
        "std": 0.0
      }
    },
    {
      "id": "q3-11",
      "question_id": "q3",
      "human_scores": [
        15.0,
        15.0,
        15.0
      ],
      "mean": 15.0,
      "std": 0.0,
      "model_score": 2.0,
      "perturbation_scores": {
        "original": 2.0,
        "perturbed": 2.0
      },
      "perturbation_stats": {
        "median": 2.0,
        "mean": 2.0,
        "std": 0.0
      }
    },
    {
      "id": "q3-12",
      "question_id": "q3",
      "human_scores": [
        10.0,
        12.0,
        10.0
      ],
      "mean": 10.666666666666666,
      "std": 1.1547005383792515,
      "model_score": 1.0,
      "perturbation_scores": {
        "original": 2.0,
        "perturbed": 0.0
      },
      "perturbation_stats": {
        "median": 1.0,
        "mean": 1.0,
        "std": 1.4142135623730951
      }
    },
    {
      "id": "q3-13",
      "question_id": "q3",
      "human_scores": [
        7.0,
        5.0,
        3.0
      ],
      "mean": 5.0,
      "std": 2.0,
      "model_score": 0.0,
      "perturbation_scores": {
        "original": 0.0,
        "perturbed": 0.0
      },
      "perturbation_stats": {
        "median": 0.0,
        "mean": 0.0,
        "std": 0.0
      }
    },
    {
      "id": "q3-14",
      "question_id": "q3",
      "human_scores": [
        15.0,
        15.0,
        15.0
      ],
      "mean": 15.0,
      "std": 0.0,
      "model_score": 1.0,
      "perturbation_scores": {
        "original": 2.0,
        "perturbed": 0.0
      },
      "perturbation_stats": {
        "median": 1.0,
        "mean": 1.0,
        "std": 1.4142135623730951
      }
    },
    {
      "id": "q3-15",
      "question_id": "q3",
      "human_scores": [
        10.0,
        5.0,
        7.0
      ],
      "mean": 7.333333333333333,
      "std": 2.516611478423583,
      "model_score": 2.0,
      "perturbation_scores": {
        "original": 2.0,
        "perturbed": 2.0
      },
      "perturbation_stats": {
        "median": 2.0,
        "mean": 2.0,
        "std": 0.0
      }
    },
    {
      "id": "q3-16",
      "question_id": "q3",
      "human_scores": [
        10.0,
        5.0,
        8.0
      ],
      "mean": 7.666666666666667,
      "std": 2.516611478423583,
      "model_score": 2.0,
      "perturbation_scores": {
        "original": 2.0,
        "perturbed": 2.0
      },
      "perturbation_stats": {
        "median": 2.0,
        "mean": 2.0,
        "std": 0.0
      }
    },
    {
      "id": "q3-17",
      "question_id": "q3",
      "human_scores": [
        7.0,
        5.0,
        5.0
      ],
      "mean": 5.666666666666667,
      "std": 1.1547005383792515,
      "model_score": 2.0,
      "perturbation_scores": {
        "original": 2.0,
        "perturbed": 2.0
      },
      "perturbation_stats": {
        "median": 2.0,
        "mean": 2.0,
        "std": 0.0
      }
    },
    {
      "id": "q3-18",
      "question_id": "q3",
      "human_scores": [
        5.0,
        5.0,
        4.0
      ],
      "mean": 4.666666666666667,
      "std": 0.5773502691896257,
      "model_score": 2.0,
      "perturbation_scores": {
        "original": 2.0,
        "perturbed": 2.0
      },
      "perturbation_stats": {
        "median": 2.0,
        "mean": 2.0,
        "std": 0.0
      }
    },
    {
      "id": "q3-19",
      "question_id": "q3",
      "human_scores": [
        8.0,
        9.0,
        7.0
      ],
      "mean": 8.0,
      "std": 1.0,
      "model_score": 2.0,
      "perturbation_scores": {
        "original": 2.0,
        "perturbed": 2.0
      },
      "perturbation_stats": {
        "median": 2.0,
        "mean": 2.0,
        "std": 0.0
      }
    },
    {
      "id": "q3-20",
      "question_id": "q3",
      "human_scores": [
        5.0,
        5.0,
        5.0
      ],
      "mean": 5.0,
      "std": 0.0,
      "model_score": 0.0,
      "perturbation_scores": {
        "original": 0.0,
        "perturbed": 0.0
      },
      "perturbation_stats": {
        "median": 0.0,
        "mean": 0.0,
        "std": 0.0
      }
    },
    {
      "id": "q3-21",
      "question_id": "q3",
      "human_scores": [
        15.0,
        15.0,
        15.0
      ],
      "mean": 15.0,
      "std": 0.0,
      "model_score": 2.0,
      "perturbation_scores": {
        "original": 2.0,
        "perturbed": 2.0
      },
      "perturbation_stats": {
        "median": 2.0,
        "mean": 2.0,
        "std": 0.0
      }
    },
    {
      "id": "q3-22",
      "question_id": "q3",
      "human_scores": [
        10.0,
        12.0,
        10.0
      ],
      "mean": 10.666666666666666,
      "std": 1.1547005383792515,
      "model_score": 2.0,
      "perturbation_scores": {
        "original": 2.0,
        "perturbed": 2.0
      },
      "perturbation_stats": {
        "median": 2.0,
        "mean": 2.0,
        "std": 0.0
      }
    },
    {
      "id": "q3-23",
      "question_id": "q3",
      "human_scores": [
        10.0,
        5.0,
        7.0
      ],
      "mean": 7.333333333333333,
      "std": 2.516611478423583,
      "model_score": 0.0,
      "perturbation_scores": {
        "original": 0.0,
        "perturbed": 0.0
      },
      "perturbation_stats": {
        "median": 0.0,
        "mean": 0.0,
        "std": 0.0
      }
    },
    {
      "id": "q3-24",
      "question_id": "q3",
      "human_scores": [
        13.0,
        10.0,
        10.0
      ],
      "mean": 11.0,
      "std": 1.7320508075688772,
      "model_score": 2.0,
      "perturbation_scores": {
        "original": 2.0,
        "perturbed": 2.0
      },
      "perturbation_stats": {
        "median": 2.0,
        "mean": 2.0,
        "std": 0.0
      }
    },
    {
      "id": "q3-25",
      "question_id": "q3",
      "human_scores": [
        11.0,
        10.0,
        10.0
      ],
      "mean": 10.333333333333334,
      "std": 0.5773502691896257,
      "model_score": 2.0,
      "perturbation_scores": {
        "original": 2.0,
        "perturbed": 2.0
      },
      "perturbation_stats": {
        "median": 2.0,
        "mean": 2.0,
        "std": 0.0
      }
    },
    {
      "id": "q3-26",
      "question_id": "q3",
      "human_scores": [
        5.0,
        9.0,
        7.0
      ],
      "mean": 7.0,
      "std": 2.0,
      "model_score": 0.0,
      "perturbation_scores": {
        "original": 0.0,
        "perturbed": 0.0
      },
      "perturbation_stats": {
        "median": 0.0,
        "mean": 0.0,
        "std": 0.0
      }
    },
    {
      "id": "q3-27",
      "question_id": "q3",
      "human_scores": [
        15.0,
        13.0,
        15.0
      ],
      "mean": 14.333333333333334,
      "std": 1.1547005383792515,
      "model_score": 2.0,
      "perturbation_scores": {
        "original": 2.0,
        "perturbed": 2.0
      },
      "perturbation_stats": {
        "median": 2.0,
        "mean": 2.0,
        "std": 0.0
      }
    },
    {
      "id": "q3-28",
      "question_id": "q3",
      "human_scores": [
        8.0,
        7.0,
        5.0
      ],
      "mean": 6.666666666666667,
      "std": 1.5275252316519468,
      "model_score": 0.0,
      "perturbation_scores": {
        "original": 0.0,
        "perturbed": 0.0
      },
      "perturbation_stats": {
        "median": 0.0,
        "mean": 0.0,
        "std": 0.0
      }
    },
    {
      "id": "q3-29",
      "question_id": "q3",
      "human_scores": [
        8.0,
        10.0,
        9.0
      ],
      "mean": 9.0,
      "std": 1.0,
      "model_score": 0.0,
      "perturbation_scores": {
        "original": 0.0,
        "perturbed": 0.0
      },
      "perturbation_stats": {
        "median": 0.0,
        "mean": 0.0,
        "std": 0.0
      }
    },
    {
      "id": "q3-30",
      "question_id": "q3",
      "human_scores": [
        10.0,
        12.0,
        10.0
      ],
      "mean": 10.666666666666666,
      "std": 1.1547005383792515,
      "model_score": 2.0,
      "perturbation_scores": {
        "original": 2.0,
        "perturbed": 2.0
      },
      "perturbation_stats": {
        "median": 2.0,
        "mean": 2.0,
        "std": 0.0
      }
    },
    {
      "id": "q3-31",
      "question_id": "q3",
      "human_scores": [
        5.0,
        7.0,
        5.0
      ],
      "mean": 5.666666666666667,
      "std": 1.1547005383792515,
      "model_score": 0.0,
      "perturbation_scores": {
        "original": 0.0,
        "perturbed": 0.0
      },
      "perturbation_stats": {
        "median": 0.0,
        "mean": 0.0,
        "std": 0.0
      }
    },
    {
      "id": "q3-32",
      "question_id": "q3",
      "human_scores": [
        13.0,
        15.0,
        13.0
      ],
      "mean": 13.666666666666666,
      "std": 1.1547005383792515,
      "model_score": 2.0,
      "perturbation_scores": {
        "original": 2.0,
        "perturbed": 2.0
      },
      "perturbation_stats": {
        "median": 2.0,
        "mean": 2.0,
        "std": 0.0
      }
    },
    {
      "id": "q3-33",
      "question_id": "q3",
      "human_scores": [
        10.0,
        7.0,
        7.0
      ],
      "mean": 8.0,
      "std": 1.7320508075688772,
      "model_score": 2.0,
      "perturbation_scores": {
        "original": 2.0,
        "perturbed": 2.0
      },
      "perturbation_stats": {
        "median": 2.0,
        "mean": 2.0,
        "std": 0.0
      }
    },
    {
      "id": "q3-34",
      "question_id": "q3",
      "human_scores": [
        10.0,
        12.0,
        10.0
      ],
      "mean": 10.666666666666666,
      "std": 1.1547005383792515,
      "model_score": 2.0,
      "perturbation_scores": {
        "original": 2.0,
        "perturbed": 2.0
      },
      "perturbation_stats": {
        "median": 2.0,
        "mean": 2.0,
        "std": 0.0
      }
    },
    {
      "id": "q3-35",
      "question_id": "q3",
      "human_scores": [
        15.0,
        10.0,
        13.0
      ],
      "mean": 12.666666666666666,
      "std": 2.516611478423583,
      "model_score": 2.0,
      "perturbation_scores": {
        "original": 2.0,
        "perturbed": 2.0
      },
      "perturbation_stats": {
        "median": 2.0,
        "mean": 2.0,
        "std": 0.0
      }
    },
    {
      "id": "q3-36",
      "question_id": "q3",
      "human_scores": [
        15.0,
        15.0,
        15.0
      ],
      "mean": 15.0,
      "std": 0.0,
      "model_score": 2.0,
      "perturbation_scores": {
        "original": 2.0,
        "perturbed": 2.0
      },
      "perturbation_stats": {
        "median": 2.0,
        "mean": 2.0,
        "std": 0.0
      }
    },
    {
      "id": "q3-37",
      "question_id": "q3",
      "human_scores": [
        10.0,
        10.0,
        10.0
      ],
      "mean": 10.0,
      "std": 0.0,
      "model_score": 2.0,
      "perturbation_scores": {
        "original": 2.0,
        "perturbed": 2.0
      },
      "perturbation_stats": {
        "median": 2.0,
        "mean": 2.0,
        "std": 0.0
      }
    },
    {
      "id": "q3-38",
      "question_id": "q3",
      "human_scores": [
        15.0,
        13.0,
        15.0
      ],
      "mean": 14.333333333333334,
      "std": 1.1547005383792515,
      "model_score": 2.0,
      "perturbation_scores": {
        "original": 2.0,
        "perturbed": 2.0
      },
      "perturbation_stats": {
        "median": 2.0,
        "mean": 2.0,
        "std": 0.0
      }
    },
    {
      "id": "q3-39",
      "question_id": "q3",
      "human_scores": [
        10.0,
        15.0,
        15.0
      ],
      "mean": 13.333333333333334,
      "std": 2.8867513459481287,
      "model_score": 2.0,
      "perturbation_scores": {
        "original": 2.0,
        "perturbed": 2.0
      },
      "perturbation_stats": {
        "median": 2.0,
        "mean": 2.0,
        "std": 0.0
      }
    },
    {
      "id": "q3-40",
      "question_id": "q3",
      "human_scores": [
        1.0,
        0.0,
        0.0
      ],
      "mean": 0.3333333333333333,
      "std": 0.5773502691896257,
      "model_score": 0.0,
      "perturbation_scores": {
        "original": 0.0,
        "perturbed": 0.0
      },
      "perturbation_stats": {
        "median": 0.0,
        "mean": 0.0,
        "std": 0.0
      }
    },
    {
      "id": "q4-1",
      "question_id": "q4",
      "human_scores": [
        8.0,
        8.0,
        8.0
      ],
      "mean": 8.0,
      "std": 0.0,
      "model_score": 0.0,
      "perturbation_scores": {
        "original": 0.0,
        "perturbed": 0.0
      },
      "perturbation_stats": {
        "median": 0.0,
        "mean": 0.0,
        "std": 0.0
      }
    },
    {
      "id": "q4-2",
      "question_id": "q4",
      "human_scores": [
        16.0,
        16.0,
        16.0
      ],
      "mean": 16.0,
      "std": 0.0,
      "model_score": 0.0,
      "perturbation_scores": {
        "original": 0.0,
        "perturbed": 0.0
      },
      "perturbation_stats": {
        "median": 0.0,
        "mean": 0.0,
        "std": 0.0
      }
    },
    {
      "id": "q4-3",
      "question_id": "q4",
      "human_scores": [
        8.0,
        8.0,
        8.0
      ],
      "mean": 8.0,
      "std": 0.0,
      "model_score": 0.0,
      "perturbation_scores": {
        "original": 0.0,
        "perturbed": 0.0
      },
      "perturbation_stats": {
        "median": 0.0,
        "mean": 0.0,
        "std": 0.0
      }
    },
    {
      "id": "q4-4",
      "question_id": "q4",
      "human_scores": [
        16.0,
        8.0,
        8.0
      ],
      "mean": 10.666666666666666,
      "std": 4.618802153517006,
      "model_score": 0.0,
      "perturbation_scores": {
        "original": 0.0,
        "perturbed": 0.0
      },
      "perturbation_stats": {
        "median": 0.0,
        "mean": 0.0,
        "std": 0.0
      }
    },
    {
      "id": "q4-5",
      "question_id": "q4",
      "human_scores": [
        8.0,
        8.0,
        8.0
      ],
      "mean": 8.0,
      "std": 0.0,
      "model_score": 0.0,
      "perturbation_scores": {
        "original": 0.0,
        "perturbed": 0.0
      },
      "perturbation_stats": {
        "median": 0.0,
        "mean": 0.0,
        "std": 0.0
      }
    },
    {
      "id": "q4-6",
      "question_id": "q4",
      "human_scores": [
        8.0,
        8.0,
        8.0
      ],
      "mean": 8.0,
      "std": 0.0,
      "model_score": 0.0,
      "perturbation_scores": {
        "original": 0.0,
        "perturbed": 0.0
      },
      "perturbation_stats": {
        "median": 0.0,
        "mean": 0.0,
        "std": 0.0
      }
    },
    {
      "id": "q4-7",
      "question_id": "q4",
      "human_scores": [
        16.0,
        16.0,
        16.0
      ],
      "mean": 16.0,
      "std": 0.0,
      "model_score": 0.0,
      "perturbation_scores": {
        "original": 0.0,
        "perturbed": 0.0
      },
      "perturbation_stats": {
        "median": 0.0,
        "mean": 0.0,
        "std": 0.0
      }
    },
    {
      "id": "q4-8",
      "question_id": "q4",
      "human_scores": [
        16.0,
        16.0,
        16.0
      ],
      "mean": 16.0,
      "std": 0.0,
      "model_score": 0.0,
      "perturbation_scores": {
        "original": 0.0,
        "perturbed": 0.0
      },
      "perturbation_stats": {
        "median": 0.0,
        "mean": 0.0,
        "std": 0.0
      }
    },
    {
      "id": "q4-9",
      "question_id": "q4",
      "human_scores": [
        8.0,
        8.0,
        8.0
      ],
      "mean": 8.0,
      "std": 0.0,
      "model_score": 0.0,
      "perturbation_scores": {
        "original": 0.0,
        "perturbed": 0.0
      },
      "perturbation_stats": {
        "median": 0.0,
        "mean": 0.0,
        "std": 0.0
      }
    },
    {
      "id": "q4-10",
      "question_id": "q4",
      "human_scores": [
        16.0,
        16.0,
        16.0
      ],
      "mean": 16.0,
      "std": 0.0,
      "model_score": 0.0,
      "perturbation_scores": {
        "original": 0.0,
        "perturbed": 0.0
      },
      "perturbation_stats": {
        "median": 0.0,
        "mean": 0.0,
        "std": 0.0
      }
    },
    {
      "id": "q4-11",
      "question_id": "q4",
      "human_scores": [
        8.0,
        8.0,
        8.0
      ],
      "mean": 8.0,
      "std": 0.0,
      "model_score": 0.0,
      "perturbation_scores": {
        "original": 0.0,
        "perturbed": 0.0
      },
      "perturbation_stats": {
        "median": 0.0,
        "mean": 0.0,
        "std": 0.0
      }
    },
    {
      "id": "q4-12",
      "question_id": "q4",
      "human_scores": [
        16.0,
        16.0,
        16.0
      ],
      "mean": 16.0,
      "std": 0.0,
      "model_score": 0.0,
      "perturbation_scores": {
        "original": 0.0,
        "perturbed": 0.0
      },
      "perturbation_stats": {
        "median": 0.0,
        "mean": 0.0,
        "std": 0.0
      }
    },
    {
      "id": "q4-13",
      "question_id": "q4",
      "human_scores": [
        8.0,
        8.0,
        8.0
      ],
      "mean": 8.0,
      "std": 0.0,
      "model_score": 0.0,
      "perturbation_scores": {
        "original": 0.0,
        "perturbed": 0.0
      },
      "perturbation_stats": {
        "median": 0.0,
        "mean": 0.0,
        "std": 0.0
      }
    },
    {
      "id": "q4-14",
      "question_id": "q4",
      "human_scores": [
        8.0,
        8.0,
        8.0
      ],
      "mean": 8.0,
      "std": 0.0,
      "model_score": 0.0,
      "perturbation_scores": {
        "original": 0.0,
        "perturbed": 0.0
      },
      "perturbation_stats": {
        "median": 0.0,
        "mean": 0.0,
        "std": 0.0
      }
    },
    {
      "id": "q4-15",
      "question_id": "q4",
      "human_scores": [
        8.0,
        8.0,
        8.0
      ],
      "mean": 8.0,
      "std": 0.0,
      "model_score": 0.0,
      "perturbation_scores": {
        "original": 0.0,
        "perturbed": 0.0
      },
      "perturbation_stats": {
        "median": 0.0,
        "mean": 0.0,
        "std": 0.0
      }
    },
    {
      "id": "q4-16",
      "question_id": "q4",
      "human_scores": [
        16.0,
        16.0,
        16.0
      ],
      "mean": 16.0,
      "std": 0.0,
      "model_score": 0.0,
      "perturbation_scores": {
        "original": 0.0,
        "perturbed": 0.0
      },
      "perturbation_stats": {
        "median": 0.0,
        "mean": 0.0,
        "std": 0.0
      }
    },
    {
      "id": "q4-17",
      "question_id": "q4",
      "human_scores": [
        8.0,
        8.0,
        8.0
      ],
      "mean": 8.0,
      "std": 0.0,
      "model_score": 0.0,
      "perturbation_scores": {
        "original": 0.0,
        "perturbed": 0.0
      },
      "perturbation_stats": {
        "median": 0.0,
        "mean": 0.0,
        "std": 0.0
      }
    },
    {
      "id": "q4-18",
      "question_id": "q4",
      "human_scores": [
        16.0,
        16.0,
        16.0
      ],
      "mean": 16.0,
      "std": 0.0,
      "model_score": 0.0,
      "perturbation_scores": {
        "original": 0.0,
        "perturbed": 0.0
      },
      "perturbation_stats": {
        "median": 0.0,
        "mean": 0.0,
        "std": 0.0
      }
    },
    {
      "id": "q4-19",
      "question_id": "q4",
      "human_scores": [
        16.0,
        16.0,
        16.0
      ],
      "mean": 16.0,
      "std": 0.0,
      "model_score": 0.0,
      "perturbation_scores": {
        "original": 0.0,
        "perturbed": 0.0
      },
      "perturbation_stats": {
        "median": 0.0,
        "mean": 0.0,
        "std": 0.0
      }
    },
    {
      "id": "q4-20",
      "question_id": "q4",
      "human_scores": [
        16.0,
        16.0,
        16.0
      ],
      "mean": 16.0,
      "std": 0.0,
      "model_score": 0.0,
      "perturbation_scores": {
        "original": 0.0,
        "perturbed": 0.0
      },
      "perturbation_stats": {
        "median": 0.0,
        "mean": 0.0,
        "std": 0.0
      }
    },
    {
      "id": "q4-21",
      "question_id": "q4",
      "human_scores": [
        16.0,
        16.0,
        16.0
      ],
      "mean": 16.0,
      "std": 0.0,
      "model_score": 0.0,
      "perturbation_scores": {
        "original": 0.0,
        "perturbed": 0.0
      },
      "perturbation_stats": {
        "median": 0.0,
        "mean": 0.0,
        "std": 0.0
      }
    },
    {
      "id": "q4-22",
      "question_id": "q4",
      "human_scores": [
        8.0,
        8.0,
        8.0
      ],
      "mean": 8.0,
      "std": 0.0,
      "model_score": 0.0,
      "perturbation_scores": {
        "original": 0.0,
        "perturbed": 0.0
      },
      "perturbation_stats": {
        "median": 0.0,
        "mean": 0.0,
        "std": 0.0
      }
    },
    {
      "id": "q4-23",
      "question_id": "q4",
      "human_scores": [
        2.0,
        0.0,
        0.0
      ],
      "mean": 0.6666666666666666,
      "std": 1.1547005383792515,
      "model_score": 0.0,
      "perturbation_scores": {
        "original": 0.0,
        "perturbed": 0.0
      },
      "perturbation_stats": {
        "median": 0.0,
        "mean": 0.0,
        "std": 0.0
      }
    },
    {
      "id": "q4-24",
      "question_id": "q4",
      "human_scores": [
        16.0,
        16.0,
        16.0
      ],
      "mean": 16.0,
      "std": 0.0,
      "model_score": 0.0,
      "perturbation_scores": {
        "original": 0.0,
        "perturbed": 0.0
      },
      "perturbation_stats": {
        "median": 0.0,
        "mean": 0.0,
        "std": 0.0
      }
    },
    {
      "id": "q4-25",
      "question_id": "q4",
      "human_scores": [
        16.0,
        16.0,
        16.0
      ],
      "mean": 16.0,
      "std": 0.0,
      "model_score": 0.0,
      "perturbation_scores": {
        "original": 0.0,
        "perturbed": 0.0
      },
      "perturbation_stats": {
        "median": 0.0,
        "mean": 0.0,
        "std": 0.0
      }
    },
    {
      "id": "q4-26",
      "question_id": "q4",
      "human_scores": [
        0.0,
        0.0,
        0.0
      ],
      "mean": 0.0,
      "std": 0.0,
      "model_score": 0.0,
      "perturbation_scores": {
        "original": 0.0,
        "perturbed": 0.0
      },
      "perturbation_stats": {
        "median": 0.0,
        "mean": 0.0,
        "std": 0.0
      }
    },
    {
      "id": "q4-27",
      "question_id": "q4",
      "human_scores": [
        16.0,
        16.0,
        16.0
      ],
      "mean": 16.0,
      "std": 0.0,
      "model_score": 0.0,
      "perturbation_scores": {
        "original": 0.0,
        "perturbed": 0.0
      },
      "perturbation_stats": {
        "median": 0.0,
        "mean": 0.0,
        "std": 0.0
      }
    },
    {
      "id": "q4-28",
      "question_id": "q4",
      "human_scores": [
        2.0,
        0.0,
        0.0
      ],
      "mean": 0.6666666666666666,
      "std": 1.1547005383792515,
      "model_score": 0.0,
      "perturbation_scores": {
        "original": 0.0,
        "perturbed": 0.0
      },
      "perturbation_stats": {
        "median": 0.0,
        "mean": 0.0,
        "std": 0.0
      }
    },
    {
      "id": "q4-29",
      "question_id": "q4",
      "human_scores": [
        16.0,
        16.0,
        16.0
      ],
      "mean": 16.0,
      "std": 0.0,
      "model_score": 0.0,
      "perturbation_scores": {
        "original": 0.0,
        "perturbed": 0.0
      },
      "perturbation_stats": {
        "median": 0.0,
        "mean": 0.0,
        "std": 0.0
      }
    },
    {
      "id": "q4-30",
      "question_id": "q4",
      "human_scores": [
        0.0,
        0.0,
        0.0
      ],
      "mean": 0.0,
      "std": 0.0,
      "model_score": 0.0,
      "perturbation_scores": {
        "original": 0.0,
        "perturbed": 0.0
      },
      "perturbation_stats": {
        "median": 0.0,
        "mean": 0.0,
        "std": 0.0
      }
    },
    {
      "id": "q4-31",
      "question_id": "q4",
      "human_scores": [
        8.0,
        8.0,
        8.0
      ],
      "mean": 8.0,
      "std": 0.0,
      "model_score": 0.0,
      "perturbation_scores": {
        "original": 0.0,
        "perturbed": 0.0
      },
      "perturbation_stats": {
        "median": 0.0,
        "mean": 0.0,
        "std": 0.0
      }
    },
    {
      "id": "q4-32",
      "question_id": "q4",
      "human_scores": [
        8.0,
        8.0,
        8.0
      ],
      "mean": 8.0,
      "std": 0.0,
      "model_score": 0.0,
      "perturbation_scores": {
        "original": 0.0,
        "perturbed": 0.0
      },
      "perturbation_stats": {
        "median": 0.0,
        "mean": 0.0,
        "std": 0.0
      }
    },
    {
      "id": "q4-33",
      "question_id": "q4",
      "human_scores": [
        16.0,
        16.0,
        16.0
      ],
      "mean": 16.0,
      "std": 0.0,
      "model_score": 0.0,
      "perturbation_scores": {
        "original": 0.0,
        "perturbed": 0.0
      },
      "perturbation_stats": {
        "median": 0.0,
        "mean": 0.0,
        "std": 0.0
      }
    },
    {
      "id": "q4-34",
      "question_id": "q4",
      "human_scores": [
        16.0,
        16.0,
        16.0
      ],
      "mean": 16.0,
      "std": 0.0,
      "model_score": 0.0,
      "perturbation_scores": {
        "original": 0.0,
        "perturbed": 0.0
      },
      "perturbation_stats": {
        "median": 0.0,
        "mean": 0.0,
        "std": 0.0
      }
    },
    {
      "id": "q4-35",
      "question_id": "q4",
      "human_scores": [
        16.0,
        8.0,
        8.0
      ],
      "mean": 10.666666666666666,
      "std": 4.618802153517006,
      "model_score": 0.0,
      "perturbation_scores": {
        "original": 0.0,
        "perturbed": 0.0
      },
      "perturbation_stats": {
        "median": 0.0,
        "mean": 0.0,
        "std": 0.0
      }
    },
    {
      "id": "q4-36",
      "question_id": "q4",
      "human_scores": [
        8.0,
        8.0,
        8.0
      ],
      "mean": 8.0,
      "std": 0.0,
      "model_score": 0.0,
      "perturbation_scores": {
        "original": 0.0,
        "perturbed": 0.0
      },
      "perturbation_stats": {
        "median": 0.0,
        "mean": 0.0,
        "std": 0.0
      }
    },
    {
      "id": "q4-37",
      "question_id": "q4",
      "human_scores": [
        8.0,
        8.0,
        8.0
      ],
      "mean": 8.0,
      "std": 0.0,
      "model_score": 0.0,
      "perturbation_scores": {
        "original": 0.0,
        "perturbed": 0.0
      },
      "perturbation_stats": {
        "median": 0.0,
        "mean": 0.0,
        "std": 0.0
      }
    },
    {
      "id": "q4-38",
      "question_id": "q4",
      "human_scores": [
        10.0,
        0.0,
        0.0
      ],
      "mean": 3.3333333333333335,
      "std": 5.773502691896257,
      "model_score": 0.0,
      "perturbation_scores": {
        "original": 0.0,
        "perturbed": 0.0
      },
      "perturbation_stats": {
        "median": 0.0,
        "mean": 0.0,
        "std": 0.0
      }
    },
    {
      "id": "q4-39",
      "question_id": "q4",
      "human_scores": [
        16.0,
        16.0,
        16.0
      ],
      "mean": 16.0,
      "std": 0.0,
      "model_score": 0.0,
      "perturbation_scores": {
        "original": 0.0,
        "perturbed": 0.0
      },
      "perturbation_stats": {
        "median": 0.0,
        "mean": 0.0,
        "std": 0.0
      }
    },
    {
      "id": "q4-40",
      "question_id": "q4",
      "human_scores": [
        8.0,
        8.0,
        8.0
      ],
      "mean": 8.0,
      "std": 0.0,
      "model_score": 0.0,
      "perturbation_scores": {
        "original": 0.0,
        "perturbed": 0.0
      },
      "perturbation_stats": {
        "median": 0.0,
        "mean": 0.0,
        "std": 0.0
      }
    },
    {
      "id": "q5-1",
      "question_id": "q5",
      "human_scores": [
        13.0,
        15.0,
        13.0
      ],
      "mean": 13.666666666666666,
      "std": 1.1547005383792515,
      "model_score": 0.0,
      "perturbation_scores": {
        "original": 0.0,
        "perturbed": 0.0
      },
      "perturbation_stats": {
        "median": 0.0,
        "mean": 0.0,
        "std": 0.0
      }
    },
    {
      "id": "q5-2",
      "question_id": "q5",
      "human_scores": [
        27.0,
        27.0,
        27.0
      ],
      "mean": 27.0,
      "std": 0.0,
      "model_score": 0.0,
      "perturbation_scores": {
        "original": 0.0,
        "perturbed": 0.0
      },
      "perturbation_stats": {
        "median": 0.0,
        "mean": 0.0,
        "std": 0.0
      }
    },
    {
      "id": "q5-3",
      "question_id": "q5",
      "human_scores": [
        1.0,
        0.0,
        0.0
      ],
      "mean": 0.3333333333333333,
      "std": 0.5773502691896257,
      "model_score": 0.0,
      "perturbation_scores": {
        "original": 0.0,
        "perturbed": 0.0
      },
      "perturbation_stats": {
        "median": 0.0,
        "mean": 0.0,
        "std": 0.0
      }
    },
    {
      "id": "q5-4",
      "question_id": "q5",
      "human_scores": [
        2.0,
        5.0,
        3.0
      ],
      "mean": 3.3333333333333335,
      "std": 1.5275252316519468,
      "model_score": 0.0,
      "perturbation_scores": {
        "original": 0.0,
        "perturbed": 0.0
      },
      "perturbation_stats": {
        "median": 0.0,
        "mean": 0.0,
        "std": 0.0
      }
    },
    {
      "id": "q5-5",
      "question_id": "q5",
      "human_scores": [
        2.0,
        4.0,
        3.0
      ],
      "mean": 3.0,
      "std": 1.0,
      "model_score": 0.0,
      "perturbation_scores": {
        "original": 0.0,
        "perturbed": 0.0
      },
      "perturbation_stats": {
        "median": 0.0,
        "mean": 0.0,
        "std": 0.0
      }
    },
    {
      "id": "q5-6",
      "question_id": "q5",
      "human_scores": [
        3.0,
        3.0,
        3.0
      ],
      "mean": 3.0,
      "std": 0.0,
      "model_score": 0.0,
      "perturbation_scores": {
        "original": 0.0,
        "perturbed": 0.0
      },
      "perturbation_stats": {
        "median": 0.0,
        "mean": 0.0,
        "std": 0.0
      }
    },
    {
      "id": "q5-7",
      "question_id": "q5",
      "human_scores": [
        4.0,
        3.0,
        3.0
      ],
      "mean": 3.3333333333333335,
      "std": 0.5773502691896257,
      "model_score": 0.0,
      "perturbation_scores": {
        "original": 0.0,
        "perturbed": 0.0
      },
      "perturbation_stats": {
        "median": 0.0,
        "mean": 0.0,
        "std": 0.0
      }
    },
    {
      "id": "q5-8",
      "question_id": "q5",
      "human_scores": [
        11.0,
        15.0,
        12.0
      ],
      "mean": 12.666666666666666,
      "std": 2.0816659994661326,
      "model_score": 0.0,
      "perturbation_scores": {
        "original": 0.0,
        "perturbed": 0.0
      },
      "perturbation_stats": {
        "median": 0.0,
        "mean": 0.0,
        "std": 0.0
      }
    },
    {
      "id": "q5-9",
      "question_id": "q5",
      "human_scores": [
        8.0,
        16.0,
        12.0
      ],
      "mean": 12.0,
      "std": 4.0,
      "model_score": 0.0,
      "perturbation_scores": {
        "original": 0.0,
        "perturbed": 0.0
      },
      "perturbation_stats": {
        "median": 0.0,
        "mean": 0.0,
        "std": 0.0
      }
    },
    {
      "id": "q5-10",
      "question_id": "q5",
      "human_scores": [
        18.0,
        20.0,
        21.0
      ],
      "mean": 19.666666666666668,
      "std": 1.5275252316519468,
      "model_score": 0.0,
      "perturbation_scores": {
        "original": 0.0,
        "perturbed": 0.0
      },
      "perturbation_stats": {
        "median": 0.0,
        "mean": 0.0,
        "std": 0.0
      }
    },
    {
      "id": "q5-11",
      "question_id": "q5",
      "human_scores": [
        27.0,
        27.0,
        27.0
      ],
      "mean": 27.0,
      "std": 0.0,
      "model_score": 0.0,
      "perturbation_scores": {
        "original": 0.0,
        "perturbed": 0.0
      },
      "perturbation_stats": {
        "median": 0.0,
        "mean": 0.0,
        "std": 0.0
      }
    },
    {
      "id": "q5-12",
      "question_id": "q5",
      "human_scores": [
        11.0,
        15.0,
        12.0
      ],
      "mean": 12.666666666666666,
      "std": 2.0816659994661326,
      "model_score": 0.0,
      "perturbation_scores": {
        "original": 0.0,
        "perturbed": 0.0
      },
      "perturbation_stats": {
        "median": 0.0,
        "mean": 0.0,
        "std": 0.0
      }
    },
    {
      "id": "q5-13",
      "question_id": "q5",
      "human_scores": [
        15.0,
        13.0,
        12.0
      ],
      "mean": 13.333333333333334,
      "std": 1.5275252316519468,
      "model_score": 0.0,
      "perturbation_scores": {
        "original": 0.0,
        "perturbed": 0.0
      },
      "perturbation_stats": {
        "median": 0.0,
        "mean": 0.0,
        "std": 0.0
      }
    },
    {
      "id": "q5-14",
      "question_id": "q5",
      "human_scores": [
        27.0,
        25.0,
        27.0
      ],
      "mean": 26.333333333333332,
      "std": 1.1547005383792515,
      "model_score": 0.0,
      "perturbation_scores": {
        "original": 0.0,
        "perturbed": 0.0
      },
      "perturbation_stats": {
        "median": 0.0,
        "mean": 0.0,
        "std": 0.0
      }
    },
    {
      "id": "q5-15",
      "question_id": "q5",
      "human_scores": [
        27.0,
        27.0,
        27.0
      ],
      "mean": 27.0,
      "std": 0.0,
      "model_score": 0.0,
      "perturbation_scores": {
        "original": 0.0,
        "perturbed": 0.0
      },
      "perturbation_stats": {
        "median": 0.0,
        "mean": 0.0,
        "std": 0.0
      }
    },
    {
      "id": "q5-16",
      "question_id": "q5",
      "human_scores": [
        12.0,
        18.0,
        15.0
      ],
      "mean": 15.0,
      "std": 3.0,
      "model_score": 0.0,
      "perturbation_scores": {
        "original": 0.0,
        "perturbed": 0.0
      },
      "perturbation_stats": {
        "median": 0.0,
        "mean": 0.0,
        "std": 0.0
      }
    },
    {
      "id": "q5-17",
      "question_id": "q5",
      "human_scores": [
        7.0,
        5.0,
        6.0
      ],
      "mean": 6.0,
      "std": 1.0,
      "model_score": 0.0,
      "perturbation_scores": {
        "original": 0.0,
        "perturbed": 0.0
      },
      "perturbation_stats": {
        "median": 0.0,
        "mean": 0.0,
        "std": 0.0
      }
    },
    {
      "id": "q5-18",
      "question_id": "q5",
      "human_scores": [
        20.0,
        16.0,
        18.0
      ],
      "mean": 18.0,
      "std": 2.0,
      "model_score": 0.0,
      "perturbation_scores": {
        "original": 0.0,
        "perturbed": 0.0
      },
      "perturbation_stats": {
        "median": 0.0,
        "mean": 0.0,
        "std": 0.0
      }
    },
    {
      "id": "q5-19",
      "question_id": "q5",
      "human_scores": [
        9.0,
        11.0,
        9.0
      ],
      "mean": 9.666666666666666,
      "std": 1.1547005383792515,
      "model_score": 0.0,
      "perturbation_scores": {
        "original": 0.0,
        "perturbed": 0.0
      },
      "perturbation_stats": {
        "median": 0.0,
        "mean": 0.0,
        "std": 0.0
      }
    },
    {
      "id": "q5-20",
      "question_id": "q5",
      "human_scores": [
        27.0,
        27.0,
        27.0
      ],
      "mean": 27.0,
      "std": 0.0,
      "model_score": 0.0,
      "perturbation_scores": {
        "original": 0.0,
        "perturbed": 0.0
      },
      "perturbation_stats": {
        "median": 0.0,
        "mean": 0.0,
        "std": 0.0
      }
    },
    {
      "id": "q5-21",
      "question_id": "q5",
      "human_scores": [
        15.0,
        10.0,
        12.0
      ],
      "mean": 12.333333333333334,
      "std": 2.516611478423583,
      "model_score": 0.0,
      "perturbation_scores": {
        "original": 0.0,
        "perturbed": 0.0
      },
      "perturbation_stats": {
        "median": 0.0,
        "mean": 0.0,
        "std": 0.0
      }
    },
    {
      "id": "q5-22",
      "question_id": "q5",
      "human_scores": [
        23.0,
        16.0,
        18.0
      ],
      "mean": 19.0,
      "std": 3.605551275463989,
      "model_score": 0.0,
      "perturbation_scores": {
        "original": 0.0,
        "perturbed": 0.0
      },
      "perturbation_stats": {
        "median": 0.0,
        "mean": 0.0,
        "std": 0.0
      }
    },
    {
      "id": "q5-23",
      "question_id": "q5",
      "human_scores": [
        6.0,
        6.0,
        3.0
      ],
      "mean": 5.0,
      "std": 1.7320508075688772,
      "model_score": 0.0,
      "perturbation_scores": {
        "original": 0.0,
        "perturbed": 0.0
      },
      "perturbation_stats": {
        "median": 0.0,
        "mean": 0.0,
        "std": 0.0
      }
    },
    {
      "id": "q5-24",
      "question_id": "q5",
      "human_scores": [
        20.0,
        27.0,
        21.0
      ],
      "mean": 22.666666666666668,
      "std": 3.7859388972001824,
      "model_score": 0.0,
      "perturbation_scores": {
        "original": 0.0,
        "perturbed": 0.0
      },
      "perturbation_stats": {
        "median": 0.0,
        "mean": 0.0,
        "std": 0.0
      }
    },
    {
      "id": "q5-25",
      "question_id": "q5",
      "human_scores": [
        5.0,
        9.0,
        3.0
      ],
      "mean": 5.666666666666667,
      "std": 3.0550504633038935,
      "model_score": 0.0,
      "perturbation_scores": {
        "original": 0.0,
        "perturbed": 0.0
      },
      "perturbation_stats": {
        "median": 0.0,
        "mean": 0.0,
        "std": 0.0
      }
    },
    {
      "id": "q5-26",
      "question_id": "q5",
      "human_scores": [
        27.0,
        27.0,
        27.0
      ],
      "mean": 27.0,
      "std": 0.0,
      "model_score": 0.0,
      "perturbation_scores": {
        "original": 0.0,
        "perturbed": 0.0
      },
      "perturbation_stats": {
        "median": 0.0,
        "mean": 0.0,
        "std": 0.0
      }
    },
    {
      "id": "q5-27",
      "question_id": "q5",
      "human_scores": [
        0.0,
        1.0,
        0.0
      ],
      "mean": 0.3333333333333333,
      "std": 0.5773502691896257,
      "model_score": 0.0,
      "perturbation_scores": {
        "original": 0.0,
        "perturbed": 0.0
      },
      "perturbation_stats": {
        "median": 0.0,
        "mean": 0.0,
        "std": 0.0
      }
    },
    {
      "id": "q5-28",
      "question_id": "q5",
      "human_scores": [
        27.0,
        27.0,
        27.0
      ],
      "mean": 27.0,
      "std": 0.0,
      "model_score": 0.0,
      "perturbation_scores": {
        "original": 0.0,
        "perturbed": 0.0
      },
      "perturbation_stats": {
        "median": 0.0,
        "mean": 0.0,
        "std": 0.0
      }
    },
    {
      "id": "q5-29",
      "question_id": "q5",
      "human_scores": [
        12.0,
        12.0,
        12.0
      ],
      "mean": 12.0,
      "std": 0.0,
      "model_score": 0.0,
      "perturbation_scores": {
        "original": 0.0,
        "perturbed": 0.0
      },
      "perturbation_stats": {
        "median": 0.0,
        "mean": 0.0,
        "std": 0.0
      }
    },
    {
      "id": "q5-30",
      "question_id": "q5",
      "human_scores": [
        9.0,
        10.0,
        9.0
      ],
      "mean": 9.333333333333334,
      "std": 0.5773502691896257,
      "model_score": 0.0,
      "perturbation_scores": {
        "original": 0.0,
        "perturbed": 0.0
      },
      "perturbation_stats": {
        "median": 0.0,
        "mean": 0.0,
        "std": 0.0
      }
    },
    {
      "id": "q5-31",
      "question_id": "q5",
      "human_scores": [
        10.0,
        12.0,
        12.0
      ],
      "mean": 11.333333333333334,
      "std": 1.1547005383792515,
      "model_score": 0.0,
      "perturbation_scores": {
        "original": 0.0,
        "perturbed": 0.0
      },
      "perturbation_stats": {
        "median": 0.0,
        "mean": 0.0,
        "std": 0.0
      }
    },
    {
      "id": "q5-32",
      "question_id": "q5",
      "human_scores": [
        4.0,
        3.0,
        0.0
      ],
      "mean": 2.3333333333333335,
      "std": 2.0816659994661326,
      "model_score": 0.0,
      "perturbation_scores": {
        "original": 0.0,
        "perturbed": 0.0
      },
      "perturbation_stats": {
        "median": 0.0,
        "mean": 0.0,
        "std": 0.0
      }
    },
    {
      "id": "q5-33",
      "question_id": "q5",
      "human_scores": [
        13.0,
        15.0,
        13.0
      ],
      "mean": 13.666666666666666,
      "std": 1.1547005383792515,
      "model_score": 0.0,
      "perturbation_scores": {
        "original": 0.0,
        "perturbed": 0.0
      },
      "perturbation_stats": {
        "median": 0.0,
        "mean": 0.0,
        "std": 0.0
      }
    },
    {
      "id": "q5-34",
      "question_id": "q5",
      "human_scores": [
        16.0,
        10.0,
        12.0
      ],
      "mean": 12.666666666666666,
      "std": 3.0550504633038935,
      "model_score": 0.0,
      "perturbation_scores": {
        "original": 0.0,
        "perturbed": 0.0
      },
      "perturbation_stats": {
        "median": 0.0,
        "mean": 0.0,
        "std": 0.0
      }
    },
    {
      "id": "q5-35",
      "question_id": "q5",
      "human_scores": [
        5.0,
        5.0,
        2.0
      ],
      "mean": 4.0,
      "std": 1.7320508075688772,
      "model_score": 0.0,
      "perturbation_scores": {
        "original": 0.0,
        "perturbed": 0.0
      },
      "perturbation_stats": {
        "median": 0.0,
        "mean": 0.0,
        "std": 0.0
      }
    },
    {
      "id": "q5-36",
      "question_id": "q5",
      "human_scores": [
        27.0,
        27.0,
        27.0
      ],
      "mean": 27.0,
      "std": 0.0,
      "model_score": 0.0,
      "perturbation_scores": {
        "original": 0.0,
        "perturbed": 0.0
      },
      "perturbation_stats": {
        "median": 0.0,
        "mean": 0.0,
        "std": 0.0
      }
    },
    {
      "id": "q5-37",
      "question_id": "q5",
      "human_scores": [
        9.0,
        12.0,
        9.0
      ],
      "mean": 10.0,
      "std": 1.7320508075688772,
      "model_score": 0.0,
      "perturbation_scores": {
        "original": 0.0,
        "perturbed": 0.0
      },
      "perturbation_stats": {
        "median": 0.0,
        "mean": 0.0,
        "std": 0.0
      }
    },
    {
      "id": "q5-38",
      "question_id": "q5",
      "human_scores": [
        2.0,
        0.0,
        0.0
      ],
      "mean": 0.6666666666666666,
      "std": 1.1547005383792515,
      "model_score": 0.0,
      "perturbation_scores": {
        "original": 0.0,
        "perturbed": 0.0
      },
      "perturbation_stats": {
        "median": 0.0,
        "mean": 0.0,
        "std": 0.0
      }
    },
    {
      "id": "q5-39",
      "question_id": "q5",
      "human_scores": [
        9.0,
        8.0,
        9.0
      ],
      "mean": 8.666666666666666,
      "std": 0.5773502691896257,
      "model_score": 0.0,
      "perturbation_scores": {
        "original": 0.0,
        "perturbed": 0.0
      },
      "perturbation_stats": {
        "median": 0.0,
        "mean": 0.0,
        "std": 0.0
      }
    },
    {
      "id": "q5-40",
      "question_id": "q5",
      "human_scores": [
        5.0,
        4.0,
        3.0
      ],
      "mean": 4.0,
      "std": 1.0,
      "model_score": 0.0,
      "perturbation_scores": {
        "original": 0.0,
        "perturbed": 0.0
      },
      "perturbation_stats": {
        "median": 0.0,
        "mean": 0.0,
        "std": 0.0
      }
    },
    {
      "id": "q6-1",
      "question_id": "q6",
      "human_scores": [
        30.0,
        30.0
      ],
      "mean": 30.0,
      "std": 0.0,
      "model_score": 0.0,
      "perturbation_scores": {
        "original": 0.0,
        "perturbed": 0.0
      },
      "perturbation_stats": {
        "median": 0.0,
        "mean": 0.0,
        "std": 0.0
      }
    },
    {
      "id": "q6-2",
      "question_id": "q6",
      "human_scores": [
        0.0,
        8.0
      ],
      "mean": 4.0,
      "std": 5.656854249492381,
      "model_score": 0.0,
      "perturbation_scores": {
        "original": 0.0,
        "perturbed": 0.0
      },
      "perturbation_stats": {
        "median": 0.0,
        "mean": 0.0,
        "std": 0.0
      }
    },
    {
      "id": "q6-3",
      "question_id": "q6",
      "human_scores": [
        25.0,
        20.0
      ],
      "mean": 22.5,
      "std": 3.5355339059327378,
      "model_score": 0.0,
      "perturbation_scores": {
        "original": 0.0,
        "perturbed": 0.0
      },
      "perturbation_stats": {
        "median": 0.0,
        "mean": 0.0,
        "std": 0.0
      }
    },
    {
      "id": "q6-4",
      "question_id": "q6",
      "human_scores": [
        33.0,
        33.0
      ],
      "mean": 33.0,
      "std": 0.0,
      "model_score": 0.0,
      "perturbation_scores": {
        "original": 0.0,
        "perturbed": 0.0
      },
      "perturbation_stats": {
        "median": 0.0,
        "mean": 0.0,
        "std": 0.0
      }
    },
    {
      "id": "q6-5",
      "question_id": "q6",
      "human_scores": [
        33.0,
        33.0
      ],
      "mean": 33.0,
      "std": 0.0,
      "model_score": 0.0,
      "perturbation_scores": {
        "original": 0.0,
        "perturbed": 0.0
      },
      "perturbation_stats": {
        "median": 0.0,
        "mean": 0.0,
        "std": 0.0
      }
    },
    {
      "id": "q6-6",
      "question_id": "q6",
      "human_scores": [
        25.0,
        24.0
      ],
      "mean": 24.5,
      "std": 0.7071067811865476,
      "model_score": 0.0,
      "perturbation_scores": {
        "original": 0.0,
        "perturbed": 0.0
      },
      "perturbation_stats": {
        "median": 0.0,
        "mean": 0.0,
        "std": 0.0
      }
    },
    {
      "id": "q6-7",
      "question_id": "q6",
      "human_scores": [
        30.0,
        30.0
      ],
      "mean": 30.0,
      "std": 0.0,
      "model_score": 0.0,
      "perturbation_scores": {
        "original": 0.0,
        "perturbed": 0.0
      },
      "perturbation_stats": {
        "median": 0.0,
        "mean": 0.0,
        "std": 0.0
      }
    },
    {
      "id": "q6-8",
      "question_id": "q6",
      "human_scores": [
        40.0,
        40.0
      ],
      "mean": 40.0,
      "std": 0.0,
      "model_score": 0.0,
      "perturbation_scores": {
        "original": 0.0,
        "perturbed": 0.0
      },
      "perturbation_stats": {
        "median": 0.0,
        "mean": 0.0,
        "std": 0.0
      }
    },
    {
      "id": "q6-9",
      "question_id": "q6",
      "human_scores": [
        30.0,
        30.0
      ],
      "mean": 30.0,
      "std": 0.0,
      "model_score": 0.0,
      "perturbation_scores": {
        "original": 0.0,
        "perturbed": 0.0
      },
      "perturbation_stats": {
        "median": 0.0,
        "mean": 0.0,
        "std": 0.0
      }
    },
    {
      "id": "q6-10",
      "question_id": "q6",
      "human_scores": [
        0.0,
        10.0
      ],
      "mean": 5.0,
      "std": 7.0710678118654755,
      "model_score": 0.0,
      "perturbation_scores": {
        "original": 0.0,
        "perturbed": 0.0
      },
      "perturbation_stats": {
        "median": 0.0,
        "mean": 0.0,
        "std": 0.0
      }
    },
    {
      "id": "q6-11",
      "question_id": "q6",
      "human_scores": [
        25.0,
        10.0
      ],
      "mean": 17.5,
      "std": 10.606601717798213,
      "model_score": 0.0,
      "perturbation_scores": {
        "original": 0.0,
        "perturbed": 0.0
      },
      "perturbation_stats": {
        "median": 0.0,
        "mean": 0.0,
        "std": 0.0
      }
    },
    {
      "id": "q6-12",
      "question_id": "q6",
      "human_scores": [
        10.0,
        15.0
      ],
      "mean": 12.5,
      "std": 3.5355339059327378,
      "model_score": 0.0,
      "perturbation_scores": {
        "original": 0.0,
        "perturbed": 0.0
      },
      "perturbation_stats": {
        "median": 0.0,
        "mean": 0.0,
        "std": 0.0
      }
    },
    {
      "id": "q6-13",
      "question_id": "q6",
      "human_scores": [
        33.0,
        38.0
      ],
      "mean": 35.5,
      "std": 3.5355339059327378,
      "model_score": 0.0,
      "perturbation_scores": {
        "original": 0.0,
        "perturbed": 0.0
      },
      "perturbation_stats": {
        "median": 0.0,
        "mean": 0.0,
        "std": 0.0
      }
    },
    {
      "id": "q6-14",
      "question_id": "q6",
      "human_scores": [
        25.0,
        17.0
      ],
      "mean": 21.0,
      "std": 5.656854249492381,
      "model_score": 0.0,
      "perturbation_scores": {
        "original": 0.0,
        "perturbed": 0.0
      },
      "perturbation_stats": {
        "median": 0.0,
        "mean": 0.0,
        "std": 0.0
      }
    },
    {
      "id": "q6-15",
      "question_id": "q6",
      "human_scores": [
        25.0,
        17.0
      ],
      "mean": 21.0,
      "std": 5.656854249492381,
      "model_score": 0.0,
      "perturbation_scores": {
        "original": 0.0,
        "perturbed": 0.0
      },
      "perturbation_stats": {
        "median": 0.0,
        "mean": 0.0,
        "std": 0.0
      }
    },
    {
      "id": "q6-16",
      "question_id": "q6",
      "human_scores": [
        35.0,
        40.0
      ],
      "mean": 37.5,
      "std": 3.5355339059327378,
      "model_score": 0.0,
      "perturbation_scores": {
        "original": 0.0,
        "perturbed": 0.0
      },
      "perturbation_stats": {
        "median": 0.0,
        "mean": 0.0,
        "std": 0.0
      }
    },
    {
      "id": "q6-17",
      "question_id": "q6",
      "human_scores": [
        15.0,
        20.0
      ],
      "mean": 17.5,
      "std": 3.5355339059327378,
      "model_score": 0.0,
      "perturbation_scores": {
        "original": 0.0,
        "perturbed": 0.0
      },
      "perturbation_stats": {
        "median": 0.0,
        "mean": 0.0,
        "std": 0.0
      }
    },
    {
      "id": "q6-18",
      "question_id": "q6",
      "human_scores": [
        35.0,
        40.0
      ],
      "mean": 37.5,
      "std": 3.5355339059327378,
      "model_score": 0.0,
      "perturbation_scores": {
        "original": 0.0,
        "perturbed": 0.0
      },
      "perturbation_stats": {
        "median": 0.0,
        "mean": 0.0,
        "std": 0.0
      }
    },
    {
      "id": "q6-19",
      "question_id": "q6",
      "human_scores": [
        23.0,
        28.0
      ],
      "mean": 25.5,
      "std": 3.5355339059327378,
      "model_score": 0.0,
      "perturbation_scores": {
        "original": 0.0,
        "perturbed": 0.0
      },
      "perturbation_stats": {
        "median": 0.0,
        "mean": 0.0,
        "std": 0.0
      }
    },
    {
      "id": "q6-20",
      "question_id": "q6",
      "human_scores": [
        35.0,
        40.0
      ],
      "mean": 37.5,
      "std": 3.5355339059327378,
      "model_score": 0.0,
      "perturbation_scores": {
        "original": 0.0,
        "perturbed": 0.0
      },
      "perturbation_stats": {
        "median": 0.0,
        "mean": 0.0,
        "std": 0.0
      }
    },
    {
      "id": "q6-21",
      "question_id": "q6",
      "human_scores": [
        35.0,
        40.0
      ],
      "mean": 37.5,
      "std": 3.5355339059327378,
      "model_score": 0.0,
      "perturbation_scores": {
        "original": 0.0,
        "perturbed": 0.0
      },
      "perturbation_stats": {
        "median": 0.0,
        "mean": 0.0,
        "std": 0.0
      }
    },
    {
      "id": "q6-22",
      "question_id": "q6",
      "human_scores": [
        25.0,
        15.0
      ],
      "mean": 20.0,
      "std": 7.0710678118654755,
      "model_score": 0.0,
      "perturbation_scores": {
        "original": 0.0,
        "perturbed": 0.0
      },
      "perturbation_stats": {
        "median": 0.0,
        "mean": 0.0,
        "std": 0.0
      }
    },
    {
      "id": "q6-23",
      "question_id": "q6",
      "human_scores": [
        5.0,
        5.0
      ],
      "mean": 5.0,
      "std": 0.0,
      "model_score": 0.0,
      "perturbation_scores": {
        "original": 0.0,
        "perturbed": 0.0
      },
      "perturbation_stats": {
        "median": 0.0,
        "mean": 0.0,
        "std": 0.0
      }
    },
    {
      "id": "q6-24",
      "question_id": "q6",
      "human_scores": [
        35.0,
        40.0
      ],
      "mean": 37.5,
      "std": 3.5355339059327378,
      "model_score": 0.0,
      "perturbation_scores": {
        "original": 0.0,
        "perturbed": 0.0
      },
      "perturbation_stats": {
        "median": 0.0,
        "mean": 0.0,
        "std": 0.0
      }
    },
    {
      "id": "q6-25",
      "question_id": "q6",
      "human_scores": [
        35.0,
        40.0
      ],
      "mean": 37.5,
      "std": 3.5355339059327378,
      "model_score": 0.0,
      "perturbation_scores": {
        "original": 0.0,
        "perturbed": 0.0
      },
      "perturbation_stats": {
        "median": 0.0,
        "mean": 0.0,
        "std": 0.0
      }
    },
    {
      "id": "q6-26",
      "question_id": "q6",
      "human_scores": [
        30.0,
        35.0
      ],
      "mean": 32.5,
      "std": 3.5355339059327378,
      "model_score": 0.0,
      "perturbation_scores": {
        "original": 0.0,
        "perturbed": 0.0
      },
      "perturbation_stats": {
        "median": 0.0,
        "mean": 0.0,
        "std": 0.0
      }
    },
    {
      "id": "q6-27",
      "question_id": "q6",
      "human_scores": [
        35.0,
        40.0
      ],
      "mean": 37.5,
      "std": 3.5355339059327378,
      "model_score": 0.0,
      "perturbation_scores": {
        "original": 0.0,
        "perturbed": 0.0
      },
      "perturbation_stats": {
        "median": 0.0,
        "mean": 0.0,
        "std": 0.0
      }
    },
    {
      "id": "q6-28",
      "question_id": "q6",
      "human_scores": [
        30.0,
        35.0
      ],
      "mean": 32.5,
      "std": 3.5355339059327378,
      "model_score": 0.0,
      "perturbation_scores": {
        "original": 0.0,
        "perturbed": 0.0
      },
      "perturbation_stats": {
        "median": 0.0,
        "mean": 0.0,
        "std": 0.0
      }
    },
    {
      "id": "q6-29",
      "question_id": "q6",
      "human_scores": [
        25.0,
        27.0
      ],
      "mean": 26.0,
      "std": 1.4142135623730951,
      "model_score": 0.0,
      "perturbation_scores": {
        "original": 0.0,
        "perturbed": 0.0
      },
      "perturbation_stats": {
        "median": 0.0,
        "mean": 0.0,
        "std": 0.0
      }
    },
    {
      "id": "q6-30",
      "question_id": "q6",
      "human_scores": [
        30.0,
        35.0
      ],
      "mean": 32.5,
      "std": 3.5355339059327378,
      "model_score": 0.0,
      "perturbation_scores": {
        "original": 0.0,
        "perturbed": 0.0
      },
      "perturbation_stats": {
        "median": 0.0,
        "mean": 0.0,
        "std": 0.0
      }
    },
    {
      "id": "q6-31",
      "question_id": "q6",
      "human_scores": [
        35.0,
        40.0
      ],
      "mean": 37.5,
      "std": 3.5355339059327378,
      "model_score": 0.0,
      "perturbation_scores": {
        "original": 0.0,
        "perturbed": 0.0
      },
      "perturbation_stats": {
        "median": 0.0,
        "mean": 0.0,
        "std": 0.0
      }
    },
    {
      "id": "q6-32",
      "question_id": "q6",
      "human_scores": [
        35.0,
        40.0
      ],
      "mean": 37.5,
      "std": 3.5355339059327378,
      "model_score": 0.0,
      "perturbation_scores": {
        "original": 0.0,
        "perturbed": 0.0
      },
      "perturbation_stats": {
        "median": 0.0,
        "mean": 0.0,
        "std": 0.0
      }
    },
    {
      "id": "q6-33",
      "question_id": "q6",
      "human_scores": [
        30.0,
        40.0
      ],
      "mean": 35.0,
      "std": 7.0710678118654755,
      "model_score": 0.0,
      "perturbation_scores": {
        "original": 0.0,
        "perturbed": 0.0
      },
      "perturbation_stats": {
        "median": 0.0,
        "mean": 0.0,
        "std": 0.0
      }
    },
    {
      "id": "q6-34",
      "question_id": "q6",
      "human_scores": [
        25.0,
        24.0
      ],
      "mean": 24.5,
      "std": 0.7071067811865476,
      "model_score": 0.0,
      "perturbation_scores": {
        "original": 0.0,
        "perturbed": 0.0
      },
      "perturbation_stats": {
        "median": 0.0,
        "mean": 0.0,
        "std": 0.0
      }
    },
    {
      "id": "q6-35",
      "question_id": "q6",
      "human_scores": [
        0.0,
        0.0
      ],
      "mean": 0.0,
      "std": 0.0,
      "model_score": 0.0,
      "perturbation_scores": {
        "original": 0.0,
        "perturbed": 0.0
      },
      "perturbation_stats": {
        "median": 0.0,
        "mean": 0.0,
        "std": 0.0
      }
    },
    {
      "id": "q6-36",
      "question_id": "q6",
      "human_scores": [
        0.0,
        0.0
      ],
      "mean": 0.0,
      "std": 0.0,
      "model_score": 0.0,
      "perturbation_scores": {
        "original": 0.0,
        "perturbed": 0.0
      },
      "perturbation_stats": {
        "median": 0.0,
        "mean": 0.0,
        "std": 0.0
      }
    },
    {
      "id": "q6-37",
      "question_id": "q6",
      "human_scores": [
        35.0,
        40.0
      ],
      "mean": 37.5,
      "std": 3.5355339059327378,
      "model_score": 0.0,
      "perturbation_scores": {
        "original": 0.0,
        "perturbed": 0.0
      },
      "perturbation_stats": {
        "median": 0.0,
        "mean": 0.0,
        "std": 0.0
      }
    },
    {
      "id": "q6-38",
      "question_id": "q6",
      "human_scores": [
        15.0,
        20.0
      ],
      "mean": 17.5,
      "std": 3.5355339059327378,
      "model_score": 0.0,
      "perturbation_scores": {
        "original": 0.0,
        "perturbed": 0.0
      },
      "perturbation_stats": {
        "median": 0.0,
        "mean": 0.0,
        "std": 0.0
      }
    },
    {
      "id": "q6-39",
      "question_id": "q6",
      "human_scores": [
        15.0,
        20.0
      ],
      "mean": 17.5,
      "std": 3.5355339059327378,
      "model_score": 0.0,
      "perturbation_scores": {
        "original": 0.0,
        "perturbed": 0.0
      },
      "perturbation_stats": {
        "median": 0.0,
        "mean": 0.0,
        "std": 0.0
      }
    },
    {
      "id": "q6-40",
      "question_id": "q6",
      "human_scores": [
        35.0,
        40.0
      ],
      "mean": 37.5,
      "std": 3.5355339059327378,
      "model_score": 0.0,
      "perturbation_scores": {
        "original": 0.0,
        "perturbed": 0.0
      },
      "perturbation_stats": {
        "median": 0.0,
        "mean": 0.0,
        "std": 0.0
      }
    }
  ]
}
[INFO] 2025-10-01 01:35:21,169 Saved meta-eval summary to /nfs/roberts/project/pi_ac3458/vl298/Prompt-Perturbation/ReIFE/results/llm_grader_pointwise.dummy_api.base_pointwise.pointwise_vanilla.meta.json
[INFO] 2025-10-01 01:35:21,169 System prompt: You are a meticulous teaching assistant who grades student responses according to the rubric that accompanies each prompt. You must return an integer score only.
[DEBUG] 2025-10-01 01:35:21,176 Full System prompt:
You are a meticulous teaching assistant who grades student responses according to the rubric that accompanies each prompt. You must return an integer score only.
[INFO] 2025-10-01 01:35:21,176 User prompt: You will receive an instruction with embedded rubric details, the maximum score, and a student answer. Read the rubric carefully, compare it to the answer, and output a single integer between 0 and...
[DEBUG] 2025-10-01 01:35:21,176 Full User prompt:
You will receive an instruction with embedded rubric details, the maximum score, and a student answer. Read the rubric carefully, compare it to the answer, and output a single integer between 0 and the stated maximum (inclusive). Do not output any explanation or extra text.

# Assignment and Rubric:
You are a meticulous teaching assistant who grades student responses according to the provided rubric and reference materials.

### Assignment
Now run with these flags: -l 4:100,1:0. These flags specify one process with 4 instructions (all to use the CPU), and one that simply issues an I/O and waits for it to be done. How long does it take to complete both processes? Use -c and -p to find out if you were right.

### Rubric (Student-Facing)
2 sub-questions: 8 points/each sub-question

### Instructor Criteria
2 sub-questions: 8 points/each sub-question

### Reference Answer
9 (or 10) time units. 
Process 0 (4:100) uses four time units for running regular CPU instructions. 
Process 1 (1:0) issues one I/O request, using five time units to complete. (It needs one more tick to switch to the DONE state.)

### Maximum Score
16

### Reference Materials
# process-run.py
#! /usr/bin/env python

import sys
from optparse import OptionParser
import random

# process switch behavior
SCHED_SWITCH_ON_IO = 'SWITCH_ON_IO'
SCHED_SWITCH_ON_END = 'SWITCH_ON_END'

# io finished behavior
IO_RUN_LATER = 'IO_RUN_LATER'
IO_RUN_IMMEDIATE = 'IO_RUN_IMMEDIATE'

# process states
STATE_RUNNING = 'RUNNING'
STATE_READY = 'READY'
STATE_DONE = 'DONE'
STATE_WAIT = 'WAITING'

# members of process structure
PROC_CODE = 'code_'
PROC_PC = 'pc_'
PROC_ID = 'pid_'
PROC_STATE = 'proc_state_'

# things a process can do
DO_COMPUTE = 'cpu'
DO_IO = 'io-start'


class scheduler:
    def __init__(self, process_switch_behavior, io_done_behavior, io_length):
        # keep set of instructions for each of the processes
        self.proc_info = {}
        self.process_switch_behavior = process_switch_behavior
        self.io_done_behavior = io_done_behavior
        self.io_length = io_length
        return

    def new_process(self):
        proc_id = len(self.proc_info)
        self.proc_info[proc_id] = {}
        self.proc_info[proc_id][PROC_PC] = 0
        self.proc_info[proc_id][PROC_ID] = proc_id
        self.proc_info[proc_id][PROC_CODE] = []
        self.proc_info[proc_id][PROC_STATE] = STATE_READY
        return proc_id

    def load_file(self, progfile):
        fd = open(progfile)
        proc_id = self.new_process()

        for line in fd:
            tmp = line.split()
            if len(tmp) == 0:
                continue
            opcode = tmp[0]
            if opcode == 'compute':
                assert(len(tmp) == 2)
                for i in range(int(tmp[1])):
                    self.proc_info[proc_id][PROC_CODE].append(DO_COMPUTE)
            elif opcode == 'io':
                assert(len(tmp) == 1)
                self.proc_info[proc_id][PROC_CODE].append(DO_IO)
        fd.close()
        return

    def load(self, program_description):
        proc_id = self.new_process()
        tmp = program_description.split(':')
        if len(tmp) != 2:
            print 'Bad description (%s): Must be number <x:y>' % program_description
            print '  where X is the number of instructions'
            print '  and Y is the percent change that an instruction is CPU not IO'
            exit(1)

        num_instructions, chance_cpu = int(tmp[0]), float(tmp[1])/100.0
        for i in range(num_instructions):
            if random.random() < chance_cpu:
                self.proc_info[proc_id][PROC_CODE].append(DO_COMPUTE)
            else:
                self.proc_info[proc_id][PROC_CODE].append(DO_IO)
        return

    def move_to_ready(self, expected, pid=-1):
        if pid == -1:
            pid = self.curr_proc
        assert(self.proc_info[pid][PROC_STATE] == expected)
        self.proc_info[pid][PROC_STATE] = STATE_READY
        return

    def move_to_wait(self, expected):
        assert(self.proc_info[self.curr_proc][PROC_STATE] == expected)
        self.proc_info[self.curr_proc][PROC_STATE] = STATE_WAIT
        return

    def move_to_running(self, expected):
        assert(self.proc_info[self.curr_proc][PROC_STATE] == expected)
        self.proc_info[self.curr_proc][PROC_STATE] = STATE_RUNNING
        return

    def move_to_done(self, expected):
        assert(self.proc_info[self.curr_proc][PROC_STATE] == expected)
        self.proc_info[self.curr_proc][PROC_STATE] = STATE_DONE
        return

    def next_proc(self, pid=-1):
        if pid != -1:
            self.curr_proc = pid
            self.move_to_running(STATE_READY)
            return
        for pid in range(self.curr_proc + 1, len(self.proc_info)):
            if self.proc_info[pid][PROC_STATE] == STATE_READY:
                self.curr_proc = pid
                self.move_to_running(STATE_READY)
                return
        for pid in range(0, self.curr_proc + 1):
            if self.proc_info[pid][PROC_STATE] == STATE_READY:
                self.curr_proc = pid
                self.move_to_running(STATE_READY)
                return
        return

    def get_num_processes(self):
        return len(self.proc_info)

    def get_num_instructions(self, pid):
        return len(self.proc_info[pid][PROC_CODE])

    def get_instruction(self, pid, index):
        return self.proc_info[pid][PROC_CODE][index]

    def get_num_active(self):
        num_active = 0
        for pid in range(len(self.proc_info)):
            if self.proc_info[pid][PROC_STATE] != STATE_DONE:
                num_active += 1
        return num_active

    def get_num_runnable(self):
        num_active = 0
        for pid in range(len(self.proc_info)):
            if self.proc_info[pid][PROC_STATE] == STATE_READY or \
                   self.proc_info[pid][PROC_STATE] == STATE_RUNNING:
                num_active += 1
        return num_active

    def get_ios_in_flight(self, current_time):
        num_in_flight = 0
        for pid in range(len(self.proc_info)):
            for t in self.io_finish_times[pid]:
                if t > current_time:
                    num_in_flight += 1
        return num_in_flight

    def check_for_switch(self):
        return

    def space(self, num_columns):
        for i in range(num_columns):
            print '%10s' % ' ',

    def check_if_done(self):
        if len(self.proc_info[self.curr_proc][PROC_CODE]) == 0:
            if self.proc_info[self.curr_proc][PROC_STATE] == STATE_RUNNING:
                self.move_to_done(STATE_RUNNING)
                self.next_proc()
        return

    def run(self):
        clock_tick = 0

        if len(self.proc_info) == 0:
            return

        # track outstanding IOs, per process
        self.io_finish_times = {}
        for pid in range(len(self.proc_info)):
            self.io_finish_times[pid] = []

        # make first one active
        self.curr_proc = 0
        self.move_to_running(STATE_READY)

        # OUTPUT: headers for each column
        print '%s' % 'Time',
        for pid in range(len(self.proc_info)):
            print '%10s' % ('PID:%2d' % (pid)),
        print '%10s' % 'CPU',
        print '%10s' % 'IOs',
        print ''

        # init statistics
        io_busy = 0
        cpu_busy = 0

        while self.get_num_active() > 0:
            clock_tick += 1

            # check for io finish
            io_done = False
            for pid in range(len(self.proc_info)):
                if clock_tick in self.io_finish_times[pid]:
                    io_done = True
                    self.move_to_ready(STATE_WAIT, pid)
                    if self.io_done_behavior == IO_RUN_IMMEDIATE:
                        # IO_RUN_IMMEDIATE
                        if self.curr_proc != pid:
                            if self.proc_info[self.curr_proc][PROC_STATE] == STATE_RUNNING:
                                self.move_to_ready(STATE_RUNNING)
                        self.next_proc(pid)
                    else:
                        # IO_RUN_LATER
                        if self.process_switch_behavior == SCHED_SWITCH_ON_END and self.get_num_runnable() > 1:
                            # this means the process that issued the io should be run
                            self.next_proc(pid)
                        if self.get_num_runnable() == 1:
                            # this is the only thing to run: so run it
                            self.next_proc(pid)
                    self.check_if_done()

            # if current proc is RUNNING and has an instruction, execute it
            instruction_to_execute = ''
            if self.proc_info[self.curr_proc][PROC_STATE] == STATE_RUNNING and \
                   len(self.proc_info[self.curr_proc][PROC_CODE]) > 0:
                instruction_to_execute = self.proc_info[self.curr_proc][PROC_CODE].pop(0)
                cpu_busy += 1

            # OUTPUT: print what everyone is up to
            if io_done:
                print '%3d*' % clock_tick,
            else:
                print '%3d ' % clock_tick,
            for pid in range(len(self.proc_info)):
                if pid == self.curr_proc and instruction_to_execute != '':
                    print '%10s' % ('RUN:'+instruction_to_execute),
                else:
                    print '%10s' % (self.proc_info[pid][PROC_STATE]),
            if instruction_to_execute == '':
                print '%10s' % ' ',
            else:
                print '%10s' % 1,
            num_outstanding = self.get_ios_in_flight(clock_tick)
            if num_outstanding > 0:
                print '%10s' % str(num_outstanding),
                io_busy += 1
            else:
                print '%10s' % ' ',
            print ''

            # if this is an IO instruction, switch to waiting state
            # and add an io completion in the future
            if instruction_to_execute == DO_IO:
                self.move_to_wait(STATE_RUNNING)
                self.io_finish_times[self.curr_proc].append(clock_tick + self.io_length)
                if self.process_switch_behavior == SCHED_SWITCH_ON_IO:
                    self.next_proc()

            # ENDCASE: check if currently running thing is out of instructions
            self.check_if_done()
        return (cpu_busy, io_busy, clock_tick)

#
# PARSE ARGUMENTS
#

parser = OptionParser()
parser.add_option('-s', '--seed', default=0, help='the random seed', action='store', type='int', dest='seed')
parser.add_option('-l', '--processlist', default='',
                  help='a comma-separated list of processes to run, in the form X1:Y1,X2:Y2,... where X is the number of instructions that process should run, and Y the chances (from 0 to 100) that an instruction will use the CPU or issue an IO',
                  action='store', type='string', dest='process_list')
parser.add_option('-L', '--iolength', default=5, help='how long an IO takes', action='store', type='int', dest='io_length')
parser.add_option('-S', '--switch', default='SWITCH_ON_IO',
                  help='when to switch between processes: SWITCH_ON_IO, SWITCH_ON_END',
                  action='store', type='string', dest='process_switch_behavior')
parser.add_option('-I', '--iodone', default='IO_RUN_LATER',
                  help='type of behavior when IO ends: IO_RUN_LATER, IO_RUN_IMMEDIATE',
                  action='store', type='string', dest='io_done_behavior')
parser.add_option('-c', help='compute answers for me', action='store_true', default=False, dest='solve')
parser.add_option('-p', '--printstats', help='print statistics at end; only useful with -c flag (otherwise stats are not printed)', action='store_true', default=False, dest='print_stats')
(options, args) = parser.parse_args()

random.seed(options.seed)

assert(options.process_switch_behavior == SCHED_SWITCH_ON_IO or \
       options.process_switch_behavior == SCHED_SWITCH_ON_END)
assert(options.io_done_behavior == IO_RUN_IMMEDIATE or \
       options.io_done_behavior == IO_RUN_LATER)

s = scheduler(options.process_switch_behavior, options.io_done_behavior, options.io_length)

# example process description (10:100,10:100)
for p in options.process_list.split(','):
    s.load(p)

if options.solve == False:
    print 'Produce a trace of what would happen when you run these processes:'
    for pid in range(s.get_num_processes()):
        print 'Process %d' % pid
        for inst in range(s.get_num_instructions(pid)):
            print '  %s' % s.get_instruction(pid, inst)
        print ''
    print 'Important behaviors:'
    print '  System will switch when',
    if options.process_switch_behavior == SCHED_SWITCH_ON_IO:
        print 'the current process is FINISHED or ISSUES AN IO'
    else:
        print 'the current process is FINISHED'
    print '  After IOs, the process issuing the IO will',
    if options.io_done_behavior == IO_RUN_IMMEDIATE:
        print 'run IMMEDIATELY'
    else:
        print 'run LATER (when it is its turn)'
    print ''
    exit(0)

(cpu_busy, io_busy, clock_tick) = s.run()

if options.print_stats:
    print ''
    print 'Stats: Total Time %d' % clock_tick
    print 'Stats: CPU Busy %d (%.2f%%)' % (cpu_busy, 100.0 * float(cpu_busy)/clock_tick)
    print 'Stats: IO Busy  %d (%.2f%%)' % (io_busy, 100.0 * float(io_busy)/clock_tick)
    print ''

# Student Answer:
CPU Busy time: 5, IO Busy time:4. Stats: CPU Busy 5 (50.00%). Stats: IO Busy 4 (40.00%)

# Output Format:
Return a single integer score only.
[INFO] 2025-10-01 01:35:21,188 Assignment:
Assignment         |      original      |     perturbed     
------------------------------------------------------------
                   | Now run with these | Now run with these
                   | flags: -l          | apple -l          
                   | 4:100,1:0. These   | 4:100,1:0. These  
                   | flags specify one  | flags apple one   
                   | process with 4     | process with 4    
                   | instructions (all  | apple (all to use 
                   | to use the CPU),   | the apple and one 
                   | and one that       | that simply apple 
                   | simply issues an   | an I/O and waits  
                   | I/O and waits for  | apple it to be    
                   | it to be done. How | done. apple long  
                   | long does it take  | does it take apple
                   | to complete both   | complete both     
                   | processes? Use -c  | processes? Use    
                   | and -p to find out | apple and -p to   
                   | if you were right. | find apple if you 
                   |                    | were right.       
[DEBUG] 2025-10-01 01:35:21,210 Assignment (original):
Now run with these flags: -l 4:100,1:0. These flags specify one process with 4 instructions (all to use the CPU), and one that simply issues an I/O and waits for it to be done. How long does it take to complete both processes? Use -c and -p to find out if you were right.
Assignment (perturbed):
Now run with these apple -l 4:100,1:0. These flags apple one process with 4 apple (all to use the apple and one that simply apple an I/O and waits apple it to be done. apple long does it take apple complete both processes? Use apple and -p to find apple if you were right.
[INFO] 2025-10-01 01:35:21,210 Rubric:
Rubric             |      original      |     perturbed     
------------------------------------------------------------
                   | 2 sub-questions: 8 | 2 sub-questions: 8
                   | points/each sub-   | points/each       
                   | question           | delorean          
[DEBUG] 2025-10-01 01:35:21,211 Rubric (original):
2 sub-questions: 8 points/each sub-question
Rubric (perturbed):
2 sub-questions: 8 points/each delorean
[INFO] 2025-10-01 01:35:21,211 Instructor criteria: 2 sub-questions: 8 points/each sub-question
[DEBUG] 2025-10-01 01:35:21,211 Full Instructor criteria:
2 sub-questions: 8 points/each sub-question
[INFO] 2025-10-01 01:35:21,212 Reference answer:
Reference answer   |      original      |     perturbed     
------------------------------------------------------------
                   | 9 (or 10) time     | 9 (or 10) time    
                   | units.             | banana Process 0  
                   | Process 0 (4:100)  | (4:100) uses      
                   | uses four time     | banana time units 
                   | units for running  | for running banana
                   | regular CPU        | CPU instructions. 
                   | instructions.      | Process 1 banana  
                   | Process 1 (1:0)    | issues one I/O    
                   | issues one I/O     | request, banana   
                   | request, using     | five time units to
                   | five time units to | banana (It needs  
                   | complete. (It      | one more banana to
                   | needs one more     | switch to the     
                   | tick to switch to  | banana state.)    
                   | the DONE state.)   |                   
[DEBUG] 2025-10-01 01:35:21,212 Reference answer (original):
9 (or 10) time units. 
Process 0 (4:100) uses four time units for running regular CPU instructions. 
Process 1 (1:0) issues one I/O request, using five time units to complete. (It needs one more tick to switch to the DONE state.)
Reference answer (perturbed):
9 (or 10) time banana Process 0 (4:100) uses banana time units for running banana CPU instructions. Process 1 banana issues one I/O request, banana five time units to banana (It needs one more banana to switch to the banana state.)
[INFO] 2025-10-01 01:35:21,212 Student answer:
Student answer     |      original      |     perturbed     
------------------------------------------------------------
                   | CPU Busy time: 5,  | CPU Busy time: 5, 
                   | IO Busy time:4.    | capricorn Busy    
                   | Stats: CPU Busy 5  | time:4. Stats: CPU
                   | (50.00%). Stats:   | capricorn 5       
                   | IO Busy 4 (40.00%) | (50.00%). Stats:  
                   |                    | IO capricorn 4    
                   |                    | (40.00%)          
[DEBUG] 2025-10-01 01:35:21,213 Student answer (original):
CPU Busy time: 5, IO Busy time:4. Stats: CPU Busy 5 (50.00%). Stats: IO Busy 4 (40.00%)
Student answer (perturbed):
CPU Busy time: 5, capricorn Busy time:4. Stats: CPU capricorn 5 (50.00%). Stats: IO capricorn 4 (40.00%)
[INFO] 2025-10-01 01:35:21,213 Reference materials:
Reference materials |      original      |     perturbed     
-------------------------------------------------------------
                   | process-run.py     | process-run.py    
[DEBUG] 2025-10-01 01:35:21,213 Reference materials (original):
process-run.py
Reference materials (perturbed):
process-run.py
[INFO] 2025-10-01 01:35:21,213 Output format: Return a single integer score only.
[DEBUG] 2025-10-01 01:35:21,214 Full Output format:
Return a single integer score only.
[INFO] 2025-10-01 01:35:21,214 Maximum score: 16
[INFO] 2025-10-01 01:35:21,214 Model score (random example): 0.0
[INFO] 2025-10-01 01:35:21,215 Variant scores (random example): original=0.0, perturbed=0.0
[INFO] 2025-10-01 01:35:21,215 Model outputs: Response #1:
0
[DEBUG] 2025-10-01 01:35:21,215 Full model outputs:
Response #1:
0
[DEBUG] 2025-10-01 01:35:21,215 Full prompt (ChatML):
[SYSTEM]
You are a meticulous teaching assistant who grades student responses according to the rubric that accompanies each prompt. You must return an integer score only.

[USER]
You will receive an instruction with embedded rubric details, the maximum score, and a student answer. Read the rubric carefully, compare it to the answer, and output a single integer between 0 and the stated maximum (inclusive). Do not output any explanation or extra text.

# Assignment and Rubric:
You are a meticulous teaching assistant who grades student responses according to the provided rubric and reference materials.

### Assignment
Now run with these flags: -l 4:100,1:0. These flags specify one process with 4 instructions (all to use the CPU), and one that simply issues an I/O and waits for it to be done. How long does it take to complete both processes? Use -c and -p to find out if you were right.

### Rubric (Student-Facing)
2 sub-questions: 8 points/each sub-question

### Instructor Criteria
2 sub-questions: 8 points/each sub-question

### Reference Answer
9 (or 10) time units. 
Process 0 (4:100) uses four time units for running regular CPU instructions. 
Process 1 (1:0) issues one I/O request, using five time units to complete. (It needs one more tick to switch to the DONE state.)

### Maximum Score
16

### Reference Materials
# process-run.py
#! /usr/bin/env python

import sys
from optparse import OptionParser
import random

# process switch behavior
SCHED_SWITCH_ON_IO = 'SWITCH_ON_IO'
SCHED_SWITCH_ON_END = 'SWITCH_ON_END'

# io finished behavior
IO_RUN_LATER = 'IO_RUN_LATER'
IO_RUN_IMMEDIATE = 'IO_RUN_IMMEDIATE'

# process states
STATE_RUNNING = 'RUNNING'
STATE_READY = 'READY'
STATE_DONE = 'DONE'
STATE_WAIT = 'WAITING'

# members of process structure
PROC_CODE = 'code_'
PROC_PC = 'pc_'
PROC_ID = 'pid_'
PROC_STATE = 'proc_state_'

# things a process can do
DO_COMPUTE = 'cpu'
DO_IO = 'io-start'


class scheduler:
    def __init__(self, process_switch_behavior, io_done_behavior, io_length):
        # keep set of instructions for each of the processes
        self.proc_info = {}
        self.process_switch_behavior = process_switch_behavior
        self.io_done_behavior = io_done_behavior
        self.io_length = io_length
        return

    def new_process(self):
        proc_id = len(self.proc_info)
        self.proc_info[proc_id] = {}
        self.proc_info[proc_id][PROC_PC] = 0
        self.proc_info[proc_id][PROC_ID] = proc_id
        self.proc_info[proc_id][PROC_CODE] = []
        self.proc_info[proc_id][PROC_STATE] = STATE_READY
        return proc_id

    def load_file(self, progfile):
        fd = open(progfile)
        proc_id = self.new_process()

        for line in fd:
            tmp = line.split()
            if len(tmp) == 0:
                continue
            opcode = tmp[0]
            if opcode == 'compute':
                assert(len(tmp) == 2)
                for i in range(int(tmp[1])):
                    self.proc_info[proc_id][PROC_CODE].append(DO_COMPUTE)
            elif opcode == 'io':
                assert(len(tmp) == 1)
                self.proc_info[proc_id][PROC_CODE].append(DO_IO)
        fd.close()
        return

    def load(self, program_description):
        proc_id = self.new_process()
        tmp = program_description.split(':')
        if len(tmp) != 2:
            print 'Bad description (%s): Must be number <x:y>' % program_description
            print '  where X is the number of instructions'
            print '  and Y is the percent change that an instruction is CPU not IO'
            exit(1)

        num_instructions, chance_cpu = int(tmp[0]), float(tmp[1])/100.0
        for i in range(num_instructions):
            if random.random() < chance_cpu:
                self.proc_info[proc_id][PROC_CODE].append(DO_COMPUTE)
            else:
                self.proc_info[proc_id][PROC_CODE].append(DO_IO)
        return

    def move_to_ready(self, expected, pid=-1):
        if pid == -1:
            pid = self.curr_proc
        assert(self.proc_info[pid][PROC_STATE] == expected)
        self.proc_info[pid][PROC_STATE] = STATE_READY
        return

    def move_to_wait(self, expected):
        assert(self.proc_info[self.curr_proc][PROC_STATE] == expected)
        self.proc_info[self.curr_proc][PROC_STATE] = STATE_WAIT
        return

    def move_to_running(self, expected):
        assert(self.proc_info[self.curr_proc][PROC_STATE] == expected)
        self.proc_info[self.curr_proc][PROC_STATE] = STATE_RUNNING
        return

    def move_to_done(self, expected):
        assert(self.proc_info[self.curr_proc][PROC_STATE] == expected)
        self.proc_info[self.curr_proc][PROC_STATE] = STATE_DONE
        return

    def next_proc(self, pid=-1):
        if pid != -1:
            self.curr_proc = pid
            self.move_to_running(STATE_READY)
            return
        for pid in range(self.curr_proc + 1, len(self.proc_info)):
            if self.proc_info[pid][PROC_STATE] == STATE_READY:
                self.curr_proc = pid
                self.move_to_running(STATE_READY)
                return
        for pid in range(0, self.curr_proc + 1):
            if self.proc_info[pid][PROC_STATE] == STATE_READY:
                self.curr_proc = pid
                self.move_to_running(STATE_READY)
                return
        return

    def get_num_processes(self):
        return len(self.proc_info)

    def get_num_instructions(self, pid):
        return len(self.proc_info[pid][PROC_CODE])

    def get_instruction(self, pid, index):
        return self.proc_info[pid][PROC_CODE][index]

    def get_num_active(self):
        num_active = 0
        for pid in range(len(self.proc_info)):
            if self.proc_info[pid][PROC_STATE] != STATE_DONE:
                num_active += 1
        return num_active

    def get_num_runnable(self):
        num_active = 0
        for pid in range(len(self.proc_info)):
            if self.proc_info[pid][PROC_STATE] == STATE_READY or \
                   self.proc_info[pid][PROC_STATE] == STATE_RUNNING:
                num_active += 1
        return num_active

    def get_ios_in_flight(self, current_time):
        num_in_flight = 0
        for pid in range(len(self.proc_info)):
            for t in self.io_finish_times[pid]:
                if t > current_time:
                    num_in_flight += 1
        return num_in_flight

    def check_for_switch(self):
        return

    def space(self, num_columns):
        for i in range(num_columns):
            print '%10s' % ' ',

    def check_if_done(self):
        if len(self.proc_info[self.curr_proc][PROC_CODE]) == 0:
            if self.proc_info[self.curr_proc][PROC_STATE] == STATE_RUNNING:
                self.move_to_done(STATE_RUNNING)
                self.next_proc()
        return

    def run(self):
        clock_tick = 0

        if len(self.proc_info) == 0:
            return

        # track outstanding IOs, per process
        self.io_finish_times = {}
        for pid in range(len(self.proc_info)):
            self.io_finish_times[pid] = []

        # make first one active
        self.curr_proc = 0
        self.move_to_running(STATE_READY)

        # OUTPUT: headers for each column
        print '%s' % 'Time',
        for pid in range(len(self.proc_info)):
            print '%10s' % ('PID:%2d' % (pid)),
        print '%10s' % 'CPU',
        print '%10s' % 'IOs',
        print ''

        # init statistics
        io_busy = 0
        cpu_busy = 0

        while self.get_num_active() > 0:
            clock_tick += 1

            # check for io finish
            io_done = False
            for pid in range(len(self.proc_info)):
                if clock_tick in self.io_finish_times[pid]:
                    io_done = True
                    self.move_to_ready(STATE_WAIT, pid)
                    if self.io_done_behavior == IO_RUN_IMMEDIATE:
                        # IO_RUN_IMMEDIATE
                        if self.curr_proc != pid:
                            if self.proc_info[self.curr_proc][PROC_STATE] == STATE_RUNNING:
                                self.move_to_ready(STATE_RUNNING)
                        self.next_proc(pid)
                    else:
                        # IO_RUN_LATER
                        if self.process_switch_behavior == SCHED_SWITCH_ON_END and self.get_num_runnable() > 1:
                            # this means the process that issued the io should be run
                            self.next_proc(pid)
                        if self.get_num_runnable() == 1:
                            # this is the only thing to run: so run it
                            self.next_proc(pid)
                    self.check_if_done()

            # if current proc is RUNNING and has an instruction, execute it
            instruction_to_execute = ''
            if self.proc_info[self.curr_proc][PROC_STATE] == STATE_RUNNING and \
                   len(self.proc_info[self.curr_proc][PROC_CODE]) > 0:
                instruction_to_execute = self.proc_info[self.curr_proc][PROC_CODE].pop(0)
                cpu_busy += 1

            # OUTPUT: print what everyone is up to
            if io_done:
                print '%3d*' % clock_tick,
            else:
                print '%3d ' % clock_tick,
            for pid in range(len(self.proc_info)):
                if pid == self.curr_proc and instruction_to_execute != '':
                    print '%10s' % ('RUN:'+instruction_to_execute),
                else:
                    print '%10s' % (self.proc_info[pid][PROC_STATE]),
            if instruction_to_execute == '':
                print '%10s' % ' ',
            else:
                print '%10s' % 1,
            num_outstanding = self.get_ios_in_flight(clock_tick)
            if num_outstanding > 0:
                print '%10s' % str(num_outstanding),
                io_busy += 1
            else:
                print '%10s' % ' ',
            print ''

            # if this is an IO instruction, switch to waiting state
            # and add an io completion in the future
            if instruction_to_execute == DO_IO:
                self.move_to_wait(STATE_RUNNING)
                self.io_finish_times[self.curr_proc].append(clock_tick + self.io_length)
                if self.process_switch_behavior == SCHED_SWITCH_ON_IO:
                    self.next_proc()

            # ENDCASE: check if currently running thing is out of instructions
            self.check_if_done()
        return (cpu_busy, io_busy, clock_tick)

#
# PARSE ARGUMENTS
#

parser = OptionParser()
parser.add_option('-s', '--seed', default=0, help='the random seed', action='store', type='int', dest='seed')
parser.add_option('-l', '--processlist', default='',
                  help='a comma-separated list of processes to run, in the form X1:Y1,X2:Y2,... where X is the number of instructions that process should run, and Y the chances (from 0 to 100) that an instruction will use the CPU or issue an IO',
                  action='store', type='string', dest='process_list')
parser.add_option('-L', '--iolength', default=5, help='how long an IO takes', action='store', type='int', dest='io_length')
parser.add_option('-S', '--switch', default='SWITCH_ON_IO',
                  help='when to switch between processes: SWITCH_ON_IO, SWITCH_ON_END',
                  action='store', type='string', dest='process_switch_behavior')
parser.add_option('-I', '--iodone', default='IO_RUN_LATER',
                  help='type of behavior when IO ends: IO_RUN_LATER, IO_RUN_IMMEDIATE',
                  action='store', type='string', dest='io_done_behavior')
parser.add_option('-c', help='compute answers for me', action='store_true', default=False, dest='solve')
parser.add_option('-p', '--printstats', help='print statistics at end; only useful with -c flag (otherwise stats are not printed)', action='store_true', default=False, dest='print_stats')
(options, args) = parser.parse_args()

random.seed(options.seed)

assert(options.process_switch_behavior == SCHED_SWITCH_ON_IO or \
       options.process_switch_behavior == SCHED_SWITCH_ON_END)
assert(options.io_done_behavior == IO_RUN_IMMEDIATE or \
       options.io_done_behavior == IO_RUN_LATER)

s = scheduler(options.process_switch_behavior, options.io_done_behavior, options.io_length)

# example process description (10:100,10:100)
for p in options.process_list.split(','):
    s.load(p)

if options.solve == False:
    print 'Produce a trace of what would happen when you run these processes:'
    for pid in range(s.get_num_processes()):
        print 'Process %d' % pid
        for inst in range(s.get_num_instructions(pid)):
            print '  %s' % s.get_instruction(pid, inst)
        print ''
    print 'Important behaviors:'
    print '  System will switch when',
    if options.process_switch_behavior == SCHED_SWITCH_ON_IO:
        print 'the current process is FINISHED or ISSUES AN IO'
    else:
        print 'the current process is FINISHED'
    print '  After IOs, the process issuing the IO will',
    if options.io_done_behavior == IO_RUN_IMMEDIATE:
        print 'run IMMEDIATELY'
    else:
        print 'run LATER (when it is its turn)'
    print ''
    exit(0)

(cpu_busy, io_busy, clock_tick) = s.run()

if options.print_stats:
    print ''
    print 'Stats: Total Time %d' % clock_tick
    print 'Stats: CPU Busy %d (%.2f%%)' % (cpu_busy, 100.0 * float(cpu_busy)/clock_tick)
    print 'Stats: IO Busy  %d (%.2f%%)' % (io_busy, 100.0 * float(io_busy)/clock_tick)
    print ''

# Student Answer:
CPU Busy time: 5, IO Busy time:4. Stats: CPU Busy 5 (50.00%). Stats: IO Busy 4 (40.00%)

# Output Format:
Return a single integer score only.
[DEBUG] 2025-10-01 01:35:21,216 Metadata detail: {
  "question_id": "q4",
  "max_score": 16,
  "human_scores": [
    16.0,
    16.0,
    16
  ],
  "context_files": [
    {
      "relative_path": "process-run.py",
      "content": "#! /usr/bin/env python\n\nimport sys\nfrom optparse import OptionParser\nimport random\n\n# process switch behavior\nSCHED_SWITCH_ON_IO = 'SWITCH_ON_IO'\nSCHED_SWITCH_ON_END = 'SWITCH_ON_END'\n\n# io finished behavior\nIO_RUN_LATER = 'IO_RUN_LATER'\nIO_RUN_IMMEDIATE = 'IO_RUN_IMMEDIATE'\n\n# process states\nSTATE_RUNNING = 'RUNNING'\nSTATE_READY = 'READY'\nSTATE_DONE = 'DONE'\nSTATE_WAIT = 'WAITING'\n\n# members of process structure\nPROC_CODE = 'code_'\nPROC_PC = 'pc_'\nPROC_ID = 'pid_'\nPROC_STATE = 'proc_state_'\n\n# things a process can do\nDO_COMPUTE = 'cpu'\nDO_IO = 'io-start'\n\n\nclass scheduler:\n    def __init__(self, process_switch_behavior, io_done_behavior, io_length):\n        # keep set of instructions for each of the processes\n        self.proc_info = {}\n        self.process_switch_behavior = process_switch_behavior\n        self.io_done_behavior = io_done_behavior\n        self.io_length = io_length\n        return\n\n    def new_process(self):\n        proc_id = len(self.proc_info)\n        self.proc_info[proc_id] = {}\n        self.proc_info[proc_id][PROC_PC] = 0\n        self.proc_info[proc_id][PROC_ID] = proc_id\n        self.proc_info[proc_id][PROC_CODE] = []\n        self.proc_info[proc_id][PROC_STATE] = STATE_READY\n        return proc_id\n\n    def load_file(self, progfile):\n        fd = open(progfile)\n        proc_id = self.new_process()\n\n        for line in fd:\n            tmp = line.split()\n            if len(tmp) == 0:\n                continue\n            opcode = tmp[0]\n            if opcode == 'compute':\n                assert(len(tmp) == 2)\n                for i in range(int(tmp[1])):\n                    self.proc_info[proc_id][PROC_CODE].append(DO_COMPUTE)\n            elif opcode == 'io':\n                assert(len(tmp) == 1)\n                self.proc_info[proc_id][PROC_CODE].append(DO_IO)\n        fd.close()\n        return\n\n    def load(self, program_description):\n        proc_id = self.new_process()\n        tmp = program_description.split(':')\n        if len(tmp) != 2:\n            print 'Bad description (%s): Must be number <x:y>' % program_description\n            print '  where X is the number of instructions'\n            print '  and Y is the percent change that an instruction is CPU not IO'\n            exit(1)\n\n        num_instructions, chance_cpu = int(tmp[0]), float(tmp[1])/100.0\n        for i in range(num_instructions):\n            if random.random() < chance_cpu:\n                self.proc_info[proc_id][PROC_CODE].append(DO_COMPUTE)\n            else:\n                self.proc_info[proc_id][PROC_CODE].append(DO_IO)\n        return\n\n    def move_to_ready(self, expected, pid=-1):\n        if pid == -1:\n            pid = self.curr_proc\n        assert(self.proc_info[pid][PROC_STATE] == expected)\n        self.proc_info[pid][PROC_STATE] = STATE_READY\n        return\n\n    def move_to_wait(self, expected):\n        assert(self.proc_info[self.curr_proc][PROC_STATE] == expected)\n        self.proc_info[self.curr_proc][PROC_STATE] = STATE_WAIT\n        return\n\n    def move_to_running(self, expected):\n        assert(self.proc_info[self.curr_proc][PROC_STATE] == expected)\n        self.proc_info[self.curr_proc][PROC_STATE] = STATE_RUNNING\n        return\n\n    def move_to_done(self, expected):\n        assert(self.proc_info[self.curr_proc][PROC_STATE] == expected)\n        self.proc_info[self.curr_proc][PROC_STATE] = STATE_DONE\n        return\n\n    def next_proc(self, pid=-1):\n        if pid != -1:\n            self.curr_proc = pid\n            self.move_to_running(STATE_READY)\n            return\n        for pid in range(self.curr_proc + 1, len(self.proc_info)):\n            if self.proc_info[pid][PROC_STATE] == STATE_READY:\n                self.curr_proc = pid\n                self.move_to_running(STATE_READY)\n                return\n        for pid in range(0, self.curr_proc + 1):\n            if self.proc_info[pid][PROC_STATE] == STATE_READY:\n                self.curr_proc = pid\n                self.move_to_running(STATE_READY)\n                return\n        return\n\n    def get_num_processes(self):\n        return len(self.proc_info)\n\n    def get_num_instructions(self, pid):\n        return len(self.proc_info[pid][PROC_CODE])\n\n    def get_instruction(self, pid, index):\n        return self.proc_info[pid][PROC_CODE][index]\n\n    def get_num_active(self):\n        num_active = 0\n        for pid in range(len(self.proc_info)):\n            if self.proc_info[pid][PROC_STATE] != STATE_DONE:\n                num_active += 1\n        return num_active\n\n    def get_num_runnable(self):\n        num_active = 0\n        for pid in range(len(self.proc_info)):\n            if self.proc_info[pid][PROC_STATE] == STATE_READY or \\\n                   self.proc_info[pid][PROC_STATE] == STATE_RUNNING:\n                num_active += 1\n        return num_active\n\n    def get_ios_in_flight(self, current_time):\n        num_in_flight = 0\n        for pid in range(len(self.proc_info)):\n            for t in self.io_finish_times[pid]:\n                if t > current_time:\n                    num_in_flight += 1\n        return num_in_flight\n\n    def check_for_switch(self):\n        return\n\n    def space(self, num_columns):\n        for i in range(num_columns):\n            print '%10s' % ' ',\n\n    def check_if_done(self):\n        if len(self.proc_info[self.curr_proc][PROC_CODE]) == 0:\n            if self.proc_info[self.curr_proc][PROC_STATE] == STATE_RUNNING:\n                self.move_to_done(STATE_RUNNING)\n                self.next_proc()\n        return\n\n    def run(self):\n        clock_tick = 0\n\n        if len(self.proc_info) == 0:\n            return\n\n        # track outstanding IOs, per process\n        self.io_finish_times = {}\n        for pid in range(len(self.proc_info)):\n            self.io_finish_times[pid] = []\n\n        # make first one active\n        self.curr_proc = 0\n        self.move_to_running(STATE_READY)\n\n        # OUTPUT: headers for each column\n        print '%s' % 'Time',\n        for pid in range(len(self.proc_info)):\n            print '%10s' % ('PID:%2d' % (pid)),\n        print '%10s' % 'CPU',\n        print '%10s' % 'IOs',\n        print ''\n\n        # init statistics\n        io_busy = 0\n        cpu_busy = 0\n\n        while self.get_num_active() > 0:\n            clock_tick += 1\n\n            # check for io finish\n            io_done = False\n            for pid in range(len(self.proc_info)):\n                if clock_tick in self.io_finish_times[pid]:\n                    io_done = True\n                    self.move_to_ready(STATE_WAIT, pid)\n                    if self.io_done_behavior == IO_RUN_IMMEDIATE:\n                        # IO_RUN_IMMEDIATE\n                        if self.curr_proc != pid:\n                            if self.proc_info[self.curr_proc][PROC_STATE] == STATE_RUNNING:\n                                self.move_to_ready(STATE_RUNNING)\n                        self.next_proc(pid)\n                    else:\n                        # IO_RUN_LATER\n                        if self.process_switch_behavior == SCHED_SWITCH_ON_END and self.get_num_runnable() > 1:\n                            # this means the process that issued the io should be run\n                            self.next_proc(pid)\n                        if self.get_num_runnable() == 1:\n                            # this is the only thing to run: so run it\n                            self.next_proc(pid)\n                    self.check_if_done()\n\n            # if current proc is RUNNING and has an instruction, execute it\n            instruction_to_execute = ''\n            if self.proc_info[self.curr_proc][PROC_STATE] == STATE_RUNNING and \\\n                   len(self.proc_info[self.curr_proc][PROC_CODE]) > 0:\n                instruction_to_execute = self.proc_info[self.curr_proc][PROC_CODE].pop(0)\n                cpu_busy += 1\n\n            # OUTPUT: print what everyone is up to\n            if io_done:\n                print '%3d*' % clock_tick,\n            else:\n                print '%3d ' % clock_tick,\n            for pid in range(len(self.proc_info)):\n                if pid == self.curr_proc and instruction_to_execute != '':\n                    print '%10s' % ('RUN:'+instruction_to_execute),\n                else:\n                    print '%10s' % (self.proc_info[pid][PROC_STATE]),\n            if instruction_to_execute == '':\n                print '%10s' % ' ',\n            else:\n                print '%10s' % 1,\n            num_outstanding = self.get_ios_in_flight(clock_tick)\n            if num_outstanding > 0:\n                print '%10s' % str(num_outstanding),\n                io_busy += 1\n            else:\n                print '%10s' % ' ',\n            print ''\n\n            # if this is an IO instruction, switch to waiting state\n            # and add an io completion in the future\n            if instruction_to_execute == DO_IO:\n                self.move_to_wait(STATE_RUNNING)\n                self.io_finish_times[self.curr_proc].append(clock_tick + self.io_length)\n                if self.process_switch_behavior == SCHED_SWITCH_ON_IO:\n                    self.next_proc()\n\n            # ENDCASE: check if currently running thing is out of instructions\n            self.check_if_done()\n        return (cpu_busy, io_busy, clock_tick)\n\n#\n# PARSE ARGUMENTS\n#\n\nparser = OptionParser()\nparser.add_option('-s', '--seed', default=0, help='the random seed', action='store', type='int', dest='seed')\nparser.add_option('-l', '--processlist', default='',\n                  help='a comma-separated list of processes to run, in the form X1:Y1,X2:Y2,... where X is the number of instructions that process should run, and Y the chances (from 0 to 100) that an instruction will use the CPU or issue an IO',\n                  action='store', type='string', dest='process_list')\nparser.add_option('-L', '--iolength', default=5, help='how long an IO takes', action='store', type='int', dest='io_length')\nparser.add_option('-S', '--switch', default='SWITCH_ON_IO',\n                  help='when to switch between processes: SWITCH_ON_IO, SWITCH_ON_END',\n                  action='store', type='string', dest='process_switch_behavior')\nparser.add_option('-I', '--iodone', default='IO_RUN_LATER',\n                  help='type of behavior when IO ends: IO_RUN_LATER, IO_RUN_IMMEDIATE',\n                  action='store', type='string', dest='io_done_behavior')\nparser.add_option('-c', help='compute answers for me', action='store_true', default=False, dest='solve')\nparser.add_option('-p', '--printstats', help='print statistics at end; only useful with -c flag (otherwise stats are not printed)', action='store_true', default=False, dest='print_stats')\n(options, args) = parser.parse_args()\n\nrandom.seed(options.seed)\n\nassert(options.process_switch_behavior == SCHED_SWITCH_ON_IO or \\\n       options.process_switch_behavior == SCHED_SWITCH_ON_END)\nassert(options.io_done_behavior == IO_RUN_IMMEDIATE or \\\n       options.io_done_behavior == IO_RUN_LATER)\n\ns = scheduler(options.process_switch_behavior, options.io_done_behavior, options.io_length)\n\n# example process description (10:100,10:100)\nfor p in options.process_list.split(','):\n    s.load(p)\n\nif options.solve == False:\n    print 'Produce a trace of what would happen when you run these processes:'\n    for pid in range(s.get_num_processes()):\n        print 'Process %d' % pid\n        for inst in range(s.get_num_instructions(pid)):\n            print '  %s' % s.get_instruction(pid, inst)\n        print ''\n    print 'Important behaviors:'\n    print '  System will switch when',\n    if options.process_switch_behavior == SCHED_SWITCH_ON_IO:\n        print 'the current process is FINISHED or ISSUES AN IO'\n    else:\n        print 'the current process is FINISHED'\n    print '  After IOs, the process issuing the IO will',\n    if options.io_done_behavior == IO_RUN_IMMEDIATE:\n        print 'run IMMEDIATELY'\n    else:\n        print 'run LATER (when it is its turn)'\n    print ''\n    exit(0)\n\n(cpu_busy, io_busy, clock_tick) = s.run()\n\nif options.print_stats:\n    print ''\n    print 'Stats: Total Time %d' % clock_tick\n    print 'Stats: CPU Busy %d (%.2f%%)' % (cpu_busy, 100.0 * float(cpu_busy)/clock_tick)\n    print 'Stats: IO Busy  %d (%.2f%%)' % (io_busy, 100.0 * float(io_busy)/clock_tick)\n    print ''\n"
    }
  ],
  "sections": {
    "assignment": "Now run with these flags: -l 4:100,1:0. These flags specify one process with 4 instructions (all to use the CPU), and one that simply issues an I/O and waits for it to be done. How long does it take to complete both processes? Use -c and -p to find out if you were right.",
    "rubric": "2 sub-questions: 8 points/each sub-question",
    "instructor_criteria": "2 sub-questions: 8 points/each sub-question",
    "reference_answer": "9 (or 10) time units. \nProcess 0 (4:100) uses four time units for running regular CPU instructions. \nProcess 1 (1:0) issues one I/O request, using five time units to complete. (It needs one more tick to switch to the DONE state.)",
    "max_score": 16,
    "reference_materials": [
      {
        "relative_path": "process-run.py",
        "content": "#! /usr/bin/env python\n\nimport sys\nfrom optparse import OptionParser\nimport random\n\n# process switch behavior\nSCHED_SWITCH_ON_IO = 'SWITCH_ON_IO'\nSCHED_SWITCH_ON_END = 'SWITCH_ON_END'\n\n# io finished behavior\nIO_RUN_LATER = 'IO_RUN_LATER'\nIO_RUN_IMMEDIATE = 'IO_RUN_IMMEDIATE'\n\n# process states\nSTATE_RUNNING = 'RUNNING'\nSTATE_READY = 'READY'\nSTATE_DONE = 'DONE'\nSTATE_WAIT = 'WAITING'\n\n# members of process structure\nPROC_CODE = 'code_'\nPROC_PC = 'pc_'\nPROC_ID = 'pid_'\nPROC_STATE = 'proc_state_'\n\n# things a process can do\nDO_COMPUTE = 'cpu'\nDO_IO = 'io-start'\n\n\nclass scheduler:\n    def __init__(self, process_switch_behavior, io_done_behavior, io_length):\n        # keep set of instructions for each of the processes\n        self.proc_info = {}\n        self.process_switch_behavior = process_switch_behavior\n        self.io_done_behavior = io_done_behavior\n        self.io_length = io_length\n        return\n\n    def new_process(self):\n        proc_id = len(self.proc_info)\n        self.proc_info[proc_id] = {}\n        self.proc_info[proc_id][PROC_PC] = 0\n        self.proc_info[proc_id][PROC_ID] = proc_id\n        self.proc_info[proc_id][PROC_CODE] = []\n        self.proc_info[proc_id][PROC_STATE] = STATE_READY\n        return proc_id\n\n    def load_file(self, progfile):\n        fd = open(progfile)\n        proc_id = self.new_process()\n\n        for line in fd:\n            tmp = line.split()\n            if len(tmp) == 0:\n                continue\n            opcode = tmp[0]\n            if opcode == 'compute':\n                assert(len(tmp) == 2)\n                for i in range(int(tmp[1])):\n                    self.proc_info[proc_id][PROC_CODE].append(DO_COMPUTE)\n            elif opcode == 'io':\n                assert(len(tmp) == 1)\n                self.proc_info[proc_id][PROC_CODE].append(DO_IO)\n        fd.close()\n        return\n\n    def load(self, program_description):\n        proc_id = self.new_process()\n        tmp = program_description.split(':')\n        if len(tmp) != 2:\n            print 'Bad description (%s): Must be number <x:y>' % program_description\n            print '  where X is the number of instructions'\n            print '  and Y is the percent change that an instruction is CPU not IO'\n            exit(1)\n\n        num_instructions, chance_cpu = int(tmp[0]), float(tmp[1])/100.0\n        for i in range(num_instructions):\n            if random.random() < chance_cpu:\n                self.proc_info[proc_id][PROC_CODE].append(DO_COMPUTE)\n            else:\n                self.proc_info[proc_id][PROC_CODE].append(DO_IO)\n        return\n\n    def move_to_ready(self, expected, pid=-1):\n        if pid == -1:\n            pid = self.curr_proc\n        assert(self.proc_info[pid][PROC_STATE] == expected)\n        self.proc_info[pid][PROC_STATE] = STATE_READY\n        return\n\n    def move_to_wait(self, expected):\n        assert(self.proc_info[self.curr_proc][PROC_STATE] == expected)\n        self.proc_info[self.curr_proc][PROC_STATE] = STATE_WAIT\n        return\n\n    def move_to_running(self, expected):\n        assert(self.proc_info[self.curr_proc][PROC_STATE] == expected)\n        self.proc_info[self.curr_proc][PROC_STATE] = STATE_RUNNING\n        return\n\n    def move_to_done(self, expected):\n        assert(self.proc_info[self.curr_proc][PROC_STATE] == expected)\n        self.proc_info[self.curr_proc][PROC_STATE] = STATE_DONE\n        return\n\n    def next_proc(self, pid=-1):\n        if pid != -1:\n            self.curr_proc = pid\n            self.move_to_running(STATE_READY)\n            return\n        for pid in range(self.curr_proc + 1, len(self.proc_info)):\n            if self.proc_info[pid][PROC_STATE] == STATE_READY:\n                self.curr_proc = pid\n                self.move_to_running(STATE_READY)\n                return\n        for pid in range(0, self.curr_proc + 1):\n            if self.proc_info[pid][PROC_STATE] == STATE_READY:\n                self.curr_proc = pid\n                self.move_to_running(STATE_READY)\n                return\n        return\n\n    def get_num_processes(self):\n        return len(self.proc_info)\n\n    def get_num_instructions(self, pid):\n        return len(self.proc_info[pid][PROC_CODE])\n\n    def get_instruction(self, pid, index):\n        return self.proc_info[pid][PROC_CODE][index]\n\n    def get_num_active(self):\n        num_active = 0\n        for pid in range(len(self.proc_info)):\n            if self.proc_info[pid][PROC_STATE] != STATE_DONE:\n                num_active += 1\n        return num_active\n\n    def get_num_runnable(self):\n        num_active = 0\n        for pid in range(len(self.proc_info)):\n            if self.proc_info[pid][PROC_STATE] == STATE_READY or \\\n                   self.proc_info[pid][PROC_STATE] == STATE_RUNNING:\n                num_active += 1\n        return num_active\n\n    def get_ios_in_flight(self, current_time):\n        num_in_flight = 0\n        for pid in range(len(self.proc_info)):\n            for t in self.io_finish_times[pid]:\n                if t > current_time:\n                    num_in_flight += 1\n        return num_in_flight\n\n    def check_for_switch(self):\n        return\n\n    def space(self, num_columns):\n        for i in range(num_columns):\n            print '%10s' % ' ',\n\n    def check_if_done(self):\n        if len(self.proc_info[self.curr_proc][PROC_CODE]) == 0:\n            if self.proc_info[self.curr_proc][PROC_STATE] == STATE_RUNNING:\n                self.move_to_done(STATE_RUNNING)\n                self.next_proc()\n        return\n\n    def run(self):\n        clock_tick = 0\n\n        if len(self.proc_info) == 0:\n            return\n\n        # track outstanding IOs, per process\n        self.io_finish_times = {}\n        for pid in range(len(self.proc_info)):\n            self.io_finish_times[pid] = []\n\n        # make first one active\n        self.curr_proc = 0\n        self.move_to_running(STATE_READY)\n\n        # OUTPUT: headers for each column\n        print '%s' % 'Time',\n        for pid in range(len(self.proc_info)):\n            print '%10s' % ('PID:%2d' % (pid)),\n        print '%10s' % 'CPU',\n        print '%10s' % 'IOs',\n        print ''\n\n        # init statistics\n        io_busy = 0\n        cpu_busy = 0\n\n        while self.get_num_active() > 0:\n            clock_tick += 1\n\n            # check for io finish\n            io_done = False\n            for pid in range(len(self.proc_info)):\n                if clock_tick in self.io_finish_times[pid]:\n                    io_done = True\n                    self.move_to_ready(STATE_WAIT, pid)\n                    if self.io_done_behavior == IO_RUN_IMMEDIATE:\n                        # IO_RUN_IMMEDIATE\n                        if self.curr_proc != pid:\n                            if self.proc_info[self.curr_proc][PROC_STATE] == STATE_RUNNING:\n                                self.move_to_ready(STATE_RUNNING)\n                        self.next_proc(pid)\n                    else:\n                        # IO_RUN_LATER\n                        if self.process_switch_behavior == SCHED_SWITCH_ON_END and self.get_num_runnable() > 1:\n                            # this means the process that issued the io should be run\n                            self.next_proc(pid)\n                        if self.get_num_runnable() == 1:\n                            # this is the only thing to run: so run it\n                            self.next_proc(pid)\n                    self.check_if_done()\n\n            # if current proc is RUNNING and has an instruction, execute it\n            instruction_to_execute = ''\n            if self.proc_info[self.curr_proc][PROC_STATE] == STATE_RUNNING and \\\n                   len(self.proc_info[self.curr_proc][PROC_CODE]) > 0:\n                instruction_to_execute = self.proc_info[self.curr_proc][PROC_CODE].pop(0)\n                cpu_busy += 1\n\n            # OUTPUT: print what everyone is up to\n            if io_done:\n                print '%3d*' % clock_tick,\n            else:\n                print '%3d ' % clock_tick,\n            for pid in range(len(self.proc_info)):\n                if pid == self.curr_proc and instruction_to_execute != '':\n                    print '%10s' % ('RUN:'+instruction_to_execute),\n                else:\n                    print '%10s' % (self.proc_info[pid][PROC_STATE]),\n            if instruction_to_execute == '':\n                print '%10s' % ' ',\n            else:\n                print '%10s' % 1,\n            num_outstanding = self.get_ios_in_flight(clock_tick)\n            if num_outstanding > 0:\n                print '%10s' % str(num_outstanding),\n                io_busy += 1\n            else:\n                print '%10s' % ' ',\n            print ''\n\n            # if this is an IO instruction, switch to waiting state\n            # and add an io completion in the future\n            if instruction_to_execute == DO_IO:\n                self.move_to_wait(STATE_RUNNING)\n                self.io_finish_times[self.curr_proc].append(clock_tick + self.io_length)\n                if self.process_switch_behavior == SCHED_SWITCH_ON_IO:\n                    self.next_proc()\n\n            # ENDCASE: check if currently running thing is out of instructions\n            self.check_if_done()\n        return (cpu_busy, io_busy, clock_tick)\n\n#\n# PARSE ARGUMENTS\n#\n\nparser = OptionParser()\nparser.add_option('-s', '--seed', default=0, help='the random seed', action='store', type='int', dest='seed')\nparser.add_option('-l', '--processlist', default='',\n                  help='a comma-separated list of processes to run, in the form X1:Y1,X2:Y2,... where X is the number of instructions that process should run, and Y the chances (from 0 to 100) that an instruction will use the CPU or issue an IO',\n                  action='store', type='string', dest='process_list')\nparser.add_option('-L', '--iolength', default=5, help='how long an IO takes', action='store', type='int', dest='io_length')\nparser.add_option('-S', '--switch', default='SWITCH_ON_IO',\n                  help='when to switch between processes: SWITCH_ON_IO, SWITCH_ON_END',\n                  action='store', type='string', dest='process_switch_behavior')\nparser.add_option('-I', '--iodone', default='IO_RUN_LATER',\n                  help='type of behavior when IO ends: IO_RUN_LATER, IO_RUN_IMMEDIATE',\n                  action='store', type='string', dest='io_done_behavior')\nparser.add_option('-c', help='compute answers for me', action='store_true', default=False, dest='solve')\nparser.add_option('-p', '--printstats', help='print statistics at end; only useful with -c flag (otherwise stats are not printed)', action='store_true', default=False, dest='print_stats')\n(options, args) = parser.parse_args()\n\nrandom.seed(options.seed)\n\nassert(options.process_switch_behavior == SCHED_SWITCH_ON_IO or \\\n       options.process_switch_behavior == SCHED_SWITCH_ON_END)\nassert(options.io_done_behavior == IO_RUN_IMMEDIATE or \\\n       options.io_done_behavior == IO_RUN_LATER)\n\ns = scheduler(options.process_switch_behavior, options.io_done_behavior, options.io_length)\n\n# example process description (10:100,10:100)\nfor p in options.process_list.split(','):\n    s.load(p)\n\nif options.solve == False:\n    print 'Produce a trace of what would happen when you run these processes:'\n    for pid in range(s.get_num_processes()):\n        print 'Process %d' % pid\n        for inst in range(s.get_num_instructions(pid)):\n            print '  %s' % s.get_instruction(pid, inst)\n        print ''\n    print 'Important behaviors:'\n    print '  System will switch when',\n    if options.process_switch_behavior == SCHED_SWITCH_ON_IO:\n        print 'the current process is FINISHED or ISSUES AN IO'\n    else:\n        print 'the current process is FINISHED'\n    print '  After IOs, the process issuing the IO will',\n    if options.io_done_behavior == IO_RUN_IMMEDIATE:\n        print 'run IMMEDIATELY'\n    else:\n        print 'run LATER (when it is its turn)'\n    print ''\n    exit(0)\n\n(cpu_busy, io_busy, clock_tick) = s.run()\n\nif options.print_stats:\n    print ''\n    print 'Stats: Total Time %d' % clock_tick\n    print 'Stats: CPU Busy %d (%.2f%%)' % (cpu_busy, 100.0 * float(cpu_busy)/clock_tick)\n    print 'Stats: IO Busy  %d (%.2f%%)' % (io_busy, 100.0 * float(io_busy)/clock_tick)\n    print ''"
      }
    ]
  },
  "student_answer": "CPU Busy time: 5, IO Busy time:4. Stats: CPU Busy 5 (50.00%). Stats: IO Busy 4 (40.00%)",
  "perturbation_label": "original",
  "perturbation_scores": {
    "original": 0.0,
    "perturbed": 0.0
  },
  "perturbation_stats": {
    "median": 0.0,
    "mean": 0.0,
    "std": 0.0
  },
  "perturbations": [
    {
      "label": "original",
      "sections": {
        "assignment": "Now run with these flags: -l 4:100,1:0. These flags specify one process with 4 instructions (all to use the CPU), and one that simply issues an I/O and waits for it to be done. How long does it take to complete both processes? Use -c and -p to find out if you were right.",
        "rubric": "2 sub-questions: 8 points/each sub-question",
        "instructor_criteria": "2 sub-questions: 8 points/each sub-question",
        "reference_answer": "9 (or 10) time units. \nProcess 0 (4:100) uses four time units for running regular CPU instructions. \nProcess 1 (1:0) issues one I/O request, using five time units to complete. (It needs one more tick to switch to the DONE state.)",
        "max_score": 16,
        "reference_materials": [
          {
            "relative_path": "process-run.py",
            "content": "#! /usr/bin/env python\n\nimport sys\nfrom optparse import OptionParser\nimport random\n\n# process switch behavior\nSCHED_SWITCH_ON_IO = 'SWITCH_ON_IO'\nSCHED_SWITCH_ON_END = 'SWITCH_ON_END'\n\n# io finished behavior\nIO_RUN_LATER = 'IO_RUN_LATER'\nIO_RUN_IMMEDIATE = 'IO_RUN_IMMEDIATE'\n\n# process states\nSTATE_RUNNING = 'RUNNING'\nSTATE_READY = 'READY'\nSTATE_DONE = 'DONE'\nSTATE_WAIT = 'WAITING'\n\n# members of process structure\nPROC_CODE = 'code_'\nPROC_PC = 'pc_'\nPROC_ID = 'pid_'\nPROC_STATE = 'proc_state_'\n\n# things a process can do\nDO_COMPUTE = 'cpu'\nDO_IO = 'io-start'\n\n\nclass scheduler:\n    def __init__(self, process_switch_behavior, io_done_behavior, io_length):\n        # keep set of instructions for each of the processes\n        self.proc_info = {}\n        self.process_switch_behavior = process_switch_behavior\n        self.io_done_behavior = io_done_behavior\n        self.io_length = io_length\n        return\n\n    def new_process(self):\n        proc_id = len(self.proc_info)\n        self.proc_info[proc_id] = {}\n        self.proc_info[proc_id][PROC_PC] = 0\n        self.proc_info[proc_id][PROC_ID] = proc_id\n        self.proc_info[proc_id][PROC_CODE] = []\n        self.proc_info[proc_id][PROC_STATE] = STATE_READY\n        return proc_id\n\n    def load_file(self, progfile):\n        fd = open(progfile)\n        proc_id = self.new_process()\n\n        for line in fd:\n            tmp = line.split()\n            if len(tmp) == 0:\n                continue\n            opcode = tmp[0]\n            if opcode == 'compute':\n                assert(len(tmp) == 2)\n                for i in range(int(tmp[1])):\n                    self.proc_info[proc_id][PROC_CODE].append(DO_COMPUTE)\n            elif opcode == 'io':\n                assert(len(tmp) == 1)\n                self.proc_info[proc_id][PROC_CODE].append(DO_IO)\n        fd.close()\n        return\n\n    def load(self, program_description):\n        proc_id = self.new_process()\n        tmp = program_description.split(':')\n        if len(tmp) != 2:\n            print 'Bad description (%s): Must be number <x:y>' % program_description\n            print '  where X is the number of instructions'\n            print '  and Y is the percent change that an instruction is CPU not IO'\n            exit(1)\n\n        num_instructions, chance_cpu = int(tmp[0]), float(tmp[1])/100.0\n        for i in range(num_instructions):\n            if random.random() < chance_cpu:\n                self.proc_info[proc_id][PROC_CODE].append(DO_COMPUTE)\n            else:\n                self.proc_info[proc_id][PROC_CODE].append(DO_IO)\n        return\n\n    def move_to_ready(self, expected, pid=-1):\n        if pid == -1:\n            pid = self.curr_proc\n        assert(self.proc_info[pid][PROC_STATE] == expected)\n        self.proc_info[pid][PROC_STATE] = STATE_READY\n        return\n\n    def move_to_wait(self, expected):\n        assert(self.proc_info[self.curr_proc][PROC_STATE] == expected)\n        self.proc_info[self.curr_proc][PROC_STATE] = STATE_WAIT\n        return\n\n    def move_to_running(self, expected):\n        assert(self.proc_info[self.curr_proc][PROC_STATE] == expected)\n        self.proc_info[self.curr_proc][PROC_STATE] = STATE_RUNNING\n        return\n\n    def move_to_done(self, expected):\n        assert(self.proc_info[self.curr_proc][PROC_STATE] == expected)\n        self.proc_info[self.curr_proc][PROC_STATE] = STATE_DONE\n        return\n\n    def next_proc(self, pid=-1):\n        if pid != -1:\n            self.curr_proc = pid\n            self.move_to_running(STATE_READY)\n            return\n        for pid in range(self.curr_proc + 1, len(self.proc_info)):\n            if self.proc_info[pid][PROC_STATE] == STATE_READY:\n                self.curr_proc = pid\n                self.move_to_running(STATE_READY)\n                return\n        for pid in range(0, self.curr_proc + 1):\n            if self.proc_info[pid][PROC_STATE] == STATE_READY:\n                self.curr_proc = pid\n                self.move_to_running(STATE_READY)\n                return\n        return\n\n    def get_num_processes(self):\n        return len(self.proc_info)\n\n    def get_num_instructions(self, pid):\n        return len(self.proc_info[pid][PROC_CODE])\n\n    def get_instruction(self, pid, index):\n        return self.proc_info[pid][PROC_CODE][index]\n\n    def get_num_active(self):\n        num_active = 0\n        for pid in range(len(self.proc_info)):\n            if self.proc_info[pid][PROC_STATE] != STATE_DONE:\n                num_active += 1\n        return num_active\n\n    def get_num_runnable(self):\n        num_active = 0\n        for pid in range(len(self.proc_info)):\n            if self.proc_info[pid][PROC_STATE] == STATE_READY or \\\n                   self.proc_info[pid][PROC_STATE] == STATE_RUNNING:\n                num_active += 1\n        return num_active\n\n    def get_ios_in_flight(self, current_time):\n        num_in_flight = 0\n        for pid in range(len(self.proc_info)):\n            for t in self.io_finish_times[pid]:\n                if t > current_time:\n                    num_in_flight += 1\n        return num_in_flight\n\n    def check_for_switch(self):\n        return\n\n    def space(self, num_columns):\n        for i in range(num_columns):\n            print '%10s' % ' ',\n\n    def check_if_done(self):\n        if len(self.proc_info[self.curr_proc][PROC_CODE]) == 0:\n            if self.proc_info[self.curr_proc][PROC_STATE] == STATE_RUNNING:\n                self.move_to_done(STATE_RUNNING)\n                self.next_proc()\n        return\n\n    def run(self):\n        clock_tick = 0\n\n        if len(self.proc_info) == 0:\n            return\n\n        # track outstanding IOs, per process\n        self.io_finish_times = {}\n        for pid in range(len(self.proc_info)):\n            self.io_finish_times[pid] = []\n\n        # make first one active\n        self.curr_proc = 0\n        self.move_to_running(STATE_READY)\n\n        # OUTPUT: headers for each column\n        print '%s' % 'Time',\n        for pid in range(len(self.proc_info)):\n            print '%10s' % ('PID:%2d' % (pid)),\n        print '%10s' % 'CPU',\n        print '%10s' % 'IOs',\n        print ''\n\n        # init statistics\n        io_busy = 0\n        cpu_busy = 0\n\n        while self.get_num_active() > 0:\n            clock_tick += 1\n\n            # check for io finish\n            io_done = False\n            for pid in range(len(self.proc_info)):\n                if clock_tick in self.io_finish_times[pid]:\n                    io_done = True\n                    self.move_to_ready(STATE_WAIT, pid)\n                    if self.io_done_behavior == IO_RUN_IMMEDIATE:\n                        # IO_RUN_IMMEDIATE\n                        if self.curr_proc != pid:\n                            if self.proc_info[self.curr_proc][PROC_STATE] == STATE_RUNNING:\n                                self.move_to_ready(STATE_RUNNING)\n                        self.next_proc(pid)\n                    else:\n                        # IO_RUN_LATER\n                        if self.process_switch_behavior == SCHED_SWITCH_ON_END and self.get_num_runnable() > 1:\n                            # this means the process that issued the io should be run\n                            self.next_proc(pid)\n                        if self.get_num_runnable() == 1:\n                            # this is the only thing to run: so run it\n                            self.next_proc(pid)\n                    self.check_if_done()\n\n            # if current proc is RUNNING and has an instruction, execute it\n            instruction_to_execute = ''\n            if self.proc_info[self.curr_proc][PROC_STATE] == STATE_RUNNING and \\\n                   len(self.proc_info[self.curr_proc][PROC_CODE]) > 0:\n                instruction_to_execute = self.proc_info[self.curr_proc][PROC_CODE].pop(0)\n                cpu_busy += 1\n\n            # OUTPUT: print what everyone is up to\n            if io_done:\n                print '%3d*' % clock_tick,\n            else:\n                print '%3d ' % clock_tick,\n            for pid in range(len(self.proc_info)):\n                if pid == self.curr_proc and instruction_to_execute != '':\n                    print '%10s' % ('RUN:'+instruction_to_execute),\n                else:\n                    print '%10s' % (self.proc_info[pid][PROC_STATE]),\n            if instruction_to_execute == '':\n                print '%10s' % ' ',\n            else:\n                print '%10s' % 1,\n            num_outstanding = self.get_ios_in_flight(clock_tick)\n            if num_outstanding > 0:\n                print '%10s' % str(num_outstanding),\n                io_busy += 1\n            else:\n                print '%10s' % ' ',\n            print ''\n\n            # if this is an IO instruction, switch to waiting state\n            # and add an io completion in the future\n            if instruction_to_execute == DO_IO:\n                self.move_to_wait(STATE_RUNNING)\n                self.io_finish_times[self.curr_proc].append(clock_tick + self.io_length)\n                if self.process_switch_behavior == SCHED_SWITCH_ON_IO:\n                    self.next_proc()\n\n            # ENDCASE: check if currently running thing is out of instructions\n            self.check_if_done()\n        return (cpu_busy, io_busy, clock_tick)\n\n#\n# PARSE ARGUMENTS\n#\n\nparser = OptionParser()\nparser.add_option('-s', '--seed', default=0, help='the random seed', action='store', type='int', dest='seed')\nparser.add_option('-l', '--processlist', default='',\n                  help='a comma-separated list of processes to run, in the form X1:Y1,X2:Y2,... where X is the number of instructions that process should run, and Y the chances (from 0 to 100) that an instruction will use the CPU or issue an IO',\n                  action='store', type='string', dest='process_list')\nparser.add_option('-L', '--iolength', default=5, help='how long an IO takes', action='store', type='int', dest='io_length')\nparser.add_option('-S', '--switch', default='SWITCH_ON_IO',\n                  help='when to switch between processes: SWITCH_ON_IO, SWITCH_ON_END',\n                  action='store', type='string', dest='process_switch_behavior')\nparser.add_option('-I', '--iodone', default='IO_RUN_LATER',\n                  help='type of behavior when IO ends: IO_RUN_LATER, IO_RUN_IMMEDIATE',\n                  action='store', type='string', dest='io_done_behavior')\nparser.add_option('-c', help='compute answers for me', action='store_true', default=False, dest='solve')\nparser.add_option('-p', '--printstats', help='print statistics at end; only useful with -c flag (otherwise stats are not printed)', action='store_true', default=False, dest='print_stats')\n(options, args) = parser.parse_args()\n\nrandom.seed(options.seed)\n\nassert(options.process_switch_behavior == SCHED_SWITCH_ON_IO or \\\n       options.process_switch_behavior == SCHED_SWITCH_ON_END)\nassert(options.io_done_behavior == IO_RUN_IMMEDIATE or \\\n       options.io_done_behavior == IO_RUN_LATER)\n\ns = scheduler(options.process_switch_behavior, options.io_done_behavior, options.io_length)\n\n# example process description (10:100,10:100)\nfor p in options.process_list.split(','):\n    s.load(p)\n\nif options.solve == False:\n    print 'Produce a trace of what would happen when you run these processes:'\n    for pid in range(s.get_num_processes()):\n        print 'Process %d' % pid\n        for inst in range(s.get_num_instructions(pid)):\n            print '  %s' % s.get_instruction(pid, inst)\n        print ''\n    print 'Important behaviors:'\n    print '  System will switch when',\n    if options.process_switch_behavior == SCHED_SWITCH_ON_IO:\n        print 'the current process is FINISHED or ISSUES AN IO'\n    else:\n        print 'the current process is FINISHED'\n    print '  After IOs, the process issuing the IO will',\n    if options.io_done_behavior == IO_RUN_IMMEDIATE:\n        print 'run IMMEDIATELY'\n    else:\n        print 'run LATER (when it is its turn)'\n    print ''\n    exit(0)\n\n(cpu_busy, io_busy, clock_tick) = s.run()\n\nif options.print_stats:\n    print ''\n    print 'Stats: Total Time %d' % clock_tick\n    print 'Stats: CPU Busy %d (%.2f%%)' % (cpu_busy, 100.0 * float(cpu_busy)/clock_tick)\n    print 'Stats: IO Busy  %d (%.2f%%)' % (io_busy, 100.0 * float(io_busy)/clock_tick)\n    print ''"
          }
        ]
      },
      "student_answer": "CPU Busy time: 5, IO Busy time:4. Stats: CPU Busy 5 (50.00%). Stats: IO Busy 4 (40.00%)",
      "score": 0.0
    },
    {
      "label": "perturbed",
      "sections": {
        "assignment": "Now run with these apple -l 4:100,1:0. These flags apple one process with 4 apple (all to use the apple and one that simply apple an I/O and waits apple it to be done. apple long does it take apple complete both processes? Use apple and -p to find apple if you were right.",
        "rubric": "2 sub-questions: 8 points/each delorean",
        "instructor_criteria": "2 sub-questions: 8 points/each sub-question",
        "reference_answer": "9 (or 10) time banana Process 0 (4:100) uses banana time units for running banana CPU instructions. Process 1 banana issues one I/O request, banana five time units to banana (It needs one more banana to switch to the banana state.)",
        "max_score": 16,
        "reference_materials": [
          {
            "relative_path": "process-run.py",
            "content": "#! /usr/bin/env python\n\nimport sys\nfrom optparse import OptionParser\nimport random\n\n# process switch behavior\nSCHED_SWITCH_ON_IO = 'SWITCH_ON_IO'\nSCHED_SWITCH_ON_END = 'SWITCH_ON_END'\n\n# io finished behavior\nIO_RUN_LATER = 'IO_RUN_LATER'\nIO_RUN_IMMEDIATE = 'IO_RUN_IMMEDIATE'\n\n# process states\nSTATE_RUNNING = 'RUNNING'\nSTATE_READY = 'READY'\nSTATE_DONE = 'DONE'\nSTATE_WAIT = 'WAITING'\n\n# members of process structure\nPROC_CODE = 'code_'\nPROC_PC = 'pc_'\nPROC_ID = 'pid_'\nPROC_STATE = 'proc_state_'\n\n# things a process can do\nDO_COMPUTE = 'cpu'\nDO_IO = 'io-start'\n\n\nclass scheduler:\n    def __init__(self, process_switch_behavior, io_done_behavior, io_length):\n        # keep set of instructions for each of the processes\n        self.proc_info = {}\n        self.process_switch_behavior = process_switch_behavior\n        self.io_done_behavior = io_done_behavior\n        self.io_length = io_length\n        return\n\n    def new_process(self):\n        proc_id = len(self.proc_info)\n        self.proc_info[proc_id] = {}\n        self.proc_info[proc_id][PROC_PC] = 0\n        self.proc_info[proc_id][PROC_ID] = proc_id\n        self.proc_info[proc_id][PROC_CODE] = []\n        self.proc_info[proc_id][PROC_STATE] = STATE_READY\n        return proc_id\n\n    def load_file(self, progfile):\n        fd = open(progfile)\n        proc_id = self.new_process()\n\n        for line in fd:\n            tmp = line.split()\n            if len(tmp) == 0:\n                continue\n            opcode = tmp[0]\n            if opcode == 'compute':\n                assert(len(tmp) == 2)\n                for i in range(int(tmp[1])):\n                    self.proc_info[proc_id][PROC_CODE].append(DO_COMPUTE)\n            elif opcode == 'io':\n                assert(len(tmp) == 1)\n                self.proc_info[proc_id][PROC_CODE].append(DO_IO)\n        fd.close()\n        return\n\n    def load(self, program_description):\n        proc_id = self.new_process()\n        tmp = program_description.split(':')\n        if len(tmp) != 2:\n            print 'Bad description (%s): Must be number <x:y>' % program_description\n            print '  where X is the number of instructions'\n            print '  and Y is the percent change that an instruction is CPU not IO'\n            exit(1)\n\n        num_instructions, chance_cpu = int(tmp[0]), float(tmp[1])/100.0\n        for i in range(num_instructions):\n            if random.random() < chance_cpu:\n                self.proc_info[proc_id][PROC_CODE].append(DO_COMPUTE)\n            else:\n                self.proc_info[proc_id][PROC_CODE].append(DO_IO)\n        return\n\n    def move_to_ready(self, expected, pid=-1):\n        if pid == -1:\n            pid = self.curr_proc\n        assert(self.proc_info[pid][PROC_STATE] == expected)\n        self.proc_info[pid][PROC_STATE] = STATE_READY\n        return\n\n    def move_to_wait(self, expected):\n        assert(self.proc_info[self.curr_proc][PROC_STATE] == expected)\n        self.proc_info[self.curr_proc][PROC_STATE] = STATE_WAIT\n        return\n\n    def move_to_running(self, expected):\n        assert(self.proc_info[self.curr_proc][PROC_STATE] == expected)\n        self.proc_info[self.curr_proc][PROC_STATE] = STATE_RUNNING\n        return\n\n    def move_to_done(self, expected):\n        assert(self.proc_info[self.curr_proc][PROC_STATE] == expected)\n        self.proc_info[self.curr_proc][PROC_STATE] = STATE_DONE\n        return\n\n    def next_proc(self, pid=-1):\n        if pid != -1:\n            self.curr_proc = pid\n            self.move_to_running(STATE_READY)\n            return\n        for pid in range(self.curr_proc + 1, len(self.proc_info)):\n            if self.proc_info[pid][PROC_STATE] == STATE_READY:\n                self.curr_proc = pid\n                self.move_to_running(STATE_READY)\n                return\n        for pid in range(0, self.curr_proc + 1):\n            if self.proc_info[pid][PROC_STATE] == STATE_READY:\n                self.curr_proc = pid\n                self.move_to_running(STATE_READY)\n                return\n        return\n\n    def get_num_processes(self):\n        return len(self.proc_info)\n\n    def get_num_instructions(self, pid):\n        return len(self.proc_info[pid][PROC_CODE])\n\n    def get_instruction(self, pid, index):\n        return self.proc_info[pid][PROC_CODE][index]\n\n    def get_num_active(self):\n        num_active = 0\n        for pid in range(len(self.proc_info)):\n            if self.proc_info[pid][PROC_STATE] != STATE_DONE:\n                num_active += 1\n        return num_active\n\n    def get_num_runnable(self):\n        num_active = 0\n        for pid in range(len(self.proc_info)):\n            if self.proc_info[pid][PROC_STATE] == STATE_READY or \\\n                   self.proc_info[pid][PROC_STATE] == STATE_RUNNING:\n                num_active += 1\n        return num_active\n\n    def get_ios_in_flight(self, current_time):\n        num_in_flight = 0\n        for pid in range(len(self.proc_info)):\n            for t in self.io_finish_times[pid]:\n                if t > current_time:\n                    num_in_flight += 1\n        return num_in_flight\n\n    def check_for_switch(self):\n        return\n\n    def space(self, num_columns):\n        for i in range(num_columns):\n            print '%10s' % ' ',\n\n    def check_if_done(self):\n        if len(self.proc_info[self.curr_proc][PROC_CODE]) == 0:\n            if self.proc_info[self.curr_proc][PROC_STATE] == STATE_RUNNING:\n                self.move_to_done(STATE_RUNNING)\n                self.next_proc()\n        return\n\n    def run(self):\n        clock_tick = 0\n\n        if len(self.proc_info) == 0:\n            return\n\n        # track outstanding IOs, per process\n        self.io_finish_times = {}\n        for pid in range(len(self.proc_info)):\n            self.io_finish_times[pid] = []\n\n        # make first one active\n        self.curr_proc = 0\n        self.move_to_running(STATE_READY)\n\n        # OUTPUT: headers for each column\n        print '%s' % 'Time',\n        for pid in range(len(self.proc_info)):\n            print '%10s' % ('PID:%2d' % (pid)),\n        print '%10s' % 'CPU',\n        print '%10s' % 'IOs',\n        print ''\n\n        # init statistics\n        io_busy = 0\n        cpu_busy = 0\n\n        while self.get_num_active() > 0:\n            clock_tick += 1\n\n            # check for io finish\n            io_done = False\n            for pid in range(len(self.proc_info)):\n                if clock_tick in self.io_finish_times[pid]:\n                    io_done = True\n                    self.move_to_ready(STATE_WAIT, pid)\n                    if self.io_done_behavior == IO_RUN_IMMEDIATE:\n                        # IO_RUN_IMMEDIATE\n                        if self.curr_proc != pid:\n                            if self.proc_info[self.curr_proc][PROC_STATE] == STATE_RUNNING:\n                                self.move_to_ready(STATE_RUNNING)\n                        self.next_proc(pid)\n                    else:\n                        # IO_RUN_LATER\n                        if self.process_switch_behavior == SCHED_SWITCH_ON_END and self.get_num_runnable() > 1:\n                            # this means the process that issued the io should be run\n                            self.next_proc(pid)\n                        if self.get_num_runnable() == 1:\n                            # this is the only thing to run: so run it\n                            self.next_proc(pid)\n                    self.check_if_done()\n\n            # if current proc is RUNNING and has an instruction, execute it\n            instruction_to_execute = ''\n            if self.proc_info[self.curr_proc][PROC_STATE] == STATE_RUNNING and \\\n                   len(self.proc_info[self.curr_proc][PROC_CODE]) > 0:\n                instruction_to_execute = self.proc_info[self.curr_proc][PROC_CODE].pop(0)\n                cpu_busy += 1\n\n            # OUTPUT: print what everyone is up to\n            if io_done:\n                print '%3d*' % clock_tick,\n            else:\n                print '%3d ' % clock_tick,\n            for pid in range(len(self.proc_info)):\n                if pid == self.curr_proc and instruction_to_execute != '':\n                    print '%10s' % ('RUN:'+instruction_to_execute),\n                else:\n                    print '%10s' % (self.proc_info[pid][PROC_STATE]),\n            if instruction_to_execute == '':\n                print '%10s' % ' ',\n            else:\n                print '%10s' % 1,\n            num_outstanding = self.get_ios_in_flight(clock_tick)\n            if num_outstanding > 0:\n                print '%10s' % str(num_outstanding),\n                io_busy += 1\n            else:\n                print '%10s' % ' ',\n            print ''\n\n            # if this is an IO instruction, switch to waiting state\n            # and add an io completion in the future\n            if instruction_to_execute == DO_IO:\n                self.move_to_wait(STATE_RUNNING)\n                self.io_finish_times[self.curr_proc].append(clock_tick + self.io_length)\n                if self.process_switch_behavior == SCHED_SWITCH_ON_IO:\n                    self.next_proc()\n\n            # ENDCASE: check if currently running thing is out of instructions\n            self.check_if_done()\n        return (cpu_busy, io_busy, clock_tick)\n\n#\n# PARSE ARGUMENTS\n#\n\nparser = OptionParser()\nparser.add_option('-s', '--seed', default=0, help='the random seed', action='store', type='int', dest='seed')\nparser.add_option('-l', '--processlist', default='',\n                  help='a comma-separated list of processes to run, in the form X1:Y1,X2:Y2,... where X is the number of instructions that process should run, and Y the chances (from 0 to 100) that an instruction will use the CPU or issue an IO',\n                  action='store', type='string', dest='process_list')\nparser.add_option('-L', '--iolength', default=5, help='how long an IO takes', action='store', type='int', dest='io_length')\nparser.add_option('-S', '--switch', default='SWITCH_ON_IO',\n                  help='when to switch between processes: SWITCH_ON_IO, SWITCH_ON_END',\n                  action='store', type='string', dest='process_switch_behavior')\nparser.add_option('-I', '--iodone', default='IO_RUN_LATER',\n                  help='type of behavior when IO ends: IO_RUN_LATER, IO_RUN_IMMEDIATE',\n                  action='store', type='string', dest='io_done_behavior')\nparser.add_option('-c', help='compute answers for me', action='store_true', default=False, dest='solve')\nparser.add_option('-p', '--printstats', help='print statistics at end; only useful with -c flag (otherwise stats are not printed)', action='store_true', default=False, dest='print_stats')\n(options, args) = parser.parse_args()\n\nrandom.seed(options.seed)\n\nassert(options.process_switch_behavior == SCHED_SWITCH_ON_IO or \\\n       options.process_switch_behavior == SCHED_SWITCH_ON_END)\nassert(options.io_done_behavior == IO_RUN_IMMEDIATE or \\\n       options.io_done_behavior == IO_RUN_LATER)\n\ns = scheduler(options.process_switch_behavior, options.io_done_behavior, options.io_length)\n\n# example process description (10:100,10:100)\nfor p in options.process_list.split(','):\n    s.load(p)\n\nif options.solve == False:\n    print 'Produce a trace of what would happen when you run these processes:'\n    for pid in range(s.get_num_processes()):\n        print 'Process %d' % pid\n        for inst in range(s.get_num_instructions(pid)):\n            print '  %s' % s.get_instruction(pid, inst)\n        print ''\n    print 'Important behaviors:'\n    print '  System will switch when',\n    if options.process_switch_behavior == SCHED_SWITCH_ON_IO:\n        print 'the current process is FINISHED or ISSUES AN IO'\n    else:\n        print 'the current process is FINISHED'\n    print '  After IOs, the process issuing the IO will',\n    if options.io_done_behavior == IO_RUN_IMMEDIATE:\n        print 'run IMMEDIATELY'\n    else:\n        print 'run LATER (when it is its turn)'\n    print ''\n    exit(0)\n\n(cpu_busy, io_busy, clock_tick) = s.run()\n\nif options.print_stats:\n    print ''\n    print 'Stats: Total Time %d' % clock_tick\n    print 'Stats: CPU Busy %d (%.2f%%)' % (cpu_busy, 100.0 * float(cpu_busy)/clock_tick)\n    print 'Stats: IO Busy  %d (%.2f%%)' % (io_busy, 100.0 * float(io_busy)/clock_tick)\n    print ''"
          }
        ]
      },
      "student_answer": "CPU Busy time: 5, capricorn Busy time:4. Stats: CPU capricorn 5 (50.00%). Stats: IO capricorn 4 (40.00%)",
      "score": 0.0
    }
  ]
}
