[INFO] 2025-09-28 11:58:09,917 Logging to /nfs/roberts/project/pi_ac3458/vl298/Prompt-Perturbation/logs/pointwise_pipeline_20250928-115809_disable_prompt_perturbation-True_overwrite_ok-True_use_dummy_model-True.log
[INFO] 2025-09-28 11:58:09,917 Prompt perturbation enabled: False
[DEBUG] 2025-09-28 11:58:11,860 PyTorch version 2.4.0+cu121 available.
[INFO] 2025-09-28 11:58:12,179 Using model: dummy_api
[DEBUG] 2025-09-28 11:58:12,179 Evaluator target: <function pointwise_eval at 0x147ac9147b00>
[DEBUG] 2025-09-28 11:58:12,179 Signature: (model: ReIFE.base_llm.BaseLLM | ReIFE.base_llm.BaseVLLM, data: list[dict], output_dir: str, prompt_dir: str, batch_size: int, instruction_marker: str, output_marker: str, output_text_dir: str | None = None, temperature: float = 1.0, top_p: float = 1.0, n: int = 1, max_tokens: int = 512, logprobs: int | None = None, verbose: bool = False, **kwargs) -> None
[DEBUG] 2025-09-28 11:58:12,180 Docstring:
Perform pointwise evaluation.

Args:
    model: The model for evaluation.
    data: The data to evaluate.
    output_dir: The directory to save the evaluation output.
    prompt_dir: The directory containing the prompt data.
    batch_size: The batch size for evaluation.
    instruction_marker: The marker for the instruction.
    output_marker: The marker for the output.
    output_text_dir: The directory to save the output text.
    temperature: The temperature for sampling.
    top_p: The top-p value for sampling.
    n: The number of samples to generate.
    max_tokens: The maximum number of generated tokens for each sample.
    logprobs: The number of log probabilities to output.
    parse_fn: The function to parse the output.
    verbose: Whether to print verbose output.
    kwargs: Additional keyword arguments for the evaluation function.

Returns:
    None
[INFO] 2025-09-28 11:58:12,193 Loaded 240 llm_grader submissions across 6 questions
[DEBUG] 2025-09-28 11:58:12,205 Invoking pointwise evaluator on 240 examples
[DEBUG] 2025-09-28 11:58:12,617 Generating 240 examples...
Prompt example: [
  {
    "content": "You are a meticulous teaching assistant who grades student responses according to the rubric that accompanies each prompt. You must return an integer score only.",
    "role": "system"
  },
  {
    "content": "You will receive an instruction with embedded rubric details, the maximum score, and a student answer. Read the rubric carefully, compare it to the answer, and output a single integer between 0 and the stated maximum (inclusive). Do not output any explanation or extra text.\n\n# Assignment and Rubric:\nYou are a meticulous teaching assistant who grades student responses according to the provided rubric and reference materials.\n\n### Assignment\nNow do the same but with jobs of different lengths: 100, 200, and 300. The commands are (./scheduler.py -p SJF -l 100,200,300) and (./scheduler.py -p FIFO -l 100,200,300). Compute the response time and turnaround time for SJF and FIFO? What if you change the order of the job length? Try different orders to find the difference.\n\n### Rubric (Student-Facing)\n1.For correct \u201cAverage reponse time and Turnaround time\u201d for SJF (6.5 points)\n2.For correct \u201cAverage reponse time and Turnaround time\u201d for FIFO (6.5 points)\n3.For point out \u201cif change the order of job length, response time and turnaround time for the SJF policy should remain the same.\u201d (3 points) \n4.For correct explain \u201cthe results for FIFO policy in different orders will change.\u201d (3 points)\n\n### Instructor Criteria\ncase1: \n\u2022 For correct \u201cAverage reponse time and Turnaround time\u201d for SJF (6.5 points)\n\u2022 For correct \u201cAverage reponse time and Turnaround time\u201d for FIFO (6.5 points)\n\u2022 For point out \u201cif change the order of job length, response time and turnaround time for the SJF policy should remain the same.\u201d (3 points) \n\u2022 For correct explain \u201cthe results for FIFO policy in different orders will change.\u201d (3 points) \ncase2: \n\u2022 For point out \u201cif change the order of job length, response time and turnaround time for the SJF policy should remain the same.\u201d (3 points)  and explain the reason (6.5). \n\u2022 For correct explain \u201cthe results for FIFO policy in different orders will change.\u201d (3 points) and explain the reason (6.5).\n\n### Reference Answer\nThe response time and turnaround time for three jobs using the FIFO policy and SJF policy are the same in the given order of job length. If we change the order of job length, response time and turnaround time for the SJF policy should remain the same.\nHowever, the results for FIFO policy in different orders will change. In particular, if we run these jobs in order 300, 200, 100, it makes FIFO perform poorly (the average response time is 266.67, and turnaround time is 466.67).\n\n### Maximum Score\n19\n\n### Reference Materials\n# scheduler.py\n#! /usr/bin/env python\n\nimport sys\nfrom optparse import OptionParser\nimport random\n\nparser = OptionParser()\nparser.add_option(\"-s\", \"--seed\", default=0, help=\"the random seed\",\n                  action=\"store\", type=\"int\", dest=\"seed\")\nparser.add_option(\"-j\", \"--jobs\", default=3, help=\"number of jobs in the system\",\n                  action=\"store\", type=\"int\", dest=\"jobs\")\nparser.add_option(\"-l\", \"--jlist\", default=\"\", help=\"instead of random jobs, provide a comma-separated list of run times\",\n                  action=\"store\", type=\"string\", dest=\"jlist\")\nparser.add_option(\"-m\", \"--maxlen\", default=10, help=\"max length of job\",\n                  action=\"store\", type=\"int\", dest=\"maxlen\")\nparser.add_option(\"-p\", \"--policy\", default=\"FIFO\", help=\"sched policy to use: SJF, FIFO, RR\",\n                  action=\"store\", type=\"string\", dest=\"policy\")\nparser.add_option(\"-q\", \"--quantum\", help=\"length of time slice for RR policy\", default=1,\n                  action=\"store\", type=\"int\", dest=\"quantum\")\nparser.add_option(\"-c\", help=\"compute answers for me\", action=\"store_true\", default=False, dest=\"solve\")\n\n(options, args) = parser.parse_args()\n\nrandom.seed(options.seed)\n\nprint 'ARG policy', options.policy\nif options.jlist == '':\n    print 'ARG jobs', options.jobs\n    print 'ARG maxlen', options.maxlen\n    print 'ARG seed', options.seed\nelse:\n    print 'ARG jlist', options.jlist\n\nprint ''\n\nprint 'Here is the job list, with the run time of each job: '\n\nimport operator\n\njoblist = []\nif options.jlist == '':\n    for jobnum in range(0,options.jobs):\n        runtime = int(options.maxlen * random.random()) + 1\n        joblist.append([jobnum, runtime])\n        print '  Job', jobnum, '( length = ' + str(runtime) + ' )'\nelse:\n    jobnum = 0\n    for runtime in options.jlist.split(','):\n        joblist.append([jobnum, float(runtime)])\n        jobnum += 1\n    for job in joblist:\n        print '  Job', job[0], '( length = ' + str(job[1]) + ' )'\nprint '\\n'\n\nif options.solve == True:\n    print '** Solutions **\\n'\n    if options.policy == 'SJF':\n        joblist = sorted(joblist, key=operator.itemgetter(1))\n        options.policy = 'FIFO'\n\n    if options.policy == 'FIFO':\n        thetime = 0\n        print 'Execution trace:'\n        for job in joblist:\n            print '  [ time %3d ] Run job %d for %.2f secs ( DONE at %.2f )' % (thetime, job[0], job[1], thetime + job[1])\n            thetime += job[1]\n\n        print '\\nFinal statistics:'\n        t     = 0.0\n        count = 0\n        turnaroundSum = 0.0\n        waitSum       = 0.0\n        responseSum   = 0.0\n        for tmp in joblist:\n            jobnum  = tmp[0]\n            runtime = tmp[1]\n\n            response   = t\n            turnaround = t + runtime\n            wait       = t\n            print '  Job %3d -- Response: %3.2f  Turnaround %3.2f  Wait %3.2f' % (jobnum, response, turnaround, wait)\n            responseSum   += response\n            turnaroundSum += turnaround\n            waitSum       += wait\n            t += runtime\n            count = count + 1\n        print '\\n  Average -- Response: %3.2f  Turnaround %3.2f  Wait %3.2f\\n' % (responseSum/count, turnaroundSum/count, waitSum/count)\n\n    if options.policy == 'RR':\n        print 'Execution trace:'\n        turnaround = {}\n        response = {}\n        lastran = {}\n        wait = {}\n        quantum  = float(options.quantum)\n        jobcount = len(joblist)\n        for i in range(0,jobcount):\n            lastran[i] = 0.0\n            wait[i] = 0.0\n            turnaround[i] = 0.0\n            response[i] = -1\n\n        runlist = []\n        for e in joblist:\n            runlist.append(e)\n\n        thetime  = 0.0\n        while jobcount > 0:\n            # print '%d jobs remaining' % jobcount\n            job = runlist.pop(0)\n            jobnum  = job[0]\n            runtime = float(job[1])\n            if response[jobnum] == -1:\n                response[jobnum] = thetime\n            currwait = thetime - lastran[jobnum]\n            wait[jobnum] += currwait\n            if runtime > quantum:\n                runtime -= quantum\n                ranfor = quantum\n                print '  [ time %3d ] Run job %3d for %.2f secs' % (thetime, jobnum, ranfor)\n                runlist.append([jobnum, runtime])\n            else:\n                ranfor = runtime;\n                print '  [ time %3d ] Run job %3d for %.2f secs ( DONE at %.2f )' % (thetime, jobnum, ranfor, thetime + ranfor)\n                turnaround[jobnum] = thetime + ranfor\n                jobcount -= 1\n            thetime += ranfor\n            lastran[jobnum] = thetime\n\n        print '\\nFinal statistics:'\n        turnaroundSum = 0.0\n        waitSum       = 0.0\n        responseSum   = 0.0\n        for i in range(0,len(joblist)):\n            turnaroundSum += turnaround[i]\n            responseSum += response[i]\n            waitSum += wait[i]\n            print '  Job %3d -- Response: %3.2f  Turnaround %3.2f  Wait %3.2f' % (i, response[i], turnaround[i], wait[i])\n        count = len(joblist)\n\n        print '\\n  Average -- Response: %3.2f  Turnaround %3.2f  Wait %3.2f\\n' % (responseSum/count, turnaroundSum/count, waitSum/count)\n\n    if options.policy != 'FIFO' and options.policy != 'SJF' and options.policy != 'RR':\n        print 'Error: Policy', options.policy, 'is not available.'\n        sys.exit(0)\nelse:\n    print 'Compute the turnaround time, response time, and wait time for each job.'\n    print 'When you are done, run this program again, with the same arguments,'\n    print 'but with -c, which will thus provide you with the answers. You can use'\n    print '-s <somenumber> or your own job list (-l 10,15,20 for example)'\n    print 'to generate different problems for yourself.'\n    print ''\n\n# Student Answer:\nWhen changing the order of the length to \n\u201c ./scheduler.py -p SJF -l 300,200,100 \u201d, the scheduler will execute the last jobs first because it has the shortest length, then the execute the second and last the first. However, the change of the order of the jobs length will still execute from the first to the last job as it is FIFO.\n\n# Output Format:\nReturn a single integer score only.",
    "role": "user"
  }
]
[DEBUG] 2025-09-28 11:58:12,760 Completed evaluation; 0 parse failures detected
[DEBUG] 2025-09-28 11:58:12,760 Example prompt after evaluation:
[SYSTEM]
You are a meticulous teaching assistant who grades student responses according to the rubric that accompanies each prompt. You must return an integer score only.

[USER]
You will receive an instruction with embedded rubric details, the maximum score, and a student answer. Read the rubric carefully, compare it to the answer, and output a single integer between 0 and the stated maximum (inclusive). Do not output any explanation or extra text.

# Assignment and Rubric:
You are a meticulous teaching assistant who grades student responses according to the provided rubric and reference materials.

### Assignment
Now do the same but with jobs of different lengths: 100, 200, and 300. The commands are (./scheduler.py -p SJF -l 100,200,300) and (./scheduler.py -p FIFO -l 100,200,300). Compute the response time and turnaround time for SJF and FIFO? What if you change the order of the job length? Try different orders to find the difference.

### Rubric (Student-Facing)
1.For correct “Average reponse time and Turnaround time” for SJF (6.5 points)
2.For correct “Average reponse time and Turnaround time” for FIFO (6.5 points)
3.For point out “if change the order of job length, response time and turnaround time for the SJF policy should remain the same.” (3 points) 
4.For correct explain “the results for FIFO policy in different orders will change.” (3 points)

### Instructor Criteria
case1: 
• For correct “Average reponse time and Turnaround time” for SJF (6.5 points)
• For correct “Average reponse time and Turnaround time” for FIFO (6.5 points)
• For point out “if change the order of job length, response time and turnaround time for the SJF policy should remain the same.” (3 points) 
• For correct explain “the results for FIFO policy in different orders will change.” (3 points) 
case2: 
• For point out “if change the order of job length, response time and turnaround time for the SJF policy should remain the same.” (3 points)  and explain the reason (6.5). 
• For correct explain “the results for FIFO policy in different orders will change.” (3 points) and explain the reason (6.5).

### Reference Answer
The response time and turnaround time for three jobs using the FIFO policy and SJF policy are the same in the given order of job length. If we change the order of job length, response time and turnaround time for the SJF policy should remain the same.
However, the results for FIFO policy in different orders will change. In particular, if we run these jobs in order 300, 200, 100, it makes FIFO perform poorly (the average response time is 266.67, and turnaround time is 466.67).

### Maximum Score
19

### Reference Materials
# scheduler.py
#! /usr/bin/env python

import sys
from optparse import OptionParser
import random

parser = OptionParser()
parser.add_option("-s", "--seed", default=0, help="the random seed",
                  action="store", type="int", dest="seed")
parser.add_option("-j", "--jobs", default=3, help="number of jobs in the system",
                  action="store", type="int", dest="jobs")
parser.add_option("-l", "--jlist", default="", help="instead of random jobs, provide a comma-separated list of run times",
                  action="store", type="string", dest="jlist")
parser.add_option("-m", "--maxlen", default=10, help="max length of job",
                  action="store", type="int", dest="maxlen")
parser.add_option("-p", "--policy", default="FIFO", help="sched policy to use: SJF, FIFO, RR",
                  action="store", type="string", dest="policy")
parser.add_option("-q", "--quantum", help="length of time slice for RR policy", default=1,
                  action="store", type="int", dest="quantum")
parser.add_option("-c", help="compute answers for me", action="store_true", default=False, dest="solve")

(options, args) = parser.parse_args()

random.seed(options.seed)

print 'ARG policy', options.policy
if options.jlist == '':
    print 'ARG jobs', options.jobs
    print 'ARG maxlen', options.maxlen
    print 'ARG seed', options.seed
else:
    print 'ARG jlist', options.jlist

print ''

print 'Here is the job list, with the run time of each job: '

import operator

joblist = []
if options.jlist == '':
    for jobnum in range(0,options.jobs):
        runtime = int(options.maxlen * random.random()) + 1
        joblist.append([jobnum, runtime])
        print '  Job', jobnum, '( length = ' + str(runtime) + ' )'
else:
    jobnum = 0
    for runtime in options.jlist.split(','):
        joblist.append([jobnum, float(runtime)])
        jobnum += 1
    for job in joblist:
        print '  Job', job[0], '( length = ' + str(job[1]) + ' )'
print '\n'

if options.solve == True:
    print '** Solutions **\n'
    if options.policy == 'SJF':
        joblist = sorted(joblist, key=operator.itemgetter(1))
        options.policy = 'FIFO'

    if options.policy == 'FIFO':
        thetime = 0
        print 'Execution trace:'
        for job in joblist:
            print '  [ time %3d ] Run job %d for %.2f secs ( DONE at %.2f )' % (thetime, job[0], job[1], thetime + job[1])
            thetime += job[1]

        print '\nFinal statistics:'
        t     = 0.0
        count = 0
        turnaroundSum = 0.0
        waitSum       = 0.0
        responseSum   = 0.0
        for tmp in joblist:
            jobnum  = tmp[0]
            runtime = tmp[1]

            response   = t
            turnaround = t + runtime
            wait       = t
            print '  Job %3d -- Response: %3.2f  Turnaround %3.2f  Wait %3.2f' % (jobnum, response, turnaround, wait)
            responseSum   += response
            turnaroundSum += turnaround
            waitSum       += wait
            t += runtime
            count = count + 1
        print '\n  Average -- Response: %3.2f  Turnaround %3.2f  Wait %3.2f\n' % (responseSum/count, turnaroundSum/count, waitSum/count)

    if options.policy == 'RR':
        print 'Execution trace:'
        turnaround = {}
        response = {}
        lastran = {}
        wait = {}
        quantum  = float(options.quantum)
        jobcount = len(joblist)
        for i in range(0,jobcount):
            lastran[i] = 0.0
            wait[i] = 0.0
            turnaround[i] = 0.0
            response[i] = -1

        runlist = []
        for e in joblist:
            runlist.append(e)

        thetime  = 0.0
        while jobcount > 0:
            # print '%d jobs remaining' % jobcount
            job = runlist.pop(0)
            jobnum  = job[0]
            runtime = float(job[1])
            if response[jobnum] == -1:
                response[jobnum] = thetime
            currwait = thetime - lastran[jobnum]
            wait[jobnum] += currwait
            if runtime > quantum:
                runtime -= quantum
                ranfor = quantum
                print '  [ time %3d ] Run job %3d for %.2f secs' % (thetime, jobnum, ranfor)
                runlist.append([jobnum, runtime])
            else:
                ranfor = runtime;
                print '  [ time %3d ] Run job %3d for %.2f secs ( DONE at %.2f )' % (thetime, jobnum, ranfor, thetime + ranfor)
                turnaround[jobnum] = thetime + ranfor
                jobcount -= 1
            thetime += ranfor
            lastran[jobnum] = thetime

        print '\nFinal statistics:'
        turnaroundSum = 0.0
        waitSum       = 0.0
        responseSum   = 0.0
        for i in range(0,len(joblist)):
            turnaroundSum += turnaround[i]
            responseSum += response[i]
            waitSum += wait[i]
            print '  Job %3d -- Response: %3.2f  Turnaround %3.2f  Wait %3.2f' % (i, response[i], turnaround[i], wait[i])
        count = len(joblist)

        print '\n  Average -- Response: %3.2f  Turnaround %3.2f  Wait %3.2f\n' % (responseSum/count, turnaroundSum/count, waitSum/count)

    if options.policy != 'FIFO' and options.policy != 'SJF' and options.policy != 'RR':
        print 'Error: Policy', options.policy, 'is not available.'
        sys.exit(0)
else:
    print 'Compute the turnaround time, response time, and wait time for each job.'
    print 'When you are done, run this program again, with the same arguments,'
    print 'but with -c, which will thus provide you with the answers. You can use'
    print '-s <somenumber> or your own job list (-l 10,15,20 for example)'
    print 'to generate different problems for yourself.'
    print ''

# Student Answer:
When changing the order of the length to 
“ ./scheduler.py -p SJF -l 300,200,100 ”, the scheduler will execute the last jobs first because it has the shortest length, then the execute the second and last the first. However, the change of the order of the jobs length will still execute from the first to the last job as it is FIFO.

# Output Format:
Return a single integer score only.
[INFO] 2025-09-28 11:58:12,760 System prompt: You are a meticulous teaching assistant who grades student responses according to the rubric that accompanies each prompt. You must return an integer score only.
[DEBUG] 2025-09-28 11:58:12,761 Full System prompt:
You are a meticulous teaching assistant who grades student responses according to the rubric that accompanies each prompt. You must return an integer score only.
[INFO] 2025-09-28 11:58:12,761 User prompt: You will receive an instruction with embedded rubric details, the maximum score, and a student answer. Read the rubric carefully, compare it to the answer, and output a single integer between 0 and...
[DEBUG] 2025-09-28 11:58:12,762 Full User prompt:
You will receive an instruction with embedded rubric details, the maximum score, and a student answer. Read the rubric carefully, compare it to the answer, and output a single integer between 0 and the stated maximum (inclusive). Do not output any explanation or extra text.

# Assignment and Rubric:
You are a meticulous teaching assistant who grades student responses according to the provided rubric and reference materials.

### Assignment
Let’s examine a simple program, “loop.s”. First, just read and understand it. Then, run it with these arguments (./x86.py -p loop.s -t 1 -i 100 -R dx). This specifies a single thread, an interrupt every 100 instructions, and tracing of register %dx. What will %dx be during the run? Use the -c flag to check your answers; the answers, on the left, show the value of the register (or memory value) after the instruction on the right has run.

### Rubric (Student-Facing)
The program code or text explanation can explain the process of value changing from 0 to -1. Correct (16 points);
If only answer the final value is -1 . Partically correct (4 points); If only asnser the "change range is from 0 to -1 (8 points); If answer list all values, Partically correct (12 points)

### Instructor Criteria
The program code or text explanation can explain the process of value changing from 0 to -1. Correct (16 points)

### Reference Answer
dx Thread 0 
0 
-1 1000 sub $1,%dx
-1 1001 test $0,%dx
-1 1002 jgte .top
-1 1003 halt

### Maximum Score
16

### Reference Materials
# Makefile
FLAGS = -Wall -pthread

all: t0 t1

clean:
	rm -f t0 t1

t0: t0.c
	gcc -o t0 t0.c $(FLAGS)

t1: t1.c
	gcc -o t1 t1.c $(FLAGS)

# loop.s
.main
.top
sub  $1,%dx
test $0,%dx
jgte .top
halt

# looping-race-nolock.s
# assumes %bx has loop count in it

.main
.top
# critical section
mov 2000, %ax  # get 'value' at address 2000
add $1, %ax    # increment it
mov %ax, 2000  # store it back

# see if we're still looping
sub  $1, %bx
test $0, %bx
jgt .top

halt

# simple-race.s
.main
# this is a critical section
mov 2000, %ax   # get the value at the address
add $1, %ax 	# increment it
mov %ax, 2000   # store it back
halt

# t0.c
#include <stdio.h>
#include <stdlib.h>
#include <pthread.h>

void *mythread(void *arg) {
    printf("%s\n", (char *) arg);
    return NULL;
}

int main(int argc, char *argv[]) {
    if (argc != 1) {
	fprintf(stderr, "usage: main\n");
	exit(1);
    }

    pthread_t p1, p2;
    printf("main: begin\n");
    pthread_create(&p1, NULL, mythread, "A");
    pthread_create(&p2, NULL, mythread, "B");
    // join waits for the threads to finish
    pthread_join(p1, NULL);
    pthread_join(p2, NULL);
    printf("main: end\n");
    return 0;
}

# t1.c
#include <stdio.h>
#include <stdlib.h>
#include <pthread.h>

int max;
volatile int counter = 0; // shared global variable

void *mythread(void *arg) {
    char *letter = arg;
    int i; // stack (private per thread)
    printf("%s: begin [addr of i: %p]\n", letter, &i);
    for (i = 0; i < max; i++) {
	counter = counter + 1; // shared: only one
    }
    printf("%s: done\n", letter);
    return NULL;
}

int main(int argc, char *argv[]) {
    if (argc != 2) {
	fprintf(stderr, "usage: ./t1 <loopcount>\n");
	exit(1);
    }
    max = atoi(argv[1]);

    pthread_t p1, p2;
    printf("main: begin [counter = %d] [%p]\n", counter, &counter);
    pthread_create(&p1, NULL, mythread, "A");
    pthread_create(&p2, NULL, mythread, "B");
    // join waits for the threads to finish
    pthread_join(p1, NULL);
    pthread_join(p2, NULL);
    printf("main: done\n [counter: %d]\n [should: %d]\n",
	   counter, max*2);
    return 0;
}

# x86.py
#! /usr/bin/env python

import sys
import time
import random
from optparse import OptionParser

#
# HELPER
#
def dospace(howmuch):
    for i in range(howmuch):
        print '%24s' % ' ',

# useful instead of assert
def zassert(cond, str):
    if cond == False:
        print 'ABORT::', str
        exit(1)
    return

class cpu:
    #
    # INIT: how much memory?
    #
    def __init__(self, memory, memtrace, regtrace, cctrace, compute, verbose):
        #
        # CONSTANTS
        #

        # conditions
        self.COND_GT        = 0
        self.COND_GTE       = 1
        self.COND_LT        = 2
        self.COND_LTE       = 3
        self.COND_EQ        = 4
        self.COND_NEQ       = 5

        # registers in system
        self.REG_ZERO       = 0
        self.REG_AX         = 1
        self.REG_BX         = 2
        self.REG_CX         = 3
        self.REG_DX         = 4
        self.REG_SP         = 5
        self.REG_BP         = 6

        # system memory: in KB
        self.max_memory     = memory * 1024

        # which memory addrs and registers to trace?
        self.memtrace       = memtrace
        self.regtrace       = regtrace
        self.cctrace        = cctrace
        self.compute        = compute
        self.verbose        = verbose

        self.PC             = 0
        self.registers      = {}
        self.conditions     = {}
        self.labels         = {}
        self.vars           = {}
        self.memory         = {}
        self.pmemory        = {}  # for printable version of what's in memory (instructions)

        self.condlist       = [self.COND_GTE, self.COND_GT, self.COND_LTE, self.COND_LT, self.COND_NEQ, self.COND_EQ]
        self.regnums        = [self.REG_ZERO, self.REG_AX,  self.REG_BX,   self.REG_CX,  self.REG_DX,   self.REG_SP,  self.REG_BP]

        self.regnames         = {}
        self.regnames['zero'] = self.REG_ZERO # hidden zero-valued register
        self.regnames['ax']   = self.REG_AX
        self.regnames['bx']   = self.REG_BX
        self.regnames['cx']   = self.REG_CX
        self.regnames['dx']   = self.REG_DX
        self.regnames['sp']   = self.REG_SP
        self.regnames['bp']   = self.REG_BP

        tmplist = []
        for r in self.regtrace:
            zassert(r in self.regnames, 'Register %s cannot be traced because it does not exist' % r)
            tmplist.append(self.regnames[r])
        self.regtrace = tmplist

        self.init_memory()
        self.init_registers()
        self.init_condition_codes()

    #
    # BEFORE MACHINE RUNS
    #
    def init_condition_codes(self):
        for c in self.condlist:
            self.conditions[c] = False

    def init_memory(self):
        for i in range(self.max_memory):
            self.memory[i] = 0

    def init_registers(self):
        for i in self.regnums:
            self.registers[i] = 0

    def dump_memory(self):
        print 'MEMORY DUMP'
        for i in range(self.max_memory):
            if i not in self.pmemory and i in self.memory and self.memory[i] != 0:
                print '  m[%d]' % i, self.memory[i]

    #
    # INFORMING ABOUT THE HARDWARE
    #
    def get_regnum(self, name):
        assert(name in self.regnames)
        return self.regnames[name]

    def get_regname(self, num):
        assert(num in self.regnums)
        for rname in self.regnames:
            if self.regnames[rname] == num:
                return rname
        return ''

    def get_regnums(self):
        return self.regnums

    def get_condlist(self):
        return self.condlist

    def get_reg(self, reg):
        assert(reg in self.regnums)
        return self.registers[reg]

    def get_cond(self, cond):
        assert(cond in self.condlist)
        return self.conditions[cond]

    def get_pc(self):
        return self.PC

    def set_reg(self, reg, value):
        assert(reg in self.regnums)
        self.registers[reg] = value

    def set_cond(self, cond, value):
        assert(cond in self.condlist)
        self.conditions[cond] = value

    def set_pc(self, pc):
        self.PC = pc

    #
    # INSTRUCTIONS
    #
    def halt(self):
        return -1

    def iyield(self):
        return -2

    def nop(self):
        return 0

    def rdump(self):
        print 'REGISTERS::',
        print 'ax:', self.registers[self.REG_AX],
        print 'bx:', self.registers[self.REG_BX],
        print 'cx:', self.registers[self.REG_CX],
        print 'dx:', self.registers[self.REG_DX],

    def mdump(self, index):
        print 'm[%d] ' % index, self.memory[index]

    def move_i_to_r(self, src, dst):
        self.registers[dst] = src
        return 0

    # memory: value, register, register
    def move_i_to_m(self, src, value, reg1, reg2):
        tmp = value + self.registers[reg1] + self.registers[reg2]
        self.memory[tmp] = src
        return 0

    def move_m_to_r(self, value, reg1, reg2, dst):
        tmp = value + self.registers[reg1] + self.registers[reg2]
        # print 'doing mov', 'val:', value, 'r1:', self.get_regname(reg1), self.registers[reg1], 'r2:', self.get_regname(reg2), self.registers[reg2], 'dst', self.get_regname(dst), 'tmp', tmp, 'reg[dst]', self.registers[dst], 'mem', self.memory[tmp]
        self.registers[dst] = self.memory[tmp]

    def move_r_to_m(self, src, value, reg1, reg2):
        tmp = value + self.registers[reg1] + self.registers[reg2]
        self.memory[tmp] = self.registers[src]
        return 0

    def move_r_to_r(self, src, dst):
        self.registers[dst] = self.registers[src]
        return 0

    def add_i_to_r(self, src, dst):
        self.registers[dst] += src
        return 0

    def add_r_to_r(self, src, dst):
        self.registers[dst] += self.registers[src]
        return 0

    def sub_i_to_r(self, src, dst):
        self.registers[dst] -= src
        return 0

    def sub_r_to_r(self, src, dst):
        self.registers[dst] -= self.registers[src]
        return 0


    #
    # SUPPORT FOR LOCKS
    #
    def atomic_exchange(self, src, value, reg1, reg2):
        tmp                 = value + self.registers[reg1] + self.registers[reg2]
        old                 = self.memory[tmp]
        self.memory[tmp]    = self.registers[src]
        self.registers[src] = old
        return 0

    def fetchadd(self, src, value, reg1, reg2):
        tmp                 = value + self.registers[reg1] + self.registers[reg2]
        old                 = self.memory[tmp]
        self.memory[tmp]    = self.memory[tmp] + self.registers[src]
        self.registers[src] = old

    #
    # TEST for conditions
    #
    def test_all(self, src, dst):
        self.init_condition_codes()
        if dst > src:
            self.conditions[self.COND_GT]  = True
        if dst >= src:
            self.conditions[self.COND_GTE] = True
        if dst < src:
            self.conditions[self.COND_LT]  = True
        if dst <= src:
            self.conditions[self.COND_LTE] = True
        if dst == src:
            self.conditions[self.COND_EQ]  = True
        if dst != src:
            self.conditions[self.COND_NEQ] = True
        return 0

    def test_i_r(self, src, dst):
        self.init_condition_codes()
        return self.test_all(src, self.registers[dst])

    def test_r_i(self, src, dst):
        self.init_condition_codes()
        return self.test_all(self.registers[src], dst)

    def test_r_r(self, src, dst):
        self.init_condition_codes()
        return self.test_all(self.registers[src], self.registers[dst])

    #
    # JUMPS
    #
    def jump(self, targ):
        self.PC = targ
        return 0

    def jump_notequal(self, targ):
        if self.conditions[self.COND_NEQ] == True:
            self.PC = targ
        return 0

    def jump_equal(self, targ):
        if self.conditions[self.COND_EQ] == True:
            self.PC = targ
        return 0

    def jump_lessthan(self, targ):
        if self.conditions[self.COND_LT] == True:
            self.PC = targ
        return 0

    def jump_lessthanorequal(self, targ):
        if self.conditions[self.COND_LTE] == True:
            self.PC = targ
        return 0

    def jump_greaterthan(self, targ):
        if self.conditions[self.COND_GT] == True:
            self.PC = targ
        return 0

    def jump_greaterthanorequal(self, targ):
        if self.conditions[self.COND_GTE] == True:
            self.PC = targ
        return 0

    #
    # CALL and RETURN
    #
    def call(self, targ):
        self.registers[self.REG_SP] -= 4
        self.memory[self.registers[self.REG_SP]] = self.PC
        self.PC = targ

    def ret(self):
        self.PC = self.memory[self.registers[self.REG_SP]]
        self.registers[self.REG_SP] += 4

    #
    # STACK and related
    #
    def push_r(self, reg):
        self.registers[self.REG_SP] -= 4
        self.memory[self.registers[self.REG_SP]] = self.registers[reg]
        return 0

    def push_m(self, value, reg1, reg2):
        # print 'push_m', value, reg1, reg2
        self.registers[self.REG_SP] -= 4
        tmp = value + self.registers[reg1] + self.registers[reg2]
        # push address onto stack, not memory value itself
        self.memory[self.registers[self.REG_SP]] = tmp
        return 0

    def pop(self):
        self.registers[self.REG_SP] += 4

    def pop_r(self, dst):
        self.registers[dst] = self.registers[self.REG_SP]
        self.registers[self.REG_SP] += 4

    #
    # HELPER func for getarg
    #
    def register_translate(self, r):
        if r in self.regnames:
            return self.regnames[r]
        zassert(False, 'Register %s is not a valid register' % r)
        return

    #
    # HELPER in parsing mov (quite primitive) and other ops
    # returns: (value, type)
    # where type is (TYPE_REGISTER, TYPE_IMMEDIATE, TYPE_MEMORY)
    #
    # FORMATS
    #    %ax           - register
    #    $10           - immediate
    #    10            - direct memory
    #    10(%ax)       - memory + reg indirect
    #    10(%ax,%bx)   - memory + 2 reg indirect
    #    10(%ax,%bx,4) - XXX (not handled)
    #
    def getarg(self, arg):
        tmp1 = arg.replace(',', '')
        tmp  = tmp1.replace(' \t', '')

        if tmp[0] == '$':
            zassert(len(tmp) == 2, 'correct form is $number (not %s)' % tmp)
            value = tmp.split('$')[1]
            zassert(value.isdigit(), 'value [%s] must be a digit' % value)
            return int(value), 'TYPE_IMMEDIATE'
        elif tmp[0] == '%':
            register = tmp.split('%')[1]
            return self.register_translate(register), 'TYPE_REGISTER'
        elif tmp[0] == '(':
            register = tmp.split('(')[1].split(')')[0].split('%')[1]
            return '%d,%d,%d' % (0, self.register_translate(register), self.register_translate('zero')), 'TYPE_MEMORY'
        elif tmp[0] == '.':
            targ = tmp
            return targ, 'TYPE_LABEL'
        elif tmp[0].isalpha() and not tmp[0].isdigit():
            zassert(tmp in self.vars, 'Variable %s is not declared' % tmp)
            # print '%d,%d,%d' % (self.vars[tmp], self.register_translate('zero'), self.register_translate('zero')), 'TYPE_MEMORY'
            return '%d,%d,%d' % (self.vars[tmp], self.register_translate('zero'), self.register_translate('zero')), 'TYPE_MEMORY'
        elif tmp[0].isdigit() or tmp[0] == '-':
            # MOST GENERAL CASE: number(reg,reg) or number(reg)
            # we ignore the common x86 number(reg,reg,constant) for now
            neg = 1
            if tmp[0] == '-':
                tmp = tmp[1:]
                neg = -1
            s = tmp.split('(')
            if len(s) == 1:
                value = neg * int(tmp)
                # print '%d,%d,%d' % (int(value), self.register_translate('zero'), self.register_translate('zero')), 'TYPE_MEMORY'
                return '%d,%d,%d' % (int(value), self.register_translate('zero'), self.register_translate('zero')), 'TYPE_MEMORY'
            elif len(s) == 2:
                value = neg * int(s[0])
                t = s[1].split(')')[0].split(',')
                if len(t) == 1:
                    register = t[0].split('%')[1]
                    # print '%d,%d,%d' % (int(value), self.register_translate(register), self.register_translate('zero')), 'TYPE_MEMORY'
                    return '%d,%d,%d' % (int(value), self.register_translate(register), self.register_translate('zero')), 'TYPE_MEMORY'
                elif len(t) == 2:
                    register1 = t[0].split('%')[1]
                    register2 = t[1].split('%')[1]
                    # print '%d,%d,%d' % (int(value), self.register_translate(register1), self.register_translate(register2)), 'TYPE_MEMORY'
                    return '%d,%d,%d' % (int(value), self.register_translate(register1), self.register_translate(register2)), 'TYPE_MEMORY'
            else:
                print 'mov: bad argument [%s]' % tmp
                exit(1)
                return
        zassert(True, 'mov: bad argument [%s]' % arg)
        return

    #
    # LOAD a program into memory
    # make it ready to execute
    #
    def load(self, infile, loadaddr):
        pc   = int(loadaddr)
        fd   = open(infile)

        bpc  = loadaddr
        data = 100

        for line in fd:
            cline = line.rstrip()
            # print 'PASS 1', cline

            # remove everything after the comment marker
            ctmp = cline.split('#')
            assert(len(ctmp) == 1 or len(ctmp) == 2)
            if len(ctmp) == 2:
                cline = ctmp[0]

            # remove empty lines, and split line by spaces
            tmp = cline.split()
            if len(tmp) == 0:
                continue

            # only pay attention to labels and variables
            if tmp[0] == '.var':
                assert(len(tmp) == 2)
                assert(tmp[0] not in self.vars)
                self.vars[tmp[1]] = data
                data += 4
                zassert(data < bpc, 'Load address overrun by static data')
                if self.verbose: print 'ASSIGN VAR', tmp[0], "-->", tmp[1], self.vars[tmp[1]]
            elif tmp[0][0] == '.':
                assert(len(tmp) == 1)
                self.labels[tmp[0]] = int(pc)
                if self.verbose: print 'ASSIGN LABEL', tmp[0], "-->", pc
            else:
                pc += 1
        fd.close()

        if self.verbose: print ''

        # second pass: do everything else
        pc = int(loadaddr)
        fd = open(infile)
        for line in fd:
            cline = line.rstrip()
            # print 'PASS 2', cline

            # remove everything after the comment marker
            ctmp = cline.split('#')
            assert(len(ctmp) == 1 or len(ctmp) == 2)
            if len(ctmp) == 2:
                cline = ctmp[0]

            # remove empty lines, and split line by spaces
            tmp = cline.split()
            if len(tmp) == 0:
                continue

            # skip labels: all else must be instructions
            if cline[0] != '.':
                tmp              = cline.split(None, 1)
                opcode           = tmp[0]
                self.pmemory[pc] = cline.strip()

                # MAIN OPCODE LOOP
                if opcode == 'mov':
                    rtmp = tmp[1].split(',', 1)
                    zassert(len(tmp) == 2 and len(rtmp) == 2, 'mov: needs two args, separated by commas [%s]' % cline)
                    arg1 = rtmp[0].strip()
                    arg2 = rtmp[1].strip()
                    (src, stype) = self.getarg(arg1)
                    (dst, dtype) = self.getarg(arg2)
                    # print 'MOV', src, stype, dst, dtype
                    if stype == 'TYPE_MEMORY' and dtype == 'TYPE_MEMORY':
                        print 'bad mov: two memory arguments'
                        exit(1)
                    elif stype == 'TYPE_IMMEDIATE' and dtype == 'TYPE_IMMEDIATE':
                        print 'bad mov: two immediate arguments'
                        exit(1)
                    elif stype == 'TYPE_IMMEDIATE' and dtype == 'TYPE_REGISTER':
                        self.memory[pc]  = 'self.move_i_to_r(%d, %d)' % (int(src), dst)
                    elif stype == 'TYPE_IMMEDIATE' and dtype == 'TYPE_REGISTER':
                        self.memory[pc]  = 'self.move_i_to_r(%d, %d)' % (int(src), dst)
                    elif stype == 'TYPE_MEMORY'    and dtype == 'TYPE_REGISTER':
                        tmp = src.split(',')
                        assert(len(tmp) == 3)
                        self.memory[pc] = 'self.move_m_to_r(%d, %d, %d, %d)' % (int(tmp[0]), int(tmp[1]), int(tmp[2]), dst)
                    elif stype == 'TYPE_REGISTER'  and dtype == 'TYPE_MEMORY':
                        tmp = dst.split(',')
                        assert(len(tmp) == 3)
                        self.memory[pc] = 'self.move_r_to_m(%d, %d, %d, %d)' % (src, int(tmp[0]), int(tmp[1]), int(tmp[2]))
                    elif stype == 'TYPE_REGISTER'  and dtype == 'TYPE_REGISTER':
                        self.memory[pc] = 'self.move_r_to_r(%d, %d)' % (src, dst)
                    elif stype == 'TYPE_IMMEDIATE'  and dtype == 'TYPE_MEMORY':
                        tmp = dst.split(',')
                        assert(len(tmp) == 3)
                        self.memory[pc] = 'self.move_i_to_m(%d, %d, %d, %d)' % (src, int(tmp[0]), int(tmp[1]), int(tmp[2]))
                    else:
                        zassert(False, 'malformed mov instruction')
                elif opcode == 'pop':
                    if len(tmp) == 1:
                        self.memory[pc] = 'self.pop()'
                    elif len(tmp) == 2:
                        arg = tmp[1].strip()
                        (dst, dtype) = self.getarg(arg)
                        zassert(dtype == 'TYPE_REGISTER', 'Can only pop into a register')
                        self.memory[pc] = 'self.pop_r(%d)' % dst
                    else:
                        zassert(False, 'pop instruction must take zero/one args')
                elif opcode == 'push':
                    (src, stype) = self.getarg(tmp[1].strip())
                    if stype == 'TYPE_REGISTER':
                        self.memory[pc] = 'self.push_r(%d)' % (int(src))
                    elif stype == 'TYPE_MEMORY':
                        tmp = src.split(',')
                        assert(len(tmp) == 3)
                        self.memory[pc] = 'self.push_m(%d,%d,%d)' % (int(tmp[0]), int(tmp[1]), int(tmp[2]))
                    else:
                        zassert(False, 'Cannot push anything but registers')
                elif opcode == 'call':
                    (targ, ttype) = self.getarg(tmp[1].strip())
                    if ttype == 'TYPE_LABEL':
                        self.memory[pc] = 'self.call(%d)' % (int(self.labels[targ]))
                    else:
                        zassert(False, 'Cannot call anything but a label')
                elif opcode == 'ret':
                    assert(len(tmp) == 1)
                    self.memory[pc] = 'self.ret()'
                elif opcode == 'add':
                    rtmp = tmp[1].split(',', 1)
                    zassert(len(tmp) == 2 and len(rtmp) == 2, 'add: needs two args, separated by commas [%s]' % cline)
                    arg1 = rtmp[0].strip()
                    arg2 = rtmp[1].strip()
                    (src, stype) = self.getarg(arg1)
                    (dst, dtype) = self.getarg(arg2)
                    if stype == 'TYPE_IMMEDIATE' and dtype == 'TYPE_REGISTER':
                        self.memory[pc] = 'self.add_i_to_r(%d, %d)' % (int(src), dst)
                    elif stype == 'TYPE_REGISTER' and dtype == 'TYPE_REGISTER':
                        self.memory[pc] = 'self.add_r_to_r(%d, %d)' % (int(src), dst)
                    else:
                        zassert(False, 'malformed usage of add instruction')
                elif opcode == 'sub':
                    rtmp = tmp[1].split(',', 1)
                    zassert(len(tmp) == 2 and len(rtmp) == 2, 'sub: needs two args, separated by commas [%s]' % cline)
                    arg1 = rtmp[0].strip()
                    arg2 = rtmp[1].strip()
                    (src, stype) = self.getarg(arg1)
                    (dst, dtype) = self.getarg(arg2)
                    if stype == 'TYPE_IMMEDIATE' and dtype == 'TYPE_REGISTER':
                        self.memory[pc] = 'self.sub_i_to_r(%d, %d)' % (int(src), dst)
                    elif stype == 'TYPE_REGISTER' and dtype == 'TYPE_REGISTER':
                        self.memory[pc] = 'self.sub_r_to_r(%d, %d)' % (int(src), dst)
                    else:
                        zassert(False, 'malformed usage of sub instruction')
                elif opcode == 'fetchadd':
                    rtmp = tmp[1].split(',', 1)
                    zassert(len(tmp) == 2 and len(rtmp) == 2, 'fetchadd: needs two args, separated by commas [%s]' % cline)
                    arg1 = rtmp[0].strip()
                    arg2 = rtmp[1].strip()
                    (src, stype) = self.getarg(arg1)
                    (dst, dtype) = self.getarg(arg2)
                    tmp = dst.split(',')
                    assert(len(tmp) == 3)
                    if stype == 'TYPE_REGISTER' and dtype == 'TYPE_MEMORY':
                        self.memory[pc] = 'self.fetchadd(%d, %d, %d, %d)' % (src, int(tmp[0]), int(tmp[1]), int(tmp[2]))
                    else:
                        zassert(False, 'poorly specified fetch and add')
                elif opcode == 'xchg':
                    rtmp = tmp[1].split(',', 1)
                    zassert(len(tmp) == 2 and len(rtmp) == 2, 'xchg: needs two args, separated by commas [%s]' % cline)
                    arg1 = rtmp[0].strip()
                    arg2 = rtmp[1].strip()
                    (src, stype) = self.getarg(arg1)
                    (dst, dtype) = self.getarg(arg2)
                    tmp = dst.split(',')
                    assert(len(tmp) == 3)
                    if stype == 'TYPE_REGISTER' and dtype == 'TYPE_MEMORY':
                        self.memory[pc] = 'self.atomic_exchange(%d, %d, %d, %d)' % (src, int(tmp[0]), int(tmp[1]), int(tmp[2]))
                    else:
                        zassert(False, 'poorly specified atomic exchange')
                elif opcode == 'test':
                    rtmp = tmp[1].split(',', 1)
                    zassert(len(tmp) == 2 and len(rtmp) == 2, 'test: needs two args, separated by commas [%s]' % cline)
                    arg1 = rtmp[0].strip()
                    arg2 = rtmp[1].strip()
                    (src, stype) = self.getarg(arg1)
                    (dst, dtype) = self.getarg(arg2)
                    if stype == 'TYPE_IMMEDIATE' and dtype == 'TYPE_REGISTER':
                        self.memory[pc] = 'self.test_i_r(%d, %d)' % (int(src), dst)
                    elif stype == 'TYPE_REGISTER' and dtype == 'TYPE_REGISTER':
                        self.memory[pc] = 'self.test_r_r(%d, %d)' % (int(src), dst)
                    elif stype == 'TYPE_REGISTER' and dtype == 'TYPE_IMMEDIATE':
                        self.memory[pc] = 'self.test_r_i(%d, %d)' % (int(src), dst)
                    else:
                        zassert(False, 'malformed usage of test instruction')
                elif opcode == 'j':
                    (targ, ttype) = self.getarg(tmp[1].strip())
                    zassert(ttype == 'TYPE_LABEL', 'bad jump target [%s]' % tmp[1].strip())
                    self.memory[pc] = 'self.jump(%d)' % int(self.labels[targ])
                elif opcode == 'jne':
                    (targ, ttype) = self.getarg(tmp[1].strip())
                    zassert(ttype == 'TYPE_LABEL', 'bad jump target [%s]' % tmp[1].strip())
                    self.memory[pc] = 'self.jump_notequal(%d)' % int(self.labels[targ])
                elif opcode == 'je':
                    (targ, ttype) = self.getarg(tmp[1].strip())
                    zassert(ttype == 'TYPE_LABEL', 'bad jump target [%s]' % tmp[1].strip())
                    self.memory[pc] = 'self.jump_equal(%d)' % self.labels[targ]
                elif opcode == 'jlt':
                    (targ, ttype) = self.getarg(tmp[1].strip())
                    zassert(ttype == 'TYPE_LABEL', 'bad jump target [%s]' % tmp[1].strip())
                    self.memory[pc] = 'self.jump_lessthan(%d)' % int(self.labels[targ])
                elif opcode == 'jlte':
                    (targ, ttype) = self.getarg(tmp[1].strip())
                    zassert(ttype == 'TYPE_LABEL', 'bad jump target [%s]' % tmp[1].strip())
                    self.memory[pc] = 'self.jump_lessthanorequal(%s)' % self.labels[targ]
                elif opcode == 'jgt':
                    (targ, ttype) = self.getarg(tmp[1].strip())
                    zassert(ttype == 'TYPE_LABEL', 'bad jump target [%s]' % tmp[1].strip())
                    self.memory[pc] = 'self.jump_greaterthan(%d)' % int(self.labels[targ])
                elif opcode == 'jgte':
                    (targ, ttype) = self.getarg(tmp[1].strip())
                    zassert(ttype == 'TYPE_LABEL', 'bad jump target [%s]' % tmp[1].strip())
                    self.memory[pc] = 'self.jump_greaterthanorequal(%s)' % self.labels[targ]
                elif opcode == 'nop':
                    self.memory[pc] = 'self.nop()'
                elif opcode == 'halt':
                    self.memory[pc] = 'self.halt()'
                elif opcode == 'yield':
                    self.memory[pc] = 'self.iyield()'
                elif opcode == 'rdump':
                    self.memory[pc] = 'self.rdump()'
                elif opcode == 'mdump':
                    self.memory[pc] = 'self.mdump(%s)' % tmp[1]
                else:
                    print 'illegal opcode: ', opcode
                    exit(1)

                if self.verbose: print 'pc:%d LOADING %20s --> %s' % (pc, self.pmemory[pc], self.memory[pc])

                # INCREMENT PC for loader
                pc += 1
        # END: loop over file
        fd.close()
        if self.verbose: print ''
        return
    # END: load

    def print_headers(self, procs):
        # print some headers
        if len(self.memtrace) > 0:
            for m in self.memtrace:
                if m[0].isdigit():
                    print '%5d' % int(m),
                else:
                    zassert(m in self.vars, 'Traced variable %s not declared' % m)
                    print '%5s' % m,
            print ' ',
        if len(self.regtrace) > 0:
            for r in self.regtrace:
                print '%5s' % self.get_regname(r),
            print ' ',
        if cctrace == True:
            print '>= >  <= <  != ==',

        # and per thread
        for i in range(procs.getnum()):
            print '       Thread %d        ' % i,
        print ''
        return

    def print_trace(self, newline):
        if len(self.memtrace) > 0:
            for m in self.memtrace:
                if self.compute:
                    if m[0].isdigit():
                        print '%5d' % self.memory[int(m)],
                    else:
                        zassert(m in self.vars, 'Traced variable %s not declared' % m)
                        print '%5d' % self.memory[self.vars[m]],
                else:
                    print '%5s' % '?',
            print ' ',
        if len(self.regtrace) > 0:
            for r in self.regtrace:
                if self.compute:
                    print '%5d' % self.registers[r],
                else:
                    print '%5s' % '?',
            print ' ',
        if cctrace == True:
            for c in self.condlist:
                if self.compute:
                    if self.conditions[c]:
                        print '1 ',
                    else:
                        print '0 ',
                else:
                    print '? ',
        if (len(self.memtrace) > 0 or len(self.regtrace) > 0 or cctrace == True) and newline == True:
            print ''
        return

    def setint(self, intfreq, intrand):
        if intrand == False:
            return intfreq
        return int(random.random() * intfreq) + 1

    def run(self, procs, intfreq, intrand):
        # hw init: cc's, interrupt frequency, etc.
        interrupt = self.setint(intfreq, intrand)
        icount    = 0

        self.print_headers(procs)
        self.print_trace(True)

        while True:
            # need thread ID of current process
            tid = procs.getcurr().gettid()

            # FETCH
            prevPC       = self.PC
            instruction  = self.memory[self.PC]
            self.PC     += 1

            # DECODE and EXECUTE
            # key: self.PC may be changed during eval; thus MUST be incremented BEFORE eval
            rc = eval(instruction)

            # tracing details: ALWAYS AFTER EXECUTION OF INSTRUCTION
            self.print_trace(False)

            # output: thread-proportional spacing followed by PC and instruction
            dospace(tid)
            print prevPC, self.pmemory[prevPC]
            icount += 1

            # halt instruction issued
            if rc == -1:
                procs.done()
                if procs.numdone() == procs.getnum():
                    return icount
                procs.next()
                procs.restore()

                self.print_trace(False)
                for i in range(procs.getnum()):
                    print '----- Halt;Switch ----- ',
                print ''

            # do interrupt processing
            interrupt -= 1
            if interrupt == 0 or rc == -2:
                interrupt = self.setint(intfreq, intrand)
                procs.save()
                procs.next()
                procs.restore()

                self.print_trace(False)
                for i in range(procs.getnum()):
                    print '------ Interrupt ------ ',
                print ''
        # END: while
        return

#
# END: class cpu
#


#
# PROCESS LIST class
#
class proclist:
    def __init__(self):
        self.plist  = []
        self.curr   = 0
        self.active = 0

    def done(self):
        self.plist[self.curr].setdone()
        self.active -= 1

    def numdone(self):
        return len(self.plist) - self.active

    def getnum(self):
        return len(self.plist)

    def add(self, p):
        self.active += 1
        self.plist.append(p)

    def getcurr(self):
        return self.plist[self.curr]

    def save(self):
        self.plist[self.curr].save()

    def restore(self):
        self.plist[self.curr].restore()

    def next(self):
        for i in range(self.curr+1, len(self.plist)):
            if self.plist[i].isdone() == False:
                self.curr = i
                return
        for i in range(0, self.curr+1):
            if self.plist[i].isdone() == False:
                self.curr = i
                return

#
# PROCESS class
#
class process:
    def __init__(self, cpu, tid, pc, stackbottom, reginit):
        self.cpu   = cpu  # object reference
        self.tid   = tid
        self.pc    = pc
        self.regs  = {}
        self.cc    = {}
        self.done  = False
        self.stack = stackbottom

        # init regs: all 0 or specially set to something
        for r in self.cpu.get_regnums():
            self.regs[r] = 0
        if reginit != '':
            # form: ax=1,bx=2 (for some subset of registers)
            for r in reginit.split(':'):
                tmp = r.split('=')
                assert(len(tmp) == 2)
                self.regs[self.cpu.get_regnum(tmp[0])] = int(tmp[1])

        # init CCs
        for c in self.cpu.get_condlist():
            self.cc[c] = False

        # stack
        self.regs[self.cpu.get_regnum('sp')] = stackbottom
        # print 'REG', self.cpu.get_regnum('sp'), self.regs[self.cpu.get_regnum('sp')]

        return

    def gettid(self):
        return self.tid

    def save(self):
        self.pc = self.cpu.get_pc()
        for c in self.cpu.get_condlist():
            self.cc[c] = self.cpu.get_cond(c)
        for r in self.cpu.get_regnums():
            self.regs[r] = self.cpu.get_reg(r)

    def restore(self):
        self.cpu.set_pc(self.pc)
        for c in self.cpu.get_condlist():
            self.cpu.set_cond(c, self.cc[c])
        for r in self.cpu.get_regnums():
            self.cpu.set_reg(r, self.regs[r])

    def setdone(self):
        self.done = True

    def isdone(self):
        return self.done == True

#
# main program
#
parser = OptionParser()
parser.add_option('-s', '--seed',      default=0,          help='the random seed',                  action='store',      type='int',    dest='seed')
parser.add_option('-t', '--threads',   default=2,          help='number of threads',                action='store',      type='int',    dest='numthreads')
parser.add_option('-p', '--program',   default='',         help='source program (in .s)',           action='store',      type='string', dest='progfile')
parser.add_option('-i', '--interrupt', default=50,         help='interrupt frequency',              action='store',      type='int',    dest='intfreq')
parser.add_option('-r', '--randints',  default=False,      help='if interrupts are random',         action='store_true',                dest='intrand')
parser.add_option('-a', '--argv',      default='',
                  help='comma-separated per-thread args (e.g., ax=1,ax=2 sets thread 0 ax reg to 1 and thread 1 ax reg to 2); specify multiple regs per thread via colon-separated list (e.g., ax=1:bx=2,cx=3 sets thread 0 ax and bx and just cx for thread 1)',
                  action='store',      type='string', dest='argv')
parser.add_option('-L', '--loadaddr',  default=1000,       help='address where to load code',       action='store',      type='int',    dest='loadaddr')
parser.add_option('-m', '--memsize',   default=128,        help='size of address space (KB)',       action='store',      type='int',    dest='memsize')
parser.add_option('-M', '--memtrace',  default='',         help='comma-separated list of addrs to trace (e.g., 20000,20001)', action='store',
                  type='string', dest='memtrace')
parser.add_option('-R', '--regtrace',  default='',         help='comma-separated list of regs to trace (e.g., ax,bx,cx,dx)',  action='store',
                  type='string', dest='regtrace')
parser.add_option('-C', '--cctrace',   default=False,      help='should we trace condition codes',  action='store_true', dest='cctrace')
parser.add_option('-S', '--printstats',default=False,      help='print some extra stats',           action='store_true', dest='printstats')
parser.add_option('-v', '--verbose',   default=False,      help='print some extra info',            action='store_true', dest='verbose')
parser.add_option('-c', '--compute',   default=False,      help='compute answers for me',           action='store_true', dest='solve')
(options, args) = parser.parse_args()

print 'ARG seed',                options.seed
print 'ARG numthreads',          options.numthreads
print 'ARG program',             options.progfile
print 'ARG interrupt frequency', options.intfreq
print 'ARG interrupt randomness',options.intrand
print 'ARG argv',                options.argv
print 'ARG load address',        options.loadaddr
print 'ARG memsize',             options.memsize
print 'ARG memtrace',            options.memtrace
print 'ARG regtrace',            options.regtrace
print 'ARG cctrace',             options.cctrace
print 'ARG printstats',          options.printstats
print 'ARG verbose',             options.verbose
print ''

seed       = int(options.seed)
numthreads = int(options.numthreads)
intfreq    = int(options.intfreq)
zassert(intfreq > 0, 'Interrupt frequency must be greater than 0')
intrand    = int(options.intrand)
progfile   = options.progfile
zassert(progfile != '', 'Program file must be specified')
argv       = options.argv.split(',')
zassert(len(argv) == numthreads or len(argv) == 1, 'argv: must be one per-thread or just one set of values for all threads')

loadaddr   = options.loadaddr
memsize    = options.memsize
random.seed(seed)

memtrace   = []
if options.memtrace != '':
    for m in options.memtrace.split(','):
        memtrace.append(m)

regtrace   = []
if options.regtrace != '':
    for r in options.regtrace.split(','):
        regtrace.append(r)

cctrace    = options.cctrace

printstats = options.printstats
verbose    = options.verbose

#
# MAIN program
#
debug = False
debug = False

cpu = cpu(memsize, memtrace, regtrace, cctrace, options.solve, verbose)

# load a program
cpu.load(progfile, loadaddr)

# process list
procs = proclist()
pid   = 0
stack = memsize * 1000
for t in range(numthreads):
    if len(argv) > 1:
        arg = argv[pid]
    else:
        arg = argv[0]
    procs.add(process(cpu, pid, loadaddr, stack, arg))
    stack -= 1000
    pid += 1

# get first one ready!
procs.restore()

# run it
t1 = time.clock()
ic = cpu.run(procs, intfreq, intrand)
t2 = time.clock()

if printstats:
    print ''
    print 'STATS:: Instructions    %d' % ic
    print 'STATS:: Emulation Rate  %.2f kinst/sec' % (float(ic) / float(t2 - t1) / 1000.0)

# use this for profiling
# import cProfile
# cProfile.run('run()')

# Student Answer:
%dx will be change from 0 to -1

# Output Format:
Return a single integer score only.
[INFO] 2025-09-28 11:58:12,762 Assignment: Let’s examine a simple program, “loop.s”. First, just read and understand it. Then, run it with these arguments (./x86.py -p loop.s -t 1 -i 100 -R dx). This specifies a single thread, an interrupt ...
[DEBUG] 2025-09-28 11:58:12,762 Full Assignment:
Let’s examine a simple program, “loop.s”. First, just read and understand it. Then, run it with these arguments (./x86.py -p loop.s -t 1 -i 100 -R dx). This specifies a single thread, an interrupt every 100 instructions, and tracing of register %dx. What will %dx be during the run? Use the -c flag to check your answers; the answers, on the left, show the value of the register (or memory value) after the instruction on the right has run.
[INFO] 2025-09-28 11:58:12,762 Rubric: The program code or text explanation can explain the process of value changing from 0 to -1. Correct (16 points);
If only answer the final value is -1 . Partically correct (4 points); If only asnse...
[DEBUG] 2025-09-28 11:58:12,763 Full Rubric:
The program code or text explanation can explain the process of value changing from 0 to -1. Correct (16 points);
If only answer the final value is -1 . Partically correct (4 points); If only asnser the "change range is from 0 to -1 (8 points); If answer list all values, Partically correct (12 points)
[INFO] 2025-09-28 11:58:12,763 Instructor criteria: The program code or text explanation can explain the process of value changing from 0 to -1. Correct (16 points)
[DEBUG] 2025-09-28 11:58:12,763 Full Instructor criteria:
The program code or text explanation can explain the process of value changing from 0 to -1. Correct (16 points)
[INFO] 2025-09-28 11:58:12,763 Reference answer: dx Thread 0 
0 
-1 1000 sub $1,%dx
-1 1001 test $0,%dx
-1 1002 jgte .top
-1 1003 halt
[DEBUG] 2025-09-28 11:58:12,763 Full Reference answer:
dx Thread 0 
0 
-1 1000 sub $1,%dx
-1 1001 test $0,%dx
-1 1002 jgte .top
-1 1003 halt
[INFO] 2025-09-28 11:58:12,763 Student answer: %dx will be change from 0 to -1
[DEBUG] 2025-09-28 11:58:12,763 Full Student answer:
%dx will be change from 0 to -1
[INFO] 2025-09-28 11:58:12,763 Reference materials: Makefile, loop.s, looping-race-nolock.s, simple-race.s, t0.c, t1.c, x86.py
[DEBUG] 2025-09-28 11:58:12,764 Full Reference materials:
Makefile, loop.s, looping-race-nolock.s, simple-race.s, t0.c, t1.c, x86.py
[DEBUG] 2025-09-28 11:58:12,764 Reference material [Makefile]:
FLAGS = -Wall -pthread

all: t0 t1

clean:
	rm -f t0 t1

t0: t0.c
	gcc -o t0 t0.c $(FLAGS)

t1: t1.c
	gcc -o t1 t1.c $(FLAGS)
[DEBUG] 2025-09-28 11:58:12,764 Reference material [loop.s]:
.main
.top
sub  $1,%dx
test $0,%dx
jgte .top
halt
[DEBUG] 2025-09-28 11:58:12,764 Reference material [looping-race-nolock.s]:
# assumes %bx has loop count in it

.main
.top
# critical section
mov 2000, %ax  # get 'value' at address 2000
add $1, %ax    # increment it
mov %ax, 2000  # store it back

# see if we're still looping
sub  $1, %bx
test $0, %bx
jgt .top

halt
[DEBUG] 2025-09-28 11:58:12,765 Reference material [simple-race.s]:
.main
# this is a critical section
mov 2000, %ax   # get the value at the address
add $1, %ax 	# increment it
mov %ax, 2000   # store it back
halt
[DEBUG] 2025-09-28 11:58:12,765 Reference material [t0.c]:
#include <stdio.h>
#include <stdlib.h>
#include <pthread.h>

void *mythread(void *arg) {
    printf("%s\n", (char *) arg);
    return NULL;
}

int main(int argc, char *argv[]) {
    if (argc != 1) {
	fprintf(stderr, "usage: main\n");
	exit(1);
    }

    pthread_t p1, p2;
    printf("main: begin\n");
    pthread_create(&p1, NULL, mythread, "A");
    pthread_create(&p2, NULL, mythread, "B");
    // join waits for the threads to finish
    pthread_join(p1, NULL);
    pthread_join(p2, NULL);
    printf("main: end\n");
    return 0;
}
[DEBUG] 2025-09-28 11:58:12,765 Reference material [t1.c]:
#include <stdio.h>
#include <stdlib.h>
#include <pthread.h>

int max;
volatile int counter = 0; // shared global variable

void *mythread(void *arg) {
    char *letter = arg;
    int i; // stack (private per thread)
    printf("%s: begin [addr of i: %p]\n", letter, &i);
    for (i = 0; i < max; i++) {
	counter = counter + 1; // shared: only one
    }
    printf("%s: done\n", letter);
    return NULL;
}

int main(int argc, char *argv[]) {
    if (argc != 2) {
	fprintf(stderr, "usage: ./t1 <loopcount>\n");
	exit(1);
    }
    max = atoi(argv[1]);

    pthread_t p1, p2;
    printf("main: begin [counter = %d] [%p]\n", counter, &counter);
    pthread_create(&p1, NULL, mythread, "A");
    pthread_create(&p2, NULL, mythread, "B");
    // join waits for the threads to finish
    pthread_join(p1, NULL);
    pthread_join(p2, NULL);
    printf("main: done\n [counter: %d]\n [should: %d]\n",
	   counter, max*2);
    return 0;
}
[DEBUG] 2025-09-28 11:58:12,765 Reference material [x86.py]:
#! /usr/bin/env python

import sys
import time
import random
from optparse import OptionParser

#
# HELPER
#
def dospace(howmuch):
    for i in range(howmuch):
        print '%24s' % ' ',

# useful instead of assert
def zassert(cond, str):
    if cond == False:
        print 'ABORT::', str
        exit(1)
    return

class cpu:
    #
    # INIT: how much memory?
    #
    def __init__(self, memory, memtrace, regtrace, cctrace, compute, verbose):
        #
        # CONSTANTS
        #

        # conditions
        self.COND_GT        = 0
        self.COND_GTE       = 1
        self.COND_LT        = 2
        self.COND_LTE       = 3
        self.COND_EQ        = 4
        self.COND_NEQ       = 5

        # registers in system
        self.REG_ZERO       = 0
        self.REG_AX         = 1
        self.REG_BX         = 2
        self.REG_CX         = 3
        self.REG_DX         = 4
        self.REG_SP         = 5
        self.REG_BP         = 6

        # system memory: in KB
        self.max_memory     = memory * 1024

        # which memory addrs and registers to trace?
        self.memtrace       = memtrace
        self.regtrace       = regtrace
        self.cctrace        = cctrace
        self.compute        = compute
        self.verbose        = verbose

        self.PC             = 0
        self.registers      = {}
        self.conditions     = {}
        self.labels         = {}
        self.vars           = {}
        self.memory         = {}
        self.pmemory        = {}  # for printable version of what's in memory (instructions)

        self.condlist       = [self.COND_GTE, self.COND_GT, self.COND_LTE, self.COND_LT, self.COND_NEQ, self.COND_EQ]
        self.regnums        = [self.REG_ZERO, self.REG_AX,  self.REG_BX,   self.REG_CX,  self.REG_DX,   self.REG_SP,  self.REG_BP]

        self.regnames         = {}
        self.regnames['zero'] = self.REG_ZERO # hidden zero-valued register
        self.regnames['ax']   = self.REG_AX
        self.regnames['bx']   = self.REG_BX
        self.regnames['cx']   = self.REG_CX
        self.regnames['dx']   = self.REG_DX
        self.regnames['sp']   = self.REG_SP
        self.regnames['bp']   = self.REG_BP

        tmplist = []
        for r in self.regtrace:
            zassert(r in self.regnames, 'Register %s cannot be traced because it does not exist' % r)
            tmplist.append(self.regnames[r])
        self.regtrace = tmplist

        self.init_memory()
        self.init_registers()
        self.init_condition_codes()

    #
    # BEFORE MACHINE RUNS
    #
    def init_condition_codes(self):
        for c in self.condlist:
            self.conditions[c] = False

    def init_memory(self):
        for i in range(self.max_memory):
            self.memory[i] = 0

    def init_registers(self):
        for i in self.regnums:
            self.registers[i] = 0

    def dump_memory(self):
        print 'MEMORY DUMP'
        for i in range(self.max_memory):
            if i not in self.pmemory and i in self.memory and self.memory[i] != 0:
                print '  m[%d]' % i, self.memory[i]

    #
    # INFORMING ABOUT THE HARDWARE
    #
    def get_regnum(self, name):
        assert(name in self.regnames)
        return self.regnames[name]

    def get_regname(self, num):
        assert(num in self.regnums)
        for rname in self.regnames:
            if self.regnames[rname] == num:
                return rname
        return ''

    def get_regnums(self):
        return self.regnums

    def get_condlist(self):
        return self.condlist

    def get_reg(self, reg):
        assert(reg in self.regnums)
        return self.registers[reg]

    def get_cond(self, cond):
        assert(cond in self.condlist)
        return self.conditions[cond]

    def get_pc(self):
        return self.PC

    def set_reg(self, reg, value):
        assert(reg in self.regnums)
        self.registers[reg] = value

    def set_cond(self, cond, value):
        assert(cond in self.condlist)
        self.conditions[cond] = value

    def set_pc(self, pc):
        self.PC = pc

    #
    # INSTRUCTIONS
    #
    def halt(self):
        return -1

    def iyield(self):
        return -2

    def nop(self):
        return 0

    def rdump(self):
        print 'REGISTERS::',
        print 'ax:', self.registers[self.REG_AX],
        print 'bx:', self.registers[self.REG_BX],
        print 'cx:', self.registers[self.REG_CX],
        print 'dx:', self.registers[self.REG_DX],

    def mdump(self, index):
        print 'm[%d] ' % index, self.memory[index]

    def move_i_to_r(self, src, dst):
        self.registers[dst] = src
        return 0

    # memory: value, register, register
    def move_i_to_m(self, src, value, reg1, reg2):
        tmp = value + self.registers[reg1] + self.registers[reg2]
        self.memory[tmp] = src
        return 0

    def move_m_to_r(self, value, reg1, reg2, dst):
        tmp = value + self.registers[reg1] + self.registers[reg2]
        # print 'doing mov', 'val:', value, 'r1:', self.get_regname(reg1), self.registers[reg1], 'r2:', self.get_regname(reg2), self.registers[reg2], 'dst', self.get_regname(dst), 'tmp', tmp, 'reg[dst]', self.registers[dst], 'mem', self.memory[tmp]
        self.registers[dst] = self.memory[tmp]

    def move_r_to_m(self, src, value, reg1, reg2):
        tmp = value + self.registers[reg1] + self.registers[reg2]
        self.memory[tmp] = self.registers[src]
        return 0

    def move_r_to_r(self, src, dst):
        self.registers[dst] = self.registers[src]
        return 0

    def add_i_to_r(self, src, dst):
        self.registers[dst] += src
        return 0

    def add_r_to_r(self, src, dst):
        self.registers[dst] += self.registers[src]
        return 0

    def sub_i_to_r(self, src, dst):
        self.registers[dst] -= src
        return 0

    def sub_r_to_r(self, src, dst):
        self.registers[dst] -= self.registers[src]
        return 0


    #
    # SUPPORT FOR LOCKS
    #
    def atomic_exchange(self, src, value, reg1, reg2):
        tmp                 = value + self.registers[reg1] + self.registers[reg2]
        old                 = self.memory[tmp]
        self.memory[tmp]    = self.registers[src]
        self.registers[src] = old
        return 0

    def fetchadd(self, src, value, reg1, reg2):
        tmp                 = value + self.registers[reg1] + self.registers[reg2]
        old                 = self.memory[tmp]
        self.memory[tmp]    = self.memory[tmp] + self.registers[src]
        self.registers[src] = old

    #
    # TEST for conditions
    #
    def test_all(self, src, dst):
        self.init_condition_codes()
        if dst > src:
            self.conditions[self.COND_GT]  = True
        if dst >= src:
            self.conditions[self.COND_GTE] = True
        if dst < src:
            self.conditions[self.COND_LT]  = True
        if dst <= src:
            self.conditions[self.COND_LTE] = True
        if dst == src:
            self.conditions[self.COND_EQ]  = True
        if dst != src:
            self.conditions[self.COND_NEQ] = True
        return 0

    def test_i_r(self, src, dst):
        self.init_condition_codes()
        return self.test_all(src, self.registers[dst])

    def test_r_i(self, src, dst):
        self.init_condition_codes()
        return self.test_all(self.registers[src], dst)

    def test_r_r(self, src, dst):
        self.init_condition_codes()
        return self.test_all(self.registers[src], self.registers[dst])

    #
    # JUMPS
    #
    def jump(self, targ):
        self.PC = targ
        return 0

    def jump_notequal(self, targ):
        if self.conditions[self.COND_NEQ] == True:
            self.PC = targ
        return 0

    def jump_equal(self, targ):
        if self.conditions[self.COND_EQ] == True:
            self.PC = targ
        return 0

    def jump_lessthan(self, targ):
        if self.conditions[self.COND_LT] == True:
            self.PC = targ
        return 0

    def jump_lessthanorequal(self, targ):
        if self.conditions[self.COND_LTE] == True:
            self.PC = targ
        return 0

    def jump_greaterthan(self, targ):
        if self.conditions[self.COND_GT] == True:
            self.PC = targ
        return 0

    def jump_greaterthanorequal(self, targ):
        if self.conditions[self.COND_GTE] == True:
            self.PC = targ
        return 0

    #
    # CALL and RETURN
    #
    def call(self, targ):
        self.registers[self.REG_SP] -= 4
        self.memory[self.registers[self.REG_SP]] = self.PC
        self.PC = targ

    def ret(self):
        self.PC = self.memory[self.registers[self.REG_SP]]
        self.registers[self.REG_SP] += 4

    #
    # STACK and related
    #
    def push_r(self, reg):
        self.registers[self.REG_SP] -= 4
        self.memory[self.registers[self.REG_SP]] = self.registers[reg]
        return 0

    def push_m(self, value, reg1, reg2):
        # print 'push_m', value, reg1, reg2
        self.registers[self.REG_SP] -= 4
        tmp = value + self.registers[reg1] + self.registers[reg2]
        # push address onto stack, not memory value itself
        self.memory[self.registers[self.REG_SP]] = tmp
        return 0

    def pop(self):
        self.registers[self.REG_SP] += 4

    def pop_r(self, dst):
        self.registers[dst] = self.registers[self.REG_SP]
        self.registers[self.REG_SP] += 4

    #
    # HELPER func for getarg
    #
    def register_translate(self, r):
        if r in self.regnames:
            return self.regnames[r]
        zassert(False, 'Register %s is not a valid register' % r)
        return

    #
    # HELPER in parsing mov (quite primitive) and other ops
    # returns: (value, type)
    # where type is (TYPE_REGISTER, TYPE_IMMEDIATE, TYPE_MEMORY)
    #
    # FORMATS
    #    %ax           - register
    #    $10           - immediate
    #    10            - direct memory
    #    10(%ax)       - memory + reg indirect
    #    10(%ax,%bx)   - memory + 2 reg indirect
    #    10(%ax,%bx,4) - XXX (not handled)
    #
    def getarg(self, arg):
        tmp1 = arg.replace(',', '')
        tmp  = tmp1.replace(' \t', '')

        if tmp[0] == '$':
            zassert(len(tmp) == 2, 'correct form is $number (not %s)' % tmp)
            value = tmp.split('$')[1]
            zassert(value.isdigit(), 'value [%s] must be a digit' % value)
            return int(value), 'TYPE_IMMEDIATE'
        elif tmp[0] == '%':
            register = tmp.split('%')[1]
            return self.register_translate(register), 'TYPE_REGISTER'
        elif tmp[0] == '(':
            register = tmp.split('(')[1].split(')')[0].split('%')[1]
            return '%d,%d,%d' % (0, self.register_translate(register), self.register_translate('zero')), 'TYPE_MEMORY'
        elif tmp[0] == '.':
            targ = tmp
            return targ, 'TYPE_LABEL'
        elif tmp[0].isalpha() and not tmp[0].isdigit():
            zassert(tmp in self.vars, 'Variable %s is not declared' % tmp)
            # print '%d,%d,%d' % (self.vars[tmp], self.register_translate('zero'), self.register_translate('zero')), 'TYPE_MEMORY'
            return '%d,%d,%d' % (self.vars[tmp], self.register_translate('zero'), self.register_translate('zero')), 'TYPE_MEMORY'
        elif tmp[0].isdigit() or tmp[0] == '-':
            # MOST GENERAL CASE: number(reg,reg) or number(reg)
            # we ignore the common x86 number(reg,reg,constant) for now
            neg = 1
            if tmp[0] == '-':
                tmp = tmp[1:]
                neg = -1
            s = tmp.split('(')
            if len(s) == 1:
                value = neg * int(tmp)
                # print '%d,%d,%d' % (int(value), self.register_translate('zero'), self.register_translate('zero')), 'TYPE_MEMORY'
                return '%d,%d,%d' % (int(value), self.register_translate('zero'), self.register_translate('zero')), 'TYPE_MEMORY'
            elif len(s) == 2:
                value = neg * int(s[0])
                t = s[1].split(')')[0].split(',')
                if len(t) == 1:
                    register = t[0].split('%')[1]
                    # print '%d,%d,%d' % (int(value), self.register_translate(register), self.register_translate('zero')), 'TYPE_MEMORY'
                    return '%d,%d,%d' % (int(value), self.register_translate(register), self.register_translate('zero')), 'TYPE_MEMORY'
                elif len(t) == 2:
                    register1 = t[0].split('%')[1]
                    register2 = t[1].split('%')[1]
                    # print '%d,%d,%d' % (int(value), self.register_translate(register1), self.register_translate(register2)), 'TYPE_MEMORY'
                    return '%d,%d,%d' % (int(value), self.register_translate(register1), self.register_translate(register2)), 'TYPE_MEMORY'
            else:
                print 'mov: bad argument [%s]' % tmp
                exit(1)
                return
        zassert(True, 'mov: bad argument [%s]' % arg)
        return

    #
    # LOAD a program into memory
    # make it ready to execute
    #
    def load(self, infile, loadaddr):
        pc   = int(loadaddr)
        fd   = open(infile)

        bpc  = loadaddr
        data = 100

        for line in fd:
            cline = line.rstrip()
            # print 'PASS 1', cline

            # remove everything after the comment marker
            ctmp = cline.split('#')
            assert(len(ctmp) == 1 or len(ctmp) == 2)
            if len(ctmp) == 2:
                cline = ctmp[0]

            # remove empty lines, and split line by spaces
            tmp = cline.split()
            if len(tmp) == 0:
                continue

            # only pay attention to labels and variables
            if tmp[0] == '.var':
                assert(len(tmp) == 2)
                assert(tmp[0] not in self.vars)
                self.vars[tmp[1]] = data
                data += 4
                zassert(data < bpc, 'Load address overrun by static data')
                if self.verbose: print 'ASSIGN VAR', tmp[0], "-->", tmp[1], self.vars[tmp[1]]
            elif tmp[0][0] == '.':
                assert(len(tmp) == 1)
                self.labels[tmp[0]] = int(pc)
                if self.verbose: print 'ASSIGN LABEL', tmp[0], "-->", pc
            else:
                pc += 1
        fd.close()

        if self.verbose: print ''

        # second pass: do everything else
        pc = int(loadaddr)
        fd = open(infile)
        for line in fd:
            cline = line.rstrip()
            # print 'PASS 2', cline

            # remove everything after the comment marker
            ctmp = cline.split('#')
            assert(len(ctmp) == 1 or len(ctmp) == 2)
            if len(ctmp) == 2:
                cline = ctmp[0]

            # remove empty lines, and split line by spaces
            tmp = cline.split()
            if len(tmp) == 0:
                continue

            # skip labels: all else must be instructions
            if cline[0] != '.':
                tmp              = cline.split(None, 1)
                opcode           = tmp[0]
                self.pmemory[pc] = cline.strip()

                # MAIN OPCODE LOOP
                if opcode == 'mov':
                    rtmp = tmp[1].split(',', 1)
                    zassert(len(tmp) == 2 and len(rtmp) == 2, 'mov: needs two args, separated by commas [%s]' % cline)
                    arg1 = rtmp[0].strip()
                    arg2 = rtmp[1].strip()
                    (src, stype) = self.getarg(arg1)
                    (dst, dtype) = self.getarg(arg2)
                    # print 'MOV', src, stype, dst, dtype
                    if stype == 'TYPE_MEMORY' and dtype == 'TYPE_MEMORY':
                        print 'bad mov: two memory arguments'
                        exit(1)
                    elif stype == 'TYPE_IMMEDIATE' and dtype == 'TYPE_IMMEDIATE':
                        print 'bad mov: two immediate arguments'
                        exit(1)
                    elif stype == 'TYPE_IMMEDIATE' and dtype == 'TYPE_REGISTER':
                        self.memory[pc]  = 'self.move_i_to_r(%d, %d)' % (int(src), dst)
                    elif stype == 'TYPE_IMMEDIATE' and dtype == 'TYPE_REGISTER':
                        self.memory[pc]  = 'self.move_i_to_r(%d, %d)' % (int(src), dst)
                    elif stype == 'TYPE_MEMORY'    and dtype == 'TYPE_REGISTER':
                        tmp = src.split(',')
                        assert(len(tmp) == 3)
                        self.memory[pc] = 'self.move_m_to_r(%d, %d, %d, %d)' % (int(tmp[0]), int(tmp[1]), int(tmp[2]), dst)
                    elif stype == 'TYPE_REGISTER'  and dtype == 'TYPE_MEMORY':
                        tmp = dst.split(',')
                        assert(len(tmp) == 3)
                        self.memory[pc] = 'self.move_r_to_m(%d, %d, %d, %d)' % (src, int(tmp[0]), int(tmp[1]), int(tmp[2]))
                    elif stype == 'TYPE_REGISTER'  and dtype == 'TYPE_REGISTER':
                        self.memory[pc] = 'self.move_r_to_r(%d, %d)' % (src, dst)
                    elif stype == 'TYPE_IMMEDIATE'  and dtype == 'TYPE_MEMORY':
                        tmp = dst.split(',')
                        assert(len(tmp) == 3)
                        self.memory[pc] = 'self.move_i_to_m(%d, %d, %d, %d)' % (src, int(tmp[0]), int(tmp[1]), int(tmp[2]))
                    else:
                        zassert(False, 'malformed mov instruction')
                elif opcode == 'pop':
                    if len(tmp) == 1:
                        self.memory[pc] = 'self.pop()'
                    elif len(tmp) == 2:
                        arg = tmp[1].strip()
                        (dst, dtype) = self.getarg(arg)
                        zassert(dtype == 'TYPE_REGISTER', 'Can only pop into a register')
                        self.memory[pc] = 'self.pop_r(%d)' % dst
                    else:
                        zassert(False, 'pop instruction must take zero/one args')
                elif opcode == 'push':
                    (src, stype) = self.getarg(tmp[1].strip())
                    if stype == 'TYPE_REGISTER':
                        self.memory[pc] = 'self.push_r(%d)' % (int(src))
                    elif stype == 'TYPE_MEMORY':
                        tmp = src.split(',')
                        assert(len(tmp) == 3)
                        self.memory[pc] = 'self.push_m(%d,%d,%d)' % (int(tmp[0]), int(tmp[1]), int(tmp[2]))
                    else:
                        zassert(False, 'Cannot push anything but registers')
                elif opcode == 'call':
                    (targ, ttype) = self.getarg(tmp[1].strip())
                    if ttype == 'TYPE_LABEL':
                        self.memory[pc] = 'self.call(%d)' % (int(self.labels[targ]))
                    else:
                        zassert(False, 'Cannot call anything but a label')
                elif opcode == 'ret':
                    assert(len(tmp) == 1)
                    self.memory[pc] = 'self.ret()'
                elif opcode == 'add':
                    rtmp = tmp[1].split(',', 1)
                    zassert(len(tmp) == 2 and len(rtmp) == 2, 'add: needs two args, separated by commas [%s]' % cline)
                    arg1 = rtmp[0].strip()
                    arg2 = rtmp[1].strip()
                    (src, stype) = self.getarg(arg1)
                    (dst, dtype) = self.getarg(arg2)
                    if stype == 'TYPE_IMMEDIATE' and dtype == 'TYPE_REGISTER':
                        self.memory[pc] = 'self.add_i_to_r(%d, %d)' % (int(src), dst)
                    elif stype == 'TYPE_REGISTER' and dtype == 'TYPE_REGISTER':
                        self.memory[pc] = 'self.add_r_to_r(%d, %d)' % (int(src), dst)
                    else:
                        zassert(False, 'malformed usage of add instruction')
                elif opcode == 'sub':
                    rtmp = tmp[1].split(',', 1)
                    zassert(len(tmp) == 2 and len(rtmp) == 2, 'sub: needs two args, separated by commas [%s]' % cline)
                    arg1 = rtmp[0].strip()
                    arg2 = rtmp[1].strip()
                    (src, stype) = self.getarg(arg1)
                    (dst, dtype) = self.getarg(arg2)
                    if stype == 'TYPE_IMMEDIATE' and dtype == 'TYPE_REGISTER':
                        self.memory[pc] = 'self.sub_i_to_r(%d, %d)' % (int(src), dst)
                    elif stype == 'TYPE_REGISTER' and dtype == 'TYPE_REGISTER':
                        self.memory[pc] = 'self.sub_r_to_r(%d, %d)' % (int(src), dst)
                    else:
                        zassert(False, 'malformed usage of sub instruction')
                elif opcode == 'fetchadd':
                    rtmp = tmp[1].split(',', 1)
                    zassert(len(tmp) == 2 and len(rtmp) == 2, 'fetchadd: needs two args, separated by commas [%s]' % cline)
                    arg1 = rtmp[0].strip()
                    arg2 = rtmp[1].strip()
                    (src, stype) = self.getarg(arg1)
                    (dst, dtype) = self.getarg(arg2)
                    tmp = dst.split(',')
                    assert(len(tmp) == 3)
                    if stype == 'TYPE_REGISTER' and dtype == 'TYPE_MEMORY':
                        self.memory[pc] = 'self.fetchadd(%d, %d, %d, %d)' % (src, int(tmp[0]), int(tmp[1]), int(tmp[2]))
                    else:
                        zassert(False, 'poorly specified fetch and add')
                elif opcode == 'xchg':
                    rtmp = tmp[1].split(',', 1)
                    zassert(len(tmp) == 2 and len(rtmp) == 2, 'xchg: needs two args, separated by commas [%s]' % cline)
                    arg1 = rtmp[0].strip()
                    arg2 = rtmp[1].strip()
                    (src, stype) = self.getarg(arg1)
                    (dst, dtype) = self.getarg(arg2)
                    tmp = dst.split(',')
                    assert(len(tmp) == 3)
                    if stype == 'TYPE_REGISTER' and dtype == 'TYPE_MEMORY':
                        self.memory[pc] = 'self.atomic_exchange(%d, %d, %d, %d)' % (src, int(tmp[0]), int(tmp[1]), int(tmp[2]))
                    else:
                        zassert(False, 'poorly specified atomic exchange')
                elif opcode == 'test':
                    rtmp = tmp[1].split(',', 1)
                    zassert(len(tmp) == 2 and len(rtmp) == 2, 'test: needs two args, separated by commas [%s]' % cline)
                    arg1 = rtmp[0].strip()
                    arg2 = rtmp[1].strip()
                    (src, stype) = self.getarg(arg1)
                    (dst, dtype) = self.getarg(arg2)
                    if stype == 'TYPE_IMMEDIATE' and dtype == 'TYPE_REGISTER':
                        self.memory[pc] = 'self.test_i_r(%d, %d)' % (int(src), dst)
                    elif stype == 'TYPE_REGISTER' and dtype == 'TYPE_REGISTER':
                        self.memory[pc] = 'self.test_r_r(%d, %d)' % (int(src), dst)
                    elif stype == 'TYPE_REGISTER' and dtype == 'TYPE_IMMEDIATE':
                        self.memory[pc] = 'self.test_r_i(%d, %d)' % (int(src), dst)
                    else:
                        zassert(False, 'malformed usage of test instruction')
                elif opcode == 'j':
                    (targ, ttype) = self.getarg(tmp[1].strip())
                    zassert(ttype == 'TYPE_LABEL', 'bad jump target [%s]' % tmp[1].strip())
                    self.memory[pc] = 'self.jump(%d)' % int(self.labels[targ])
                elif opcode == 'jne':
                    (targ, ttype) = self.getarg(tmp[1].strip())
                    zassert(ttype == 'TYPE_LABEL', 'bad jump target [%s]' % tmp[1].strip())
                    self.memory[pc] = 'self.jump_notequal(%d)' % int(self.labels[targ])
                elif opcode == 'je':
                    (targ, ttype) = self.getarg(tmp[1].strip())
                    zassert(ttype == 'TYPE_LABEL', 'bad jump target [%s]' % tmp[1].strip())
                    self.memory[pc] = 'self.jump_equal(%d)' % self.labels[targ]
                elif opcode == 'jlt':
                    (targ, ttype) = self.getarg(tmp[1].strip())
                    zassert(ttype == 'TYPE_LABEL', 'bad jump target [%s]' % tmp[1].strip())
                    self.memory[pc] = 'self.jump_lessthan(%d)' % int(self.labels[targ])
                elif opcode == 'jlte':
                    (targ, ttype) = self.getarg(tmp[1].strip())
                    zassert(ttype == 'TYPE_LABEL', 'bad jump target [%s]' % tmp[1].strip())
                    self.memory[pc] = 'self.jump_lessthanorequal(%s)' % self.labels[targ]
                elif opcode == 'jgt':
                    (targ, ttype) = self.getarg(tmp[1].strip())
                    zassert(ttype == 'TYPE_LABEL', 'bad jump target [%s]' % tmp[1].strip())
                    self.memory[pc] = 'self.jump_greaterthan(%d)' % int(self.labels[targ])
                elif opcode == 'jgte':
                    (targ, ttype) = self.getarg(tmp[1].strip())
                    zassert(ttype == 'TYPE_LABEL', 'bad jump target [%s]' % tmp[1].strip())
                    self.memory[pc] = 'self.jump_greaterthanorequal(%s)' % self.labels[targ]
                elif opcode == 'nop':
                    self.memory[pc] = 'self.nop()'
                elif opcode == 'halt':
                    self.memory[pc] = 'self.halt()'
                elif opcode == 'yield':
                    self.memory[pc] = 'self.iyield()'
                elif opcode == 'rdump':
                    self.memory[pc] = 'self.rdump()'
                elif opcode == 'mdump':
                    self.memory[pc] = 'self.mdump(%s)' % tmp[1]
                else:
                    print 'illegal opcode: ', opcode
                    exit(1)

                if self.verbose: print 'pc:%d LOADING %20s --> %s' % (pc, self.pmemory[pc], self.memory[pc])

                # INCREMENT PC for loader
                pc += 1
        # END: loop over file
        fd.close()
        if self.verbose: print ''
        return
    # END: load

    def print_headers(self, procs):
        # print some headers
        if len(self.memtrace) > 0:
            for m in self.memtrace:
                if m[0].isdigit():
                    print '%5d' % int(m),
                else:
                    zassert(m in self.vars, 'Traced variable %s not declared' % m)
                    print '%5s' % m,
            print ' ',
        if len(self.regtrace) > 0:
            for r in self.regtrace:
                print '%5s' % self.get_regname(r),
            print ' ',
        if cctrace == True:
            print '>= >  <= <  != ==',

        # and per thread
        for i in range(procs.getnum()):
            print '       Thread %d        ' % i,
        print ''
        return

    def print_trace(self, newline):
        if len(self.memtrace) > 0:
            for m in self.memtrace:
                if self.compute:
                    if m[0].isdigit():
                        print '%5d' % self.memory[int(m)],
                    else:
                        zassert(m in self.vars, 'Traced variable %s not declared' % m)
                        print '%5d' % self.memory[self.vars[m]],
                else:
                    print '%5s' % '?',
            print ' ',
        if len(self.regtrace) > 0:
            for r in self.regtrace:
                if self.compute:
                    print '%5d' % self.registers[r],
                else:
                    print '%5s' % '?',
            print ' ',
        if cctrace == True:
            for c in self.condlist:
                if self.compute:
                    if self.conditions[c]:
                        print '1 ',
                    else:
                        print '0 ',
                else:
                    print '? ',
        if (len(self.memtrace) > 0 or len(self.regtrace) > 0 or cctrace == True) and newline == True:
            print ''
        return

    def setint(self, intfreq, intrand):
        if intrand == False:
            return intfreq
        return int(random.random() * intfreq) + 1

    def run(self, procs, intfreq, intrand):
        # hw init: cc's, interrupt frequency, etc.
        interrupt = self.setint(intfreq, intrand)
        icount    = 0

        self.print_headers(procs)
        self.print_trace(True)

        while True:
            # need thread ID of current process
            tid = procs.getcurr().gettid()

            # FETCH
            prevPC       = self.PC
            instruction  = self.memory[self.PC]
            self.PC     += 1

            # DECODE and EXECUTE
            # key: self.PC may be changed during eval; thus MUST be incremented BEFORE eval
            rc = eval(instruction)

            # tracing details: ALWAYS AFTER EXECUTION OF INSTRUCTION
            self.print_trace(False)

            # output: thread-proportional spacing followed by PC and instruction
            dospace(tid)
            print prevPC, self.pmemory[prevPC]
            icount += 1

            # halt instruction issued
            if rc == -1:
                procs.done()
                if procs.numdone() == procs.getnum():
                    return icount
                procs.next()
                procs.restore()

                self.print_trace(False)
                for i in range(procs.getnum()):
                    print '----- Halt;Switch ----- ',
                print ''

            # do interrupt processing
            interrupt -= 1
            if interrupt == 0 or rc == -2:
                interrupt = self.setint(intfreq, intrand)
                procs.save()
                procs.next()
                procs.restore()

                self.print_trace(False)
                for i in range(procs.getnum()):
                    print '------ Interrupt ------ ',
                print ''
        # END: while
        return

#
# END: class cpu
#


#
# PROCESS LIST class
#
class proclist:
    def __init__(self):
        self.plist  = []
        self.curr   = 0
        self.active = 0

    def done(self):
        self.plist[self.curr].setdone()
        self.active -= 1

    def numdone(self):
        return len(self.plist) - self.active

    def getnum(self):
        return len(self.plist)

    def add(self, p):
        self.active += 1
        self.plist.append(p)

    def getcurr(self):
        return self.plist[self.curr]

    def save(self):
        self.plist[self.curr].save()

    def restore(self):
        self.plist[self.curr].restore()

    def next(self):
        for i in range(self.curr+1, len(self.plist)):
            if self.plist[i].isdone() == False:
                self.curr = i
                return
        for i in range(0, self.curr+1):
            if self.plist[i].isdone() == False:
                self.curr = i
                return

#
# PROCESS class
#
class process:
    def __init__(self, cpu, tid, pc, stackbottom, reginit):
        self.cpu   = cpu  # object reference
        self.tid   = tid
        self.pc    = pc
        self.regs  = {}
        self.cc    = {}
        self.done  = False
        self.stack = stackbottom

        # init regs: all 0 or specially set to something
        for r in self.cpu.get_regnums():
            self.regs[r] = 0
        if reginit != '':
            # form: ax=1,bx=2 (for some subset of registers)
            for r in reginit.split(':'):
                tmp = r.split('=')
                assert(len(tmp) == 2)
                self.regs[self.cpu.get_regnum(tmp[0])] = int(tmp[1])

        # init CCs
        for c in self.cpu.get_condlist():
            self.cc[c] = False

        # stack
        self.regs[self.cpu.get_regnum('sp')] = stackbottom
        # print 'REG', self.cpu.get_regnum('sp'), self.regs[self.cpu.get_regnum('sp')]

        return

    def gettid(self):
        return self.tid

    def save(self):
        self.pc = self.cpu.get_pc()
        for c in self.cpu.get_condlist():
            self.cc[c] = self.cpu.get_cond(c)
        for r in self.cpu.get_regnums():
            self.regs[r] = self.cpu.get_reg(r)

    def restore(self):
        self.cpu.set_pc(self.pc)
        for c in self.cpu.get_condlist():
            self.cpu.set_cond(c, self.cc[c])
        for r in self.cpu.get_regnums():
            self.cpu.set_reg(r, self.regs[r])

    def setdone(self):
        self.done = True

    def isdone(self):
        return self.done == True

#
# main program
#
parser = OptionParser()
parser.add_option('-s', '--seed',      default=0,          help='the random seed',                  action='store',      type='int',    dest='seed')
parser.add_option('-t', '--threads',   default=2,          help='number of threads',                action='store',      type='int',    dest='numthreads')
parser.add_option('-p', '--program',   default='',         help='source program (in .s)',           action='store',      type='string', dest='progfile')
parser.add_option('-i', '--interrupt', default=50,         help='interrupt frequency',              action='store',      type='int',    dest='intfreq')
parser.add_option('-r', '--randints',  default=False,      help='if interrupts are random',         action='store_true',                dest='intrand')
parser.add_option('-a', '--argv',      default='',
                  help='comma-separated per-thread args (e.g., ax=1,ax=2 sets thread 0 ax reg to 1 and thread 1 ax reg to 2); specify multiple regs per thread via colon-separated list (e.g., ax=1:bx=2,cx=3 sets thread 0 ax and bx and just cx for thread 1)',
                  action='store',      type='string', dest='argv')
parser.add_option('-L', '--loadaddr',  default=1000,       help='address where to load code',       action='store',      type='int',    dest='loadaddr')
parser.add_option('-m', '--memsize',   default=128,        help='size of address space (KB)',       action='store',      type='int',    dest='memsize')
parser.add_option('-M', '--memtrace',  default='',         help='comma-separated list of addrs to trace (e.g., 20000,20001)', action='store',
                  type='string', dest='memtrace')
parser.add_option('-R', '--regtrace',  default='',         help='comma-separated list of regs to trace (e.g., ax,bx,cx,dx)',  action='store',
                  type='string', dest='regtrace')
parser.add_option('-C', '--cctrace',   default=False,      help='should we trace condition codes',  action='store_true', dest='cctrace')
parser.add_option('-S', '--printstats',default=False,      help='print some extra stats',           action='store_true', dest='printstats')
parser.add_option('-v', '--verbose',   default=False,      help='print some extra info',            action='store_true', dest='verbose')
parser.add_option('-c', '--compute',   default=False,      help='compute answers for me',           action='store_true', dest='solve')
(options, args) = parser.parse_args()

print 'ARG seed',                options.seed
print 'ARG numthreads',          options.numthreads
print 'ARG program',             options.progfile
print 'ARG interrupt frequency', options.intfreq
print 'ARG interrupt randomness',options.intrand
print 'ARG argv',                options.argv
print 'ARG load address',        options.loadaddr
print 'ARG memsize',             options.memsize
print 'ARG memtrace',            options.memtrace
print 'ARG regtrace',            options.regtrace
print 'ARG cctrace',             options.cctrace
print 'ARG printstats',          options.printstats
print 'ARG verbose',             options.verbose
print ''

seed       = int(options.seed)
numthreads = int(options.numthreads)
intfreq    = int(options.intfreq)
zassert(intfreq > 0, 'Interrupt frequency must be greater than 0')
intrand    = int(options.intrand)
progfile   = options.progfile
zassert(progfile != '', 'Program file must be specified')
argv       = options.argv.split(',')
zassert(len(argv) == numthreads or len(argv) == 1, 'argv: must be one per-thread or just one set of values for all threads')

loadaddr   = options.loadaddr
memsize    = options.memsize
random.seed(seed)

memtrace   = []
if options.memtrace != '':
    for m in options.memtrace.split(','):
        memtrace.append(m)

regtrace   = []
if options.regtrace != '':
    for r in options.regtrace.split(','):
        regtrace.append(r)

cctrace    = options.cctrace

printstats = options.printstats
verbose    = options.verbose

#
# MAIN program
#
debug = False
debug = False

cpu = cpu(memsize, memtrace, regtrace, cctrace, options.solve, verbose)

# load a program
cpu.load(progfile, loadaddr)

# process list
procs = proclist()
pid   = 0
stack = memsize * 1000
for t in range(numthreads):
    if len(argv) > 1:
        arg = argv[pid]
    else:
        arg = argv[0]
    procs.add(process(cpu, pid, loadaddr, stack, arg))
    stack -= 1000
    pid += 1

# get first one ready!
procs.restore()

# run it
t1 = time.clock()
ic = cpu.run(procs, intfreq, intrand)
t2 = time.clock()

if printstats:
    print ''
    print 'STATS:: Instructions    %d' % ic
    print 'STATS:: Emulation Rate  %.2f kinst/sec' % (float(ic) / float(t2 - t1) / 1000.0)

# use this for profiling
# import cProfile
# cProfile.run('run()')
[INFO] 2025-09-28 11:58:12,765 Output format: Return a single integer score only.
[DEBUG] 2025-09-28 11:58:12,766 Full Output format:
Return a single integer score only.
[INFO] 2025-09-28 11:58:12,766 Maximum score: 16
[INFO] 2025-09-28 11:58:12,766 Model outputs: Response #1:
0
[DEBUG] 2025-09-28 11:58:12,766 Full model outputs:
Response #1:
0
[DEBUG] 2025-09-28 11:58:12,766 Full prompt (ChatML):
[SYSTEM]
You are a meticulous teaching assistant who grades student responses according to the rubric that accompanies each prompt. You must return an integer score only.

[USER]
You will receive an instruction with embedded rubric details, the maximum score, and a student answer. Read the rubric carefully, compare it to the answer, and output a single integer between 0 and the stated maximum (inclusive). Do not output any explanation or extra text.

# Assignment and Rubric:
You are a meticulous teaching assistant who grades student responses according to the provided rubric and reference materials.

### Assignment
Let’s examine a simple program, “loop.s”. First, just read and understand it. Then, run it with these arguments (./x86.py -p loop.s -t 1 -i 100 -R dx). This specifies a single thread, an interrupt every 100 instructions, and tracing of register %dx. What will %dx be during the run? Use the -c flag to check your answers; the answers, on the left, show the value of the register (or memory value) after the instruction on the right has run.

### Rubric (Student-Facing)
The program code or text explanation can explain the process of value changing from 0 to -1. Correct (16 points);
If only answer the final value is -1 . Partically correct (4 points); If only asnser the "change range is from 0 to -1 (8 points); If answer list all values, Partically correct (12 points)

### Instructor Criteria
The program code or text explanation can explain the process of value changing from 0 to -1. Correct (16 points)

### Reference Answer
dx Thread 0 
0 
-1 1000 sub $1,%dx
-1 1001 test $0,%dx
-1 1002 jgte .top
-1 1003 halt

### Maximum Score
16

### Reference Materials
# Makefile
FLAGS = -Wall -pthread

all: t0 t1

clean:
	rm -f t0 t1

t0: t0.c
	gcc -o t0 t0.c $(FLAGS)

t1: t1.c
	gcc -o t1 t1.c $(FLAGS)

# loop.s
.main
.top
sub  $1,%dx
test $0,%dx
jgte .top
halt

# looping-race-nolock.s
# assumes %bx has loop count in it

.main
.top
# critical section
mov 2000, %ax  # get 'value' at address 2000
add $1, %ax    # increment it
mov %ax, 2000  # store it back

# see if we're still looping
sub  $1, %bx
test $0, %bx
jgt .top

halt

# simple-race.s
.main
# this is a critical section
mov 2000, %ax   # get the value at the address
add $1, %ax 	# increment it
mov %ax, 2000   # store it back
halt

# t0.c
#include <stdio.h>
#include <stdlib.h>
#include <pthread.h>

void *mythread(void *arg) {
    printf("%s\n", (char *) arg);
    return NULL;
}

int main(int argc, char *argv[]) {
    if (argc != 1) {
	fprintf(stderr, "usage: main\n");
	exit(1);
    }

    pthread_t p1, p2;
    printf("main: begin\n");
    pthread_create(&p1, NULL, mythread, "A");
    pthread_create(&p2, NULL, mythread, "B");
    // join waits for the threads to finish
    pthread_join(p1, NULL);
    pthread_join(p2, NULL);
    printf("main: end\n");
    return 0;
}

# t1.c
#include <stdio.h>
#include <stdlib.h>
#include <pthread.h>

int max;
volatile int counter = 0; // shared global variable

void *mythread(void *arg) {
    char *letter = arg;
    int i; // stack (private per thread)
    printf("%s: begin [addr of i: %p]\n", letter, &i);
    for (i = 0; i < max; i++) {
	counter = counter + 1; // shared: only one
    }
    printf("%s: done\n", letter);
    return NULL;
}

int main(int argc, char *argv[]) {
    if (argc != 2) {
	fprintf(stderr, "usage: ./t1 <loopcount>\n");
	exit(1);
    }
    max = atoi(argv[1]);

    pthread_t p1, p2;
    printf("main: begin [counter = %d] [%p]\n", counter, &counter);
    pthread_create(&p1, NULL, mythread, "A");
    pthread_create(&p2, NULL, mythread, "B");
    // join waits for the threads to finish
    pthread_join(p1, NULL);
    pthread_join(p2, NULL);
    printf("main: done\n [counter: %d]\n [should: %d]\n",
	   counter, max*2);
    return 0;
}

# x86.py
#! /usr/bin/env python

import sys
import time
import random
from optparse import OptionParser

#
# HELPER
#
def dospace(howmuch):
    for i in range(howmuch):
        print '%24s' % ' ',

# useful instead of assert
def zassert(cond, str):
    if cond == False:
        print 'ABORT::', str
        exit(1)
    return

class cpu:
    #
    # INIT: how much memory?
    #
    def __init__(self, memory, memtrace, regtrace, cctrace, compute, verbose):
        #
        # CONSTANTS
        #

        # conditions
        self.COND_GT        = 0
        self.COND_GTE       = 1
        self.COND_LT        = 2
        self.COND_LTE       = 3
        self.COND_EQ        = 4
        self.COND_NEQ       = 5

        # registers in system
        self.REG_ZERO       = 0
        self.REG_AX         = 1
        self.REG_BX         = 2
        self.REG_CX         = 3
        self.REG_DX         = 4
        self.REG_SP         = 5
        self.REG_BP         = 6

        # system memory: in KB
        self.max_memory     = memory * 1024

        # which memory addrs and registers to trace?
        self.memtrace       = memtrace
        self.regtrace       = regtrace
        self.cctrace        = cctrace
        self.compute        = compute
        self.verbose        = verbose

        self.PC             = 0
        self.registers      = {}
        self.conditions     = {}
        self.labels         = {}
        self.vars           = {}
        self.memory         = {}
        self.pmemory        = {}  # for printable version of what's in memory (instructions)

        self.condlist       = [self.COND_GTE, self.COND_GT, self.COND_LTE, self.COND_LT, self.COND_NEQ, self.COND_EQ]
        self.regnums        = [self.REG_ZERO, self.REG_AX,  self.REG_BX,   self.REG_CX,  self.REG_DX,   self.REG_SP,  self.REG_BP]

        self.regnames         = {}
        self.regnames['zero'] = self.REG_ZERO # hidden zero-valued register
        self.regnames['ax']   = self.REG_AX
        self.regnames['bx']   = self.REG_BX
        self.regnames['cx']   = self.REG_CX
        self.regnames['dx']   = self.REG_DX
        self.regnames['sp']   = self.REG_SP
        self.regnames['bp']   = self.REG_BP

        tmplist = []
        for r in self.regtrace:
            zassert(r in self.regnames, 'Register %s cannot be traced because it does not exist' % r)
            tmplist.append(self.regnames[r])
        self.regtrace = tmplist

        self.init_memory()
        self.init_registers()
        self.init_condition_codes()

    #
    # BEFORE MACHINE RUNS
    #
    def init_condition_codes(self):
        for c in self.condlist:
            self.conditions[c] = False

    def init_memory(self):
        for i in range(self.max_memory):
            self.memory[i] = 0

    def init_registers(self):
        for i in self.regnums:
            self.registers[i] = 0

    def dump_memory(self):
        print 'MEMORY DUMP'
        for i in range(self.max_memory):
            if i not in self.pmemory and i in self.memory and self.memory[i] != 0:
                print '  m[%d]' % i, self.memory[i]

    #
    # INFORMING ABOUT THE HARDWARE
    #
    def get_regnum(self, name):
        assert(name in self.regnames)
        return self.regnames[name]

    def get_regname(self, num):
        assert(num in self.regnums)
        for rname in self.regnames:
            if self.regnames[rname] == num:
                return rname
        return ''

    def get_regnums(self):
        return self.regnums

    def get_condlist(self):
        return self.condlist

    def get_reg(self, reg):
        assert(reg in self.regnums)
        return self.registers[reg]

    def get_cond(self, cond):
        assert(cond in self.condlist)
        return self.conditions[cond]

    def get_pc(self):
        return self.PC

    def set_reg(self, reg, value):
        assert(reg in self.regnums)
        self.registers[reg] = value

    def set_cond(self, cond, value):
        assert(cond in self.condlist)
        self.conditions[cond] = value

    def set_pc(self, pc):
        self.PC = pc

    #
    # INSTRUCTIONS
    #
    def halt(self):
        return -1

    def iyield(self):
        return -2

    def nop(self):
        return 0

    def rdump(self):
        print 'REGISTERS::',
        print 'ax:', self.registers[self.REG_AX],
        print 'bx:', self.registers[self.REG_BX],
        print 'cx:', self.registers[self.REG_CX],
        print 'dx:', self.registers[self.REG_DX],

    def mdump(self, index):
        print 'm[%d] ' % index, self.memory[index]

    def move_i_to_r(self, src, dst):
        self.registers[dst] = src
        return 0

    # memory: value, register, register
    def move_i_to_m(self, src, value, reg1, reg2):
        tmp = value + self.registers[reg1] + self.registers[reg2]
        self.memory[tmp] = src
        return 0

    def move_m_to_r(self, value, reg1, reg2, dst):
        tmp = value + self.registers[reg1] + self.registers[reg2]
        # print 'doing mov', 'val:', value, 'r1:', self.get_regname(reg1), self.registers[reg1], 'r2:', self.get_regname(reg2), self.registers[reg2], 'dst', self.get_regname(dst), 'tmp', tmp, 'reg[dst]', self.registers[dst], 'mem', self.memory[tmp]
        self.registers[dst] = self.memory[tmp]

    def move_r_to_m(self, src, value, reg1, reg2):
        tmp = value + self.registers[reg1] + self.registers[reg2]
        self.memory[tmp] = self.registers[src]
        return 0

    def move_r_to_r(self, src, dst):
        self.registers[dst] = self.registers[src]
        return 0

    def add_i_to_r(self, src, dst):
        self.registers[dst] += src
        return 0

    def add_r_to_r(self, src, dst):
        self.registers[dst] += self.registers[src]
        return 0

    def sub_i_to_r(self, src, dst):
        self.registers[dst] -= src
        return 0

    def sub_r_to_r(self, src, dst):
        self.registers[dst] -= self.registers[src]
        return 0


    #
    # SUPPORT FOR LOCKS
    #
    def atomic_exchange(self, src, value, reg1, reg2):
        tmp                 = value + self.registers[reg1] + self.registers[reg2]
        old                 = self.memory[tmp]
        self.memory[tmp]    = self.registers[src]
        self.registers[src] = old
        return 0

    def fetchadd(self, src, value, reg1, reg2):
        tmp                 = value + self.registers[reg1] + self.registers[reg2]
        old                 = self.memory[tmp]
        self.memory[tmp]    = self.memory[tmp] + self.registers[src]
        self.registers[src] = old

    #
    # TEST for conditions
    #
    def test_all(self, src, dst):
        self.init_condition_codes()
        if dst > src:
            self.conditions[self.COND_GT]  = True
        if dst >= src:
            self.conditions[self.COND_GTE] = True
        if dst < src:
            self.conditions[self.COND_LT]  = True
        if dst <= src:
            self.conditions[self.COND_LTE] = True
        if dst == src:
            self.conditions[self.COND_EQ]  = True
        if dst != src:
            self.conditions[self.COND_NEQ] = True
        return 0

    def test_i_r(self, src, dst):
        self.init_condition_codes()
        return self.test_all(src, self.registers[dst])

    def test_r_i(self, src, dst):
        self.init_condition_codes()
        return self.test_all(self.registers[src], dst)

    def test_r_r(self, src, dst):
        self.init_condition_codes()
        return self.test_all(self.registers[src], self.registers[dst])

    #
    # JUMPS
    #
    def jump(self, targ):
        self.PC = targ
        return 0

    def jump_notequal(self, targ):
        if self.conditions[self.COND_NEQ] == True:
            self.PC = targ
        return 0

    def jump_equal(self, targ):
        if self.conditions[self.COND_EQ] == True:
            self.PC = targ
        return 0

    def jump_lessthan(self, targ):
        if self.conditions[self.COND_LT] == True:
            self.PC = targ
        return 0

    def jump_lessthanorequal(self, targ):
        if self.conditions[self.COND_LTE] == True:
            self.PC = targ
        return 0

    def jump_greaterthan(self, targ):
        if self.conditions[self.COND_GT] == True:
            self.PC = targ
        return 0

    def jump_greaterthanorequal(self, targ):
        if self.conditions[self.COND_GTE] == True:
            self.PC = targ
        return 0

    #
    # CALL and RETURN
    #
    def call(self, targ):
        self.registers[self.REG_SP] -= 4
        self.memory[self.registers[self.REG_SP]] = self.PC
        self.PC = targ

    def ret(self):
        self.PC = self.memory[self.registers[self.REG_SP]]
        self.registers[self.REG_SP] += 4

    #
    # STACK and related
    #
    def push_r(self, reg):
        self.registers[self.REG_SP] -= 4
        self.memory[self.registers[self.REG_SP]] = self.registers[reg]
        return 0

    def push_m(self, value, reg1, reg2):
        # print 'push_m', value, reg1, reg2
        self.registers[self.REG_SP] -= 4
        tmp = value + self.registers[reg1] + self.registers[reg2]
        # push address onto stack, not memory value itself
        self.memory[self.registers[self.REG_SP]] = tmp
        return 0

    def pop(self):
        self.registers[self.REG_SP] += 4

    def pop_r(self, dst):
        self.registers[dst] = self.registers[self.REG_SP]
        self.registers[self.REG_SP] += 4

    #
    # HELPER func for getarg
    #
    def register_translate(self, r):
        if r in self.regnames:
            return self.regnames[r]
        zassert(False, 'Register %s is not a valid register' % r)
        return

    #
    # HELPER in parsing mov (quite primitive) and other ops
    # returns: (value, type)
    # where type is (TYPE_REGISTER, TYPE_IMMEDIATE, TYPE_MEMORY)
    #
    # FORMATS
    #    %ax           - register
    #    $10           - immediate
    #    10            - direct memory
    #    10(%ax)       - memory + reg indirect
    #    10(%ax,%bx)   - memory + 2 reg indirect
    #    10(%ax,%bx,4) - XXX (not handled)
    #
    def getarg(self, arg):
        tmp1 = arg.replace(',', '')
        tmp  = tmp1.replace(' \t', '')

        if tmp[0] == '$':
            zassert(len(tmp) == 2, 'correct form is $number (not %s)' % tmp)
            value = tmp.split('$')[1]
            zassert(value.isdigit(), 'value [%s] must be a digit' % value)
            return int(value), 'TYPE_IMMEDIATE'
        elif tmp[0] == '%':
            register = tmp.split('%')[1]
            return self.register_translate(register), 'TYPE_REGISTER'
        elif tmp[0] == '(':
            register = tmp.split('(')[1].split(')')[0].split('%')[1]
            return '%d,%d,%d' % (0, self.register_translate(register), self.register_translate('zero')), 'TYPE_MEMORY'
        elif tmp[0] == '.':
            targ = tmp
            return targ, 'TYPE_LABEL'
        elif tmp[0].isalpha() and not tmp[0].isdigit():
            zassert(tmp in self.vars, 'Variable %s is not declared' % tmp)
            # print '%d,%d,%d' % (self.vars[tmp], self.register_translate('zero'), self.register_translate('zero')), 'TYPE_MEMORY'
            return '%d,%d,%d' % (self.vars[tmp], self.register_translate('zero'), self.register_translate('zero')), 'TYPE_MEMORY'
        elif tmp[0].isdigit() or tmp[0] == '-':
            # MOST GENERAL CASE: number(reg,reg) or number(reg)
            # we ignore the common x86 number(reg,reg,constant) for now
            neg = 1
            if tmp[0] == '-':
                tmp = tmp[1:]
                neg = -1
            s = tmp.split('(')
            if len(s) == 1:
                value = neg * int(tmp)
                # print '%d,%d,%d' % (int(value), self.register_translate('zero'), self.register_translate('zero')), 'TYPE_MEMORY'
                return '%d,%d,%d' % (int(value), self.register_translate('zero'), self.register_translate('zero')), 'TYPE_MEMORY'
            elif len(s) == 2:
                value = neg * int(s[0])
                t = s[1].split(')')[0].split(',')
                if len(t) == 1:
                    register = t[0].split('%')[1]
                    # print '%d,%d,%d' % (int(value), self.register_translate(register), self.register_translate('zero')), 'TYPE_MEMORY'
                    return '%d,%d,%d' % (int(value), self.register_translate(register), self.register_translate('zero')), 'TYPE_MEMORY'
                elif len(t) == 2:
                    register1 = t[0].split('%')[1]
                    register2 = t[1].split('%')[1]
                    # print '%d,%d,%d' % (int(value), self.register_translate(register1), self.register_translate(register2)), 'TYPE_MEMORY'
                    return '%d,%d,%d' % (int(value), self.register_translate(register1), self.register_translate(register2)), 'TYPE_MEMORY'
            else:
                print 'mov: bad argument [%s]' % tmp
                exit(1)
                return
        zassert(True, 'mov: bad argument [%s]' % arg)
        return

    #
    # LOAD a program into memory
    # make it ready to execute
    #
    def load(self, infile, loadaddr):
        pc   = int(loadaddr)
        fd   = open(infile)

        bpc  = loadaddr
        data = 100

        for line in fd:
            cline = line.rstrip()
            # print 'PASS 1', cline

            # remove everything after the comment marker
            ctmp = cline.split('#')
            assert(len(ctmp) == 1 or len(ctmp) == 2)
            if len(ctmp) == 2:
                cline = ctmp[0]

            # remove empty lines, and split line by spaces
            tmp = cline.split()
            if len(tmp) == 0:
                continue

            # only pay attention to labels and variables
            if tmp[0] == '.var':
                assert(len(tmp) == 2)
                assert(tmp[0] not in self.vars)
                self.vars[tmp[1]] = data
                data += 4
                zassert(data < bpc, 'Load address overrun by static data')
                if self.verbose: print 'ASSIGN VAR', tmp[0], "-->", tmp[1], self.vars[tmp[1]]
            elif tmp[0][0] == '.':
                assert(len(tmp) == 1)
                self.labels[tmp[0]] = int(pc)
                if self.verbose: print 'ASSIGN LABEL', tmp[0], "-->", pc
            else:
                pc += 1
        fd.close()

        if self.verbose: print ''

        # second pass: do everything else
        pc = int(loadaddr)
        fd = open(infile)
        for line in fd:
            cline = line.rstrip()
            # print 'PASS 2', cline

            # remove everything after the comment marker
            ctmp = cline.split('#')
            assert(len(ctmp) == 1 or len(ctmp) == 2)
            if len(ctmp) == 2:
                cline = ctmp[0]

            # remove empty lines, and split line by spaces
            tmp = cline.split()
            if len(tmp) == 0:
                continue

            # skip labels: all else must be instructions
            if cline[0] != '.':
                tmp              = cline.split(None, 1)
                opcode           = tmp[0]
                self.pmemory[pc] = cline.strip()

                # MAIN OPCODE LOOP
                if opcode == 'mov':
                    rtmp = tmp[1].split(',', 1)
                    zassert(len(tmp) == 2 and len(rtmp) == 2, 'mov: needs two args, separated by commas [%s]' % cline)
                    arg1 = rtmp[0].strip()
                    arg2 = rtmp[1].strip()
                    (src, stype) = self.getarg(arg1)
                    (dst, dtype) = self.getarg(arg2)
                    # print 'MOV', src, stype, dst, dtype
                    if stype == 'TYPE_MEMORY' and dtype == 'TYPE_MEMORY':
                        print 'bad mov: two memory arguments'
                        exit(1)
                    elif stype == 'TYPE_IMMEDIATE' and dtype == 'TYPE_IMMEDIATE':
                        print 'bad mov: two immediate arguments'
                        exit(1)
                    elif stype == 'TYPE_IMMEDIATE' and dtype == 'TYPE_REGISTER':
                        self.memory[pc]  = 'self.move_i_to_r(%d, %d)' % (int(src), dst)
                    elif stype == 'TYPE_IMMEDIATE' and dtype == 'TYPE_REGISTER':
                        self.memory[pc]  = 'self.move_i_to_r(%d, %d)' % (int(src), dst)
                    elif stype == 'TYPE_MEMORY'    and dtype == 'TYPE_REGISTER':
                        tmp = src.split(',')
                        assert(len(tmp) == 3)
                        self.memory[pc] = 'self.move_m_to_r(%d, %d, %d, %d)' % (int(tmp[0]), int(tmp[1]), int(tmp[2]), dst)
                    elif stype == 'TYPE_REGISTER'  and dtype == 'TYPE_MEMORY':
                        tmp = dst.split(',')
                        assert(len(tmp) == 3)
                        self.memory[pc] = 'self.move_r_to_m(%d, %d, %d, %d)' % (src, int(tmp[0]), int(tmp[1]), int(tmp[2]))
                    elif stype == 'TYPE_REGISTER'  and dtype == 'TYPE_REGISTER':
                        self.memory[pc] = 'self.move_r_to_r(%d, %d)' % (src, dst)
                    elif stype == 'TYPE_IMMEDIATE'  and dtype == 'TYPE_MEMORY':
                        tmp = dst.split(',')
                        assert(len(tmp) == 3)
                        self.memory[pc] = 'self.move_i_to_m(%d, %d, %d, %d)' % (src, int(tmp[0]), int(tmp[1]), int(tmp[2]))
                    else:
                        zassert(False, 'malformed mov instruction')
                elif opcode == 'pop':
                    if len(tmp) == 1:
                        self.memory[pc] = 'self.pop()'
                    elif len(tmp) == 2:
                        arg = tmp[1].strip()
                        (dst, dtype) = self.getarg(arg)
                        zassert(dtype == 'TYPE_REGISTER', 'Can only pop into a register')
                        self.memory[pc] = 'self.pop_r(%d)' % dst
                    else:
                        zassert(False, 'pop instruction must take zero/one args')
                elif opcode == 'push':
                    (src, stype) = self.getarg(tmp[1].strip())
                    if stype == 'TYPE_REGISTER':
                        self.memory[pc] = 'self.push_r(%d)' % (int(src))
                    elif stype == 'TYPE_MEMORY':
                        tmp = src.split(',')
                        assert(len(tmp) == 3)
                        self.memory[pc] = 'self.push_m(%d,%d,%d)' % (int(tmp[0]), int(tmp[1]), int(tmp[2]))
                    else:
                        zassert(False, 'Cannot push anything but registers')
                elif opcode == 'call':
                    (targ, ttype) = self.getarg(tmp[1].strip())
                    if ttype == 'TYPE_LABEL':
                        self.memory[pc] = 'self.call(%d)' % (int(self.labels[targ]))
                    else:
                        zassert(False, 'Cannot call anything but a label')
                elif opcode == 'ret':
                    assert(len(tmp) == 1)
                    self.memory[pc] = 'self.ret()'
                elif opcode == 'add':
                    rtmp = tmp[1].split(',', 1)
                    zassert(len(tmp) == 2 and len(rtmp) == 2, 'add: needs two args, separated by commas [%s]' % cline)
                    arg1 = rtmp[0].strip()
                    arg2 = rtmp[1].strip()
                    (src, stype) = self.getarg(arg1)
                    (dst, dtype) = self.getarg(arg2)
                    if stype == 'TYPE_IMMEDIATE' and dtype == 'TYPE_REGISTER':
                        self.memory[pc] = 'self.add_i_to_r(%d, %d)' % (int(src), dst)
                    elif stype == 'TYPE_REGISTER' and dtype == 'TYPE_REGISTER':
                        self.memory[pc] = 'self.add_r_to_r(%d, %d)' % (int(src), dst)
                    else:
                        zassert(False, 'malformed usage of add instruction')
                elif opcode == 'sub':
                    rtmp = tmp[1].split(',', 1)
                    zassert(len(tmp) == 2 and len(rtmp) == 2, 'sub: needs two args, separated by commas [%s]' % cline)
                    arg1 = rtmp[0].strip()
                    arg2 = rtmp[1].strip()
                    (src, stype) = self.getarg(arg1)
                    (dst, dtype) = self.getarg(arg2)
                    if stype == 'TYPE_IMMEDIATE' and dtype == 'TYPE_REGISTER':
                        self.memory[pc] = 'self.sub_i_to_r(%d, %d)' % (int(src), dst)
                    elif stype == 'TYPE_REGISTER' and dtype == 'TYPE_REGISTER':
                        self.memory[pc] = 'self.sub_r_to_r(%d, %d)' % (int(src), dst)
                    else:
                        zassert(False, 'malformed usage of sub instruction')
                elif opcode == 'fetchadd':
                    rtmp = tmp[1].split(',', 1)
                    zassert(len(tmp) == 2 and len(rtmp) == 2, 'fetchadd: needs two args, separated by commas [%s]' % cline)
                    arg1 = rtmp[0].strip()
                    arg2 = rtmp[1].strip()
                    (src, stype) = self.getarg(arg1)
                    (dst, dtype) = self.getarg(arg2)
                    tmp = dst.split(',')
                    assert(len(tmp) == 3)
                    if stype == 'TYPE_REGISTER' and dtype == 'TYPE_MEMORY':
                        self.memory[pc] = 'self.fetchadd(%d, %d, %d, %d)' % (src, int(tmp[0]), int(tmp[1]), int(tmp[2]))
                    else:
                        zassert(False, 'poorly specified fetch and add')
                elif opcode == 'xchg':
                    rtmp = tmp[1].split(',', 1)
                    zassert(len(tmp) == 2 and len(rtmp) == 2, 'xchg: needs two args, separated by commas [%s]' % cline)
                    arg1 = rtmp[0].strip()
                    arg2 = rtmp[1].strip()
                    (src, stype) = self.getarg(arg1)
                    (dst, dtype) = self.getarg(arg2)
                    tmp = dst.split(',')
                    assert(len(tmp) == 3)
                    if stype == 'TYPE_REGISTER' and dtype == 'TYPE_MEMORY':
                        self.memory[pc] = 'self.atomic_exchange(%d, %d, %d, %d)' % (src, int(tmp[0]), int(tmp[1]), int(tmp[2]))
                    else:
                        zassert(False, 'poorly specified atomic exchange')
                elif opcode == 'test':
                    rtmp = tmp[1].split(',', 1)
                    zassert(len(tmp) == 2 and len(rtmp) == 2, 'test: needs two args, separated by commas [%s]' % cline)
                    arg1 = rtmp[0].strip()
                    arg2 = rtmp[1].strip()
                    (src, stype) = self.getarg(arg1)
                    (dst, dtype) = self.getarg(arg2)
                    if stype == 'TYPE_IMMEDIATE' and dtype == 'TYPE_REGISTER':
                        self.memory[pc] = 'self.test_i_r(%d, %d)' % (int(src), dst)
                    elif stype == 'TYPE_REGISTER' and dtype == 'TYPE_REGISTER':
                        self.memory[pc] = 'self.test_r_r(%d, %d)' % (int(src), dst)
                    elif stype == 'TYPE_REGISTER' and dtype == 'TYPE_IMMEDIATE':
                        self.memory[pc] = 'self.test_r_i(%d, %d)' % (int(src), dst)
                    else:
                        zassert(False, 'malformed usage of test instruction')
                elif opcode == 'j':
                    (targ, ttype) = self.getarg(tmp[1].strip())
                    zassert(ttype == 'TYPE_LABEL', 'bad jump target [%s]' % tmp[1].strip())
                    self.memory[pc] = 'self.jump(%d)' % int(self.labels[targ])
                elif opcode == 'jne':
                    (targ, ttype) = self.getarg(tmp[1].strip())
                    zassert(ttype == 'TYPE_LABEL', 'bad jump target [%s]' % tmp[1].strip())
                    self.memory[pc] = 'self.jump_notequal(%d)' % int(self.labels[targ])
                elif opcode == 'je':
                    (targ, ttype) = self.getarg(tmp[1].strip())
                    zassert(ttype == 'TYPE_LABEL', 'bad jump target [%s]' % tmp[1].strip())
                    self.memory[pc] = 'self.jump_equal(%d)' % self.labels[targ]
                elif opcode == 'jlt':
                    (targ, ttype) = self.getarg(tmp[1].strip())
                    zassert(ttype == 'TYPE_LABEL', 'bad jump target [%s]' % tmp[1].strip())
                    self.memory[pc] = 'self.jump_lessthan(%d)' % int(self.labels[targ])
                elif opcode == 'jlte':
                    (targ, ttype) = self.getarg(tmp[1].strip())
                    zassert(ttype == 'TYPE_LABEL', 'bad jump target [%s]' % tmp[1].strip())
                    self.memory[pc] = 'self.jump_lessthanorequal(%s)' % self.labels[targ]
                elif opcode == 'jgt':
                    (targ, ttype) = self.getarg(tmp[1].strip())
                    zassert(ttype == 'TYPE_LABEL', 'bad jump target [%s]' % tmp[1].strip())
                    self.memory[pc] = 'self.jump_greaterthan(%d)' % int(self.labels[targ])
                elif opcode == 'jgte':
                    (targ, ttype) = self.getarg(tmp[1].strip())
                    zassert(ttype == 'TYPE_LABEL', 'bad jump target [%s]' % tmp[1].strip())
                    self.memory[pc] = 'self.jump_greaterthanorequal(%s)' % self.labels[targ]
                elif opcode == 'nop':
                    self.memory[pc] = 'self.nop()'
                elif opcode == 'halt':
                    self.memory[pc] = 'self.halt()'
                elif opcode == 'yield':
                    self.memory[pc] = 'self.iyield()'
                elif opcode == 'rdump':
                    self.memory[pc] = 'self.rdump()'
                elif opcode == 'mdump':
                    self.memory[pc] = 'self.mdump(%s)' % tmp[1]
                else:
                    print 'illegal opcode: ', opcode
                    exit(1)

                if self.verbose: print 'pc:%d LOADING %20s --> %s' % (pc, self.pmemory[pc], self.memory[pc])

                # INCREMENT PC for loader
                pc += 1
        # END: loop over file
        fd.close()
        if self.verbose: print ''
        return
    # END: load

    def print_headers(self, procs):
        # print some headers
        if len(self.memtrace) > 0:
            for m in self.memtrace:
                if m[0].isdigit():
                    print '%5d' % int(m),
                else:
                    zassert(m in self.vars, 'Traced variable %s not declared' % m)
                    print '%5s' % m,
            print ' ',
        if len(self.regtrace) > 0:
            for r in self.regtrace:
                print '%5s' % self.get_regname(r),
            print ' ',
        if cctrace == True:
            print '>= >  <= <  != ==',

        # and per thread
        for i in range(procs.getnum()):
            print '       Thread %d        ' % i,
        print ''
        return

    def print_trace(self, newline):
        if len(self.memtrace) > 0:
            for m in self.memtrace:
                if self.compute:
                    if m[0].isdigit():
                        print '%5d' % self.memory[int(m)],
                    else:
                        zassert(m in self.vars, 'Traced variable %s not declared' % m)
                        print '%5d' % self.memory[self.vars[m]],
                else:
                    print '%5s' % '?',
            print ' ',
        if len(self.regtrace) > 0:
            for r in self.regtrace:
                if self.compute:
                    print '%5d' % self.registers[r],
                else:
                    print '%5s' % '?',
            print ' ',
        if cctrace == True:
            for c in self.condlist:
                if self.compute:
                    if self.conditions[c]:
                        print '1 ',
                    else:
                        print '0 ',
                else:
                    print '? ',
        if (len(self.memtrace) > 0 or len(self.regtrace) > 0 or cctrace == True) and newline == True:
            print ''
        return

    def setint(self, intfreq, intrand):
        if intrand == False:
            return intfreq
        return int(random.random() * intfreq) + 1

    def run(self, procs, intfreq, intrand):
        # hw init: cc's, interrupt frequency, etc.
        interrupt = self.setint(intfreq, intrand)
        icount    = 0

        self.print_headers(procs)
        self.print_trace(True)

        while True:
            # need thread ID of current process
            tid = procs.getcurr().gettid()

            # FETCH
            prevPC       = self.PC
            instruction  = self.memory[self.PC]
            self.PC     += 1

            # DECODE and EXECUTE
            # key: self.PC may be changed during eval; thus MUST be incremented BEFORE eval
            rc = eval(instruction)

            # tracing details: ALWAYS AFTER EXECUTION OF INSTRUCTION
            self.print_trace(False)

            # output: thread-proportional spacing followed by PC and instruction
            dospace(tid)
            print prevPC, self.pmemory[prevPC]
            icount += 1

            # halt instruction issued
            if rc == -1:
                procs.done()
                if procs.numdone() == procs.getnum():
                    return icount
                procs.next()
                procs.restore()

                self.print_trace(False)
                for i in range(procs.getnum()):
                    print '----- Halt;Switch ----- ',
                print ''

            # do interrupt processing
            interrupt -= 1
            if interrupt == 0 or rc == -2:
                interrupt = self.setint(intfreq, intrand)
                procs.save()
                procs.next()
                procs.restore()

                self.print_trace(False)
                for i in range(procs.getnum()):
                    print '------ Interrupt ------ ',
                print ''
        # END: while
        return

#
# END: class cpu
#


#
# PROCESS LIST class
#
class proclist:
    def __init__(self):
        self.plist  = []
        self.curr   = 0
        self.active = 0

    def done(self):
        self.plist[self.curr].setdone()
        self.active -= 1

    def numdone(self):
        return len(self.plist) - self.active

    def getnum(self):
        return len(self.plist)

    def add(self, p):
        self.active += 1
        self.plist.append(p)

    def getcurr(self):
        return self.plist[self.curr]

    def save(self):
        self.plist[self.curr].save()

    def restore(self):
        self.plist[self.curr].restore()

    def next(self):
        for i in range(self.curr+1, len(self.plist)):
            if self.plist[i].isdone() == False:
                self.curr = i
                return
        for i in range(0, self.curr+1):
            if self.plist[i].isdone() == False:
                self.curr = i
                return

#
# PROCESS class
#
class process:
    def __init__(self, cpu, tid, pc, stackbottom, reginit):
        self.cpu   = cpu  # object reference
        self.tid   = tid
        self.pc    = pc
        self.regs  = {}
        self.cc    = {}
        self.done  = False
        self.stack = stackbottom

        # init regs: all 0 or specially set to something
        for r in self.cpu.get_regnums():
            self.regs[r] = 0
        if reginit != '':
            # form: ax=1,bx=2 (for some subset of registers)
            for r in reginit.split(':'):
                tmp = r.split('=')
                assert(len(tmp) == 2)
                self.regs[self.cpu.get_regnum(tmp[0])] = int(tmp[1])

        # init CCs
        for c in self.cpu.get_condlist():
            self.cc[c] = False

        # stack
        self.regs[self.cpu.get_regnum('sp')] = stackbottom
        # print 'REG', self.cpu.get_regnum('sp'), self.regs[self.cpu.get_regnum('sp')]

        return

    def gettid(self):
        return self.tid

    def save(self):
        self.pc = self.cpu.get_pc()
        for c in self.cpu.get_condlist():
            self.cc[c] = self.cpu.get_cond(c)
        for r in self.cpu.get_regnums():
            self.regs[r] = self.cpu.get_reg(r)

    def restore(self):
        self.cpu.set_pc(self.pc)
        for c in self.cpu.get_condlist():
            self.cpu.set_cond(c, self.cc[c])
        for r in self.cpu.get_regnums():
            self.cpu.set_reg(r, self.regs[r])

    def setdone(self):
        self.done = True

    def isdone(self):
        return self.done == True

#
# main program
#
parser = OptionParser()
parser.add_option('-s', '--seed',      default=0,          help='the random seed',                  action='store',      type='int',    dest='seed')
parser.add_option('-t', '--threads',   default=2,          help='number of threads',                action='store',      type='int',    dest='numthreads')
parser.add_option('-p', '--program',   default='',         help='source program (in .s)',           action='store',      type='string', dest='progfile')
parser.add_option('-i', '--interrupt', default=50,         help='interrupt frequency',              action='store',      type='int',    dest='intfreq')
parser.add_option('-r', '--randints',  default=False,      help='if interrupts are random',         action='store_true',                dest='intrand')
parser.add_option('-a', '--argv',      default='',
                  help='comma-separated per-thread args (e.g., ax=1,ax=2 sets thread 0 ax reg to 1 and thread 1 ax reg to 2); specify multiple regs per thread via colon-separated list (e.g., ax=1:bx=2,cx=3 sets thread 0 ax and bx and just cx for thread 1)',
                  action='store',      type='string', dest='argv')
parser.add_option('-L', '--loadaddr',  default=1000,       help='address where to load code',       action='store',      type='int',    dest='loadaddr')
parser.add_option('-m', '--memsize',   default=128,        help='size of address space (KB)',       action='store',      type='int',    dest='memsize')
parser.add_option('-M', '--memtrace',  default='',         help='comma-separated list of addrs to trace (e.g., 20000,20001)', action='store',
                  type='string', dest='memtrace')
parser.add_option('-R', '--regtrace',  default='',         help='comma-separated list of regs to trace (e.g., ax,bx,cx,dx)',  action='store',
                  type='string', dest='regtrace')
parser.add_option('-C', '--cctrace',   default=False,      help='should we trace condition codes',  action='store_true', dest='cctrace')
parser.add_option('-S', '--printstats',default=False,      help='print some extra stats',           action='store_true', dest='printstats')
parser.add_option('-v', '--verbose',   default=False,      help='print some extra info',            action='store_true', dest='verbose')
parser.add_option('-c', '--compute',   default=False,      help='compute answers for me',           action='store_true', dest='solve')
(options, args) = parser.parse_args()

print 'ARG seed',                options.seed
print 'ARG numthreads',          options.numthreads
print 'ARG program',             options.progfile
print 'ARG interrupt frequency', options.intfreq
print 'ARG interrupt randomness',options.intrand
print 'ARG argv',                options.argv
print 'ARG load address',        options.loadaddr
print 'ARG memsize',             options.memsize
print 'ARG memtrace',            options.memtrace
print 'ARG regtrace',            options.regtrace
print 'ARG cctrace',             options.cctrace
print 'ARG printstats',          options.printstats
print 'ARG verbose',             options.verbose
print ''

seed       = int(options.seed)
numthreads = int(options.numthreads)
intfreq    = int(options.intfreq)
zassert(intfreq > 0, 'Interrupt frequency must be greater than 0')
intrand    = int(options.intrand)
progfile   = options.progfile
zassert(progfile != '', 'Program file must be specified')
argv       = options.argv.split(',')
zassert(len(argv) == numthreads or len(argv) == 1, 'argv: must be one per-thread or just one set of values for all threads')

loadaddr   = options.loadaddr
memsize    = options.memsize
random.seed(seed)

memtrace   = []
if options.memtrace != '':
    for m in options.memtrace.split(','):
        memtrace.append(m)

regtrace   = []
if options.regtrace != '':
    for r in options.regtrace.split(','):
        regtrace.append(r)

cctrace    = options.cctrace

printstats = options.printstats
verbose    = options.verbose

#
# MAIN program
#
debug = False
debug = False

cpu = cpu(memsize, memtrace, regtrace, cctrace, options.solve, verbose)

# load a program
cpu.load(progfile, loadaddr)

# process list
procs = proclist()
pid   = 0
stack = memsize * 1000
for t in range(numthreads):
    if len(argv) > 1:
        arg = argv[pid]
    else:
        arg = argv[0]
    procs.add(process(cpu, pid, loadaddr, stack, arg))
    stack -= 1000
    pid += 1

# get first one ready!
procs.restore()

# run it
t1 = time.clock()
ic = cpu.run(procs, intfreq, intrand)
t2 = time.clock()

if printstats:
    print ''
    print 'STATS:: Instructions    %d' % ic
    print 'STATS:: Emulation Rate  %.2f kinst/sec' % (float(ic) / float(t2 - t1) / 1000.0)

# use this for profiling
# import cProfile
# cProfile.run('run()')

# Student Answer:
%dx will be change from 0 to -1

# Output Format:
Return a single integer score only.
[DEBUG] 2025-09-28 11:58:12,768 Metadata detail: {
  "question_id": "q2",
  "max_score": 16,
  "human_scores": [
    8,
    8,
    8
  ],
  "context_files": [
    {
      "relative_path": "Makefile",
      "content": "\nFLAGS = -Wall -pthread\n\nall: t0 t1\n\nclean:\n\trm -f t0 t1\n\nt0: t0.c\n\tgcc -o t0 t0.c $(FLAGS)\n\nt1: t1.c\n\tgcc -o t1 t1.c $(FLAGS)\n"
    },
    {
      "relative_path": "loop.s",
      "content": ".main\n.top\nsub  $1,%dx\ntest $0,%dx\njgte .top\nhalt\n"
    },
    {
      "relative_path": "looping-race-nolock.s",
      "content": "# assumes %bx has loop count in it\n\n.main\n.top\n# critical section\nmov 2000, %ax  # get 'value' at address 2000\nadd $1, %ax    # increment it\nmov %ax, 2000  # store it back\n\n# see if we're still looping\nsub  $1, %bx\ntest $0, %bx\njgt .top\n\nhalt\n"
    },
    {
      "relative_path": "simple-race.s",
      "content": ".main\n# this is a critical section\nmov 2000, %ax   # get the value at the address\nadd $1, %ax \t# increment it\nmov %ax, 2000   # store it back\nhalt\n"
    },
    {
      "relative_path": "t0.c",
      "content": "#include <stdio.h>\n#include <stdlib.h>\n#include <pthread.h>\n\nvoid *mythread(void *arg) {\n    printf(\"%s\\n\", (char *) arg);\n    return NULL;\n}\n\nint main(int argc, char *argv[]) {\n    if (argc != 1) {\n\tfprintf(stderr, \"usage: main\\n\");\n\texit(1);\n    }\n\n    pthread_t p1, p2;\n    printf(\"main: begin\\n\");\n    pthread_create(&p1, NULL, mythread, \"A\");\n    pthread_create(&p2, NULL, mythread, \"B\");\n    // join waits for the threads to finish\n    pthread_join(p1, NULL);\n    pthread_join(p2, NULL);\n    printf(\"main: end\\n\");\n    return 0;\n}\n\n"
    },
    {
      "relative_path": "t1.c",
      "content": "#include <stdio.h>\n#include <stdlib.h>\n#include <pthread.h>\n\nint max;\nvolatile int counter = 0; // shared global variable\n\nvoid *mythread(void *arg) {\n    char *letter = arg;\n    int i; // stack (private per thread)\n    printf(\"%s: begin [addr of i: %p]\\n\", letter, &i);\n    for (i = 0; i < max; i++) {\n\tcounter = counter + 1; // shared: only one\n    }\n    printf(\"%s: done\\n\", letter);\n    return NULL;\n}\n\nint main(int argc, char *argv[]) {\n    if (argc != 2) {\n\tfprintf(stderr, \"usage: ./t1 <loopcount>\\n\");\n\texit(1);\n    }\n    max = atoi(argv[1]);\n\n    pthread_t p1, p2;\n    printf(\"main: begin [counter = %d] [%p]\\n\", counter, &counter);\n    pthread_create(&p1, NULL, mythread, \"A\");\n    pthread_create(&p2, NULL, mythread, \"B\");\n    // join waits for the threads to finish\n    pthread_join(p1, NULL);\n    pthread_join(p2, NULL);\n    printf(\"main: done\\n [counter: %d]\\n [should: %d]\\n\",\n\t   counter, max*2);\n    return 0;\n}\n\n"
    },
    {
      "relative_path": "x86.py",
      "content": "#! /usr/bin/env python\n\nimport sys\nimport time\nimport random\nfrom optparse import OptionParser\n\n#\n# HELPER\n#\ndef dospace(howmuch):\n    for i in range(howmuch):\n        print '%24s' % ' ',\n\n# useful instead of assert\ndef zassert(cond, str):\n    if cond == False:\n        print 'ABORT::', str\n        exit(1)\n    return\n\nclass cpu:\n    #\n    # INIT: how much memory?\n    #\n    def __init__(self, memory, memtrace, regtrace, cctrace, compute, verbose):\n        #\n        # CONSTANTS\n        #\n\n        # conditions\n        self.COND_GT        = 0\n        self.COND_GTE       = 1\n        self.COND_LT        = 2\n        self.COND_LTE       = 3\n        self.COND_EQ        = 4\n        self.COND_NEQ       = 5\n\n        # registers in system\n        self.REG_ZERO       = 0\n        self.REG_AX         = 1\n        self.REG_BX         = 2\n        self.REG_CX         = 3\n        self.REG_DX         = 4\n        self.REG_SP         = 5\n        self.REG_BP         = 6\n\n        # system memory: in KB\n        self.max_memory     = memory * 1024\n\n        # which memory addrs and registers to trace?\n        self.memtrace       = memtrace\n        self.regtrace       = regtrace\n        self.cctrace        = cctrace\n        self.compute        = compute\n        self.verbose        = verbose\n\n        self.PC             = 0\n        self.registers      = {}\n        self.conditions     = {}\n        self.labels         = {}\n        self.vars           = {}\n        self.memory         = {}\n        self.pmemory        = {}  # for printable version of what's in memory (instructions)\n\n        self.condlist       = [self.COND_GTE, self.COND_GT, self.COND_LTE, self.COND_LT, self.COND_NEQ, self.COND_EQ]\n        self.regnums        = [self.REG_ZERO, self.REG_AX,  self.REG_BX,   self.REG_CX,  self.REG_DX,   self.REG_SP,  self.REG_BP]\n\n        self.regnames         = {}\n        self.regnames['zero'] = self.REG_ZERO # hidden zero-valued register\n        self.regnames['ax']   = self.REG_AX\n        self.regnames['bx']   = self.REG_BX\n        self.regnames['cx']   = self.REG_CX\n        self.regnames['dx']   = self.REG_DX\n        self.regnames['sp']   = self.REG_SP\n        self.regnames['bp']   = self.REG_BP\n\n        tmplist = []\n        for r in self.regtrace:\n            zassert(r in self.regnames, 'Register %s cannot be traced because it does not exist' % r)\n            tmplist.append(self.regnames[r])\n        self.regtrace = tmplist\n\n        self.init_memory()\n        self.init_registers()\n        self.init_condition_codes()\n\n    #\n    # BEFORE MACHINE RUNS\n    #\n    def init_condition_codes(self):\n        for c in self.condlist:\n            self.conditions[c] = False\n\n    def init_memory(self):\n        for i in range(self.max_memory):\n            self.memory[i] = 0\n\n    def init_registers(self):\n        for i in self.regnums:\n            self.registers[i] = 0\n\n    def dump_memory(self):\n        print 'MEMORY DUMP'\n        for i in range(self.max_memory):\n            if i not in self.pmemory and i in self.memory and self.memory[i] != 0:\n                print '  m[%d]' % i, self.memory[i]\n\n    #\n    # INFORMING ABOUT THE HARDWARE\n    #\n    def get_regnum(self, name):\n        assert(name in self.regnames)\n        return self.regnames[name]\n\n    def get_regname(self, num):\n        assert(num in self.regnums)\n        for rname in self.regnames:\n            if self.regnames[rname] == num:\n                return rname\n        return ''\n\n    def get_regnums(self):\n        return self.regnums\n\n    def get_condlist(self):\n        return self.condlist\n\n    def get_reg(self, reg):\n        assert(reg in self.regnums)\n        return self.registers[reg]\n\n    def get_cond(self, cond):\n        assert(cond in self.condlist)\n        return self.conditions[cond]\n\n    def get_pc(self):\n        return self.PC\n\n    def set_reg(self, reg, value):\n        assert(reg in self.regnums)\n        self.registers[reg] = value\n\n    def set_cond(self, cond, value):\n        assert(cond in self.condlist)\n        self.conditions[cond] = value\n\n    def set_pc(self, pc):\n        self.PC = pc\n\n    #\n    # INSTRUCTIONS\n    #\n    def halt(self):\n        return -1\n\n    def iyield(self):\n        return -2\n\n    def nop(self):\n        return 0\n\n    def rdump(self):\n        print 'REGISTERS::',\n        print 'ax:', self.registers[self.REG_AX],\n        print 'bx:', self.registers[self.REG_BX],\n        print 'cx:', self.registers[self.REG_CX],\n        print 'dx:', self.registers[self.REG_DX],\n\n    def mdump(self, index):\n        print 'm[%d] ' % index, self.memory[index]\n\n    def move_i_to_r(self, src, dst):\n        self.registers[dst] = src\n        return 0\n\n    # memory: value, register, register\n    def move_i_to_m(self, src, value, reg1, reg2):\n        tmp = value + self.registers[reg1] + self.registers[reg2]\n        self.memory[tmp] = src\n        return 0\n\n    def move_m_to_r(self, value, reg1, reg2, dst):\n        tmp = value + self.registers[reg1] + self.registers[reg2]\n        # print 'doing mov', 'val:', value, 'r1:', self.get_regname(reg1), self.registers[reg1], 'r2:', self.get_regname(reg2), self.registers[reg2], 'dst', self.get_regname(dst), 'tmp', tmp, 'reg[dst]', self.registers[dst], 'mem', self.memory[tmp]\n        self.registers[dst] = self.memory[tmp]\n\n    def move_r_to_m(self, src, value, reg1, reg2):\n        tmp = value + self.registers[reg1] + self.registers[reg2]\n        self.memory[tmp] = self.registers[src]\n        return 0\n\n    def move_r_to_r(self, src, dst):\n        self.registers[dst] = self.registers[src]\n        return 0\n\n    def add_i_to_r(self, src, dst):\n        self.registers[dst] += src\n        return 0\n\n    def add_r_to_r(self, src, dst):\n        self.registers[dst] += self.registers[src]\n        return 0\n\n    def sub_i_to_r(self, src, dst):\n        self.registers[dst] -= src\n        return 0\n\n    def sub_r_to_r(self, src, dst):\n        self.registers[dst] -= self.registers[src]\n        return 0\n\n\n    #\n    # SUPPORT FOR LOCKS\n    #\n    def atomic_exchange(self, src, value, reg1, reg2):\n        tmp                 = value + self.registers[reg1] + self.registers[reg2]\n        old                 = self.memory[tmp]\n        self.memory[tmp]    = self.registers[src]\n        self.registers[src] = old\n        return 0\n\n    def fetchadd(self, src, value, reg1, reg2):\n        tmp                 = value + self.registers[reg1] + self.registers[reg2]\n        old                 = self.memory[tmp]\n        self.memory[tmp]    = self.memory[tmp] + self.registers[src]\n        self.registers[src] = old\n\n    #\n    # TEST for conditions\n    #\n    def test_all(self, src, dst):\n        self.init_condition_codes()\n        if dst > src:\n            self.conditions[self.COND_GT]  = True\n        if dst >= src:\n            self.conditions[self.COND_GTE] = True\n        if dst < src:\n            self.conditions[self.COND_LT]  = True\n        if dst <= src:\n            self.conditions[self.COND_LTE] = True\n        if dst == src:\n            self.conditions[self.COND_EQ]  = True\n        if dst != src:\n            self.conditions[self.COND_NEQ] = True\n        return 0\n\n    def test_i_r(self, src, dst):\n        self.init_condition_codes()\n        return self.test_all(src, self.registers[dst])\n\n    def test_r_i(self, src, dst):\n        self.init_condition_codes()\n        return self.test_all(self.registers[src], dst)\n\n    def test_r_r(self, src, dst):\n        self.init_condition_codes()\n        return self.test_all(self.registers[src], self.registers[dst])\n\n    #\n    # JUMPS\n    #\n    def jump(self, targ):\n        self.PC = targ\n        return 0\n\n    def jump_notequal(self, targ):\n        if self.conditions[self.COND_NEQ] == True:\n            self.PC = targ\n        return 0\n\n    def jump_equal(self, targ):\n        if self.conditions[self.COND_EQ] == True:\n            self.PC = targ\n        return 0\n\n    def jump_lessthan(self, targ):\n        if self.conditions[self.COND_LT] == True:\n            self.PC = targ\n        return 0\n\n    def jump_lessthanorequal(self, targ):\n        if self.conditions[self.COND_LTE] == True:\n            self.PC = targ\n        return 0\n\n    def jump_greaterthan(self, targ):\n        if self.conditions[self.COND_GT] == True:\n            self.PC = targ\n        return 0\n\n    def jump_greaterthanorequal(self, targ):\n        if self.conditions[self.COND_GTE] == True:\n            self.PC = targ\n        return 0\n\n    #\n    # CALL and RETURN\n    #\n    def call(self, targ):\n        self.registers[self.REG_SP] -= 4\n        self.memory[self.registers[self.REG_SP]] = self.PC\n        self.PC = targ\n\n    def ret(self):\n        self.PC = self.memory[self.registers[self.REG_SP]]\n        self.registers[self.REG_SP] += 4\n\n    #\n    # STACK and related\n    #\n    def push_r(self, reg):\n        self.registers[self.REG_SP] -= 4\n        self.memory[self.registers[self.REG_SP]] = self.registers[reg]\n        return 0\n\n    def push_m(self, value, reg1, reg2):\n        # print 'push_m', value, reg1, reg2\n        self.registers[self.REG_SP] -= 4\n        tmp = value + self.registers[reg1] + self.registers[reg2]\n        # push address onto stack, not memory value itself\n        self.memory[self.registers[self.REG_SP]] = tmp\n        return 0\n\n    def pop(self):\n        self.registers[self.REG_SP] += 4\n\n    def pop_r(self, dst):\n        self.registers[dst] = self.registers[self.REG_SP]\n        self.registers[self.REG_SP] += 4\n\n    #\n    # HELPER func for getarg\n    #\n    def register_translate(self, r):\n        if r in self.regnames:\n            return self.regnames[r]\n        zassert(False, 'Register %s is not a valid register' % r)\n        return\n\n    #\n    # HELPER in parsing mov (quite primitive) and other ops\n    # returns: (value, type)\n    # where type is (TYPE_REGISTER, TYPE_IMMEDIATE, TYPE_MEMORY)\n    #\n    # FORMATS\n    #    %ax           - register\n    #    $10           - immediate\n    #    10            - direct memory\n    #    10(%ax)       - memory + reg indirect\n    #    10(%ax,%bx)   - memory + 2 reg indirect\n    #    10(%ax,%bx,4) - XXX (not handled)\n    #\n    def getarg(self, arg):\n        tmp1 = arg.replace(',', '')\n        tmp  = tmp1.replace(' \\t', '')\n\n        if tmp[0] == '$':\n            zassert(len(tmp) == 2, 'correct form is $number (not %s)' % tmp)\n            value = tmp.split('$')[1]\n            zassert(value.isdigit(), 'value [%s] must be a digit' % value)\n            return int(value), 'TYPE_IMMEDIATE'\n        elif tmp[0] == '%':\n            register = tmp.split('%')[1]\n            return self.register_translate(register), 'TYPE_REGISTER'\n        elif tmp[0] == '(':\n            register = tmp.split('(')[1].split(')')[0].split('%')[1]\n            return '%d,%d,%d' % (0, self.register_translate(register), self.register_translate('zero')), 'TYPE_MEMORY'\n        elif tmp[0] == '.':\n            targ = tmp\n            return targ, 'TYPE_LABEL'\n        elif tmp[0].isalpha() and not tmp[0].isdigit():\n            zassert(tmp in self.vars, 'Variable %s is not declared' % tmp)\n            # print '%d,%d,%d' % (self.vars[tmp], self.register_translate('zero'), self.register_translate('zero')), 'TYPE_MEMORY'\n            return '%d,%d,%d' % (self.vars[tmp], self.register_translate('zero'), self.register_translate('zero')), 'TYPE_MEMORY'\n        elif tmp[0].isdigit() or tmp[0] == '-':\n            # MOST GENERAL CASE: number(reg,reg) or number(reg)\n            # we ignore the common x86 number(reg,reg,constant) for now\n            neg = 1\n            if tmp[0] == '-':\n                tmp = tmp[1:]\n                neg = -1\n            s = tmp.split('(')\n            if len(s) == 1:\n                value = neg * int(tmp)\n                # print '%d,%d,%d' % (int(value), self.register_translate('zero'), self.register_translate('zero')), 'TYPE_MEMORY'\n                return '%d,%d,%d' % (int(value), self.register_translate('zero'), self.register_translate('zero')), 'TYPE_MEMORY'\n            elif len(s) == 2:\n                value = neg * int(s[0])\n                t = s[1].split(')')[0].split(',')\n                if len(t) == 1:\n                    register = t[0].split('%')[1]\n                    # print '%d,%d,%d' % (int(value), self.register_translate(register), self.register_translate('zero')), 'TYPE_MEMORY'\n                    return '%d,%d,%d' % (int(value), self.register_translate(register), self.register_translate('zero')), 'TYPE_MEMORY'\n                elif len(t) == 2:\n                    register1 = t[0].split('%')[1]\n                    register2 = t[1].split('%')[1]\n                    # print '%d,%d,%d' % (int(value), self.register_translate(register1), self.register_translate(register2)), 'TYPE_MEMORY'\n                    return '%d,%d,%d' % (int(value), self.register_translate(register1), self.register_translate(register2)), 'TYPE_MEMORY'\n            else:\n                print 'mov: bad argument [%s]' % tmp\n                exit(1)\n                return\n        zassert(True, 'mov: bad argument [%s]' % arg)\n        return\n\n    #\n    # LOAD a program into memory\n    # make it ready to execute\n    #\n    def load(self, infile, loadaddr):\n        pc   = int(loadaddr)\n        fd   = open(infile)\n\n        bpc  = loadaddr\n        data = 100\n\n        for line in fd:\n            cline = line.rstrip()\n            # print 'PASS 1', cline\n\n            # remove everything after the comment marker\n            ctmp = cline.split('#')\n            assert(len(ctmp) == 1 or len(ctmp) == 2)\n            if len(ctmp) == 2:\n                cline = ctmp[0]\n\n            # remove empty lines, and split line by spaces\n            tmp = cline.split()\n            if len(tmp) == 0:\n                continue\n\n            # only pay attention to labels and variables\n            if tmp[0] == '.var':\n                assert(len(tmp) == 2)\n                assert(tmp[0] not in self.vars)\n                self.vars[tmp[1]] = data\n                data += 4\n                zassert(data < bpc, 'Load address overrun by static data')\n                if self.verbose: print 'ASSIGN VAR', tmp[0], \"-->\", tmp[1], self.vars[tmp[1]]\n            elif tmp[0][0] == '.':\n                assert(len(tmp) == 1)\n                self.labels[tmp[0]] = int(pc)\n                if self.verbose: print 'ASSIGN LABEL', tmp[0], \"-->\", pc\n            else:\n                pc += 1\n        fd.close()\n\n        if self.verbose: print ''\n\n        # second pass: do everything else\n        pc = int(loadaddr)\n        fd = open(infile)\n        for line in fd:\n            cline = line.rstrip()\n            # print 'PASS 2', cline\n\n            # remove everything after the comment marker\n            ctmp = cline.split('#')\n            assert(len(ctmp) == 1 or len(ctmp) == 2)\n            if len(ctmp) == 2:\n                cline = ctmp[0]\n\n            # remove empty lines, and split line by spaces\n            tmp = cline.split()\n            if len(tmp) == 0:\n                continue\n\n            # skip labels: all else must be instructions\n            if cline[0] != '.':\n                tmp              = cline.split(None, 1)\n                opcode           = tmp[0]\n                self.pmemory[pc] = cline.strip()\n\n                # MAIN OPCODE LOOP\n                if opcode == 'mov':\n                    rtmp = tmp[1].split(',', 1)\n                    zassert(len(tmp) == 2 and len(rtmp) == 2, 'mov: needs two args, separated by commas [%s]' % cline)\n                    arg1 = rtmp[0].strip()\n                    arg2 = rtmp[1].strip()\n                    (src, stype) = self.getarg(arg1)\n                    (dst, dtype) = self.getarg(arg2)\n                    # print 'MOV', src, stype, dst, dtype\n                    if stype == 'TYPE_MEMORY' and dtype == 'TYPE_MEMORY':\n                        print 'bad mov: two memory arguments'\n                        exit(1)\n                    elif stype == 'TYPE_IMMEDIATE' and dtype == 'TYPE_IMMEDIATE':\n                        print 'bad mov: two immediate arguments'\n                        exit(1)\n                    elif stype == 'TYPE_IMMEDIATE' and dtype == 'TYPE_REGISTER':\n                        self.memory[pc]  = 'self.move_i_to_r(%d, %d)' % (int(src), dst)\n                    elif stype == 'TYPE_IMMEDIATE' and dtype == 'TYPE_REGISTER':\n                        self.memory[pc]  = 'self.move_i_to_r(%d, %d)' % (int(src), dst)\n                    elif stype == 'TYPE_MEMORY'    and dtype == 'TYPE_REGISTER':\n                        tmp = src.split(',')\n                        assert(len(tmp) == 3)\n                        self.memory[pc] = 'self.move_m_to_r(%d, %d, %d, %d)' % (int(tmp[0]), int(tmp[1]), int(tmp[2]), dst)\n                    elif stype == 'TYPE_REGISTER'  and dtype == 'TYPE_MEMORY':\n                        tmp = dst.split(',')\n                        assert(len(tmp) == 3)\n                        self.memory[pc] = 'self.move_r_to_m(%d, %d, %d, %d)' % (src, int(tmp[0]), int(tmp[1]), int(tmp[2]))\n                    elif stype == 'TYPE_REGISTER'  and dtype == 'TYPE_REGISTER':\n                        self.memory[pc] = 'self.move_r_to_r(%d, %d)' % (src, dst)\n                    elif stype == 'TYPE_IMMEDIATE'  and dtype == 'TYPE_MEMORY':\n                        tmp = dst.split(',')\n                        assert(len(tmp) == 3)\n                        self.memory[pc] = 'self.move_i_to_m(%d, %d, %d, %d)' % (src, int(tmp[0]), int(tmp[1]), int(tmp[2]))\n                    else:\n                        zassert(False, 'malformed mov instruction')\n                elif opcode == 'pop':\n                    if len(tmp) == 1:\n                        self.memory[pc] = 'self.pop()'\n                    elif len(tmp) == 2:\n                        arg = tmp[1].strip()\n                        (dst, dtype) = self.getarg(arg)\n                        zassert(dtype == 'TYPE_REGISTER', 'Can only pop into a register')\n                        self.memory[pc] = 'self.pop_r(%d)' % dst\n                    else:\n                        zassert(False, 'pop instruction must take zero/one args')\n                elif opcode == 'push':\n                    (src, stype) = self.getarg(tmp[1].strip())\n                    if stype == 'TYPE_REGISTER':\n                        self.memory[pc] = 'self.push_r(%d)' % (int(src))\n                    elif stype == 'TYPE_MEMORY':\n                        tmp = src.split(',')\n                        assert(len(tmp) == 3)\n                        self.memory[pc] = 'self.push_m(%d,%d,%d)' % (int(tmp[0]), int(tmp[1]), int(tmp[2]))\n                    else:\n                        zassert(False, 'Cannot push anything but registers')\n                elif opcode == 'call':\n                    (targ, ttype) = self.getarg(tmp[1].strip())\n                    if ttype == 'TYPE_LABEL':\n                        self.memory[pc] = 'self.call(%d)' % (int(self.labels[targ]))\n                    else:\n                        zassert(False, 'Cannot call anything but a label')\n                elif opcode == 'ret':\n                    assert(len(tmp) == 1)\n                    self.memory[pc] = 'self.ret()'\n                elif opcode == 'add':\n                    rtmp = tmp[1].split(',', 1)\n                    zassert(len(tmp) == 2 and len(rtmp) == 2, 'add: needs two args, separated by commas [%s]' % cline)\n                    arg1 = rtmp[0].strip()\n                    arg2 = rtmp[1].strip()\n                    (src, stype) = self.getarg(arg1)\n                    (dst, dtype) = self.getarg(arg2)\n                    if stype == 'TYPE_IMMEDIATE' and dtype == 'TYPE_REGISTER':\n                        self.memory[pc] = 'self.add_i_to_r(%d, %d)' % (int(src), dst)\n                    elif stype == 'TYPE_REGISTER' and dtype == 'TYPE_REGISTER':\n                        self.memory[pc] = 'self.add_r_to_r(%d, %d)' % (int(src), dst)\n                    else:\n                        zassert(False, 'malformed usage of add instruction')\n                elif opcode == 'sub':\n                    rtmp = tmp[1].split(',', 1)\n                    zassert(len(tmp) == 2 and len(rtmp) == 2, 'sub: needs two args, separated by commas [%s]' % cline)\n                    arg1 = rtmp[0].strip()\n                    arg2 = rtmp[1].strip()\n                    (src, stype) = self.getarg(arg1)\n                    (dst, dtype) = self.getarg(arg2)\n                    if stype == 'TYPE_IMMEDIATE' and dtype == 'TYPE_REGISTER':\n                        self.memory[pc] = 'self.sub_i_to_r(%d, %d)' % (int(src), dst)\n                    elif stype == 'TYPE_REGISTER' and dtype == 'TYPE_REGISTER':\n                        self.memory[pc] = 'self.sub_r_to_r(%d, %d)' % (int(src), dst)\n                    else:\n                        zassert(False, 'malformed usage of sub instruction')\n                elif opcode == 'fetchadd':\n                    rtmp = tmp[1].split(',', 1)\n                    zassert(len(tmp) == 2 and len(rtmp) == 2, 'fetchadd: needs two args, separated by commas [%s]' % cline)\n                    arg1 = rtmp[0].strip()\n                    arg2 = rtmp[1].strip()\n                    (src, stype) = self.getarg(arg1)\n                    (dst, dtype) = self.getarg(arg2)\n                    tmp = dst.split(',')\n                    assert(len(tmp) == 3)\n                    if stype == 'TYPE_REGISTER' and dtype == 'TYPE_MEMORY':\n                        self.memory[pc] = 'self.fetchadd(%d, %d, %d, %d)' % (src, int(tmp[0]), int(tmp[1]), int(tmp[2]))\n                    else:\n                        zassert(False, 'poorly specified fetch and add')\n                elif opcode == 'xchg':\n                    rtmp = tmp[1].split(',', 1)\n                    zassert(len(tmp) == 2 and len(rtmp) == 2, 'xchg: needs two args, separated by commas [%s]' % cline)\n                    arg1 = rtmp[0].strip()\n                    arg2 = rtmp[1].strip()\n                    (src, stype) = self.getarg(arg1)\n                    (dst, dtype) = self.getarg(arg2)\n                    tmp = dst.split(',')\n                    assert(len(tmp) == 3)\n                    if stype == 'TYPE_REGISTER' and dtype == 'TYPE_MEMORY':\n                        self.memory[pc] = 'self.atomic_exchange(%d, %d, %d, %d)' % (src, int(tmp[0]), int(tmp[1]), int(tmp[2]))\n                    else:\n                        zassert(False, 'poorly specified atomic exchange')\n                elif opcode == 'test':\n                    rtmp = tmp[1].split(',', 1)\n                    zassert(len(tmp) == 2 and len(rtmp) == 2, 'test: needs two args, separated by commas [%s]' % cline)\n                    arg1 = rtmp[0].strip()\n                    arg2 = rtmp[1].strip()\n                    (src, stype) = self.getarg(arg1)\n                    (dst, dtype) = self.getarg(arg2)\n                    if stype == 'TYPE_IMMEDIATE' and dtype == 'TYPE_REGISTER':\n                        self.memory[pc] = 'self.test_i_r(%d, %d)' % (int(src), dst)\n                    elif stype == 'TYPE_REGISTER' and dtype == 'TYPE_REGISTER':\n                        self.memory[pc] = 'self.test_r_r(%d, %d)' % (int(src), dst)\n                    elif stype == 'TYPE_REGISTER' and dtype == 'TYPE_IMMEDIATE':\n                        self.memory[pc] = 'self.test_r_i(%d, %d)' % (int(src), dst)\n                    else:\n                        zassert(False, 'malformed usage of test instruction')\n                elif opcode == 'j':\n                    (targ, ttype) = self.getarg(tmp[1].strip())\n                    zassert(ttype == 'TYPE_LABEL', 'bad jump target [%s]' % tmp[1].strip())\n                    self.memory[pc] = 'self.jump(%d)' % int(self.labels[targ])\n                elif opcode == 'jne':\n                    (targ, ttype) = self.getarg(tmp[1].strip())\n                    zassert(ttype == 'TYPE_LABEL', 'bad jump target [%s]' % tmp[1].strip())\n                    self.memory[pc] = 'self.jump_notequal(%d)' % int(self.labels[targ])\n                elif opcode == 'je':\n                    (targ, ttype) = self.getarg(tmp[1].strip())\n                    zassert(ttype == 'TYPE_LABEL', 'bad jump target [%s]' % tmp[1].strip())\n                    self.memory[pc] = 'self.jump_equal(%d)' % self.labels[targ]\n                elif opcode == 'jlt':\n                    (targ, ttype) = self.getarg(tmp[1].strip())\n                    zassert(ttype == 'TYPE_LABEL', 'bad jump target [%s]' % tmp[1].strip())\n                    self.memory[pc] = 'self.jump_lessthan(%d)' % int(self.labels[targ])\n                elif opcode == 'jlte':\n                    (targ, ttype) = self.getarg(tmp[1].strip())\n                    zassert(ttype == 'TYPE_LABEL', 'bad jump target [%s]' % tmp[1].strip())\n                    self.memory[pc] = 'self.jump_lessthanorequal(%s)' % self.labels[targ]\n                elif opcode == 'jgt':\n                    (targ, ttype) = self.getarg(tmp[1].strip())\n                    zassert(ttype == 'TYPE_LABEL', 'bad jump target [%s]' % tmp[1].strip())\n                    self.memory[pc] = 'self.jump_greaterthan(%d)' % int(self.labels[targ])\n                elif opcode == 'jgte':\n                    (targ, ttype) = self.getarg(tmp[1].strip())\n                    zassert(ttype == 'TYPE_LABEL', 'bad jump target [%s]' % tmp[1].strip())\n                    self.memory[pc] = 'self.jump_greaterthanorequal(%s)' % self.labels[targ]\n                elif opcode == 'nop':\n                    self.memory[pc] = 'self.nop()'\n                elif opcode == 'halt':\n                    self.memory[pc] = 'self.halt()'\n                elif opcode == 'yield':\n                    self.memory[pc] = 'self.iyield()'\n                elif opcode == 'rdump':\n                    self.memory[pc] = 'self.rdump()'\n                elif opcode == 'mdump':\n                    self.memory[pc] = 'self.mdump(%s)' % tmp[1]\n                else:\n                    print 'illegal opcode: ', opcode\n                    exit(1)\n\n                if self.verbose: print 'pc:%d LOADING %20s --> %s' % (pc, self.pmemory[pc], self.memory[pc])\n\n                # INCREMENT PC for loader\n                pc += 1\n        # END: loop over file\n        fd.close()\n        if self.verbose: print ''\n        return\n    # END: load\n\n    def print_headers(self, procs):\n        # print some headers\n        if len(self.memtrace) > 0:\n            for m in self.memtrace:\n                if m[0].isdigit():\n                    print '%5d' % int(m),\n                else:\n                    zassert(m in self.vars, 'Traced variable %s not declared' % m)\n                    print '%5s' % m,\n            print ' ',\n        if len(self.regtrace) > 0:\n            for r in self.regtrace:\n                print '%5s' % self.get_regname(r),\n            print ' ',\n        if cctrace == True:\n            print '>= >  <= <  != ==',\n\n        # and per thread\n        for i in range(procs.getnum()):\n            print '       Thread %d        ' % i,\n        print ''\n        return\n\n    def print_trace(self, newline):\n        if len(self.memtrace) > 0:\n            for m in self.memtrace:\n                if self.compute:\n                    if m[0].isdigit():\n                        print '%5d' % self.memory[int(m)],\n                    else:\n                        zassert(m in self.vars, 'Traced variable %s not declared' % m)\n                        print '%5d' % self.memory[self.vars[m]],\n                else:\n                    print '%5s' % '?',\n            print ' ',\n        if len(self.regtrace) > 0:\n            for r in self.regtrace:\n                if self.compute:\n                    print '%5d' % self.registers[r],\n                else:\n                    print '%5s' % '?',\n            print ' ',\n        if cctrace == True:\n            for c in self.condlist:\n                if self.compute:\n                    if self.conditions[c]:\n                        print '1 ',\n                    else:\n                        print '0 ',\n                else:\n                    print '? ',\n        if (len(self.memtrace) > 0 or len(self.regtrace) > 0 or cctrace == True) and newline == True:\n            print ''\n        return\n\n    def setint(self, intfreq, intrand):\n        if intrand == False:\n            return intfreq\n        return int(random.random() * intfreq) + 1\n\n    def run(self, procs, intfreq, intrand):\n        # hw init: cc's, interrupt frequency, etc.\n        interrupt = self.setint(intfreq, intrand)\n        icount    = 0\n\n        self.print_headers(procs)\n        self.print_trace(True)\n\n        while True:\n            # need thread ID of current process\n            tid = procs.getcurr().gettid()\n\n            # FETCH\n            prevPC       = self.PC\n            instruction  = self.memory[self.PC]\n            self.PC     += 1\n\n            # DECODE and EXECUTE\n            # key: self.PC may be changed during eval; thus MUST be incremented BEFORE eval\n            rc = eval(instruction)\n\n            # tracing details: ALWAYS AFTER EXECUTION OF INSTRUCTION\n            self.print_trace(False)\n\n            # output: thread-proportional spacing followed by PC and instruction\n            dospace(tid)\n            print prevPC, self.pmemory[prevPC]\n            icount += 1\n\n            # halt instruction issued\n            if rc == -1:\n                procs.done()\n                if procs.numdone() == procs.getnum():\n                    return icount\n                procs.next()\n                procs.restore()\n\n                self.print_trace(False)\n                for i in range(procs.getnum()):\n                    print '----- Halt;Switch ----- ',\n                print ''\n\n            # do interrupt processing\n            interrupt -= 1\n            if interrupt == 0 or rc == -2:\n                interrupt = self.setint(intfreq, intrand)\n                procs.save()\n                procs.next()\n                procs.restore()\n\n                self.print_trace(False)\n                for i in range(procs.getnum()):\n                    print '------ Interrupt ------ ',\n                print ''\n        # END: while\n        return\n\n#\n# END: class cpu\n#\n\n\n#\n# PROCESS LIST class\n#\nclass proclist:\n    def __init__(self):\n        self.plist  = []\n        self.curr   = 0\n        self.active = 0\n\n    def done(self):\n        self.plist[self.curr].setdone()\n        self.active -= 1\n\n    def numdone(self):\n        return len(self.plist) - self.active\n\n    def getnum(self):\n        return len(self.plist)\n\n    def add(self, p):\n        self.active += 1\n        self.plist.append(p)\n\n    def getcurr(self):\n        return self.plist[self.curr]\n\n    def save(self):\n        self.plist[self.curr].save()\n\n    def restore(self):\n        self.plist[self.curr].restore()\n\n    def next(self):\n        for i in range(self.curr+1, len(self.plist)):\n            if self.plist[i].isdone() == False:\n                self.curr = i\n                return\n        for i in range(0, self.curr+1):\n            if self.plist[i].isdone() == False:\n                self.curr = i\n                return\n\n#\n# PROCESS class\n#\nclass process:\n    def __init__(self, cpu, tid, pc, stackbottom, reginit):\n        self.cpu   = cpu  # object reference\n        self.tid   = tid\n        self.pc    = pc\n        self.regs  = {}\n        self.cc    = {}\n        self.done  = False\n        self.stack = stackbottom\n\n        # init regs: all 0 or specially set to something\n        for r in self.cpu.get_regnums():\n            self.regs[r] = 0\n        if reginit != '':\n            # form: ax=1,bx=2 (for some subset of registers)\n            for r in reginit.split(':'):\n                tmp = r.split('=')\n                assert(len(tmp) == 2)\n                self.regs[self.cpu.get_regnum(tmp[0])] = int(tmp[1])\n\n        # init CCs\n        for c in self.cpu.get_condlist():\n            self.cc[c] = False\n\n        # stack\n        self.regs[self.cpu.get_regnum('sp')] = stackbottom\n        # print 'REG', self.cpu.get_regnum('sp'), self.regs[self.cpu.get_regnum('sp')]\n\n        return\n\n    def gettid(self):\n        return self.tid\n\n    def save(self):\n        self.pc = self.cpu.get_pc()\n        for c in self.cpu.get_condlist():\n            self.cc[c] = self.cpu.get_cond(c)\n        for r in self.cpu.get_regnums():\n            self.regs[r] = self.cpu.get_reg(r)\n\n    def restore(self):\n        self.cpu.set_pc(self.pc)\n        for c in self.cpu.get_condlist():\n            self.cpu.set_cond(c, self.cc[c])\n        for r in self.cpu.get_regnums():\n            self.cpu.set_reg(r, self.regs[r])\n\n    def setdone(self):\n        self.done = True\n\n    def isdone(self):\n        return self.done == True\n\n#\n# main program\n#\nparser = OptionParser()\nparser.add_option('-s', '--seed',      default=0,          help='the random seed',                  action='store',      type='int',    dest='seed')\nparser.add_option('-t', '--threads',   default=2,          help='number of threads',                action='store',      type='int',    dest='numthreads')\nparser.add_option('-p', '--program',   default='',         help='source program (in .s)',           action='store',      type='string', dest='progfile')\nparser.add_option('-i', '--interrupt', default=50,         help='interrupt frequency',              action='store',      type='int',    dest='intfreq')\nparser.add_option('-r', '--randints',  default=False,      help='if interrupts are random',         action='store_true',                dest='intrand')\nparser.add_option('-a', '--argv',      default='',\n                  help='comma-separated per-thread args (e.g., ax=1,ax=2 sets thread 0 ax reg to 1 and thread 1 ax reg to 2); specify multiple regs per thread via colon-separated list (e.g., ax=1:bx=2,cx=3 sets thread 0 ax and bx and just cx for thread 1)',\n                  action='store',      type='string', dest='argv')\nparser.add_option('-L', '--loadaddr',  default=1000,       help='address where to load code',       action='store',      type='int',    dest='loadaddr')\nparser.add_option('-m', '--memsize',   default=128,        help='size of address space (KB)',       action='store',      type='int',    dest='memsize')\nparser.add_option('-M', '--memtrace',  default='',         help='comma-separated list of addrs to trace (e.g., 20000,20001)', action='store',\n                  type='string', dest='memtrace')\nparser.add_option('-R', '--regtrace',  default='',         help='comma-separated list of regs to trace (e.g., ax,bx,cx,dx)',  action='store',\n                  type='string', dest='regtrace')\nparser.add_option('-C', '--cctrace',   default=False,      help='should we trace condition codes',  action='store_true', dest='cctrace')\nparser.add_option('-S', '--printstats',default=False,      help='print some extra stats',           action='store_true', dest='printstats')\nparser.add_option('-v', '--verbose',   default=False,      help='print some extra info',            action='store_true', dest='verbose')\nparser.add_option('-c', '--compute',   default=False,      help='compute answers for me',           action='store_true', dest='solve')\n(options, args) = parser.parse_args()\n\nprint 'ARG seed',                options.seed\nprint 'ARG numthreads',          options.numthreads\nprint 'ARG program',             options.progfile\nprint 'ARG interrupt frequency', options.intfreq\nprint 'ARG interrupt randomness',options.intrand\nprint 'ARG argv',                options.argv\nprint 'ARG load address',        options.loadaddr\nprint 'ARG memsize',             options.memsize\nprint 'ARG memtrace',            options.memtrace\nprint 'ARG regtrace',            options.regtrace\nprint 'ARG cctrace',             options.cctrace\nprint 'ARG printstats',          options.printstats\nprint 'ARG verbose',             options.verbose\nprint ''\n\nseed       = int(options.seed)\nnumthreads = int(options.numthreads)\nintfreq    = int(options.intfreq)\nzassert(intfreq > 0, 'Interrupt frequency must be greater than 0')\nintrand    = int(options.intrand)\nprogfile   = options.progfile\nzassert(progfile != '', 'Program file must be specified')\nargv       = options.argv.split(',')\nzassert(len(argv) == numthreads or len(argv) == 1, 'argv: must be one per-thread or just one set of values for all threads')\n\nloadaddr   = options.loadaddr\nmemsize    = options.memsize\nrandom.seed(seed)\n\nmemtrace   = []\nif options.memtrace != '':\n    for m in options.memtrace.split(','):\n        memtrace.append(m)\n\nregtrace   = []\nif options.regtrace != '':\n    for r in options.regtrace.split(','):\n        regtrace.append(r)\n\ncctrace    = options.cctrace\n\nprintstats = options.printstats\nverbose    = options.verbose\n\n#\n# MAIN program\n#\ndebug = False\ndebug = False\n\ncpu = cpu(memsize, memtrace, regtrace, cctrace, options.solve, verbose)\n\n# load a program\ncpu.load(progfile, loadaddr)\n\n# process list\nprocs = proclist()\npid   = 0\nstack = memsize * 1000\nfor t in range(numthreads):\n    if len(argv) > 1:\n        arg = argv[pid]\n    else:\n        arg = argv[0]\n    procs.add(process(cpu, pid, loadaddr, stack, arg))\n    stack -= 1000\n    pid += 1\n\n# get first one ready!\nprocs.restore()\n\n# run it\nt1 = time.clock()\nic = cpu.run(procs, intfreq, intrand)\nt2 = time.clock()\n\nif printstats:\n    print ''\n    print 'STATS:: Instructions    %d' % ic\n    print 'STATS:: Emulation Rate  %.2f kinst/sec' % (float(ic) / float(t2 - t1) / 1000.0)\n\n# use this for profiling\n# import cProfile\n# cProfile.run('run()')\n\n"
    }
  ],
  "sections": {
    "assignment": "Let’s examine a simple program, “loop.s”. First, just read and understand it. Then, run it with these arguments (./x86.py -p loop.s -t 1 -i 100 -R dx). This specifies a single thread, an interrupt every 100 instructions, and tracing of register %dx. What will %dx be during the run? Use the -c flag to check your answers; the answers, on the left, show the value of the register (or memory value) after the instruction on the right has run.",
    "rubric": "The program code or text explanation can explain the process of value changing from 0 to -1. Correct (16 points);\nIf only answer the final value is -1 . Partically correct (4 points); If only asnser the \"change range is from 0 to -1 (8 points); If answer list all values, Partically correct (12 points)",
    "instructor_criteria": "The program code or text explanation can explain the process of value changing from 0 to -1. Correct (16 points)",
    "reference_answer": "dx Thread 0 \n0 \n-1 1000 sub $1,%dx\n-1 1001 test $0,%dx\n-1 1002 jgte .top\n-1 1003 halt",
    "max_score": 16,
    "reference_materials": [
      {
        "relative_path": "Makefile",
        "content": "FLAGS = -Wall -pthread\n\nall: t0 t1\n\nclean:\n\trm -f t0 t1\n\nt0: t0.c\n\tgcc -o t0 t0.c $(FLAGS)\n\nt1: t1.c\n\tgcc -o t1 t1.c $(FLAGS)"
      },
      {
        "relative_path": "loop.s",
        "content": ".main\n.top\nsub  $1,%dx\ntest $0,%dx\njgte .top\nhalt"
      },
      {
        "relative_path": "looping-race-nolock.s",
        "content": "# assumes %bx has loop count in it\n\n.main\n.top\n# critical section\nmov 2000, %ax  # get 'value' at address 2000\nadd $1, %ax    # increment it\nmov %ax, 2000  # store it back\n\n# see if we're still looping\nsub  $1, %bx\ntest $0, %bx\njgt .top\n\nhalt"
      },
      {
        "relative_path": "simple-race.s",
        "content": ".main\n# this is a critical section\nmov 2000, %ax   # get the value at the address\nadd $1, %ax \t# increment it\nmov %ax, 2000   # store it back\nhalt"
      },
      {
        "relative_path": "t0.c",
        "content": "#include <stdio.h>\n#include <stdlib.h>\n#include <pthread.h>\n\nvoid *mythread(void *arg) {\n    printf(\"%s\\n\", (char *) arg);\n    return NULL;\n}\n\nint main(int argc, char *argv[]) {\n    if (argc != 1) {\n\tfprintf(stderr, \"usage: main\\n\");\n\texit(1);\n    }\n\n    pthread_t p1, p2;\n    printf(\"main: begin\\n\");\n    pthread_create(&p1, NULL, mythread, \"A\");\n    pthread_create(&p2, NULL, mythread, \"B\");\n    // join waits for the threads to finish\n    pthread_join(p1, NULL);\n    pthread_join(p2, NULL);\n    printf(\"main: end\\n\");\n    return 0;\n}"
      },
      {
        "relative_path": "t1.c",
        "content": "#include <stdio.h>\n#include <stdlib.h>\n#include <pthread.h>\n\nint max;\nvolatile int counter = 0; // shared global variable\n\nvoid *mythread(void *arg) {\n    char *letter = arg;\n    int i; // stack (private per thread)\n    printf(\"%s: begin [addr of i: %p]\\n\", letter, &i);\n    for (i = 0; i < max; i++) {\n\tcounter = counter + 1; // shared: only one\n    }\n    printf(\"%s: done\\n\", letter);\n    return NULL;\n}\n\nint main(int argc, char *argv[]) {\n    if (argc != 2) {\n\tfprintf(stderr, \"usage: ./t1 <loopcount>\\n\");\n\texit(1);\n    }\n    max = atoi(argv[1]);\n\n    pthread_t p1, p2;\n    printf(\"main: begin [counter = %d] [%p]\\n\", counter, &counter);\n    pthread_create(&p1, NULL, mythread, \"A\");\n    pthread_create(&p2, NULL, mythread, \"B\");\n    // join waits for the threads to finish\n    pthread_join(p1, NULL);\n    pthread_join(p2, NULL);\n    printf(\"main: done\\n [counter: %d]\\n [should: %d]\\n\",\n\t   counter, max*2);\n    return 0;\n}"
      },
      {
        "relative_path": "x86.py",
        "content": "#! /usr/bin/env python\n\nimport sys\nimport time\nimport random\nfrom optparse import OptionParser\n\n#\n# HELPER\n#\ndef dospace(howmuch):\n    for i in range(howmuch):\n        print '%24s' % ' ',\n\n# useful instead of assert\ndef zassert(cond, str):\n    if cond == False:\n        print 'ABORT::', str\n        exit(1)\n    return\n\nclass cpu:\n    #\n    # INIT: how much memory?\n    #\n    def __init__(self, memory, memtrace, regtrace, cctrace, compute, verbose):\n        #\n        # CONSTANTS\n        #\n\n        # conditions\n        self.COND_GT        = 0\n        self.COND_GTE       = 1\n        self.COND_LT        = 2\n        self.COND_LTE       = 3\n        self.COND_EQ        = 4\n        self.COND_NEQ       = 5\n\n        # registers in system\n        self.REG_ZERO       = 0\n        self.REG_AX         = 1\n        self.REG_BX         = 2\n        self.REG_CX         = 3\n        self.REG_DX         = 4\n        self.REG_SP         = 5\n        self.REG_BP         = 6\n\n        # system memory: in KB\n        self.max_memory     = memory * 1024\n\n        # which memory addrs and registers to trace?\n        self.memtrace       = memtrace\n        self.regtrace       = regtrace\n        self.cctrace        = cctrace\n        self.compute        = compute\n        self.verbose        = verbose\n\n        self.PC             = 0\n        self.registers      = {}\n        self.conditions     = {}\n        self.labels         = {}\n        self.vars           = {}\n        self.memory         = {}\n        self.pmemory        = {}  # for printable version of what's in memory (instructions)\n\n        self.condlist       = [self.COND_GTE, self.COND_GT, self.COND_LTE, self.COND_LT, self.COND_NEQ, self.COND_EQ]\n        self.regnums        = [self.REG_ZERO, self.REG_AX,  self.REG_BX,   self.REG_CX,  self.REG_DX,   self.REG_SP,  self.REG_BP]\n\n        self.regnames         = {}\n        self.regnames['zero'] = self.REG_ZERO # hidden zero-valued register\n        self.regnames['ax']   = self.REG_AX\n        self.regnames['bx']   = self.REG_BX\n        self.regnames['cx']   = self.REG_CX\n        self.regnames['dx']   = self.REG_DX\n        self.regnames['sp']   = self.REG_SP\n        self.regnames['bp']   = self.REG_BP\n\n        tmplist = []\n        for r in self.regtrace:\n            zassert(r in self.regnames, 'Register %s cannot be traced because it does not exist' % r)\n            tmplist.append(self.regnames[r])\n        self.regtrace = tmplist\n\n        self.init_memory()\n        self.init_registers()\n        self.init_condition_codes()\n\n    #\n    # BEFORE MACHINE RUNS\n    #\n    def init_condition_codes(self):\n        for c in self.condlist:\n            self.conditions[c] = False\n\n    def init_memory(self):\n        for i in range(self.max_memory):\n            self.memory[i] = 0\n\n    def init_registers(self):\n        for i in self.regnums:\n            self.registers[i] = 0\n\n    def dump_memory(self):\n        print 'MEMORY DUMP'\n        for i in range(self.max_memory):\n            if i not in self.pmemory and i in self.memory and self.memory[i] != 0:\n                print '  m[%d]' % i, self.memory[i]\n\n    #\n    # INFORMING ABOUT THE HARDWARE\n    #\n    def get_regnum(self, name):\n        assert(name in self.regnames)\n        return self.regnames[name]\n\n    def get_regname(self, num):\n        assert(num in self.regnums)\n        for rname in self.regnames:\n            if self.regnames[rname] == num:\n                return rname\n        return ''\n\n    def get_regnums(self):\n        return self.regnums\n\n    def get_condlist(self):\n        return self.condlist\n\n    def get_reg(self, reg):\n        assert(reg in self.regnums)\n        return self.registers[reg]\n\n    def get_cond(self, cond):\n        assert(cond in self.condlist)\n        return self.conditions[cond]\n\n    def get_pc(self):\n        return self.PC\n\n    def set_reg(self, reg, value):\n        assert(reg in self.regnums)\n        self.registers[reg] = value\n\n    def set_cond(self, cond, value):\n        assert(cond in self.condlist)\n        self.conditions[cond] = value\n\n    def set_pc(self, pc):\n        self.PC = pc\n\n    #\n    # INSTRUCTIONS\n    #\n    def halt(self):\n        return -1\n\n    def iyield(self):\n        return -2\n\n    def nop(self):\n        return 0\n\n    def rdump(self):\n        print 'REGISTERS::',\n        print 'ax:', self.registers[self.REG_AX],\n        print 'bx:', self.registers[self.REG_BX],\n        print 'cx:', self.registers[self.REG_CX],\n        print 'dx:', self.registers[self.REG_DX],\n\n    def mdump(self, index):\n        print 'm[%d] ' % index, self.memory[index]\n\n    def move_i_to_r(self, src, dst):\n        self.registers[dst] = src\n        return 0\n\n    # memory: value, register, register\n    def move_i_to_m(self, src, value, reg1, reg2):\n        tmp = value + self.registers[reg1] + self.registers[reg2]\n        self.memory[tmp] = src\n        return 0\n\n    def move_m_to_r(self, value, reg1, reg2, dst):\n        tmp = value + self.registers[reg1] + self.registers[reg2]\n        # print 'doing mov', 'val:', value, 'r1:', self.get_regname(reg1), self.registers[reg1], 'r2:', self.get_regname(reg2), self.registers[reg2], 'dst', self.get_regname(dst), 'tmp', tmp, 'reg[dst]', self.registers[dst], 'mem', self.memory[tmp]\n        self.registers[dst] = self.memory[tmp]\n\n    def move_r_to_m(self, src, value, reg1, reg2):\n        tmp = value + self.registers[reg1] + self.registers[reg2]\n        self.memory[tmp] = self.registers[src]\n        return 0\n\n    def move_r_to_r(self, src, dst):\n        self.registers[dst] = self.registers[src]\n        return 0\n\n    def add_i_to_r(self, src, dst):\n        self.registers[dst] += src\n        return 0\n\n    def add_r_to_r(self, src, dst):\n        self.registers[dst] += self.registers[src]\n        return 0\n\n    def sub_i_to_r(self, src, dst):\n        self.registers[dst] -= src\n        return 0\n\n    def sub_r_to_r(self, src, dst):\n        self.registers[dst] -= self.registers[src]\n        return 0\n\n\n    #\n    # SUPPORT FOR LOCKS\n    #\n    def atomic_exchange(self, src, value, reg1, reg2):\n        tmp                 = value + self.registers[reg1] + self.registers[reg2]\n        old                 = self.memory[tmp]\n        self.memory[tmp]    = self.registers[src]\n        self.registers[src] = old\n        return 0\n\n    def fetchadd(self, src, value, reg1, reg2):\n        tmp                 = value + self.registers[reg1] + self.registers[reg2]\n        old                 = self.memory[tmp]\n        self.memory[tmp]    = self.memory[tmp] + self.registers[src]\n        self.registers[src] = old\n\n    #\n    # TEST for conditions\n    #\n    def test_all(self, src, dst):\n        self.init_condition_codes()\n        if dst > src:\n            self.conditions[self.COND_GT]  = True\n        if dst >= src:\n            self.conditions[self.COND_GTE] = True\n        if dst < src:\n            self.conditions[self.COND_LT]  = True\n        if dst <= src:\n            self.conditions[self.COND_LTE] = True\n        if dst == src:\n            self.conditions[self.COND_EQ]  = True\n        if dst != src:\n            self.conditions[self.COND_NEQ] = True\n        return 0\n\n    def test_i_r(self, src, dst):\n        self.init_condition_codes()\n        return self.test_all(src, self.registers[dst])\n\n    def test_r_i(self, src, dst):\n        self.init_condition_codes()\n        return self.test_all(self.registers[src], dst)\n\n    def test_r_r(self, src, dst):\n        self.init_condition_codes()\n        return self.test_all(self.registers[src], self.registers[dst])\n\n    #\n    # JUMPS\n    #\n    def jump(self, targ):\n        self.PC = targ\n        return 0\n\n    def jump_notequal(self, targ):\n        if self.conditions[self.COND_NEQ] == True:\n            self.PC = targ\n        return 0\n\n    def jump_equal(self, targ):\n        if self.conditions[self.COND_EQ] == True:\n            self.PC = targ\n        return 0\n\n    def jump_lessthan(self, targ):\n        if self.conditions[self.COND_LT] == True:\n            self.PC = targ\n        return 0\n\n    def jump_lessthanorequal(self, targ):\n        if self.conditions[self.COND_LTE] == True:\n            self.PC = targ\n        return 0\n\n    def jump_greaterthan(self, targ):\n        if self.conditions[self.COND_GT] == True:\n            self.PC = targ\n        return 0\n\n    def jump_greaterthanorequal(self, targ):\n        if self.conditions[self.COND_GTE] == True:\n            self.PC = targ\n        return 0\n\n    #\n    # CALL and RETURN\n    #\n    def call(self, targ):\n        self.registers[self.REG_SP] -= 4\n        self.memory[self.registers[self.REG_SP]] = self.PC\n        self.PC = targ\n\n    def ret(self):\n        self.PC = self.memory[self.registers[self.REG_SP]]\n        self.registers[self.REG_SP] += 4\n\n    #\n    # STACK and related\n    #\n    def push_r(self, reg):\n        self.registers[self.REG_SP] -= 4\n        self.memory[self.registers[self.REG_SP]] = self.registers[reg]\n        return 0\n\n    def push_m(self, value, reg1, reg2):\n        # print 'push_m', value, reg1, reg2\n        self.registers[self.REG_SP] -= 4\n        tmp = value + self.registers[reg1] + self.registers[reg2]\n        # push address onto stack, not memory value itself\n        self.memory[self.registers[self.REG_SP]] = tmp\n        return 0\n\n    def pop(self):\n        self.registers[self.REG_SP] += 4\n\n    def pop_r(self, dst):\n        self.registers[dst] = self.registers[self.REG_SP]\n        self.registers[self.REG_SP] += 4\n\n    #\n    # HELPER func for getarg\n    #\n    def register_translate(self, r):\n        if r in self.regnames:\n            return self.regnames[r]\n        zassert(False, 'Register %s is not a valid register' % r)\n        return\n\n    #\n    # HELPER in parsing mov (quite primitive) and other ops\n    # returns: (value, type)\n    # where type is (TYPE_REGISTER, TYPE_IMMEDIATE, TYPE_MEMORY)\n    #\n    # FORMATS\n    #    %ax           - register\n    #    $10           - immediate\n    #    10            - direct memory\n    #    10(%ax)       - memory + reg indirect\n    #    10(%ax,%bx)   - memory + 2 reg indirect\n    #    10(%ax,%bx,4) - XXX (not handled)\n    #\n    def getarg(self, arg):\n        tmp1 = arg.replace(',', '')\n        tmp  = tmp1.replace(' \\t', '')\n\n        if tmp[0] == '$':\n            zassert(len(tmp) == 2, 'correct form is $number (not %s)' % tmp)\n            value = tmp.split('$')[1]\n            zassert(value.isdigit(), 'value [%s] must be a digit' % value)\n            return int(value), 'TYPE_IMMEDIATE'\n        elif tmp[0] == '%':\n            register = tmp.split('%')[1]\n            return self.register_translate(register), 'TYPE_REGISTER'\n        elif tmp[0] == '(':\n            register = tmp.split('(')[1].split(')')[0].split('%')[1]\n            return '%d,%d,%d' % (0, self.register_translate(register), self.register_translate('zero')), 'TYPE_MEMORY'\n        elif tmp[0] == '.':\n            targ = tmp\n            return targ, 'TYPE_LABEL'\n        elif tmp[0].isalpha() and not tmp[0].isdigit():\n            zassert(tmp in self.vars, 'Variable %s is not declared' % tmp)\n            # print '%d,%d,%d' % (self.vars[tmp], self.register_translate('zero'), self.register_translate('zero')), 'TYPE_MEMORY'\n            return '%d,%d,%d' % (self.vars[tmp], self.register_translate('zero'), self.register_translate('zero')), 'TYPE_MEMORY'\n        elif tmp[0].isdigit() or tmp[0] == '-':\n            # MOST GENERAL CASE: number(reg,reg) or number(reg)\n            # we ignore the common x86 number(reg,reg,constant) for now\n            neg = 1\n            if tmp[0] == '-':\n                tmp = tmp[1:]\n                neg = -1\n            s = tmp.split('(')\n            if len(s) == 1:\n                value = neg * int(tmp)\n                # print '%d,%d,%d' % (int(value), self.register_translate('zero'), self.register_translate('zero')), 'TYPE_MEMORY'\n                return '%d,%d,%d' % (int(value), self.register_translate('zero'), self.register_translate('zero')), 'TYPE_MEMORY'\n            elif len(s) == 2:\n                value = neg * int(s[0])\n                t = s[1].split(')')[0].split(',')\n                if len(t) == 1:\n                    register = t[0].split('%')[1]\n                    # print '%d,%d,%d' % (int(value), self.register_translate(register), self.register_translate('zero')), 'TYPE_MEMORY'\n                    return '%d,%d,%d' % (int(value), self.register_translate(register), self.register_translate('zero')), 'TYPE_MEMORY'\n                elif len(t) == 2:\n                    register1 = t[0].split('%')[1]\n                    register2 = t[1].split('%')[1]\n                    # print '%d,%d,%d' % (int(value), self.register_translate(register1), self.register_translate(register2)), 'TYPE_MEMORY'\n                    return '%d,%d,%d' % (int(value), self.register_translate(register1), self.register_translate(register2)), 'TYPE_MEMORY'\n            else:\n                print 'mov: bad argument [%s]' % tmp\n                exit(1)\n                return\n        zassert(True, 'mov: bad argument [%s]' % arg)\n        return\n\n    #\n    # LOAD a program into memory\n    # make it ready to execute\n    #\n    def load(self, infile, loadaddr):\n        pc   = int(loadaddr)\n        fd   = open(infile)\n\n        bpc  = loadaddr\n        data = 100\n\n        for line in fd:\n            cline = line.rstrip()\n            # print 'PASS 1', cline\n\n            # remove everything after the comment marker\n            ctmp = cline.split('#')\n            assert(len(ctmp) == 1 or len(ctmp) == 2)\n            if len(ctmp) == 2:\n                cline = ctmp[0]\n\n            # remove empty lines, and split line by spaces\n            tmp = cline.split()\n            if len(tmp) == 0:\n                continue\n\n            # only pay attention to labels and variables\n            if tmp[0] == '.var':\n                assert(len(tmp) == 2)\n                assert(tmp[0] not in self.vars)\n                self.vars[tmp[1]] = data\n                data += 4\n                zassert(data < bpc, 'Load address overrun by static data')\n                if self.verbose: print 'ASSIGN VAR', tmp[0], \"-->\", tmp[1], self.vars[tmp[1]]\n            elif tmp[0][0] == '.':\n                assert(len(tmp) == 1)\n                self.labels[tmp[0]] = int(pc)\n                if self.verbose: print 'ASSIGN LABEL', tmp[0], \"-->\", pc\n            else:\n                pc += 1\n        fd.close()\n\n        if self.verbose: print ''\n\n        # second pass: do everything else\n        pc = int(loadaddr)\n        fd = open(infile)\n        for line in fd:\n            cline = line.rstrip()\n            # print 'PASS 2', cline\n\n            # remove everything after the comment marker\n            ctmp = cline.split('#')\n            assert(len(ctmp) == 1 or len(ctmp) == 2)\n            if len(ctmp) == 2:\n                cline = ctmp[0]\n\n            # remove empty lines, and split line by spaces\n            tmp = cline.split()\n            if len(tmp) == 0:\n                continue\n\n            # skip labels: all else must be instructions\n            if cline[0] != '.':\n                tmp              = cline.split(None, 1)\n                opcode           = tmp[0]\n                self.pmemory[pc] = cline.strip()\n\n                # MAIN OPCODE LOOP\n                if opcode == 'mov':\n                    rtmp = tmp[1].split(',', 1)\n                    zassert(len(tmp) == 2 and len(rtmp) == 2, 'mov: needs two args, separated by commas [%s]' % cline)\n                    arg1 = rtmp[0].strip()\n                    arg2 = rtmp[1].strip()\n                    (src, stype) = self.getarg(arg1)\n                    (dst, dtype) = self.getarg(arg2)\n                    # print 'MOV', src, stype, dst, dtype\n                    if stype == 'TYPE_MEMORY' and dtype == 'TYPE_MEMORY':\n                        print 'bad mov: two memory arguments'\n                        exit(1)\n                    elif stype == 'TYPE_IMMEDIATE' and dtype == 'TYPE_IMMEDIATE':\n                        print 'bad mov: two immediate arguments'\n                        exit(1)\n                    elif stype == 'TYPE_IMMEDIATE' and dtype == 'TYPE_REGISTER':\n                        self.memory[pc]  = 'self.move_i_to_r(%d, %d)' % (int(src), dst)\n                    elif stype == 'TYPE_IMMEDIATE' and dtype == 'TYPE_REGISTER':\n                        self.memory[pc]  = 'self.move_i_to_r(%d, %d)' % (int(src), dst)\n                    elif stype == 'TYPE_MEMORY'    and dtype == 'TYPE_REGISTER':\n                        tmp = src.split(',')\n                        assert(len(tmp) == 3)\n                        self.memory[pc] = 'self.move_m_to_r(%d, %d, %d, %d)' % (int(tmp[0]), int(tmp[1]), int(tmp[2]), dst)\n                    elif stype == 'TYPE_REGISTER'  and dtype == 'TYPE_MEMORY':\n                        tmp = dst.split(',')\n                        assert(len(tmp) == 3)\n                        self.memory[pc] = 'self.move_r_to_m(%d, %d, %d, %d)' % (src, int(tmp[0]), int(tmp[1]), int(tmp[2]))\n                    elif stype == 'TYPE_REGISTER'  and dtype == 'TYPE_REGISTER':\n                        self.memory[pc] = 'self.move_r_to_r(%d, %d)' % (src, dst)\n                    elif stype == 'TYPE_IMMEDIATE'  and dtype == 'TYPE_MEMORY':\n                        tmp = dst.split(',')\n                        assert(len(tmp) == 3)\n                        self.memory[pc] = 'self.move_i_to_m(%d, %d, %d, %d)' % (src, int(tmp[0]), int(tmp[1]), int(tmp[2]))\n                    else:\n                        zassert(False, 'malformed mov instruction')\n                elif opcode == 'pop':\n                    if len(tmp) == 1:\n                        self.memory[pc] = 'self.pop()'\n                    elif len(tmp) == 2:\n                        arg = tmp[1].strip()\n                        (dst, dtype) = self.getarg(arg)\n                        zassert(dtype == 'TYPE_REGISTER', 'Can only pop into a register')\n                        self.memory[pc] = 'self.pop_r(%d)' % dst\n                    else:\n                        zassert(False, 'pop instruction must take zero/one args')\n                elif opcode == 'push':\n                    (src, stype) = self.getarg(tmp[1].strip())\n                    if stype == 'TYPE_REGISTER':\n                        self.memory[pc] = 'self.push_r(%d)' % (int(src))\n                    elif stype == 'TYPE_MEMORY':\n                        tmp = src.split(',')\n                        assert(len(tmp) == 3)\n                        self.memory[pc] = 'self.push_m(%d,%d,%d)' % (int(tmp[0]), int(tmp[1]), int(tmp[2]))\n                    else:\n                        zassert(False, 'Cannot push anything but registers')\n                elif opcode == 'call':\n                    (targ, ttype) = self.getarg(tmp[1].strip())\n                    if ttype == 'TYPE_LABEL':\n                        self.memory[pc] = 'self.call(%d)' % (int(self.labels[targ]))\n                    else:\n                        zassert(False, 'Cannot call anything but a label')\n                elif opcode == 'ret':\n                    assert(len(tmp) == 1)\n                    self.memory[pc] = 'self.ret()'\n                elif opcode == 'add':\n                    rtmp = tmp[1].split(',', 1)\n                    zassert(len(tmp) == 2 and len(rtmp) == 2, 'add: needs two args, separated by commas [%s]' % cline)\n                    arg1 = rtmp[0].strip()\n                    arg2 = rtmp[1].strip()\n                    (src, stype) = self.getarg(arg1)\n                    (dst, dtype) = self.getarg(arg2)\n                    if stype == 'TYPE_IMMEDIATE' and dtype == 'TYPE_REGISTER':\n                        self.memory[pc] = 'self.add_i_to_r(%d, %d)' % (int(src), dst)\n                    elif stype == 'TYPE_REGISTER' and dtype == 'TYPE_REGISTER':\n                        self.memory[pc] = 'self.add_r_to_r(%d, %d)' % (int(src), dst)\n                    else:\n                        zassert(False, 'malformed usage of add instruction')\n                elif opcode == 'sub':\n                    rtmp = tmp[1].split(',', 1)\n                    zassert(len(tmp) == 2 and len(rtmp) == 2, 'sub: needs two args, separated by commas [%s]' % cline)\n                    arg1 = rtmp[0].strip()\n                    arg2 = rtmp[1].strip()\n                    (src, stype) = self.getarg(arg1)\n                    (dst, dtype) = self.getarg(arg2)\n                    if stype == 'TYPE_IMMEDIATE' and dtype == 'TYPE_REGISTER':\n                        self.memory[pc] = 'self.sub_i_to_r(%d, %d)' % (int(src), dst)\n                    elif stype == 'TYPE_REGISTER' and dtype == 'TYPE_REGISTER':\n                        self.memory[pc] = 'self.sub_r_to_r(%d, %d)' % (int(src), dst)\n                    else:\n                        zassert(False, 'malformed usage of sub instruction')\n                elif opcode == 'fetchadd':\n                    rtmp = tmp[1].split(',', 1)\n                    zassert(len(tmp) == 2 and len(rtmp) == 2, 'fetchadd: needs two args, separated by commas [%s]' % cline)\n                    arg1 = rtmp[0].strip()\n                    arg2 = rtmp[1].strip()\n                    (src, stype) = self.getarg(arg1)\n                    (dst, dtype) = self.getarg(arg2)\n                    tmp = dst.split(',')\n                    assert(len(tmp) == 3)\n                    if stype == 'TYPE_REGISTER' and dtype == 'TYPE_MEMORY':\n                        self.memory[pc] = 'self.fetchadd(%d, %d, %d, %d)' % (src, int(tmp[0]), int(tmp[1]), int(tmp[2]))\n                    else:\n                        zassert(False, 'poorly specified fetch and add')\n                elif opcode == 'xchg':\n                    rtmp = tmp[1].split(',', 1)\n                    zassert(len(tmp) == 2 and len(rtmp) == 2, 'xchg: needs two args, separated by commas [%s]' % cline)\n                    arg1 = rtmp[0].strip()\n                    arg2 = rtmp[1].strip()\n                    (src, stype) = self.getarg(arg1)\n                    (dst, dtype) = self.getarg(arg2)\n                    tmp = dst.split(',')\n                    assert(len(tmp) == 3)\n                    if stype == 'TYPE_REGISTER' and dtype == 'TYPE_MEMORY':\n                        self.memory[pc] = 'self.atomic_exchange(%d, %d, %d, %d)' % (src, int(tmp[0]), int(tmp[1]), int(tmp[2]))\n                    else:\n                        zassert(False, 'poorly specified atomic exchange')\n                elif opcode == 'test':\n                    rtmp = tmp[1].split(',', 1)\n                    zassert(len(tmp) == 2 and len(rtmp) == 2, 'test: needs two args, separated by commas [%s]' % cline)\n                    arg1 = rtmp[0].strip()\n                    arg2 = rtmp[1].strip()\n                    (src, stype) = self.getarg(arg1)\n                    (dst, dtype) = self.getarg(arg2)\n                    if stype == 'TYPE_IMMEDIATE' and dtype == 'TYPE_REGISTER':\n                        self.memory[pc] = 'self.test_i_r(%d, %d)' % (int(src), dst)\n                    elif stype == 'TYPE_REGISTER' and dtype == 'TYPE_REGISTER':\n                        self.memory[pc] = 'self.test_r_r(%d, %d)' % (int(src), dst)\n                    elif stype == 'TYPE_REGISTER' and dtype == 'TYPE_IMMEDIATE':\n                        self.memory[pc] = 'self.test_r_i(%d, %d)' % (int(src), dst)\n                    else:\n                        zassert(False, 'malformed usage of test instruction')\n                elif opcode == 'j':\n                    (targ, ttype) = self.getarg(tmp[1].strip())\n                    zassert(ttype == 'TYPE_LABEL', 'bad jump target [%s]' % tmp[1].strip())\n                    self.memory[pc] = 'self.jump(%d)' % int(self.labels[targ])\n                elif opcode == 'jne':\n                    (targ, ttype) = self.getarg(tmp[1].strip())\n                    zassert(ttype == 'TYPE_LABEL', 'bad jump target [%s]' % tmp[1].strip())\n                    self.memory[pc] = 'self.jump_notequal(%d)' % int(self.labels[targ])\n                elif opcode == 'je':\n                    (targ, ttype) = self.getarg(tmp[1].strip())\n                    zassert(ttype == 'TYPE_LABEL', 'bad jump target [%s]' % tmp[1].strip())\n                    self.memory[pc] = 'self.jump_equal(%d)' % self.labels[targ]\n                elif opcode == 'jlt':\n                    (targ, ttype) = self.getarg(tmp[1].strip())\n                    zassert(ttype == 'TYPE_LABEL', 'bad jump target [%s]' % tmp[1].strip())\n                    self.memory[pc] = 'self.jump_lessthan(%d)' % int(self.labels[targ])\n                elif opcode == 'jlte':\n                    (targ, ttype) = self.getarg(tmp[1].strip())\n                    zassert(ttype == 'TYPE_LABEL', 'bad jump target [%s]' % tmp[1].strip())\n                    self.memory[pc] = 'self.jump_lessthanorequal(%s)' % self.labels[targ]\n                elif opcode == 'jgt':\n                    (targ, ttype) = self.getarg(tmp[1].strip())\n                    zassert(ttype == 'TYPE_LABEL', 'bad jump target [%s]' % tmp[1].strip())\n                    self.memory[pc] = 'self.jump_greaterthan(%d)' % int(self.labels[targ])\n                elif opcode == 'jgte':\n                    (targ, ttype) = self.getarg(tmp[1].strip())\n                    zassert(ttype == 'TYPE_LABEL', 'bad jump target [%s]' % tmp[1].strip())\n                    self.memory[pc] = 'self.jump_greaterthanorequal(%s)' % self.labels[targ]\n                elif opcode == 'nop':\n                    self.memory[pc] = 'self.nop()'\n                elif opcode == 'halt':\n                    self.memory[pc] = 'self.halt()'\n                elif opcode == 'yield':\n                    self.memory[pc] = 'self.iyield()'\n                elif opcode == 'rdump':\n                    self.memory[pc] = 'self.rdump()'\n                elif opcode == 'mdump':\n                    self.memory[pc] = 'self.mdump(%s)' % tmp[1]\n                else:\n                    print 'illegal opcode: ', opcode\n                    exit(1)\n\n                if self.verbose: print 'pc:%d LOADING %20s --> %s' % (pc, self.pmemory[pc], self.memory[pc])\n\n                # INCREMENT PC for loader\n                pc += 1\n        # END: loop over file\n        fd.close()\n        if self.verbose: print ''\n        return\n    # END: load\n\n    def print_headers(self, procs):\n        # print some headers\n        if len(self.memtrace) > 0:\n            for m in self.memtrace:\n                if m[0].isdigit():\n                    print '%5d' % int(m),\n                else:\n                    zassert(m in self.vars, 'Traced variable %s not declared' % m)\n                    print '%5s' % m,\n            print ' ',\n        if len(self.regtrace) > 0:\n            for r in self.regtrace:\n                print '%5s' % self.get_regname(r),\n            print ' ',\n        if cctrace == True:\n            print '>= >  <= <  != ==',\n\n        # and per thread\n        for i in range(procs.getnum()):\n            print '       Thread %d        ' % i,\n        print ''\n        return\n\n    def print_trace(self, newline):\n        if len(self.memtrace) > 0:\n            for m in self.memtrace:\n                if self.compute:\n                    if m[0].isdigit():\n                        print '%5d' % self.memory[int(m)],\n                    else:\n                        zassert(m in self.vars, 'Traced variable %s not declared' % m)\n                        print '%5d' % self.memory[self.vars[m]],\n                else:\n                    print '%5s' % '?',\n            print ' ',\n        if len(self.regtrace) > 0:\n            for r in self.regtrace:\n                if self.compute:\n                    print '%5d' % self.registers[r],\n                else:\n                    print '%5s' % '?',\n            print ' ',\n        if cctrace == True:\n            for c in self.condlist:\n                if self.compute:\n                    if self.conditions[c]:\n                        print '1 ',\n                    else:\n                        print '0 ',\n                else:\n                    print '? ',\n        if (len(self.memtrace) > 0 or len(self.regtrace) > 0 or cctrace == True) and newline == True:\n            print ''\n        return\n\n    def setint(self, intfreq, intrand):\n        if intrand == False:\n            return intfreq\n        return int(random.random() * intfreq) + 1\n\n    def run(self, procs, intfreq, intrand):\n        # hw init: cc's, interrupt frequency, etc.\n        interrupt = self.setint(intfreq, intrand)\n        icount    = 0\n\n        self.print_headers(procs)\n        self.print_trace(True)\n\n        while True:\n            # need thread ID of current process\n            tid = procs.getcurr().gettid()\n\n            # FETCH\n            prevPC       = self.PC\n            instruction  = self.memory[self.PC]\n            self.PC     += 1\n\n            # DECODE and EXECUTE\n            # key: self.PC may be changed during eval; thus MUST be incremented BEFORE eval\n            rc = eval(instruction)\n\n            # tracing details: ALWAYS AFTER EXECUTION OF INSTRUCTION\n            self.print_trace(False)\n\n            # output: thread-proportional spacing followed by PC and instruction\n            dospace(tid)\n            print prevPC, self.pmemory[prevPC]\n            icount += 1\n\n            # halt instruction issued\n            if rc == -1:\n                procs.done()\n                if procs.numdone() == procs.getnum():\n                    return icount\n                procs.next()\n                procs.restore()\n\n                self.print_trace(False)\n                for i in range(procs.getnum()):\n                    print '----- Halt;Switch ----- ',\n                print ''\n\n            # do interrupt processing\n            interrupt -= 1\n            if interrupt == 0 or rc == -2:\n                interrupt = self.setint(intfreq, intrand)\n                procs.save()\n                procs.next()\n                procs.restore()\n\n                self.print_trace(False)\n                for i in range(procs.getnum()):\n                    print '------ Interrupt ------ ',\n                print ''\n        # END: while\n        return\n\n#\n# END: class cpu\n#\n\n\n#\n# PROCESS LIST class\n#\nclass proclist:\n    def __init__(self):\n        self.plist  = []\n        self.curr   = 0\n        self.active = 0\n\n    def done(self):\n        self.plist[self.curr].setdone()\n        self.active -= 1\n\n    def numdone(self):\n        return len(self.plist) - self.active\n\n    def getnum(self):\n        return len(self.plist)\n\n    def add(self, p):\n        self.active += 1\n        self.plist.append(p)\n\n    def getcurr(self):\n        return self.plist[self.curr]\n\n    def save(self):\n        self.plist[self.curr].save()\n\n    def restore(self):\n        self.plist[self.curr].restore()\n\n    def next(self):\n        for i in range(self.curr+1, len(self.plist)):\n            if self.plist[i].isdone() == False:\n                self.curr = i\n                return\n        for i in range(0, self.curr+1):\n            if self.plist[i].isdone() == False:\n                self.curr = i\n                return\n\n#\n# PROCESS class\n#\nclass process:\n    def __init__(self, cpu, tid, pc, stackbottom, reginit):\n        self.cpu   = cpu  # object reference\n        self.tid   = tid\n        self.pc    = pc\n        self.regs  = {}\n        self.cc    = {}\n        self.done  = False\n        self.stack = stackbottom\n\n        # init regs: all 0 or specially set to something\n        for r in self.cpu.get_regnums():\n            self.regs[r] = 0\n        if reginit != '':\n            # form: ax=1,bx=2 (for some subset of registers)\n            for r in reginit.split(':'):\n                tmp = r.split('=')\n                assert(len(tmp) == 2)\n                self.regs[self.cpu.get_regnum(tmp[0])] = int(tmp[1])\n\n        # init CCs\n        for c in self.cpu.get_condlist():\n            self.cc[c] = False\n\n        # stack\n        self.regs[self.cpu.get_regnum('sp')] = stackbottom\n        # print 'REG', self.cpu.get_regnum('sp'), self.regs[self.cpu.get_regnum('sp')]\n\n        return\n\n    def gettid(self):\n        return self.tid\n\n    def save(self):\n        self.pc = self.cpu.get_pc()\n        for c in self.cpu.get_condlist():\n            self.cc[c] = self.cpu.get_cond(c)\n        for r in self.cpu.get_regnums():\n            self.regs[r] = self.cpu.get_reg(r)\n\n    def restore(self):\n        self.cpu.set_pc(self.pc)\n        for c in self.cpu.get_condlist():\n            self.cpu.set_cond(c, self.cc[c])\n        for r in self.cpu.get_regnums():\n            self.cpu.set_reg(r, self.regs[r])\n\n    def setdone(self):\n        self.done = True\n\n    def isdone(self):\n        return self.done == True\n\n#\n# main program\n#\nparser = OptionParser()\nparser.add_option('-s', '--seed',      default=0,          help='the random seed',                  action='store',      type='int',    dest='seed')\nparser.add_option('-t', '--threads',   default=2,          help='number of threads',                action='store',      type='int',    dest='numthreads')\nparser.add_option('-p', '--program',   default='',         help='source program (in .s)',           action='store',      type='string', dest='progfile')\nparser.add_option('-i', '--interrupt', default=50,         help='interrupt frequency',              action='store',      type='int',    dest='intfreq')\nparser.add_option('-r', '--randints',  default=False,      help='if interrupts are random',         action='store_true',                dest='intrand')\nparser.add_option('-a', '--argv',      default='',\n                  help='comma-separated per-thread args (e.g., ax=1,ax=2 sets thread 0 ax reg to 1 and thread 1 ax reg to 2); specify multiple regs per thread via colon-separated list (e.g., ax=1:bx=2,cx=3 sets thread 0 ax and bx and just cx for thread 1)',\n                  action='store',      type='string', dest='argv')\nparser.add_option('-L', '--loadaddr',  default=1000,       help='address where to load code',       action='store',      type='int',    dest='loadaddr')\nparser.add_option('-m', '--memsize',   default=128,        help='size of address space (KB)',       action='store',      type='int',    dest='memsize')\nparser.add_option('-M', '--memtrace',  default='',         help='comma-separated list of addrs to trace (e.g., 20000,20001)', action='store',\n                  type='string', dest='memtrace')\nparser.add_option('-R', '--regtrace',  default='',         help='comma-separated list of regs to trace (e.g., ax,bx,cx,dx)',  action='store',\n                  type='string', dest='regtrace')\nparser.add_option('-C', '--cctrace',   default=False,      help='should we trace condition codes',  action='store_true', dest='cctrace')\nparser.add_option('-S', '--printstats',default=False,      help='print some extra stats',           action='store_true', dest='printstats')\nparser.add_option('-v', '--verbose',   default=False,      help='print some extra info',            action='store_true', dest='verbose')\nparser.add_option('-c', '--compute',   default=False,      help='compute answers for me',           action='store_true', dest='solve')\n(options, args) = parser.parse_args()\n\nprint 'ARG seed',                options.seed\nprint 'ARG numthreads',          options.numthreads\nprint 'ARG program',             options.progfile\nprint 'ARG interrupt frequency', options.intfreq\nprint 'ARG interrupt randomness',options.intrand\nprint 'ARG argv',                options.argv\nprint 'ARG load address',        options.loadaddr\nprint 'ARG memsize',             options.memsize\nprint 'ARG memtrace',            options.memtrace\nprint 'ARG regtrace',            options.regtrace\nprint 'ARG cctrace',             options.cctrace\nprint 'ARG printstats',          options.printstats\nprint 'ARG verbose',             options.verbose\nprint ''\n\nseed       = int(options.seed)\nnumthreads = int(options.numthreads)\nintfreq    = int(options.intfreq)\nzassert(intfreq > 0, 'Interrupt frequency must be greater than 0')\nintrand    = int(options.intrand)\nprogfile   = options.progfile\nzassert(progfile != '', 'Program file must be specified')\nargv       = options.argv.split(',')\nzassert(len(argv) == numthreads or len(argv) == 1, 'argv: must be one per-thread or just one set of values for all threads')\n\nloadaddr   = options.loadaddr\nmemsize    = options.memsize\nrandom.seed(seed)\n\nmemtrace   = []\nif options.memtrace != '':\n    for m in options.memtrace.split(','):\n        memtrace.append(m)\n\nregtrace   = []\nif options.regtrace != '':\n    for r in options.regtrace.split(','):\n        regtrace.append(r)\n\ncctrace    = options.cctrace\n\nprintstats = options.printstats\nverbose    = options.verbose\n\n#\n# MAIN program\n#\ndebug = False\ndebug = False\n\ncpu = cpu(memsize, memtrace, regtrace, cctrace, options.solve, verbose)\n\n# load a program\ncpu.load(progfile, loadaddr)\n\n# process list\nprocs = proclist()\npid   = 0\nstack = memsize * 1000\nfor t in range(numthreads):\n    if len(argv) > 1:\n        arg = argv[pid]\n    else:\n        arg = argv[0]\n    procs.add(process(cpu, pid, loadaddr, stack, arg))\n    stack -= 1000\n    pid += 1\n\n# get first one ready!\nprocs.restore()\n\n# run it\nt1 = time.clock()\nic = cpu.run(procs, intfreq, intrand)\nt2 = time.clock()\n\nif printstats:\n    print ''\n    print 'STATS:: Instructions    %d' % ic\n    print 'STATS:: Emulation Rate  %.2f kinst/sec' % (float(ic) / float(t2 - t1) / 1000.0)\n\n# use this for profiling\n# import cProfile\n# cProfile.run('run()')"
      }
    ]
  },
  "student_answer": "%dx will be change from 0 to -1"
}
[INFO] 2025-09-28 11:58:12,773 Meta-evaluation sample (first 10 entries):
 idx |  model  |    h1   |    h2   |    h3   |   mean  |    std
---------------------------------------------------------------
  0 |   12.00 |    7.00 |    7.00 |    7.00 |    7.00 |    0.00
  1 |   19.00 |   19.00 |   19.00 |   19.00 |   19.00 |    0.00
  2 |   17.00 |   13.00 |   13.00 |   19.00 |   15.00 |    3.46
  3 |   17.00 |   13.00 |   13.00 |   13.00 |   13.00 |    0.00
  4 |   19.00 |   11.00 |   15.00 |   13.00 |   13.00 |    2.00
  5 |   17.00 |   19.00 |   19.00 |   19.00 |   19.00 |    0.00
  6 |   19.00 |    8.00 |    4.00 |    6.00 |    6.00 |    2.00
  7 |   19.00 |   19.00 |   19.00 |   19.00 |   19.00 |    0.00
  8 |   17.00 |   13.00 |   13.00 |   13.00 |   13.00 |    0.00
  9 |   19.00 |   19.00 |   19.00 |   19.00 |   19.00 |    0.00
[DEBUG] 2025-09-28 11:58:12,776 Full meta-evaluation summary:
{
  "pearson_corr": -0.03600443772806507,
  "model_scores": [
    12.0,
    19.0,
    17.0,
    17.0,
    19.0,
    17.0,
    19.0,
    19.0,
    17.0,
    19.0,
    7.0,
    17.0,
    19.0,
    19.0,
    2.0,
    7.0,
    12.0,
    19.0,
    12.0,
    19.0,
    19.0,
    9.0,
    19.0,
    19.0,
    19.0,
    10.0,
    19.0,
    19.0,
    19.0,
    14.0,
    17.0,
    19.0,
    17.0,
    19.0,
    12.0,
    19.0,
    12.0,
    19.0,
    19.0,
    19.0,
    0.0,
    0.0,
    0.0,
    0.0,
    0.0,
    0.0,
    0.0,
    0.0,
    0.0,
    0.0,
    0.0,
    0.0,
    0.0,
    0.0,
    0.0,
    0.0,
    0.0,
    0.0,
    0.0,
    0.0,
    0.0,
    0.0,
    0.0,
    0.0,
    0.0,
    0.0,
    0.0,
    0.0,
    0.0,
    0.0,
    0.0,
    0.0,
    0.0,
    0.0,
    0.0,
    0.0,
    0.0,
    0.0,
    0.0,
    0.0,
    2.0,
    2.0,
    2.0,
    2.0,
    2.0,
    2.0,
    2.0,
    2.0,
    0.0,
    2.0,
    2.0,
    2.0,
    0.0,
    2.0,
    2.0,
    2.0,
    2.0,
    2.0,
    2.0,
    0.0,
    2.0,
    2.0,
    0.0,
    2.0,
    2.0,
    0.0,
    2.0,
    0.0,
    0.0,
    2.0,
    0.0,
    2.0,
    2.0,
    2.0,
    2.0,
    2.0,
    2.0,
    2.0,
    2.0,
    0.0,
    0.0,
    0.0,
    0.0,
    0.0,
    0.0,
    0.0,
    0.0,
    0.0,
    0.0,
    0.0,
    0.0,
    0.0,
    0.0,
    0.0,
    0.0,
    0.0,
    0.0,
    0.0,
    0.0,
    0.0,
    0.0,
    0.0,
    0.0,
    0.0,
    0.0,
    0.0,
    0.0,
    0.0,
    0.0,
    0.0,
    0.0,
    0.0,
    0.0,
    0.0,
    0.0,
    0.0,
    0.0,
    0.0,
    0.0,
    0.0,
    0.0,
    0.0,
    0.0,
    0.0,
    0.0,
    0.0,
    0.0,
    0.0,
    0.0,
    0.0,
    0.0,
    0.0,
    0.0,
    0.0,
    0.0,
    0.0,
    0.0,
    0.0,
    0.0,
    0.0,
    0.0,
    0.0,
    0.0,
    0.0,
    0.0,
    0.0,
    0.0,
    0.0,
    0.0,
    0.0,
    0.0,
    0.0,
    0.0,
    0.0,
    0.0,
    0.0,
    0.0,
    0.0,
    0.0,
    0.0,
    0.0,
    0.0,
    0.0,
    0.0,
    0.0,
    0.0,
    0.0,
    0.0,
    0.0,
    0.0,
    0.0,
    0.0,
    0.0,
    0.0,
    0.0,
    0.0,
    0.0,
    0.0,
    0.0,
    0.0,
    0.0,
    0.0,
    0.0,
    0.0,
    0.0,
    0.0,
    0.0,
    0.0,
    0.0,
    0.0,
    0.0,
    0.0,
    0.0,
    0.0,
    0.0,
    0.0,
    0.0,
    0.0,
    0.0,
    0.0
  ],
  "human_means": [
    7.0,
    19.0,
    15.0,
    13.0,
    13.0,
    19.0,
    6.0,
    19.0,
    13.0,
    19.0,
    3.0,
    13.0,
    19.0,
    19.0,
    0.0,
    6.666666666666667,
    0.3333333333333333,
    19.0,
    6.333333333333333,
    19.0,
    6.0,
    7.333333333333333,
    6.666666666666667,
    19.0,
    13.0,
    0.0,
    19.0,
    6.666666666666667,
    19.0,
    6.666666666666667,
    13.0,
    19.0,
    19.0,
    6.0,
    0.0,
    5.0,
    6.0,
    17.0,
    19.0,
    19.0,
    16.0,
    5.333333333333333,
    8.0,
    8.0,
    12.0,
    4.0,
    16.0,
    8.0,
    16.0,
    16.0,
    5.333333333333333,
    14.666666666666666,
    13.333333333333334,
    4.0,
    4.0,
    4.0,
    4.0,
    4.0,
    16.0,
    9.333333333333334,
    16.0,
    0.0,
    16.0,
    4.0,
    16.0,
    16.0,
    16.0,
    4.0,
    16.0,
    8.0,
    14.666666666666666,
    16.0,
    0.0,
    16.0,
    14.666666666666666,
    0.0,
    8.0,
    4.0,
    4.0,
    16.0,
    15.0,
    13.333333333333334,
    5.666666666666667,
    10.0,
    9.666666666666666,
    15.0,
    15.0,
    15.0,
    10.666666666666666,
    5.0,
    15.0,
    10.666666666666666,
    5.0,
    15.0,
    7.333333333333333,
    7.666666666666667,
    5.666666666666667,
    4.666666666666667,
    8.0,
    5.0,
    15.0,
    10.666666666666666,
    7.333333333333333,
    11.0,
    10.333333333333334,
    7.0,
    14.333333333333334,
    6.666666666666667,
    9.0,
    10.666666666666666,
    5.666666666666667,
    13.666666666666666,
    8.0,
    10.666666666666666,
    12.666666666666666,
    15.0,
    10.0,
    14.333333333333334,
    13.333333333333334,
    0.3333333333333333,
    8.0,
    16.0,
    8.0,
    10.666666666666666,
    8.0,
    8.0,
    16.0,
    16.0,
    8.0,
    16.0,
    8.0,
    16.0,
    8.0,
    8.0,
    8.0,
    16.0,
    8.0,
    16.0,
    16.0,
    16.0,
    16.0,
    8.0,
    0.6666666666666666,
    16.0,
    16.0,
    0.0,
    16.0,
    0.6666666666666666,
    16.0,
    0.0,
    8.0,
    8.0,
    16.0,
    16.0,
    10.666666666666666,
    8.0,
    8.0,
    3.3333333333333335,
    16.0,
    8.0,
    13.666666666666666,
    27.0,
    0.3333333333333333,
    3.3333333333333335,
    3.0,
    3.0,
    3.3333333333333335,
    12.666666666666666,
    12.0,
    19.666666666666668,
    27.0,
    12.666666666666666,
    13.333333333333334,
    26.333333333333332,
    27.0,
    15.0,
    6.0,
    18.0,
    9.666666666666666,
    27.0,
    12.333333333333334,
    19.0,
    5.0,
    22.666666666666668,
    5.666666666666667,
    27.0,
    0.3333333333333333,
    27.0,
    12.0,
    9.333333333333334,
    11.333333333333334,
    2.3333333333333335,
    13.666666666666666,
    12.666666666666666,
    4.0,
    27.0,
    10.0,
    0.6666666666666666,
    8.666666666666666,
    4.0,
    30.0,
    4.0,
    22.5,
    33.0,
    33.0,
    24.5,
    30.0,
    40.0,
    30.0,
    5.0,
    17.5,
    12.5,
    35.5,
    21.0,
    21.0,
    37.5,
    17.5,
    37.5,
    25.5,
    37.5,
    37.5,
    20.0,
    5.0,
    37.5,
    37.5,
    32.5,
    37.5,
    32.5,
    26.0,
    32.5,
    37.5,
    37.5,
    35.0,
    24.5,
    0.0,
    0.0,
    37.5,
    17.5,
    17.5,
    37.5
  ],
  "per_example_stats": [
    {
      "id": "q1-1",
      "question_id": "q1",
      "human_scores": [
        7.0,
        7.0,
        7.0
      ],
      "mean": 7.0,
      "std": 0.0,
      "model_score": 12.0
    },
    {
      "id": "q1-2",
      "question_id": "q1",
      "human_scores": [
        19,
        19,
        19
      ],
      "mean": 19,
      "std": 0.0,
      "model_score": 19.0
    },
    {
      "id": "q1-3",
      "question_id": "q1",
      "human_scores": [
        13.0,
        13.0,
        19
      ],
      "mean": 15.0,
      "std": 3.4641016151377544,
      "model_score": 17.0
    },
    {
      "id": "q1-4",
      "question_id": "q1",
      "human_scores": [
        13.0,
        13.0,
        13.0
      ],
      "mean": 13.0,
      "std": 0.0,
      "model_score": 17.0
    },
    {
      "id": "q1-5",
      "question_id": "q1",
      "human_scores": [
        11,
        15,
        13
      ],
      "mean": 13,
      "std": 2.0,
      "model_score": 19.0
    },
    {
      "id": "q1-6",
      "question_id": "q1",
      "human_scores": [
        19.0,
        19.0,
        19
      ],
      "mean": 19.0,
      "std": 0.0,
      "model_score": 17.0
    },
    {
      "id": "q1-7",
      "question_id": "q1",
      "human_scores": [
        8,
        4,
        6
      ],
      "mean": 6,
      "std": 2.0,
      "model_score": 19.0
    },
    {
      "id": "q1-8",
      "question_id": "q1",
      "human_scores": [
        19,
        19,
        19
      ],
      "mean": 19,
      "std": 0.0,
      "model_score": 19.0
    },
    {
      "id": "q1-9",
      "question_id": "q1",
      "human_scores": [
        13.0,
        13.0,
        13.0
      ],
      "mean": 13.0,
      "std": 0.0,
      "model_score": 17.0
    },
    {
      "id": "q1-10",
      "question_id": "q1",
      "human_scores": [
        19,
        19,
        19
      ],
      "mean": 19,
      "std": 0.0,
      "model_score": 19.0
    },
    {
      "id": "q1-11",
      "question_id": "q1",
      "human_scores": [
        3,
        3,
        3.0
      ],
      "mean": 3.0,
      "std": 0.0,
      "model_score": 7.0
    },
    {
      "id": "q1-12",
      "question_id": "q1",
      "human_scores": [
        13.0,
        13.0,
        13.0
      ],
      "mean": 13.0,
      "std": 0.0,
      "model_score": 17.0
    },
    {
      "id": "q1-13",
      "question_id": "q1",
      "human_scores": [
        19.0,
        19.0,
        19.0
      ],
      "mean": 19.0,
      "std": 0.0,
      "model_score": 19.0
    },
    {
      "id": "q1-14",
      "question_id": "q1",
      "human_scores": [
        19.0,
        19.0,
        19.0
      ],
      "mean": 19.0,
      "std": 0.0,
      "model_score": 19.0
    },
    {
      "id": "q1-15",
      "question_id": "q1",
      "human_scores": [
        0,
        0,
        0
      ],
      "mean": 0,
      "std": 0.0,
      "model_score": 2.0
    },
    {
      "id": "q1-16",
      "question_id": "q1",
      "human_scores": [
        7.0,
        7.0,
        6.0
      ],
      "mean": 6.666666666666667,
      "std": 0.5773502691896257,
      "model_score": 7.0
    },
    {
      "id": "q1-17",
      "question_id": "q1",
      "human_scores": [
        1,
        0,
        0
      ],
      "mean": 0.3333333333333333,
      "std": 0.5773502691896257,
      "model_score": 12.0
    },
    {
      "id": "q1-18",
      "question_id": "q1",
      "human_scores": [
        19.0,
        19.0,
        19
      ],
      "mean": 19.0,
      "std": 0.0,
      "model_score": 19.0
    },
    {
      "id": "q1-19",
      "question_id": "q1",
      "human_scores": [
        6.5,
        6.5,
        6
      ],
      "mean": 6.333333333333333,
      "std": 0.28867513459481287,
      "model_score": 12.0
    },
    {
      "id": "q1-20",
      "question_id": "q1",
      "human_scores": [
        19.0,
        19.0,
        19.0
      ],
      "mean": 19.0,
      "std": 0.0,
      "model_score": 19.0
    },
    {
      "id": "q1-21",
      "question_id": "q1",
      "human_scores": [
        6,
        6,
        6
      ],
      "mean": 6,
      "std": 0.0,
      "model_score": 19.0
    },
    {
      "id": "q1-22",
      "question_id": "q1",
      "human_scores": [
        7.0,
        7.0,
        8
      ],
      "mean": 7.333333333333333,
      "std": 0.5773502691896257,
      "model_score": 9.0
    },
    {
      "id": "q1-23",
      "question_id": "q1",
      "human_scores": [
        8,
        6,
        6
      ],
      "mean": 6.666666666666667,
      "std": 1.1547005383792515,
      "model_score": 19.0
    },
    {
      "id": "q1-24",
      "question_id": "q1",
      "human_scores": [
        19,
        19,
        19
      ],
      "mean": 19,
      "std": 0.0,
      "model_score": 19.0
    },
    {
      "id": "q1-25",
      "question_id": "q1",
      "human_scores": [
        13.0,
        13.0,
        13.0
      ],
      "mean": 13.0,
      "std": 0.0,
      "model_score": 19.0
    },
    {
      "id": "q1-26",
      "question_id": "q1",
      "human_scores": [
        0,
        0,
        0
      ],
      "mean": 0,
      "std": 0.0,
      "model_score": 10.0
    },
    {
      "id": "q1-27",
      "question_id": "q1",
      "human_scores": [
        19,
        19,
        19.0
      ],
      "mean": 19.0,
      "std": 0.0,
      "model_score": 19.0
    },
    {
      "id": "q1-28",
      "question_id": "q1",
      "human_scores": [
        8,
        6,
        6
      ],
      "mean": 6.666666666666667,
      "std": 1.1547005383792515,
      "model_score": 19.0
    },
    {
      "id": "q1-29",
      "question_id": "q1",
      "human_scores": [
        19,
        19,
        19
      ],
      "mean": 19,
      "std": 0.0,
      "model_score": 19.0
    },
    {
      "id": "q1-30",
      "question_id": "q1",
      "human_scores": [
        7.0,
        7.0,
        6
      ],
      "mean": 6.666666666666667,
      "std": 0.5773502691896257,
      "model_score": 14.0
    },
    {
      "id": "q1-31",
      "question_id": "q1",
      "human_scores": [
        13.0,
        13.0,
        13.0
      ],
      "mean": 13.0,
      "std": 0.0,
      "model_score": 17.0
    },
    {
      "id": "q1-32",
      "question_id": "q1",
      "human_scores": [
        19,
        19,
        19
      ],
      "mean": 19,
      "std": 0.0,
      "model_score": 19.0
    },
    {
      "id": "q1-33",
      "question_id": "q1",
      "human_scores": [
        19.0,
        19.0,
        19.0
      ],
      "mean": 19.0,
      "std": 0.0,
      "model_score": 17.0
    },
    {
      "id": "q1-34",
      "question_id": "q1",
      "human_scores": [
        6,
        6,
        6
      ],
      "mean": 6,
      "std": 0.0,
      "model_score": 19.0
    },
    {
      "id": "q1-35",
      "question_id": "q1",
      "human_scores": [
        0,
        0,
        0
      ],
      "mean": 0,
      "std": 0.0,
      "model_score": 12.0
    },
    {
      "id": "q1-36",
      "question_id": "q1",
      "human_scores": [
        6.0,
        6.0,
        3.0
      ],
      "mean": 5.0,
      "std": 1.7320508075688772,
      "model_score": 19.0
    },
    {
      "id": "q1-37",
      "question_id": "q1",
      "human_scores": [
        6,
        6,
        6
      ],
      "mean": 6,
      "std": 0.0,
      "model_score": 12.0
    },
    {
      "id": "q1-38",
      "question_id": "q1",
      "human_scores": [
        19,
        19,
        13.0
      ],
      "mean": 17.0,
      "std": 3.4641016151377544,
      "model_score": 19.0
    },
    {
      "id": "q1-39",
      "question_id": "q1",
      "human_scores": [
        19,
        19,
        19
      ],
      "mean": 19,
      "std": 0.0,
      "model_score": 19.0
    },
    {
      "id": "q1-40",
      "question_id": "q1",
      "human_scores": [
        19,
        19,
        19
      ],
      "mean": 19,
      "std": 0.0,
      "model_score": 19.0
    },
    {
      "id": "q2-1",
      "question_id": "q2",
      "human_scores": [
        16,
        16,
        16
      ],
      "mean": 16,
      "std": 0.0,
      "model_score": 0.0
    },
    {
      "id": "q2-2",
      "question_id": "q2",
      "human_scores": [
        8.0,
        4.0,
        4
      ],
      "mean": 5.333333333333333,
      "std": 2.309401076758503,
      "model_score": 0.0
    },
    {
      "id": "q2-3",
      "question_id": "q2",
      "human_scores": [
        8,
        8,
        8
      ],
      "mean": 8,
      "std": 0.0,
      "model_score": 0.0
    },
    {
      "id": "q2-4",
      "question_id": "q2",
      "human_scores": [
        8.0,
        8.0,
        8
      ],
      "mean": 8.0,
      "std": 0.0,
      "model_score": 0.0
    },
    {
      "id": "q2-5",
      "question_id": "q2",
      "human_scores": [
        12,
        12,
        12
      ],
      "mean": 12,
      "std": 0.0,
      "model_score": 0.0
    },
    {
      "id": "q2-6",
      "question_id": "q2",
      "human_scores": [
        4.0,
        4,
        4
      ],
      "mean": 4.0,
      "std": 0.0,
      "model_score": 0.0
    },
    {
      "id": "q2-7",
      "question_id": "q2",
      "human_scores": [
        16,
        16,
        16
      ],
      "mean": 16,
      "std": 0.0,
      "model_score": 0.0
    },
    {
      "id": "q2-8",
      "question_id": "q2",
      "human_scores": [
        8,
        8,
        8
      ],
      "mean": 8,
      "std": 0.0,
      "model_score": 0.0
    },
    {
      "id": "q2-9",
      "question_id": "q2",
      "human_scores": [
        16.0,
        16.0,
        16.0
      ],
      "mean": 16.0,
      "std": 0.0,
      "model_score": 0.0
    },
    {
      "id": "q2-10",
      "question_id": "q2",
      "human_scores": [
        16.0,
        16.0,
        16.0
      ],
      "mean": 16.0,
      "std": 0.0,
      "model_score": 0.0
    },
    {
      "id": "q2-11",
      "question_id": "q2",
      "human_scores": [
        8.0,
        4.0,
        4
      ],
      "mean": 5.333333333333333,
      "std": 2.309401076758503,
      "model_score": 0.0
    },
    {
      "id": "q2-12",
      "question_id": "q2",
      "human_scores": [
        16,
        16,
        12
      ],
      "mean": 14.666666666666666,
      "std": 2.309401076758503,
      "model_score": 0.0
    },
    {
      "id": "q2-13",
      "question_id": "q2",
      "human_scores": [
        16,
        16,
        8
      ],
      "mean": 13.333333333333334,
      "std": 4.618802153517006,
      "model_score": 0.0
    },
    {
      "id": "q2-14",
      "question_id": "q2",
      "human_scores": [
        4,
        4,
        4
      ],
      "mean": 4,
      "std": 0.0,
      "model_score": 0.0
    },
    {
      "id": "q2-15",
      "question_id": "q2",
      "human_scores": [
        4,
        4,
        4
      ],
      "mean": 4,
      "std": 0.0,
      "model_score": 0.0
    },
    {
      "id": "q2-16",
      "question_id": "q2",
      "human_scores": [
        4,
        4,
        4
      ],
      "mean": 4,
      "std": 0.0,
      "model_score": 0.0
    },
    {
      "id": "q2-17",
      "question_id": "q2",
      "human_scores": [
        4.0,
        4.0,
        4
      ],
      "mean": 4.0,
      "std": 0.0,
      "model_score": 0.0
    },
    {
      "id": "q2-18",
      "question_id": "q2",
      "human_scores": [
        4,
        4,
        4
      ],
      "mean": 4,
      "std": 0.0,
      "model_score": 0.0
    },
    {
      "id": "q2-19",
      "question_id": "q2",
      "human_scores": [
        16,
        16,
        16
      ],
      "mean": 16,
      "std": 0.0,
      "model_score": 0.0
    },
    {
      "id": "q2-20",
      "question_id": "q2",
      "human_scores": [
        12,
        8,
        8
      ],
      "mean": 9.333333333333334,
      "std": 2.309401076758503,
      "model_score": 0.0
    },
    {
      "id": "q2-21",
      "question_id": "q2",
      "human_scores": [
        16,
        16,
        16
      ],
      "mean": 16,
      "std": 0.0,
      "model_score": 0.0
    },
    {
      "id": "q2-22",
      "question_id": "q2",
      "human_scores": [
        0,
        0,
        0
      ],
      "mean": 0,
      "std": 0.0,
      "model_score": 0.0
    },
    {
      "id": "q2-23",
      "question_id": "q2",
      "human_scores": [
        16,
        16,
        16
      ],
      "mean": 16,
      "std": 0.0,
      "model_score": 0.0
    },
    {
      "id": "q2-24",
      "question_id": "q2",
      "human_scores": [
        4.0,
        4,
        4
      ],
      "mean": 4.0,
      "std": 0.0,
      "model_score": 0.0
    },
    {
      "id": "q2-25",
      "question_id": "q2",
      "human_scores": [
        16,
        16,
        16
      ],
      "mean": 16,
      "std": 0.0,
      "model_score": 0.0
    },
    {
      "id": "q2-26",
      "question_id": "q2",
      "human_scores": [
        16.0,
        16.0,
        16
      ],
      "mean": 16.0,
      "std": 0.0,
      "model_score": 0.0
    },
    {
      "id": "q2-27",
      "question_id": "q2",
      "human_scores": [
        16.0,
        16.0,
        16
      ],
      "mean": 16.0,
      "std": 0.0,
      "model_score": 0.0
    },
    {
      "id": "q2-28",
      "question_id": "q2",
      "human_scores": [
        4,
        4,
        4
      ],
      "mean": 4,
      "std": 0.0,
      "model_score": 0.0
    },
    {
      "id": "q2-29",
      "question_id": "q2",
      "human_scores": [
        16,
        16,
        16
      ],
      "mean": 16,
      "std": 0.0,
      "model_score": 0.0
    },
    {
      "id": "q2-30",
      "question_id": "q2",
      "human_scores": [
        8.0,
        8,
        8
      ],
      "mean": 8.0,
      "std": 0.0,
      "model_score": 0.0
    },
    {
      "id": "q2-31",
      "question_id": "q2",
      "human_scores": [
        12,
        16,
        16
      ],
      "mean": 14.666666666666666,
      "std": 2.309401076758503,
      "model_score": 0.0
    },
    {
      "id": "q2-32",
      "question_id": "q2",
      "human_scores": [
        16.0,
        16.0,
        16
      ],
      "mean": 16.0,
      "std": 0.0,
      "model_score": 0.0
    },
    {
      "id": "q2-33",
      "question_id": "q2",
      "human_scores": [
        0,
        0,
        0
      ],
      "mean": 0,
      "std": 0.0,
      "model_score": 0.0
    },
    {
      "id": "q2-34",
      "question_id": "q2",
      "human_scores": [
        16.0,
        16.0,
        16.0
      ],
      "mean": 16.0,
      "std": 0.0,
      "model_score": 0.0
    },
    {
      "id": "q2-35",
      "question_id": "q2",
      "human_scores": [
        16,
        16,
        12
      ],
      "mean": 14.666666666666666,
      "std": 2.309401076758503,
      "model_score": 0.0
    },
    {
      "id": "q2-36",
      "question_id": "q2",
      "human_scores": [
        0,
        0,
        0
      ],
      "mean": 0,
      "std": 0.0,
      "model_score": 0.0
    },
    {
      "id": "q2-37",
      "question_id": "q2",
      "human_scores": [
        8.0,
        8.0,
        8
      ],
      "mean": 8.0,
      "std": 0.0,
      "model_score": 0.0
    },
    {
      "id": "q2-38",
      "question_id": "q2",
      "human_scores": [
        4,
        4,
        4
      ],
      "mean": 4,
      "std": 0.0,
      "model_score": 0.0
    },
    {
      "id": "q2-39",
      "question_id": "q2",
      "human_scores": [
        4,
        4,
        4
      ],
      "mean": 4,
      "std": 0.0,
      "model_score": 0.0
    },
    {
      "id": "q2-40",
      "question_id": "q2",
      "human_scores": [
        16,
        16,
        16.0
      ],
      "mean": 16.0,
      "std": 0.0,
      "model_score": 0.0
    },
    {
      "id": "q3-1",
      "question_id": "q3",
      "human_scores": [
        15,
        15,
        15
      ],
      "mean": 15,
      "std": 0.0,
      "model_score": 2.0
    },
    {
      "id": "q3-2",
      "question_id": "q3",
      "human_scores": [
        10.0,
        15,
        15
      ],
      "mean": 13.333333333333334,
      "std": 2.8867513459481287,
      "model_score": 2.0
    },
    {
      "id": "q3-3",
      "question_id": "q3",
      "human_scores": [
        5,
        7,
        5
      ],
      "mean": 5.666666666666667,
      "std": 1.1547005383792515,
      "model_score": 2.0
    },
    {
      "id": "q3-4",
      "question_id": "q3",
      "human_scores": [
        10.0,
        10,
        10
      ],
      "mean": 10.0,
      "std": 0.0,
      "model_score": 2.0
    },
    {
      "id": "q3-5",
      "question_id": "q3",
      "human_scores": [
        12,
        8,
        9
      ],
      "mean": 9.666666666666666,
      "std": 2.0816659994661326,
      "model_score": 2.0
    },
    {
      "id": "q3-6",
      "question_id": "q3",
      "human_scores": [
        15,
        15,
        15
      ],
      "mean": 15,
      "std": 0.0,
      "model_score": 2.0
    },
    {
      "id": "q3-7",
      "question_id": "q3",
      "human_scores": [
        15.0,
        15,
        15
      ],
      "mean": 15.0,
      "std": 0.0,
      "model_score": 2.0
    },
    {
      "id": "q3-8",
      "question_id": "q3",
      "human_scores": [
        15,
        15,
        15
      ],
      "mean": 15,
      "std": 0.0,
      "model_score": 2.0
    },
    {
      "id": "q3-9",
      "question_id": "q3",
      "human_scores": [
        12,
        10,
        10
      ],
      "mean": 10.666666666666666,
      "std": 1.1547005383792515,
      "model_score": 0.0
    },
    {
      "id": "q3-10",
      "question_id": "q3",
      "human_scores": [
        5,
        5,
        5
      ],
      "mean": 5,
      "std": 0.0,
      "model_score": 2.0
    },
    {
      "id": "q3-11",
      "question_id": "q3",
      "human_scores": [
        15.0,
        15,
        15
      ],
      "mean": 15.0,
      "std": 0.0,
      "model_score": 2.0
    },
    {
      "id": "q3-12",
      "question_id": "q3",
      "human_scores": [
        10.0,
        12,
        10
      ],
      "mean": 10.666666666666666,
      "std": 1.1547005383792515,
      "model_score": 2.0
    },
    {
      "id": "q3-13",
      "question_id": "q3",
      "human_scores": [
        7,
        5,
        3
      ],
      "mean": 5,
      "std": 2.0,
      "model_score": 0.0
    },
    {
      "id": "q3-14",
      "question_id": "q3",
      "human_scores": [
        15,
        15,
        15
      ],
      "mean": 15,
      "std": 0.0,
      "model_score": 2.0
    },
    {
      "id": "q3-15",
      "question_id": "q3",
      "human_scores": [
        10.0,
        5,
        7
      ],
      "mean": 7.333333333333333,
      "std": 2.516611478423583,
      "model_score": 2.0
    },
    {
      "id": "q3-16",
      "question_id": "q3",
      "human_scores": [
        10,
        5,
        8
      ],
      "mean": 7.666666666666667,
      "std": 2.516611478423583,
      "model_score": 2.0
    },
    {
      "id": "q3-17",
      "question_id": "q3",
      "human_scores": [
        7,
        5,
        5
      ],
      "mean": 5.666666666666667,
      "std": 1.1547005383792515,
      "model_score": 2.0
    },
    {
      "id": "q3-18",
      "question_id": "q3",
      "human_scores": [
        5.0,
        5,
        4
      ],
      "mean": 4.666666666666667,
      "std": 0.5773502691896257,
      "model_score": 2.0
    },
    {
      "id": "q3-19",
      "question_id": "q3",
      "human_scores": [
        8,
        9,
        7
      ],
      "mean": 8,
      "std": 1.0,
      "model_score": 2.0
    },
    {
      "id": "q3-20",
      "question_id": "q3",
      "human_scores": [
        5.0,
        5,
        5
      ],
      "mean": 5.0,
      "std": 0.0,
      "model_score": 0.0
    },
    {
      "id": "q3-21",
      "question_id": "q3",
      "human_scores": [
        15,
        15,
        15
      ],
      "mean": 15,
      "std": 0.0,
      "model_score": 2.0
    },
    {
      "id": "q3-22",
      "question_id": "q3",
      "human_scores": [
        10.0,
        12,
        10
      ],
      "mean": 10.666666666666666,
      "std": 1.1547005383792515,
      "model_score": 2.0
    },
    {
      "id": "q3-23",
      "question_id": "q3",
      "human_scores": [
        10.0,
        5,
        7
      ],
      "mean": 7.333333333333333,
      "std": 2.516611478423583,
      "model_score": 0.0
    },
    {
      "id": "q3-24",
      "question_id": "q3",
      "human_scores": [
        13.0,
        10,
        10
      ],
      "mean": 11.0,
      "std": 1.7320508075688772,
      "model_score": 2.0
    },
    {
      "id": "q3-25",
      "question_id": "q3",
      "human_scores": [
        11,
        10,
        10
      ],
      "mean": 10.333333333333334,
      "std": 0.5773502691896257,
      "model_score": 2.0
    },
    {
      "id": "q3-26",
      "question_id": "q3",
      "human_scores": [
        5.0,
        9,
        7
      ],
      "mean": 7.0,
      "std": 2.0,
      "model_score": 0.0
    },
    {
      "id": "q3-27",
      "question_id": "q3",
      "human_scores": [
        15,
        13,
        15
      ],
      "mean": 14.333333333333334,
      "std": 1.1547005383792515,
      "model_score": 2.0
    },
    {
      "id": "q3-28",
      "question_id": "q3",
      "human_scores": [
        8,
        7,
        5
      ],
      "mean": 6.666666666666667,
      "std": 1.5275252316519468,
      "model_score": 0.0
    },
    {
      "id": "q3-29",
      "question_id": "q3",
      "human_scores": [
        8,
        10,
        9
      ],
      "mean": 9,
      "std": 1.0,
      "model_score": 0.0
    },
    {
      "id": "q3-30",
      "question_id": "q3",
      "human_scores": [
        10,
        12,
        10
      ],
      "mean": 10.666666666666666,
      "std": 1.1547005383792515,
      "model_score": 2.0
    },
    {
      "id": "q3-31",
      "question_id": "q3",
      "human_scores": [
        5,
        7,
        5
      ],
      "mean": 5.666666666666667,
      "std": 1.1547005383792515,
      "model_score": 0.0
    },
    {
      "id": "q3-32",
      "question_id": "q3",
      "human_scores": [
        13.0,
        15,
        13
      ],
      "mean": 13.666666666666666,
      "std": 1.1547005383792515,
      "model_score": 2.0
    },
    {
      "id": "q3-33",
      "question_id": "q3",
      "human_scores": [
        10.0,
        7,
        7
      ],
      "mean": 8.0,
      "std": 1.7320508075688772,
      "model_score": 2.0
    },
    {
      "id": "q3-34",
      "question_id": "q3",
      "human_scores": [
        10.0,
        12,
        10
      ],
      "mean": 10.666666666666666,
      "std": 1.1547005383792515,
      "model_score": 2.0
    },
    {
      "id": "q3-35",
      "question_id": "q3",
      "human_scores": [
        15,
        10,
        13
      ],
      "mean": 12.666666666666666,
      "std": 2.516611478423583,
      "model_score": 2.0
    },
    {
      "id": "q3-36",
      "question_id": "q3",
      "human_scores": [
        15,
        15,
        15
      ],
      "mean": 15,
      "std": 0.0,
      "model_score": 2.0
    },
    {
      "id": "q3-37",
      "question_id": "q3",
      "human_scores": [
        10.0,
        10,
        10
      ],
      "mean": 10.0,
      "std": 0.0,
      "model_score": 2.0
    },
    {
      "id": "q3-38",
      "question_id": "q3",
      "human_scores": [
        15.0,
        13,
        15
      ],
      "mean": 14.333333333333334,
      "std": 1.1547005383792515,
      "model_score": 2.0
    },
    {
      "id": "q3-39",
      "question_id": "q3",
      "human_scores": [
        10.0,
        15,
        15
      ],
      "mean": 13.333333333333334,
      "std": 2.8867513459481287,
      "model_score": 2.0
    },
    {
      "id": "q3-40",
      "question_id": "q3",
      "human_scores": [
        1.0,
        0,
        0
      ],
      "mean": 0.3333333333333333,
      "std": 0.5773502691896257,
      "model_score": 0.0
    },
    {
      "id": "q4-1",
      "question_id": "q4",
      "human_scores": [
        8.0,
        8.0,
        8.0
      ],
      "mean": 8.0,
      "std": 0.0,
      "model_score": 0.0
    },
    {
      "id": "q4-2",
      "question_id": "q4",
      "human_scores": [
        16.0,
        16.0,
        16
      ],
      "mean": 16.0,
      "std": 0.0,
      "model_score": 0.0
    },
    {
      "id": "q4-3",
      "question_id": "q4",
      "human_scores": [
        8.0,
        8.0,
        8
      ],
      "mean": 8.0,
      "std": 0.0,
      "model_score": 0.0
    },
    {
      "id": "q4-4",
      "question_id": "q4",
      "human_scores": [
        16.0,
        8,
        8
      ],
      "mean": 10.666666666666666,
      "std": 4.618802153517006,
      "model_score": 0.0
    },
    {
      "id": "q4-5",
      "question_id": "q4",
      "human_scores": [
        8,
        8,
        8
      ],
      "mean": 8,
      "std": 0.0,
      "model_score": 0.0
    },
    {
      "id": "q4-6",
      "question_id": "q4",
      "human_scores": [
        8.0,
        8.0,
        8
      ],
      "mean": 8.0,
      "std": 0.0,
      "model_score": 0.0
    },
    {
      "id": "q4-7",
      "question_id": "q4",
      "human_scores": [
        16.0,
        16.0,
        16
      ],
      "mean": 16.0,
      "std": 0.0,
      "model_score": 0.0
    },
    {
      "id": "q4-8",
      "question_id": "q4",
      "human_scores": [
        16.0,
        16.0,
        16.0
      ],
      "mean": 16.0,
      "std": 0.0,
      "model_score": 0.0
    },
    {
      "id": "q4-9",
      "question_id": "q4",
      "human_scores": [
        8.0,
        8,
        8
      ],
      "mean": 8.0,
      "std": 0.0,
      "model_score": 0.0
    },
    {
      "id": "q4-10",
      "question_id": "q4",
      "human_scores": [
        16,
        16,
        16
      ],
      "mean": 16,
      "std": 0.0,
      "model_score": 0.0
    },
    {
      "id": "q4-11",
      "question_id": "q4",
      "human_scores": [
        8.0,
        8.0,
        8
      ],
      "mean": 8.0,
      "std": 0.0,
      "model_score": 0.0
    },
    {
      "id": "q4-12",
      "question_id": "q4",
      "human_scores": [
        16.0,
        16.0,
        16
      ],
      "mean": 16.0,
      "std": 0.0,
      "model_score": 0.0
    },
    {
      "id": "q4-13",
      "question_id": "q4",
      "human_scores": [
        8.0,
        8.0,
        8
      ],
      "mean": 8.0,
      "std": 0.0,
      "model_score": 0.0
    },
    {
      "id": "q4-14",
      "question_id": "q4",
      "human_scores": [
        8,
        8,
        8
      ],
      "mean": 8,
      "std": 0.0,
      "model_score": 0.0
    },
    {
      "id": "q4-15",
      "question_id": "q4",
      "human_scores": [
        8.0,
        8.0,
        8
      ],
      "mean": 8.0,
      "std": 0.0,
      "model_score": 0.0
    },
    {
      "id": "q4-16",
      "question_id": "q4",
      "human_scores": [
        16,
        16,
        16
      ],
      "mean": 16,
      "std": 0.0,
      "model_score": 0.0
    },
    {
      "id": "q4-17",
      "question_id": "q4",
      "human_scores": [
        8.0,
        8,
        8
      ],
      "mean": 8.0,
      "std": 0.0,
      "model_score": 0.0
    },
    {
      "id": "q4-18",
      "question_id": "q4",
      "human_scores": [
        16,
        16,
        16
      ],
      "mean": 16,
      "std": 0.0,
      "model_score": 0.0
    },
    {
      "id": "q4-19",
      "question_id": "q4",
      "human_scores": [
        16.0,
        16.0,
        16
      ],
      "mean": 16.0,
      "std": 0.0,
      "model_score": 0.0
    },
    {
      "id": "q4-20",
      "question_id": "q4",
      "human_scores": [
        16.0,
        16.0,
        16
      ],
      "mean": 16.0,
      "std": 0.0,
      "model_score": 0.0
    },
    {
      "id": "q4-21",
      "question_id": "q4",
      "human_scores": [
        16,
        16,
        16
      ],
      "mean": 16,
      "std": 0.0,
      "model_score": 0.0
    },
    {
      "id": "q4-22",
      "question_id": "q4",
      "human_scores": [
        8,
        8,
        8
      ],
      "mean": 8,
      "std": 0.0,
      "model_score": 0.0
    },
    {
      "id": "q4-23",
      "question_id": "q4",
      "human_scores": [
        2,
        0,
        0
      ],
      "mean": 0.6666666666666666,
      "std": 1.1547005383792515,
      "model_score": 0.0
    },
    {
      "id": "q4-24",
      "question_id": "q4",
      "human_scores": [
        16.0,
        16.0,
        16
      ],
      "mean": 16.0,
      "std": 0.0,
      "model_score": 0.0
    },
    {
      "id": "q4-25",
      "question_id": "q4",
      "human_scores": [
        16.0,
        16.0,
        16
      ],
      "mean": 16.0,
      "std": 0.0,
      "model_score": 0.0
    },
    {
      "id": "q4-26",
      "question_id": "q4",
      "human_scores": [
        0.0,
        0.0,
        0
      ],
      "mean": 0.0,
      "std": 0.0,
      "model_score": 0.0
    },
    {
      "id": "q4-27",
      "question_id": "q4",
      "human_scores": [
        16.0,
        16.0,
        16
      ],
      "mean": 16.0,
      "std": 0.0,
      "model_score": 0.0
    },
    {
      "id": "q4-28",
      "question_id": "q4",
      "human_scores": [
        2,
        0,
        0
      ],
      "mean": 0.6666666666666666,
      "std": 1.1547005383792515,
      "model_score": 0.0
    },
    {
      "id": "q4-29",
      "question_id": "q4",
      "human_scores": [
        16,
        16,
        16
      ],
      "mean": 16,
      "std": 0.0,
      "model_score": 0.0
    },
    {
      "id": "q4-30",
      "question_id": "q4",
      "human_scores": [
        0.0,
        0.0,
        0
      ],
      "mean": 0.0,
      "std": 0.0,
      "model_score": 0.0
    },
    {
      "id": "q4-31",
      "question_id": "q4",
      "human_scores": [
        8.0,
        8,
        8
      ],
      "mean": 8.0,
      "std": 0.0,
      "model_score": 0.0
    },
    {
      "id": "q4-32",
      "question_id": "q4",
      "human_scores": [
        8,
        8,
        8
      ],
      "mean": 8,
      "std": 0.0,
      "model_score": 0.0
    },
    {
      "id": "q4-33",
      "question_id": "q4",
      "human_scores": [
        16.0,
        16.0,
        16
      ],
      "mean": 16.0,
      "std": 0.0,
      "model_score": 0.0
    },
    {
      "id": "q4-34",
      "question_id": "q4",
      "human_scores": [
        16.0,
        16.0,
        16
      ],
      "mean": 16.0,
      "std": 0.0,
      "model_score": 0.0
    },
    {
      "id": "q4-35",
      "question_id": "q4",
      "human_scores": [
        16.0,
        8,
        8
      ],
      "mean": 10.666666666666666,
      "std": 4.618802153517006,
      "model_score": 0.0
    },
    {
      "id": "q4-36",
      "question_id": "q4",
      "human_scores": [
        8,
        8,
        8
      ],
      "mean": 8,
      "std": 0.0,
      "model_score": 0.0
    },
    {
      "id": "q4-37",
      "question_id": "q4",
      "human_scores": [
        8,
        8,
        8
      ],
      "mean": 8,
      "std": 0.0,
      "model_score": 0.0
    },
    {
      "id": "q4-38",
      "question_id": "q4",
      "human_scores": [
        10.0,
        0,
        0
      ],
      "mean": 3.3333333333333335,
      "std": 5.773502691896257,
      "model_score": 0.0
    },
    {
      "id": "q4-39",
      "question_id": "q4",
      "human_scores": [
        16,
        16,
        16
      ],
      "mean": 16,
      "std": 0.0,
      "model_score": 0.0
    },
    {
      "id": "q4-40",
      "question_id": "q4",
      "human_scores": [
        8.0,
        8.0,
        8
      ],
      "mean": 8.0,
      "std": 0.0,
      "model_score": 0.0
    },
    {
      "id": "q5-1",
      "question_id": "q5",
      "human_scores": [
        13.0,
        15,
        13
      ],
      "mean": 13.666666666666666,
      "std": 1.1547005383792515,
      "model_score": 0.0
    },
    {
      "id": "q5-2",
      "question_id": "q5",
      "human_scores": [
        27.0,
        27,
        27
      ],
      "mean": 27.0,
      "std": 0.0,
      "model_score": 0.0
    },
    {
      "id": "q5-3",
      "question_id": "q5",
      "human_scores": [
        1.0,
        0,
        0
      ],
      "mean": 0.3333333333333333,
      "std": 0.5773502691896257,
      "model_score": 0.0
    },
    {
      "id": "q5-4",
      "question_id": "q5",
      "human_scores": [
        2,
        5,
        3
      ],
      "mean": 3.3333333333333335,
      "std": 1.5275252316519468,
      "model_score": 0.0
    },
    {
      "id": "q5-5",
      "question_id": "q5",
      "human_scores": [
        2.0,
        4,
        3
      ],
      "mean": 3.0,
      "std": 1.0,
      "model_score": 0.0
    },
    {
      "id": "q5-6",
      "question_id": "q5",
      "human_scores": [
        3,
        3,
        3
      ],
      "mean": 3,
      "std": 0.0,
      "model_score": 0.0
    },
    {
      "id": "q5-7",
      "question_id": "q5",
      "human_scores": [
        4,
        3,
        3
      ],
      "mean": 3.3333333333333335,
      "std": 0.5773502691896257,
      "model_score": 0.0
    },
    {
      "id": "q5-8",
      "question_id": "q5",
      "human_scores": [
        11,
        15,
        12
      ],
      "mean": 12.666666666666666,
      "std": 2.0816659994661326,
      "model_score": 0.0
    },
    {
      "id": "q5-9",
      "question_id": "q5",
      "human_scores": [
        8,
        16,
        12
      ],
      "mean": 12,
      "std": 4.0,
      "model_score": 0.0
    },
    {
      "id": "q5-10",
      "question_id": "q5",
      "human_scores": [
        18,
        20,
        21
      ],
      "mean": 19.666666666666668,
      "std": 1.5275252316519468,
      "model_score": 0.0
    },
    {
      "id": "q5-11",
      "question_id": "q5",
      "human_scores": [
        27.0,
        27,
        27
      ],
      "mean": 27.0,
      "std": 0.0,
      "model_score": 0.0
    },
    {
      "id": "q5-12",
      "question_id": "q5",
      "human_scores": [
        11,
        15,
        12
      ],
      "mean": 12.666666666666666,
      "std": 2.0816659994661326,
      "model_score": 0.0
    },
    {
      "id": "q5-13",
      "question_id": "q5",
      "human_scores": [
        15,
        13,
        12
      ],
      "mean": 13.333333333333334,
      "std": 1.5275252316519468,
      "model_score": 0.0
    },
    {
      "id": "q5-14",
      "question_id": "q5",
      "human_scores": [
        27.0,
        25,
        27
      ],
      "mean": 26.333333333333332,
      "std": 1.1547005383792515,
      "model_score": 0.0
    },
    {
      "id": "q5-15",
      "question_id": "q5",
      "human_scores": [
        27.0,
        27,
        27
      ],
      "mean": 27.0,
      "std": 0.0,
      "model_score": 0.0
    },
    {
      "id": "q5-16",
      "question_id": "q5",
      "human_scores": [
        12,
        18,
        15
      ],
      "mean": 15,
      "std": 3.0,
      "model_score": 0.0
    },
    {
      "id": "q5-17",
      "question_id": "q5",
      "human_scores": [
        7.0,
        5,
        6
      ],
      "mean": 6.0,
      "std": 1.0,
      "model_score": 0.0
    },
    {
      "id": "q5-18",
      "question_id": "q5",
      "human_scores": [
        20,
        16,
        18
      ],
      "mean": 18,
      "std": 2.0,
      "model_score": 0.0
    },
    {
      "id": "q5-19",
      "question_id": "q5",
      "human_scores": [
        9,
        11,
        9
      ],
      "mean": 9.666666666666666,
      "std": 1.1547005383792515,
      "model_score": 0.0
    },
    {
      "id": "q5-20",
      "question_id": "q5",
      "human_scores": [
        27.0,
        27,
        27
      ],
      "mean": 27.0,
      "std": 0.0,
      "model_score": 0.0
    },
    {
      "id": "q5-21",
      "question_id": "q5",
      "human_scores": [
        15.0,
        10,
        12
      ],
      "mean": 12.333333333333334,
      "std": 2.516611478423583,
      "model_score": 0.0
    },
    {
      "id": "q5-22",
      "question_id": "q5",
      "human_scores": [
        23.0,
        16,
        18
      ],
      "mean": 19.0,
      "std": 3.605551275463989,
      "model_score": 0.0
    },
    {
      "id": "q5-23",
      "question_id": "q5",
      "human_scores": [
        6,
        6,
        3
      ],
      "mean": 5,
      "std": 1.7320508075688772,
      "model_score": 0.0
    },
    {
      "id": "q5-24",
      "question_id": "q5",
      "human_scores": [
        20,
        27,
        21
      ],
      "mean": 22.666666666666668,
      "std": 3.7859388972001824,
      "model_score": 0.0
    },
    {
      "id": "q5-25",
      "question_id": "q5",
      "human_scores": [
        5,
        9,
        3
      ],
      "mean": 5.666666666666667,
      "std": 3.0550504633038935,
      "model_score": 0.0
    },
    {
      "id": "q5-26",
      "question_id": "q5",
      "human_scores": [
        27,
        27,
        27
      ],
      "mean": 27,
      "std": 0.0,
      "model_score": 0.0
    },
    {
      "id": "q5-27",
      "question_id": "q5",
      "human_scores": [
        0.0,
        1,
        0
      ],
      "mean": 0.3333333333333333,
      "std": 0.5773502691896257,
      "model_score": 0.0
    },
    {
      "id": "q5-28",
      "question_id": "q5",
      "human_scores": [
        27.0,
        27,
        27
      ],
      "mean": 27.0,
      "std": 0.0,
      "model_score": 0.0
    },
    {
      "id": "q5-29",
      "question_id": "q5",
      "human_scores": [
        12.0,
        12,
        12
      ],
      "mean": 12.0,
      "std": 0.0,
      "model_score": 0.0
    },
    {
      "id": "q5-30",
      "question_id": "q5",
      "human_scores": [
        9.0,
        10,
        9
      ],
      "mean": 9.333333333333334,
      "std": 0.5773502691896257,
      "model_score": 0.0
    },
    {
      "id": "q5-31",
      "question_id": "q5",
      "human_scores": [
        10,
        12,
        12
      ],
      "mean": 11.333333333333334,
      "std": 1.1547005383792515,
      "model_score": 0.0
    },
    {
      "id": "q5-32",
      "question_id": "q5",
      "human_scores": [
        4,
        3,
        0
      ],
      "mean": 2.3333333333333335,
      "std": 2.0816659994661326,
      "model_score": 0.0
    },
    {
      "id": "q5-33",
      "question_id": "q5",
      "human_scores": [
        13,
        15,
        13
      ],
      "mean": 13.666666666666666,
      "std": 1.1547005383792515,
      "model_score": 0.0
    },
    {
      "id": "q5-34",
      "question_id": "q5",
      "human_scores": [
        16,
        10,
        12
      ],
      "mean": 12.666666666666666,
      "std": 3.0550504633038935,
      "model_score": 0.0
    },
    {
      "id": "q5-35",
      "question_id": "q5",
      "human_scores": [
        5,
        5,
        2
      ],
      "mean": 4,
      "std": 1.7320508075688772,
      "model_score": 0.0
    },
    {
      "id": "q5-36",
      "question_id": "q5",
      "human_scores": [
        27.0,
        27,
        27
      ],
      "mean": 27.0,
      "std": 0.0,
      "model_score": 0.0
    },
    {
      "id": "q5-37",
      "question_id": "q5",
      "human_scores": [
        9.0,
        12,
        9
      ],
      "mean": 10.0,
      "std": 1.7320508075688772,
      "model_score": 0.0
    },
    {
      "id": "q5-38",
      "question_id": "q5",
      "human_scores": [
        2,
        0,
        0
      ],
      "mean": 0.6666666666666666,
      "std": 1.1547005383792515,
      "model_score": 0.0
    },
    {
      "id": "q5-39",
      "question_id": "q5",
      "human_scores": [
        9.0,
        8,
        9
      ],
      "mean": 8.666666666666666,
      "std": 0.5773502691896257,
      "model_score": 0.0
    },
    {
      "id": "q5-40",
      "question_id": "q5",
      "human_scores": [
        5,
        4,
        3
      ],
      "mean": 4,
      "std": 1.0,
      "model_score": 0.0
    },
    {
      "id": "q6-1",
      "question_id": "q6",
      "human_scores": [
        30.0,
        30
      ],
      "mean": 30.0,
      "std": 0.0,
      "model_score": 0.0
    },
    {
      "id": "q6-2",
      "question_id": "q6",
      "human_scores": [
        0.0,
        8
      ],
      "mean": 4.0,
      "std": 5.656854249492381,
      "model_score": 0.0
    },
    {
      "id": "q6-3",
      "question_id": "q6",
      "human_scores": [
        25.0,
        20
      ],
      "mean": 22.5,
      "std": 3.5355339059327378,
      "model_score": 0.0
    },
    {
      "id": "q6-4",
      "question_id": "q6",
      "human_scores": [
        33.0,
        33
      ],
      "mean": 33.0,
      "std": 0.0,
      "model_score": 0.0
    },
    {
      "id": "q6-5",
      "question_id": "q6",
      "human_scores": [
        33,
        33
      ],
      "mean": 33,
      "std": 0.0,
      "model_score": 0.0
    },
    {
      "id": "q6-6",
      "question_id": "q6",
      "human_scores": [
        25.0,
        24
      ],
      "mean": 24.5,
      "std": 0.7071067811865476,
      "model_score": 0.0
    },
    {
      "id": "q6-7",
      "question_id": "q6",
      "human_scores": [
        30.0,
        30
      ],
      "mean": 30.0,
      "std": 0.0,
      "model_score": 0.0
    },
    {
      "id": "q6-8",
      "question_id": "q6",
      "human_scores": [
        40.0,
        40
      ],
      "mean": 40.0,
      "std": 0.0,
      "model_score": 0.0
    },
    {
      "id": "q6-9",
      "question_id": "q6",
      "human_scores": [
        30.0,
        30
      ],
      "mean": 30.0,
      "std": 0.0,
      "model_score": 0.0
    },
    {
      "id": "q6-10",
      "question_id": "q6",
      "human_scores": [
        0.0,
        10
      ],
      "mean": 5.0,
      "std": 7.0710678118654755,
      "model_score": 0.0
    },
    {
      "id": "q6-11",
      "question_id": "q6",
      "human_scores": [
        25.0,
        10
      ],
      "mean": 17.5,
      "std": 10.606601717798213,
      "model_score": 0.0
    },
    {
      "id": "q6-12",
      "question_id": "q6",
      "human_scores": [
        10,
        15
      ],
      "mean": 12.5,
      "std": 3.5355339059327378,
      "model_score": 0.0
    },
    {
      "id": "q6-13",
      "question_id": "q6",
      "human_scores": [
        33.0,
        38
      ],
      "mean": 35.5,
      "std": 3.5355339059327378,
      "model_score": 0.0
    },
    {
      "id": "q6-14",
      "question_id": "q6",
      "human_scores": [
        25.0,
        17
      ],
      "mean": 21.0,
      "std": 5.656854249492381,
      "model_score": 0.0
    },
    {
      "id": "q6-15",
      "question_id": "q6",
      "human_scores": [
        25,
        17
      ],
      "mean": 21,
      "std": 5.656854249492381,
      "model_score": 0.0
    },
    {
      "id": "q6-16",
      "question_id": "q6",
      "human_scores": [
        35,
        40
      ],
      "mean": 37.5,
      "std": 3.5355339059327378,
      "model_score": 0.0
    },
    {
      "id": "q6-17",
      "question_id": "q6",
      "human_scores": [
        15.0,
        20
      ],
      "mean": 17.5,
      "std": 3.5355339059327378,
      "model_score": 0.0
    },
    {
      "id": "q6-18",
      "question_id": "q6",
      "human_scores": [
        35.0,
        40
      ],
      "mean": 37.5,
      "std": 3.5355339059327378,
      "model_score": 0.0
    },
    {
      "id": "q6-19",
      "question_id": "q6",
      "human_scores": [
        23.0,
        28
      ],
      "mean": 25.5,
      "std": 3.5355339059327378,
      "model_score": 0.0
    },
    {
      "id": "q6-20",
      "question_id": "q6",
      "human_scores": [
        35.0,
        40
      ],
      "mean": 37.5,
      "std": 3.5355339059327378,
      "model_score": 0.0
    },
    {
      "id": "q6-21",
      "question_id": "q6",
      "human_scores": [
        35,
        40
      ],
      "mean": 37.5,
      "std": 3.5355339059327378,
      "model_score": 0.0
    },
    {
      "id": "q6-22",
      "question_id": "q6",
      "human_scores": [
        25.0,
        15
      ],
      "mean": 20.0,
      "std": 7.0710678118654755,
      "model_score": 0.0
    },
    {
      "id": "q6-23",
      "question_id": "q6",
      "human_scores": [
        5.0,
        5
      ],
      "mean": 5.0,
      "std": 0.0,
      "model_score": 0.0
    },
    {
      "id": "q6-24",
      "question_id": "q6",
      "human_scores": [
        35,
        40
      ],
      "mean": 37.5,
      "std": 3.5355339059327378,
      "model_score": 0.0
    },
    {
      "id": "q6-25",
      "question_id": "q6",
      "human_scores": [
        35,
        40
      ],
      "mean": 37.5,
      "std": 3.5355339059327378,
      "model_score": 0.0
    },
    {
      "id": "q6-26",
      "question_id": "q6",
      "human_scores": [
        30.0,
        35
      ],
      "mean": 32.5,
      "std": 3.5355339059327378,
      "model_score": 0.0
    },
    {
      "id": "q6-27",
      "question_id": "q6",
      "human_scores": [
        35,
        40
      ],
      "mean": 37.5,
      "std": 3.5355339059327378,
      "model_score": 0.0
    },
    {
      "id": "q6-28",
      "question_id": "q6",
      "human_scores": [
        30.0,
        35
      ],
      "mean": 32.5,
      "std": 3.5355339059327378,
      "model_score": 0.0
    },
    {
      "id": "q6-29",
      "question_id": "q6",
      "human_scores": [
        25.0,
        27
      ],
      "mean": 26.0,
      "std": 1.4142135623730951,
      "model_score": 0.0
    },
    {
      "id": "q6-30",
      "question_id": "q6",
      "human_scores": [
        30.0,
        35
      ],
      "mean": 32.5,
      "std": 3.5355339059327378,
      "model_score": 0.0
    },
    {
      "id": "q6-31",
      "question_id": "q6",
      "human_scores": [
        35,
        40
      ],
      "mean": 37.5,
      "std": 3.5355339059327378,
      "model_score": 0.0
    },
    {
      "id": "q6-32",
      "question_id": "q6",
      "human_scores": [
        35,
        40
      ],
      "mean": 37.5,
      "std": 3.5355339059327378,
      "model_score": 0.0
    },
    {
      "id": "q6-33",
      "question_id": "q6",
      "human_scores": [
        30.0,
        40
      ],
      "mean": 35.0,
      "std": 7.0710678118654755,
      "model_score": 0.0
    },
    {
      "id": "q6-34",
      "question_id": "q6",
      "human_scores": [
        25.0,
        24
      ],
      "mean": 24.5,
      "std": 0.7071067811865476,
      "model_score": 0.0
    },
    {
      "id": "q6-35",
      "question_id": "q6",
      "human_scores": [
        0.0,
        0
      ],
      "mean": 0.0,
      "std": 0.0,
      "model_score": 0.0
    },
    {
      "id": "q6-36",
      "question_id": "q6",
      "human_scores": [
        0.0,
        0
      ],
      "mean": 0.0,
      "std": 0.0,
      "model_score": 0.0
    },
    {
      "id": "q6-37",
      "question_id": "q6",
      "human_scores": [
        35,
        40
      ],
      "mean": 37.5,
      "std": 3.5355339059327378,
      "model_score": 0.0
    },
    {
      "id": "q6-38",
      "question_id": "q6",
      "human_scores": [
        15.0,
        20
      ],
      "mean": 17.5,
      "std": 3.5355339059327378,
      "model_score": 0.0
    },
    {
      "id": "q6-39",
      "question_id": "q6",
      "human_scores": [
        15.0,
        20
      ],
      "mean": 17.5,
      "std": 3.5355339059327378,
      "model_score": 0.0
    },
    {
      "id": "q6-40",
      "question_id": "q6",
      "human_scores": [
        35.0,
        40
      ],
      "mean": 37.5,
      "std": 3.5355339059327378,
      "model_score": 0.0
    }
  ]
}
[INFO] 2025-09-28 11:58:12,780 Saved meta-eval summary to /nfs/roberts/project/pi_ac3458/vl298/Prompt-Perturbation/ReIFE/results/llm_grader_pointwise.dummy_api.base_pointwise.pointwise_vanilla.meta.json
