[INFO] 2025-09-27 18:54:30,290 Logging to /nfs/roberts/project/pi_ac3458/vl298/Prompt-Perturbation/logs/pointwise_pipeline_20250927-185430_overwrite_ok-False_use_dummy_model-True.log
[DEBUG] 2025-09-27 18:54:32,456 PyTorch version 2.4.0+cu121 available.
[INFO] 2025-09-27 18:54:32,726 Using model: dummy_api
[DEBUG] 2025-09-27 18:54:32,727 Evaluator target: <function pointwise_eval at 0x14a9cad6b1a0>
[DEBUG] 2025-09-27 18:54:32,727 Signature: (model: ReIFE.base_llm.BaseLLM | ReIFE.base_llm.BaseVLLM, data: list[dict], output_dir: str, prompt_dir: str, batch_size: int, instruction_marker: str, output_marker: str, output_text_dir: str | None = None, temperature: float = 1.0, top_p: float = 1.0, n: int = 1, max_tokens: int = 512, logprobs: int | None = None, verbose: bool = False, **kwargs) -> None
[DEBUG] 2025-09-27 18:54:32,728 Docstring:
Perform pointwise evaluation.

Args:
    model: The model for evaluation.
    data: The data to evaluate.
    output_dir: The directory to save the evaluation output.
    prompt_dir: The directory containing the prompt data.
    batch_size: The batch size for evaluation.
    instruction_marker: The marker for the instruction.
    output_marker: The marker for the output.
    output_text_dir: The directory to save the output text.
    temperature: The temperature for sampling.
    top_p: The top-p value for sampling.
    n: The number of samples to generate.
    max_tokens: The maximum number of generated tokens for each sample.
    logprobs: The number of log probabilities to output.
    parse_fn: The function to parse the output.
    verbose: Whether to print verbose output.
    kwargs: Additional keyword arguments for the evaluation function.

Returns:
    None
[INFO] 2025-09-27 18:54:32,741 Loaded 240 llm_grader submissions across 6 questions
[DEBUG] 2025-09-27 18:54:32,748 Invoking pointwise evaluator on 240 examples
[DEBUG] 2025-09-27 18:54:33,082 Generating 240 examples...
Prompt example: [
  {
    "content": "You are a meticulous teaching assistant who grades student responses according to the rubric that accompanies each prompt. You must return an integer score only.",
    "role": "system"
  },
  {
    "content": "You will receive an instruction with embedded rubric details, the maximum score, and a student answer. Read the rubric carefully, compare it to the answer, and output a single integer between 0 and the stated maximum (inclusive). Do not output any explanation or extra text.\n\n# Assignment and Rubric:\nYou are a meticulous teaching assistant who grades student responses according to the provided rubric and reference materials.\n\n### Assignment\nNow do the same but with jobs of different lengths: 100, 200, and 300. The commands are (./scheduler.py -p SJF -l 100,200,300) and (./scheduler.py -p FIFO -l 100,200,300). Compute the response time and turnaround time for SJF and FIFO? What if you change the order of the job length? Try different orders to find the difference.\n\n### Rubric (Student-Facing)\n1.For correct \u201cAverage reponse time and Turnaround time\u201d for SJF (6.5 points)\n2.For correct \u201cAverage reponse time and Turnaround time\u201d for FIFO (6.5 points)\n3.For point out \u201cif change the order of job length, response time and turnaround time for the SJF policy should remain the same.\u201d (3 points) \n4.For correct explain \u201cthe results for FIFO policy in different orders will change.\u201d (3 points)\n\n### Instructor Criteria\ncase1: \n\u2022 For correct \u201cAverage reponse time and Turnaround time\u201d for SJF (6.5 points)\n\u2022 For correct \u201cAverage reponse time and Turnaround time\u201d for FIFO (6.5 points)\n\u2022 For point out \u201cif change the order of job length, response time and turnaround time for the SJF policy should remain the same.\u201d (3 points) \n\u2022 For correct explain \u201cthe results for FIFO policy in different orders will change.\u201d (3 points) \ncase2: \n\u2022 For point out \u201cif change the order of job length, response time and turnaround time for the SJF policy should remain the same.\u201d (3 points)  and explain the reason (6.5). \n\u2022 For correct explain \u201cthe results for FIFO policy in different orders will change.\u201d (3 points) and explain the reason (6.5).\n\n### Reference Answer\nThe response time and turnaround time for three jobs using the FIFO policy and SJF policy are the same in the given order of job length. If we change the order of job length, response time and turnaround time for the SJF policy should remain the same.\nHowever, the results for FIFO policy in different orders will change. In particular, if we run these jobs in order 300, 200, 100, it makes FIFO perform poorly (the average response time is 266.67, and turnaround time is 466.67).\n\n### Maximum Score\n19\n\n### Reference Materials\n# scheduler.py\n#! /usr/bin/env python\n\nimport sys\nfrom optparse import OptionParser\nimport random\n\nparser = OptionParser()\nparser.add_option(\"-s\", \"--seed\", default=0, help=\"the random seed\",\n                  action=\"store\", type=\"int\", dest=\"seed\")\nparser.add_option(\"-j\", \"--jobs\", default=3, help=\"number of jobs in the system\",\n                  action=\"store\", type=\"int\", dest=\"jobs\")\nparser.add_option(\"-l\", \"--jlist\", default=\"\", help=\"instead of random jobs, provide a comma-separated list of run times\",\n                  action=\"store\", type=\"string\", dest=\"jlist\")\nparser.add_option(\"-m\", \"--maxlen\", default=10, help=\"max length of job\",\n                  action=\"store\", type=\"int\", dest=\"maxlen\")\nparser.add_option(\"-p\", \"--policy\", default=\"FIFO\", help=\"sched policy to use: SJF, FIFO, RR\",\n                  action=\"store\", type=\"string\", dest=\"policy\")\nparser.add_option(\"-q\", \"--quantum\", help=\"length of time slice for RR policy\", default=1,\n                  action=\"store\", type=\"int\", dest=\"quantum\")\nparser.add_option(\"-c\", help=\"compute answers for me\", action=\"store_true\", default=False, dest=\"solve\")\n\n(options, args) = parser.parse_args()\n\nrandom.seed(options.seed)\n\nprint 'ARG policy', options.policy\nif options.jlist == '':\n    print 'ARG jobs', options.jobs\n    print 'ARG maxlen', options.maxlen\n    print 'ARG seed', options.seed\nelse:\n    print 'ARG jlist', options.jlist\n\nprint ''\n\nprint 'Here is the job list, with the run time of each job: '\n\nimport operator\n\njoblist = []\nif options.jlist == '':\n    for jobnum in range(0,options.jobs):\n        runtime = int(options.maxlen * random.random()) + 1\n        joblist.append([jobnum, runtime])\n        print '  Job', jobnum, '( length = ' + str(runtime) + ' )'\nelse:\n    jobnum = 0\n    for runtime in options.jlist.split(','):\n        joblist.append([jobnum, float(runtime)])\n        jobnum += 1\n    for job in joblist:\n        print '  Job', job[0], '( length = ' + str(job[1]) + ' )'\nprint '\\n'\n\nif options.solve == True:\n    print '** Solutions **\\n'\n    if options.policy == 'SJF':\n        joblist = sorted(joblist, key=operator.itemgetter(1))\n        options.policy = 'FIFO'\n\n    if options.policy == 'FIFO':\n        thetime = 0\n        print 'Execution trace:'\n        for job in joblist:\n            print '  [ time %3d ] Run job %d for %.2f secs ( DONE at %.2f )' % (thetime, job[0], job[1], thetime + job[1])\n            thetime += job[1]\n\n        print '\\nFinal statistics:'\n        t     = 0.0\n        count = 0\n        turnaroundSum = 0.0\n        waitSum       = 0.0\n        responseSum   = 0.0\n        for tmp in joblist:\n            jobnum  = tmp[0]\n            runtime = tmp[1]\n\n            response   = t\n            turnaround = t + runtime\n            wait       = t\n            print '  Job %3d -- Response: %3.2f  Turnaround %3.2f  Wait %3.2f' % (jobnum, response, turnaround, wait)\n            responseSum   += response\n            turnaroundSum += turnaround\n            waitSum       += wait\n            t += runtime\n            count = count + 1\n        print '\\n  Average -- Response: %3.2f  Turnaround %3.2f  Wait %3.2f\\n' % (responseSum/count, turnaroundSum/count, waitSum/count)\n\n    if options.policy == 'RR':\n        print 'Execution trace:'\n        turnaround = {}\n        response = {}\n        lastran = {}\n        wait = {}\n        quantum  = float(options.quantum)\n        jobcount = len(joblist)\n        for i in range(0,jobcount):\n            lastran[i] = 0.0\n            wait[i] = 0.0\n            turnaround[i] = 0.0\n            response[i] = -1\n\n        runlist = []\n        for e in joblist:\n            runlist.append(e)\n\n        thetime  = 0.0\n        while jobcount > 0:\n            # print '%d jobs remaining' % jobcount\n            job = runlist.pop(0)\n            jobnum  = job[0]\n            runtime = float(job[1])\n            if response[jobnum] == -1:\n                response[jobnum] = thetime\n            currwait = thetime - lastran[jobnum]\n            wait[jobnum] += currwait\n            if runtime > quantum:\n                runtime -= quantum\n                ranfor = quantum\n                print '  [ time %3d ] Run job %3d for %.2f secs' % (thetime, jobnum, ranfor)\n                runlist.append([jobnum, runtime])\n            else:\n                ranfor = runtime;\n                print '  [ time %3d ] Run job %3d for %.2f secs ( DONE at %.2f )' % (thetime, jobnum, ranfor, thetime + ranfor)\n                turnaround[jobnum] = thetime + ranfor\n                jobcount -= 1\n            thetime += ranfor\n            lastran[jobnum] = thetime\n\n        print '\\nFinal statistics:'\n        turnaroundSum = 0.0\n        waitSum       = 0.0\n        responseSum   = 0.0\n        for i in range(0,len(joblist)):\n            turnaroundSum += turnaround[i]\n            responseSum += response[i]\n            waitSum += wait[i]\n            print '  Job %3d -- Response: %3.2f  Turnaround %3.2f  Wait %3.2f' % (i, response[i], turnaround[i], wait[i])\n        count = len(joblist)\n\n        print '\\n  Average -- Response: %3.2f  Turnaround %3.2f  Wait %3.2f\\n' % (responseSum/count, turnaroundSum/count, waitSum/count)\n\n    if options.policy != 'FIFO' and options.policy != 'SJF' and options.policy != 'RR':\n        print 'Error: Policy', options.policy, 'is not available.'\n        sys.exit(0)\nelse:\n    print 'Compute the turnaround time, response time, and wait time for each job.'\n    print 'When you are done, run this program again, with the same arguments,'\n    print 'but with -c, which will thus provide you with the answers. You can use'\n    print '-s <somenumber> or your own job list (-l 10,15,20 for example)'\n    print 'to generate different problems for yourself.'\n    print ''\n\n# Student Answer:\nWhen changing the order of the length to \n\u201c ./scheduler.py -p SJF -l 300,200,100 \u201d, the scheduler will execute the last jobs first because it has the shortest length, then the execute the second and last the first. However, the change of the order of the jobs length will still execute from the first to the last job as it is FIFO.\n\n# Output Format:\nReturn a single integer score only.",
    "role": "user"
  }
]
[DEBUG] 2025-09-27 18:54:33,225 Completed evaluation; 0 parse failures detected
[DEBUG] 2025-09-27 18:54:33,225 Example prompt after evaluation:
[SYSTEM]
You are a meticulous teaching assistant who grades student responses according to the rubric that accompanies each prompt. You must return an integer score only.

[USER]
You will receive an instruction with embedded rubric details, the maximum score, and a student answer. Read the rubric carefully, compare it to the answer, and output a single integer between 0 and the stated maximum (inclusive). Do not output any explanation or extra text.

# Assignment and Rubric:
You are a meticulous teaching assistant who grades student responses according to the provided rubric and reference materials.

### Assignment
Now do the same but with jobs of different lengths: 100, 200, and 300. The commands are (./scheduler.py -p SJF -l 100,200,300) and (./scheduler.py -p FIFO -l 100,200,300). Compute the response time and turnaround time for SJF and FIFO? What if you change the order of the job length? Try different orders to find the difference.

### Rubric (Student-Facing)
1.For correct “Average reponse time and Turnaround time” for SJF (6.5 points)
2.For correct “Average reponse time and Turnaround time” for FIFO (6.5 points)
3.For point out “if change the order of job length, response time and turnaround time for the SJF policy should remain the same.” (3 points) 
4.For correct explain “the results for FIFO policy in different orders will change.” (3 points)

### Instructor Criteria
case1: 
• For correct “Average reponse time and Turnaround time” for SJF (6.5 points)
• For correct “Average reponse time and Turnaround time” for FIFO (6.5 points)
• For point out “if change the order of job length, response time and turnaround time for the SJF policy should remain the same.” (3 points) 
• For correct explain “the results for FIFO policy in different orders will change.” (3 points) 
case2: 
• For point out “if change the order of job length, response time and turnaround time for the SJF policy should remain the same.” (3 points)  and explain the reason (6.5). 
• For correct explain “the results for FIFO policy in different orders will change.” (3 points) and explain the reason (6.5).

### Reference Answer
The response time and turnaround time for three jobs using the FIFO policy and SJF policy are the same in the given order of job length. If we change the order of job length, response time and turnaround time for the SJF policy should remain the same.
However, the results for FIFO policy in different orders will change. In particular, if we run these jobs in order 300, 200, 100, it makes FIFO perform poorly (the average response time is 266.67, and turnaround time is 466.67).

### Maximum Score
19

### Reference Materials
# scheduler.py
#! /usr/bin/env python

import sys
from optparse import OptionParser
import random

parser = OptionParser()
parser.add_option("-s", "--seed", default=0, help="the random seed",
                  action="store", type="int", dest="seed")
parser.add_option("-j", "--jobs", default=3, help="number of jobs in the system",
                  action="store", type="int", dest="jobs")
parser.add_option("-l", "--jlist", default="", help="instead of random jobs, provide a comma-separated list of run times",
                  action="store", type="string", dest="jlist")
parser.add_option("-m", "--maxlen", default=10, help="max length of job",
                  action="store", type="int", dest="maxlen")
parser.add_option("-p", "--policy", default="FIFO", help="sched policy to use: SJF, FIFO, RR",
                  action="store", type="string", dest="policy")
parser.add_option("-q", "--quantum", help="length of time slice for RR policy", default=1,
                  action="store", type="int", dest="quantum")
parser.add_option("-c", help="compute answers for me", action="store_true", default=False, dest="solve")

(options, args) = parser.parse_args()

random.seed(options.seed)

print 'ARG policy', options.policy
if options.jlist == '':
    print 'ARG jobs', options.jobs
    print 'ARG maxlen', options.maxlen
    print 'ARG seed', options.seed
else:
    print 'ARG jlist', options.jlist

print ''

print 'Here is the job list, with the run time of each job: '

import operator

joblist = []
if options.jlist == '':
    for jobnum in range(0,options.jobs):
        runtime = int(options.maxlen * random.random()) + 1
        joblist.append([jobnum, runtime])
        print '  Job', jobnum, '( length = ' + str(runtime) + ' )'
else:
    jobnum = 0
    for runtime in options.jlist.split(','):
        joblist.append([jobnum, float(runtime)])
        jobnum += 1
    for job in joblist:
        print '  Job', job[0], '( length = ' + str(job[1]) + ' )'
print '\n'

if options.solve == True:
    print '** Solutions **\n'
    if options.policy == 'SJF':
        joblist = sorted(joblist, key=operator.itemgetter(1))
        options.policy = 'FIFO'

    if options.policy == 'FIFO':
        thetime = 0
        print 'Execution trace:'
        for job in joblist:
            print '  [ time %3d ] Run job %d for %.2f secs ( DONE at %.2f )' % (thetime, job[0], job[1], thetime + job[1])
            thetime += job[1]

        print '\nFinal statistics:'
        t     = 0.0
        count = 0
        turnaroundSum = 0.0
        waitSum       = 0.0
        responseSum   = 0.0
        for tmp in joblist:
            jobnum  = tmp[0]
            runtime = tmp[1]

            response   = t
            turnaround = t + runtime
            wait       = t
            print '  Job %3d -- Response: %3.2f  Turnaround %3.2f  Wait %3.2f' % (jobnum, response, turnaround, wait)
            responseSum   += response
            turnaroundSum += turnaround
            waitSum       += wait
            t += runtime
            count = count + 1
        print '\n  Average -- Response: %3.2f  Turnaround %3.2f  Wait %3.2f\n' % (responseSum/count, turnaroundSum/count, waitSum/count)

    if options.policy == 'RR':
        print 'Execution trace:'
        turnaround = {}
        response = {}
        lastran = {}
        wait = {}
        quantum  = float(options.quantum)
        jobcount = len(joblist)
        for i in range(0,jobcount):
            lastran[i] = 0.0
            wait[i] = 0.0
            turnaround[i] = 0.0
            response[i] = -1

        runlist = []
        for e in joblist:
            runlist.append(e)

        thetime  = 0.0
        while jobcount > 0:
            # print '%d jobs remaining' % jobcount
            job = runlist.pop(0)
            jobnum  = job[0]
            runtime = float(job[1])
            if response[jobnum] == -1:
                response[jobnum] = thetime
            currwait = thetime - lastran[jobnum]
            wait[jobnum] += currwait
            if runtime > quantum:
                runtime -= quantum
                ranfor = quantum
                print '  [ time %3d ] Run job %3d for %.2f secs' % (thetime, jobnum, ranfor)
                runlist.append([jobnum, runtime])
            else:
                ranfor = runtime;
                print '  [ time %3d ] Run job %3d for %.2f secs ( DONE at %.2f )' % (thetime, jobnum, ranfor, thetime + ranfor)
                turnaround[jobnum] = thetime + ranfor
                jobcount -= 1
            thetime += ranfor
            lastran[jobnum] = thetime

        print '\nFinal statistics:'
        turnaroundSum = 0.0
        waitSum       = 0.0
        responseSum   = 0.0
        for i in range(0,len(joblist)):
            turnaroundSum += turnaround[i]
            responseSum += response[i]
            waitSum += wait[i]
            print '  Job %3d -- Response: %3.2f  Turnaround %3.2f  Wait %3.2f' % (i, response[i], turnaround[i], wait[i])
        count = len(joblist)

        print '\n  Average -- Response: %3.2f  Turnaround %3.2f  Wait %3.2f\n' % (responseSum/count, turnaroundSum/count, waitSum/count)

    if options.policy != 'FIFO' and options.policy != 'SJF' and options.policy != 'RR':
        print 'Error: Policy', options.policy, 'is not available.'
        sys.exit(0)
else:
    print 'Compute the turnaround time, response time, and wait time for each job.'
    print 'When you are done, run this program again, with the same arguments,'
    print 'but with -c, which will thus provide you with the answers. You can use'
    print '-s <somenumber> or your own job list (-l 10,15,20 for example)'
    print 'to generate different problems for yourself.'
    print ''

# Student Answer:
When changing the order of the length to 
“ ./scheduler.py -p SJF -l 300,200,100 ”, the scheduler will execute the last jobs first because it has the shortest length, then the execute the second and last the first. However, the change of the order of the jobs length will still execute from the first to the last job as it is FIFO.

# Output Format:
Return a single integer score only.
[INFO] 2025-09-27 18:54:33,225 System prompt: You are a meticulous teaching assistant who grades student responses according to the rubric that accompanies each prompt. You must return an integer score only.
[DEBUG] 2025-09-27 18:54:33,225 Full System prompt:
You are a meticulous teaching assistant who grades student responses according to the rubric that accompanies each prompt. You must return an integer score only.
[INFO] 2025-09-27 18:54:33,225 User prompt: You will receive an instruction with embedded rubric details, the maximum score, and a student answer. Read the rubric carefully, compare it to the answer, and output a single integer between 0 and...
[DEBUG] 2025-09-27 18:54:33,225 Full User prompt:
You will receive an instruction with embedded rubric details, the maximum score, and a student answer. Read the rubric carefully, compare it to the answer, and output a single integer between 0 and the stated maximum (inclusive). Do not output any explanation or extra text.

# Assignment and Rubric:
You are a meticulous teaching assistant who grades student responses according to the provided rubric and reference materials.

### Assignment
Our first question focuses on main-two-cvs-while.c (the working solution). Run with one producer and one consumer, and have the producer produce a few values. Start with a buffer (size 1), and then increase it. How does the behavior of the code change with larger buffers? (or does it?) What would you predict num_full to be with different buffer sizes (e.g., -m 10) and different numbers of produced items (e.g., -l 100), when you change the consumer sleep string from default (no sleep) to -C 0,0,0,0,0,0,1?

### Rubric (Student-Facing)
3 sub-questions, 9 points for each sub-question

### Instructor Criteria
3 sub-questions, 9 points for each sub-question

### Reference Answer
With larger buffers, producer can add multiple values to the buffer (up to the length of the buffer) before it waits or context switches, and vice versa for the consumer. The second question models consumers that take much longer to consume items than it takes for producers to produce items. The consumer grabs one item each and then immediately falls asleep for one second, leaving the producer to fill the buffer. The producer would then sleep until the consumer woke up and cycle repeated. (Help to understand the second question model) The buffer would thus spend most of its time full, i.e. num_full would always be equal to or close to the buffer size. Since there is only one empty buffer slot, the producer will run once, and until the loops are over for each, they will take turns to add/remove one at a time.

### Maximum Score
27

### Reference Materials
# Makefile
BINARIES = main-two-cvs-while main-two-cvs-if main-one-cv-while
HEADERS = mythreads.h main-header.h main-common.c pc-header.h

all: $(BINARIES)

clean:
	rm -f $(BINARIES)

main-one-cv-while: main-one-cv-while.c $(HEADERS)
	gcc -o main-one-cv-while main-one-cv-while.c -Wall -Wno-pointer-to-int-cast -pthread

main-two-cvs-if: main-two-cvs-if.c $(HEADERS)
	gcc -o main-two-cvs-if main-two-cvs-if.c -Wall -Wno-pointer-to-int-cast -pthread

main-two-cvs-while: main-two-cvs-while.c $(HEADERS)
	gcc -o main-two-cvs-while main-two-cvs-while.c -Wall -Wno-pointer-to-int-cast -pthread

# main-common.c
// Common usage() prints out stuff for command-line help
void usage() {
    fprintf(stderr, "usage: \n");
    fprintf(stderr, "  -l <number of items each producer produces>\n");
    fprintf(stderr, "  -m <size of the shared producer/consumer buffer>\n");
    fprintf(stderr, "  -p <number of producers>\n");
    fprintf(stderr, "  -c <number of consumers>\n");
    fprintf(stderr, "  -P <sleep string: how each producer should sleep at various points in execution>\n");
    fprintf(stderr, "  -C <sleep string: how each consumer should sleep at various points in execution>\n");
    fprintf(stderr, "  -v [ verbose flag: trace what is happening and print it ]\n");
    fprintf(stderr, "  -t [ timing flag: time entire execution and print total time ]\n");
    exit(1);
}

// Common main() for all four programs
// - Does arg parsing
// - Starts producers and consumers
// - Once producers are finished, puts END_OF_STREAM
//   marker into shared queue to signal end to consumers
// - Then waits for consumers and prints some final info
int main(int argc, char *argv[]) {
    loops = 1;
    max = 1;
    consumers = 1;
    producers = 1;

    char *producer_pause_string = NULL;
    char *consumer_pause_string = NULL;

    opterr = 0;
    int c;
    while ((c = getopt (argc, argv, "l:m:p:c:P:C:vt")) != -1) {
	switch (c) {
	case 'l':
	    loops = atoi(optarg);
	    break;
	case 'm':
	    max = atoi(optarg);
	    break;
	case 'p':
	    producers = atoi(optarg);
	    break;
	case 'c':
	    consumers = atoi(optarg);
	    break;
	case 'P':
	    producer_pause_string = optarg;
	    break;
	case 'C':
	    consumer_pause_string = optarg;
	    break;
	case 'v':
	    do_trace = 1;
	    break;
	case 't':
	    do_timing = 1;
	    break;
	default:
	    usage();
	}
    }

    assert(loops > 0);
    assert(max > 0);
    assert(producers <= MAX_THREADS);
    assert(consumers <= MAX_THREADS);

    if (producer_pause_string != NULL)
	parse_pause_string(producer_pause_string, "producers", producers, producer_pause_times);
    if (consumer_pause_string != NULL)
	parse_pause_string(consumer_pause_string, "consumers", consumers, consumer_pause_times);

    // make space for shared buffer, and init it ...
    buffer = (int *) Malloc(max * sizeof(int));
    int i;
    for (i = 0; i < max; i++) {
	buffer[i] = EMPTY;
    }

    do_print_headers();

    double t1 = Time_GetSeconds();

    // start up all threads; order doesn't matter here
    pthread_t pid[MAX_THREADS], cid[MAX_THREADS];
    int thread_id = 0;
    for (i = 0; i < producers; i++) {
	Pthread_create(&pid[i], NULL, producer, (void *) (long long) thread_id);
	thread_id++;
    }
    for (i = 0; i < consumers; i++) {
	Pthread_create(&cid[i], NULL, consumer, (void *) (long long) thread_id);
	thread_id++;
    }

    // now wait for all PRODUCERS to finish
    for (i = 0; i < producers; i++) {
	Pthread_join(pid[i], NULL);
    }

    // end case: when producers are all done
    // - put "consumers" number of END_OF_STREAM's in queue
    // - when consumer sees -1, it exits
    for (i = 0; i < consumers; i++) {
	Mutex_lock(&m);
	while (num_full == max)
	    Cond_wait(empty_cv, &m);
	do_fill(END_OF_STREAM);
	do_eos();
	Cond_signal(fill_cv);
	Mutex_unlock(&m);
    }

    // now OK to wait for all consumers
    int counts[consumers];
    for (i = 0; i < consumers; i++) {
	Pthread_join(cid[i], (void *) &counts[i]);
    }

    double t2 = Time_GetSeconds();

    if (do_trace) {
	printf("\nConsumer consumption:\n");
	for (i = 0; i < consumers; i++) {
	    printf("  C%d -> %d\n", i, counts[i]);
	}
	printf("\n");
    }

    if (do_timing) {
	printf("Total time: %.2f seconds\n", t2-t1);
    }

    return 0;
}

# main-header.h
#ifndef __main_header_h__
#define __main_header_h__

// all this is for the homework side of things

int do_trace = 0;
int do_timing = 0;

#define p0 do_pause(id, 1, 0, "p0");
#define p1 do_pause(id, 1, 1, "p1");
#define p2 do_pause(id, 1, 2, "p2");
#define p3 do_pause(id, 1, 3, "p3");
#define p4 do_pause(id, 1, 4, "p4");
#define p5 do_pause(id, 1, 5, "p5");
#define p6 do_pause(id, 1, 6, "p6");

#define c0 do_pause(id, 0, 0, "c0");
#define c1 do_pause(id, 0, 1, "c1");
#define c2 do_pause(id, 0, 2, "c2");
#define c3 do_pause(id, 0, 3, "c3");
#define c4 do_pause(id, 0, 4, "c4");
#define c5 do_pause(id, 0, 5, "c5");
#define c6 do_pause(id, 0, 6, "c6");

int producer_pause_times[MAX_THREADS][7];
int consumer_pause_times[MAX_THREADS][7];

// needed to avoid interleaving of print out from threads
pthread_mutex_t print_lock = PTHREAD_MUTEX_INITIALIZER;

void do_print_headers() {
    if (do_trace == 0)
	return;
    int i;
    printf("%3s ", "NF");
    for (i = 0; i < max; i++) {
	printf(" %3s ", "   ");
    }
    printf("   ");

    for (i = 0; i < producers; i++)
	printf("P%d ", i);
    for (i = 0; i < consumers; i++)
	printf("C%d ", i);
    printf("\n");
}

void do_print_pointers(int index) {
    if (use_ptr == index && fill_ptr == index) {
	printf("*");
    } else if (use_ptr == index) {
	printf("u");
    } else if (fill_ptr == index) {
	printf("f");
    } else {
	printf(" ");
    }
}

void do_print_buffer() {
    int i;
    printf("%3d [", num_full);
    for (i = 0; i < max; i++) {
	do_print_pointers(i);
	if (buffer[i] == EMPTY) {
	    printf("%3s ", "---");
	} else if (buffer[i] == END_OF_STREAM) {
	    printf("%3s ", "EOS");
	} else {
	    printf("%3d ", buffer[i]);
	}
    }
    printf("] ");
}

void do_eos() {
    if (do_trace) {
	Mutex_lock(&print_lock);
	do_print_buffer();
	//printf("%3d [added end-of-stream marker]\n", num_full);
	printf("[main: added end-of-stream marker]\n");
	Mutex_unlock(&print_lock);
    }
}

void do_pause(int thread_id, int is_producer, int pause_slot, char *str) {
    int i;
    if (do_trace) {
	Mutex_lock(&print_lock);
	do_print_buffer();

	// skip over other thread's spots
	for (i = 0; i < thread_id; i++) {
	    printf("   ");
	}
	printf("%s\n", str);
	Mutex_unlock(&print_lock);
    }

    int local_id = thread_id;
    int pause_time;
    if (is_producer) {
	pause_time = producer_pause_times[local_id][pause_slot];
    } else {
	local_id = thread_id - producers;
	pause_time = consumer_pause_times[local_id][pause_slot];
    }
    // printf(" PAUSE %d\n", pause_time);
    sleep(pause_time);
}

void ensure(int expression, char *msg) {
    if (expression == 0) {
	fprintf(stderr, "%s\n", msg);
	exit(1);
    }
}

void parse_pause_string(char *str, char *name, int expected_pieces,
			int pause_array[MAX_THREADS][7]) {

    // string looks like this (or should):
    //   1,2,0:2,3,4,5
    //   n-1 colons if there are n producers/consumers
    //   comma-separated for sleep amounts per producer or consumer
    int index = 0;

    char *copy_entire = strdup(str);
    char *outer_marker;
    int colon_count = 0;
    char *p = strtok_r(copy_entire, ":", &outer_marker);
    while (p) {
	// init array: default sleep is 0
	int i;
	for (i = 0; i < 7; i++)
	    pause_array[index][i] = 0;

	// for each piece, comma separated
	char *inner_marker;
	char *copy_piece = strdup(p);
	char *c = strtok_r(copy_piece, ",", &inner_marker);
	int comma_count = 0;

	int inner_index = 0;
	while (c) {
	    int pause_amount = atoi(c);
	    ensure(inner_index < 7, "you specified a sleep string incorrectly... (too many comma-separated args)");
	    // printf("setting %s pause %d to %d\n", name, inner_index, pause_amount);
	    pause_array[index][inner_index] = pause_amount;
	    inner_index++;

	    c = strtok_r(NULL, ",", &inner_marker);
	    comma_count++;
	}
	free(copy_piece);
	index++;

	// continue with colon separated list
	p = strtok_r(NULL, ":", &outer_marker);
	colon_count++;
    }

    free(copy_entire);
    if (expected_pieces != colon_count) {
	fprintf(stderr, "Error: expected %d %s in sleep specification, got %d\n", expected_pieces, name, colon_count);
	exit(1);
    }
}


#endif // __main_header_h__

# main-one-cv-while.c
#include <ctype.h>
#include <stdio.h>
#include <stdlib.h>
#include <unistd.h>
#include <assert.h>
#include <pthread.h>
#include <sys/time.h>
#include <string.h>

#include "mythreads.h"

#include "pc-header.h"

pthread_cond_t cv = PTHREAD_COND_INITIALIZER;
pthread_mutex_t m = PTHREAD_MUTEX_INITIALIZER;

#include "main-header.h"

void do_fill(int value) {
    // ensure empty before usage
    ensure(buffer[fill_ptr] == EMPTY, "error: tried to fill a non-empty buffer");
    buffer[fill_ptr] = value;
    fill_ptr = (fill_ptr + 1) % max;
    num_full++;
}

int do_get() {
    int tmp = buffer[use_ptr];
    ensure(tmp != EMPTY, "error: tried to get an empty buffer");
    buffer[use_ptr] = EMPTY;
    use_ptr = (use_ptr + 1) % max;
    num_full--;
    return tmp;
}

void *producer(void *arg) {
    int id = (int) arg;
    // make sure each producer produces unique values
    int base = id * loops;
    int i;
    for (i = 0; i < loops; i++) {   p0;
	Mutex_lock(&m);             p1;
	while (num_full == max) {   p2;
	    Cond_wait(&cv, &m);     p3;
	}
	do_fill(base + i);          p4;
	Cond_signal(&cv);           p5;
	Mutex_unlock(&m);           p6;
    }
    return NULL;
}

void *consumer(void *arg) {
    int id = (int) arg;
    int tmp = 0;
    int consumed_count = 0;
    while (tmp != END_OF_STREAM) { c0;
	Mutex_lock(&m);            c1;
	while (num_full == 0) {    c2;
	    Cond_wait(&cv, &m);    c3;
        }
	tmp = do_get();            c4;
	Cond_signal(&cv);          c5;
	Mutex_unlock(&m);          c6;
	consumed_count++;
    }

    // return consumer_count-1 because END_OF_STREAM does not count
    return (void *) (long long) (consumed_count - 1);
}

// must set these appropriately to use "main-common.c"
pthread_cond_t *fill_cv = &cv;
pthread_cond_t *empty_cv = &cv;

// all codes use this common base to start producers/consumers
// and all the other related stuff
#include "main-common.c"

# main-two-cvs-if.c
#include <ctype.h>
#include <stdio.h>
#include <stdlib.h>
#include <unistd.h>
#include <assert.h>
#include <pthread.h>
#include <sys/time.h>
#include <string.h>

#include "mythreads.h"
#include "pc-header.h"

pthread_cond_t empty  = PTHREAD_COND_INITIALIZER;
pthread_cond_t fill   = PTHREAD_COND_INITIALIZER;
pthread_mutex_t m     = PTHREAD_MUTEX_INITIALIZER;

#include "main-header.h"

void do_fill(int value) {
    // ensure empty before usage
    ensure(buffer[fill_ptr] == EMPTY, "error: tried to fill a non-empty buffer");
    buffer[fill_ptr] = value;
    fill_ptr = (fill_ptr + 1) % max;
    num_full++;
}

int do_get() {
    int tmp = buffer[use_ptr];
    ensure(tmp != EMPTY, "error: tried to get an empty buffer");
    buffer[use_ptr] = EMPTY;
    use_ptr = (use_ptr + 1) % max;
    num_full--;
    return tmp;
}

void *producer(void *arg) {
    int id = (int) arg;
    // make sure each producer produces unique values
    int base = id * loops;
    int i;
    for (i = 0; i < loops; i++) {   p0;
	Mutex_lock(&m);             p1;
	if (num_full == max) {      p2;
	    Cond_wait(&empty, &m);  p3;
	}
	do_fill(base + i);          p4;
	Cond_signal(&fill);         p5;
	Mutex_unlock(&m);           p6;
    }
    return NULL;
}

void *consumer(void *arg) {
    int id = (int) arg;
    int tmp = 0;
    int consumed_count = 0;
    while (tmp != END_OF_STREAM) { c0;
	Mutex_lock(&m);            c1;
	if (num_full == 0) {       c2;
	    Cond_wait(&fill, &m);  c3;
        }
	tmp = do_get();            c4;
	Cond_signal(&empty);       c5;
	Mutex_unlock(&m);          c6;
	consumed_count++;
    }

    // return consumer_count-1 because END_OF_STREAM does not count
    return (void *) (long long) (consumed_count - 1);
}

// must set these appropriately to use "main-common.c"
pthread_cond_t *fill_cv = &fill;
pthread_cond_t *empty_cv = &empty;

// all codes use this common base to start producers/consumers
// and all the other related stuff
#include "main-common.c"

# main-two-cvs-while.c
#include <ctype.h>
#include <stdio.h>
#include <stdlib.h>
#include <unistd.h>
#include <assert.h>
#include <pthread.h>
#include <sys/time.h>
#include <string.h>

#include "mythreads.h"

#include "pc-header.h"

// used in producer/consumer signaling protocol
pthread_cond_t empty  = PTHREAD_COND_INITIALIZER;
pthread_cond_t fill   = PTHREAD_COND_INITIALIZER;
pthread_mutex_t m     = PTHREAD_MUTEX_INITIALIZER;

#include "main-header.h"

void do_fill(int value) {
    // ensure empty before usage
    ensure(buffer[fill_ptr] == EMPTY, "error: tried to fill a non-empty buffer");
    buffer[fill_ptr] = value;
    fill_ptr = (fill_ptr + 1) % max;
    num_full++;
}

int do_get() {
    int tmp = buffer[use_ptr];
    ensure(tmp != EMPTY, "error: tried to get an empty buffer");
    buffer[use_ptr] = EMPTY;
    use_ptr = (use_ptr + 1) % max;
    num_full--;
    return tmp;
}

void *producer(void *arg) {
    int id = (int) arg;
    // make sure each producer produces unique values
    int base = id * loops;
    int i;
    for (i = 0; i < loops; i++) {   p0;
	Mutex_lock(&m);             p1;
	while (num_full == max) {   p2;
	    Cond_wait(&empty, &m);  p3;
	}
	do_fill(base + i);          p4;
	Cond_signal(&fill);         p5;
	Mutex_unlock(&m);           p6;
    }
    return NULL;
}

void *consumer(void *arg) {
    int id = (int) arg;
    int tmp = 0;
    int consumed_count = 0;
    while (tmp != END_OF_STREAM) { c0;
	Mutex_lock(&m);            c1;
	while (num_full == 0) {    c2;
	    Cond_wait(&fill, &m);  c3;
        }
	tmp = do_get();            c4;
	Cond_signal(&empty);       c5;
	Mutex_unlock(&m);          c6;
	consumed_count++;
    }

    // return consumer_count-1 because END_OF_STREAM does not count
    return (void *) (long long) (consumed_count - 1);
}

// must set these appropriately to use "main-common.c"
pthread_cond_t *fill_cv = &fill;
pthread_cond_t *empty_cv = &empty;

// all codes use this common base to start producers/consumers
// and all the other related stuff
#include "main-common.c"

# mythreads.h
#ifndef __MYTHREADS_h__
#define __MYTHREADS_h__

#include <pthread.h>
#include <assert.h>
#include <sys/time.h>
#include <stdlib.h>

void *Malloc(size_t size) {
    void *p = malloc(size);
    assert(p != NULL);
    return p;
}

double Time_GetSeconds() {
    struct timeval t;
    int rc = gettimeofday(&t, NULL);
    assert(rc == 0);
    return (double) ((double)t.tv_sec + (double)t.tv_usec / 1e6);
}

void work(int seconds) {
    double t0 = Time_GetSeconds();
    while ((Time_GetSeconds() - t0) < (double)seconds)
	;
}

void Mutex_init(pthread_mutex_t *m) {
    assert(pthread_mutex_init(m, NULL) == 0);
}

void Mutex_lock(pthread_mutex_t *m) {
    int rc = pthread_mutex_lock(m);
    assert(rc == 0);
}

void Mutex_unlock(pthread_mutex_t *m) {
    int rc = pthread_mutex_unlock(m);
    assert(rc == 0);
}

void Cond_init(pthread_cond_t *c) {
    assert(pthread_cond_init(c, NULL) == 0);
}

void Cond_wait(pthread_cond_t *c, pthread_mutex_t *m) {
    int rc = pthread_cond_wait(c, m);
    assert(rc == 0);
}

void Cond_signal(pthread_cond_t *c) {
    int rc = pthread_cond_signal(c);
    assert(rc == 0);
}


void Pthread_create(pthread_t *thread, const pthread_attr_t *attr,
		    void *(*start_routine)(void*), void *arg) {
    int rc = pthread_create(thread, attr, start_routine, arg);
    assert(rc == 0);
}

void Pthread_join(pthread_t thread, void **value_ptr) {
    int rc = pthread_join(thread, value_ptr);
    assert(rc == 0);
}


#endif // __MYTHREADS_h__

# pc-header.h
#ifndef __pc_header_h__
#define __pc_header_h__

#define MAX_THREADS (100)  // maximum number of producers/consumers

int producers = 1;         // number of producers
int consumers = 1;         // number of consumers

int *buffer;               // the buffer itself: malloc in main()
int max;                   // size of the producer/consumer buffer

int use_ptr  = 0;          // tracks where next consume should come from
int fill_ptr = 0;          // tracks where next produce should go to
int num_full = 0;          // counts how many entries are full

int loops;                 // number of items that each producer produces

#define EMPTY         (-2) // buffer slot has nothing in it
#define END_OF_STREAM (-1) // consumer who grabs this should exit

#endif // __pc_header_h__

# Student Answer:
If we increase the larger buffer, it means the producer can add multiple values to the buffer until the buffer is in full, before there is a context switch or sleep. On the consumer side, it is also the same case that the consumer can consumer the project until the buffer is zero. The num_full is always equal to or close to the buffer size. As there is only one on buffer slot, and the producer will run once, until the looping for each, and it will task turn to add or remove one at the time. Where we change the consumer sleep for no sleep to -C -0,0,0,0,0,1. It means the consumer takes much more time to consume the item than the producer produces it. Since, when the consumer take one item in each loop, and feel asleep for 1 second, and leaving the producer to fill the buffer. The producer will sleep until the consumer wakes and loops.

# Output Format:
Return a single integer score only.
[INFO] 2025-09-27 18:54:33,225 Assignment: Our first question focuses on main-two-cvs-while.c (the working solution). Run with one producer and one consumer, and have the producer produce a few values. Start with a buffer (size 1), and then...
[DEBUG] 2025-09-27 18:54:33,225 Full Assignment:
Our first question focuses on main-two-cvs-while.c (the working solution). Run with one producer and one consumer, and have the producer produce a few values. Start with a buffer (size 1), and then increase it. How does the behavior of the code change with larger buffers? (or does it?) What would you predict num_full to be with different buffer sizes (e.g., -m 10) and different numbers of produced items (e.g., -l 100), when you change the consumer sleep string from default (no sleep) to -C 0,0,0,0,0,0,1?
[INFO] 2025-09-27 18:54:33,225 Rubric: 3 sub-questions, 9 points for each sub-question
[DEBUG] 2025-09-27 18:54:33,225 Full Rubric:
3 sub-questions, 9 points for each sub-question
[INFO] 2025-09-27 18:54:33,225 Instructor criteria: 3 sub-questions, 9 points for each sub-question
[DEBUG] 2025-09-27 18:54:33,225 Full Instructor criteria:
3 sub-questions, 9 points for each sub-question
[INFO] 2025-09-27 18:54:33,225 Reference answer: With larger buffers, producer can add multiple values to the buffer (up to the length of the buffer) before it waits or context switches, and vice versa for the consumer. The second question models...
[DEBUG] 2025-09-27 18:54:33,225 Full Reference answer:
With larger buffers, producer can add multiple values to the buffer (up to the length of the buffer) before it waits or context switches, and vice versa for the consumer. The second question models consumers that take much longer to consume items than it takes for producers to produce items. The consumer grabs one item each and then immediately falls asleep for one second, leaving the producer to fill the buffer. The producer would then sleep until the consumer woke up and cycle repeated. (Help to understand the second question model) The buffer would thus spend most of its time full, i.e. num_full would always be equal to or close to the buffer size. Since there is only one empty buffer slot, the producer will run once, and until the loops are over for each, they will take turns to add/remove one at a time.
[INFO] 2025-09-27 18:54:33,226 Maximum score: 27
[INFO] 2025-09-27 18:54:33,226 Reference materials: Makefile, main-common.c, main-header.h, main-one-cv-while.c, main-two-cvs-if.c, main-two-cvs-while.c, mythreads.h, pc-header.h
[DEBUG] 2025-09-27 18:54:33,226 Full Reference materials:
Makefile, main-common.c, main-header.h, main-one-cv-while.c, main-two-cvs-if.c, main-two-cvs-while.c, mythreads.h, pc-header.h
[DEBUG] 2025-09-27 18:54:33,226 Reference material [Makefile]:
BINARIES = main-two-cvs-while main-two-cvs-if main-one-cv-while
HEADERS = mythreads.h main-header.h main-common.c pc-header.h

all: $(BINARIES)

clean:
	rm -f $(BINARIES)

main-one-cv-while: main-one-cv-while.c $(HEADERS)
	gcc -o main-one-cv-while main-one-cv-while.c -Wall -Wno-pointer-to-int-cast -pthread

main-two-cvs-if: main-two-cvs-if.c $(HEADERS)
	gcc -o main-two-cvs-if main-two-cvs-if.c -Wall -Wno-pointer-to-int-cast -pthread

main-two-cvs-while: main-two-cvs-while.c $(HEADERS)
	gcc -o main-two-cvs-while main-two-cvs-while.c -Wall -Wno-pointer-to-int-cast -pthread
[DEBUG] 2025-09-27 18:54:33,226 Reference material [main-common.c]:
// Common usage() prints out stuff for command-line help
void usage() {
    fprintf(stderr, "usage: \n");
    fprintf(stderr, "  -l <number of items each producer produces>\n");
    fprintf(stderr, "  -m <size of the shared producer/consumer buffer>\n");
    fprintf(stderr, "  -p <number of producers>\n");
    fprintf(stderr, "  -c <number of consumers>\n");
    fprintf(stderr, "  -P <sleep string: how each producer should sleep at various points in execution>\n");
    fprintf(stderr, "  -C <sleep string: how each consumer should sleep at various points in execution>\n");
    fprintf(stderr, "  -v [ verbose flag: trace what is happening and print it ]\n");
    fprintf(stderr, "  -t [ timing flag: time entire execution and print total time ]\n");
    exit(1);
}

// Common main() for all four programs
// - Does arg parsing
// - Starts producers and consumers
// - Once producers are finished, puts END_OF_STREAM
//   marker into shared queue to signal end to consumers
// - Then waits for consumers and prints some final info
int main(int argc, char *argv[]) {
    loops = 1;
    max = 1;
    consumers = 1;
    producers = 1;

    char *producer_pause_string = NULL;
    char *consumer_pause_string = NULL;

    opterr = 0;
    int c;
    while ((c = getopt (argc, argv, "l:m:p:c:P:C:vt")) != -1) {
	switch (c) {
	case 'l':
	    loops = atoi(optarg);
	    break;
	case 'm':
	    max = atoi(optarg);
	    break;
	case 'p':
	    producers = atoi(optarg);
	    break;
	case 'c':
	    consumers = atoi(optarg);
	    break;
	case 'P':
	    producer_pause_string = optarg;
	    break;
	case 'C':
	    consumer_pause_string = optarg;
	    break;
	case 'v':
	    do_trace = 1;
	    break;
	case 't':
	    do_timing = 1;
	    break;
	default:
	    usage();
	}
    }

    assert(loops > 0);
    assert(max > 0);
    assert(producers <= MAX_THREADS);
    assert(consumers <= MAX_THREADS);

    if (producer_pause_string != NULL)
	parse_pause_string(producer_pause_string, "producers", producers, producer_pause_times);
    if (consumer_pause_string != NULL)
	parse_pause_string(consumer_pause_string, "consumers", consumers, consumer_pause_times);

    // make space for shared buffer, and init it ...
    buffer = (int *) Malloc(max * sizeof(int));
    int i;
    for (i = 0; i < max; i++) {
	buffer[i] = EMPTY;
    }

    do_print_headers();

    double t1 = Time_GetSeconds();

    // start up all threads; order doesn't matter here
    pthread_t pid[MAX_THREADS], cid[MAX_THREADS];
    int thread_id = 0;
    for (i = 0; i < producers; i++) {
	Pthread_create(&pid[i], NULL, producer, (void *) (long long) thread_id);
	thread_id++;
    }
    for (i = 0; i < consumers; i++) {
	Pthread_create(&cid[i], NULL, consumer, (void *) (long long) thread_id);
	thread_id++;
    }

    // now wait for all PRODUCERS to finish
    for (i = 0; i < producers; i++) {
	Pthread_join(pid[i], NULL);
    }

    // end case: when producers are all done
    // - put "consumers" number of END_OF_STREAM's in queue
    // - when consumer sees -1, it exits
    for (i = 0; i < consumers; i++) {
	Mutex_lock(&m);
	while (num_full == max)
	    Cond_wait(empty_cv, &m);
	do_fill(END_OF_STREAM);
	do_eos();
	Cond_signal(fill_cv);
	Mutex_unlock(&m);
    }

    // now OK to wait for all consumers
    int counts[consumers];
    for (i = 0; i < consumers; i++) {
	Pthread_join(cid[i], (void *) &counts[i]);
    }

    double t2 = Time_GetSeconds();

    if (do_trace) {
	printf("\nConsumer consumption:\n");
	for (i = 0; i < consumers; i++) {
	    printf("  C%d -> %d\n", i, counts[i]);
	}
	printf("\n");
    }

    if (do_timing) {
	printf("Total time: %.2f seconds\n", t2-t1);
    }

    return 0;
}
[DEBUG] 2025-09-27 18:54:33,226 Reference material [main-header.h]:
#ifndef __main_header_h__
#define __main_header_h__

// all this is for the homework side of things

int do_trace = 0;
int do_timing = 0;

#define p0 do_pause(id, 1, 0, "p0");
#define p1 do_pause(id, 1, 1, "p1");
#define p2 do_pause(id, 1, 2, "p2");
#define p3 do_pause(id, 1, 3, "p3");
#define p4 do_pause(id, 1, 4, "p4");
#define p5 do_pause(id, 1, 5, "p5");
#define p6 do_pause(id, 1, 6, "p6");

#define c0 do_pause(id, 0, 0, "c0");
#define c1 do_pause(id, 0, 1, "c1");
#define c2 do_pause(id, 0, 2, "c2");
#define c3 do_pause(id, 0, 3, "c3");
#define c4 do_pause(id, 0, 4, "c4");
#define c5 do_pause(id, 0, 5, "c5");
#define c6 do_pause(id, 0, 6, "c6");

int producer_pause_times[MAX_THREADS][7];
int consumer_pause_times[MAX_THREADS][7];

// needed to avoid interleaving of print out from threads
pthread_mutex_t print_lock = PTHREAD_MUTEX_INITIALIZER;

void do_print_headers() {
    if (do_trace == 0)
	return;
    int i;
    printf("%3s ", "NF");
    for (i = 0; i < max; i++) {
	printf(" %3s ", "   ");
    }
    printf("   ");

    for (i = 0; i < producers; i++)
	printf("P%d ", i);
    for (i = 0; i < consumers; i++)
	printf("C%d ", i);
    printf("\n");
}

void do_print_pointers(int index) {
    if (use_ptr == index && fill_ptr == index) {
	printf("*");
    } else if (use_ptr == index) {
	printf("u");
    } else if (fill_ptr == index) {
	printf("f");
    } else {
	printf(" ");
    }
}

void do_print_buffer() {
    int i;
    printf("%3d [", num_full);
    for (i = 0; i < max; i++) {
	do_print_pointers(i);
	if (buffer[i] == EMPTY) {
	    printf("%3s ", "---");
	} else if (buffer[i] == END_OF_STREAM) {
	    printf("%3s ", "EOS");
	} else {
	    printf("%3d ", buffer[i]);
	}
    }
    printf("] ");
}

void do_eos() {
    if (do_trace) {
	Mutex_lock(&print_lock);
	do_print_buffer();
	//printf("%3d [added end-of-stream marker]\n", num_full);
	printf("[main: added end-of-stream marker]\n");
	Mutex_unlock(&print_lock);
    }
}

void do_pause(int thread_id, int is_producer, int pause_slot, char *str) {
    int i;
    if (do_trace) {
	Mutex_lock(&print_lock);
	do_print_buffer();

	// skip over other thread's spots
	for (i = 0; i < thread_id; i++) {
	    printf("   ");
	}
	printf("%s\n", str);
	Mutex_unlock(&print_lock);
    }

    int local_id = thread_id;
    int pause_time;
    if (is_producer) {
	pause_time = producer_pause_times[local_id][pause_slot];
    } else {
	local_id = thread_id - producers;
	pause_time = consumer_pause_times[local_id][pause_slot];
    }
    // printf(" PAUSE %d\n", pause_time);
    sleep(pause_time);
}

void ensure(int expression, char *msg) {
    if (expression == 0) {
	fprintf(stderr, "%s\n", msg);
	exit(1);
    }
}

void parse_pause_string(char *str, char *name, int expected_pieces,
			int pause_array[MAX_THREADS][7]) {

    // string looks like this (or should):
    //   1,2,0:2,3,4,5
    //   n-1 colons if there are n producers/consumers
    //   comma-separated for sleep amounts per producer or consumer
    int index = 0;

    char *copy_entire = strdup(str);
    char *outer_marker;
    int colon_count = 0;
    char *p = strtok_r(copy_entire, ":", &outer_marker);
    while (p) {
	// init array: default sleep is 0
	int i;
	for (i = 0; i < 7; i++)
	    pause_array[index][i] = 0;

	// for each piece, comma separated
	char *inner_marker;
	char *copy_piece = strdup(p);
	char *c = strtok_r(copy_piece, ",", &inner_marker);
	int comma_count = 0;

	int inner_index = 0;
	while (c) {
	    int pause_amount = atoi(c);
	    ensure(inner_index < 7, "you specified a sleep string incorrectly... (too many comma-separated args)");
	    // printf("setting %s pause %d to %d\n", name, inner_index, pause_amount);
	    pause_array[index][inner_index] = pause_amount;
	    inner_index++;

	    c = strtok_r(NULL, ",", &inner_marker);
	    comma_count++;
	}
	free(copy_piece);
	index++;

	// continue with colon separated list
	p = strtok_r(NULL, ":", &outer_marker);
	colon_count++;
    }

    free(copy_entire);
    if (expected_pieces != colon_count) {
	fprintf(stderr, "Error: expected %d %s in sleep specification, got %d\n", expected_pieces, name, colon_count);
	exit(1);
    }
}


#endif // __main_header_h__
[DEBUG] 2025-09-27 18:54:33,226 Reference material [main-one-cv-while.c]:
#include <ctype.h>
#include <stdio.h>
#include <stdlib.h>
#include <unistd.h>
#include <assert.h>
#include <pthread.h>
#include <sys/time.h>
#include <string.h>

#include "mythreads.h"

#include "pc-header.h"

pthread_cond_t cv = PTHREAD_COND_INITIALIZER;
pthread_mutex_t m = PTHREAD_MUTEX_INITIALIZER;

#include "main-header.h"

void do_fill(int value) {
    // ensure empty before usage
    ensure(buffer[fill_ptr] == EMPTY, "error: tried to fill a non-empty buffer");
    buffer[fill_ptr] = value;
    fill_ptr = (fill_ptr + 1) % max;
    num_full++;
}

int do_get() {
    int tmp = buffer[use_ptr];
    ensure(tmp != EMPTY, "error: tried to get an empty buffer");
    buffer[use_ptr] = EMPTY;
    use_ptr = (use_ptr + 1) % max;
    num_full--;
    return tmp;
}

void *producer(void *arg) {
    int id = (int) arg;
    // make sure each producer produces unique values
    int base = id * loops;
    int i;
    for (i = 0; i < loops; i++) {   p0;
	Mutex_lock(&m);             p1;
	while (num_full == max) {   p2;
	    Cond_wait(&cv, &m);     p3;
	}
	do_fill(base + i);          p4;
	Cond_signal(&cv);           p5;
	Mutex_unlock(&m);           p6;
    }
    return NULL;
}

void *consumer(void *arg) {
    int id = (int) arg;
    int tmp = 0;
    int consumed_count = 0;
    while (tmp != END_OF_STREAM) { c0;
	Mutex_lock(&m);            c1;
	while (num_full == 0) {    c2;
	    Cond_wait(&cv, &m);    c3;
        }
	tmp = do_get();            c4;
	Cond_signal(&cv);          c5;
	Mutex_unlock(&m);          c6;
	consumed_count++;
    }

    // return consumer_count-1 because END_OF_STREAM does not count
    return (void *) (long long) (consumed_count - 1);
}

// must set these appropriately to use "main-common.c"
pthread_cond_t *fill_cv = &cv;
pthread_cond_t *empty_cv = &cv;

// all codes use this common base to start producers/consumers
// and all the other related stuff
#include "main-common.c"
[DEBUG] 2025-09-27 18:54:33,226 Reference material [main-two-cvs-if.c]:
#include <ctype.h>
#include <stdio.h>
#include <stdlib.h>
#include <unistd.h>
#include <assert.h>
#include <pthread.h>
#include <sys/time.h>
#include <string.h>

#include "mythreads.h"
#include "pc-header.h"

pthread_cond_t empty  = PTHREAD_COND_INITIALIZER;
pthread_cond_t fill   = PTHREAD_COND_INITIALIZER;
pthread_mutex_t m     = PTHREAD_MUTEX_INITIALIZER;

#include "main-header.h"

void do_fill(int value) {
    // ensure empty before usage
    ensure(buffer[fill_ptr] == EMPTY, "error: tried to fill a non-empty buffer");
    buffer[fill_ptr] = value;
    fill_ptr = (fill_ptr + 1) % max;
    num_full++;
}

int do_get() {
    int tmp = buffer[use_ptr];
    ensure(tmp != EMPTY, "error: tried to get an empty buffer");
    buffer[use_ptr] = EMPTY;
    use_ptr = (use_ptr + 1) % max;
    num_full--;
    return tmp;
}

void *producer(void *arg) {
    int id = (int) arg;
    // make sure each producer produces unique values
    int base = id * loops;
    int i;
    for (i = 0; i < loops; i++) {   p0;
	Mutex_lock(&m);             p1;
	if (num_full == max) {      p2;
	    Cond_wait(&empty, &m);  p3;
	}
	do_fill(base + i);          p4;
	Cond_signal(&fill);         p5;
	Mutex_unlock(&m);           p6;
    }
    return NULL;
}

void *consumer(void *arg) {
    int id = (int) arg;
    int tmp = 0;
    int consumed_count = 0;
    while (tmp != END_OF_STREAM) { c0;
	Mutex_lock(&m);            c1;
	if (num_full == 0) {       c2;
	    Cond_wait(&fill, &m);  c3;
        }
	tmp = do_get();            c4;
	Cond_signal(&empty);       c5;
	Mutex_unlock(&m);          c6;
	consumed_count++;
    }

    // return consumer_count-1 because END_OF_STREAM does not count
    return (void *) (long long) (consumed_count - 1);
}

// must set these appropriately to use "main-common.c"
pthread_cond_t *fill_cv = &fill;
pthread_cond_t *empty_cv = &empty;

// all codes use this common base to start producers/consumers
// and all the other related stuff
#include "main-common.c"
[DEBUG] 2025-09-27 18:54:33,226 Reference material [main-two-cvs-while.c]:
#include <ctype.h>
#include <stdio.h>
#include <stdlib.h>
#include <unistd.h>
#include <assert.h>
#include <pthread.h>
#include <sys/time.h>
#include <string.h>

#include "mythreads.h"

#include "pc-header.h"

// used in producer/consumer signaling protocol
pthread_cond_t empty  = PTHREAD_COND_INITIALIZER;
pthread_cond_t fill   = PTHREAD_COND_INITIALIZER;
pthread_mutex_t m     = PTHREAD_MUTEX_INITIALIZER;

#include "main-header.h"

void do_fill(int value) {
    // ensure empty before usage
    ensure(buffer[fill_ptr] == EMPTY, "error: tried to fill a non-empty buffer");
    buffer[fill_ptr] = value;
    fill_ptr = (fill_ptr + 1) % max;
    num_full++;
}

int do_get() {
    int tmp = buffer[use_ptr];
    ensure(tmp != EMPTY, "error: tried to get an empty buffer");
    buffer[use_ptr] = EMPTY;
    use_ptr = (use_ptr + 1) % max;
    num_full--;
    return tmp;
}

void *producer(void *arg) {
    int id = (int) arg;
    // make sure each producer produces unique values
    int base = id * loops;
    int i;
    for (i = 0; i < loops; i++) {   p0;
	Mutex_lock(&m);             p1;
	while (num_full == max) {   p2;
	    Cond_wait(&empty, &m);  p3;
	}
	do_fill(base + i);          p4;
	Cond_signal(&fill);         p5;
	Mutex_unlock(&m);           p6;
    }
    return NULL;
}

void *consumer(void *arg) {
    int id = (int) arg;
    int tmp = 0;
    int consumed_count = 0;
    while (tmp != END_OF_STREAM) { c0;
	Mutex_lock(&m);            c1;
	while (num_full == 0) {    c2;
	    Cond_wait(&fill, &m);  c3;
        }
	tmp = do_get();            c4;
	Cond_signal(&empty);       c5;
	Mutex_unlock(&m);          c6;
	consumed_count++;
    }

    // return consumer_count-1 because END_OF_STREAM does not count
    return (void *) (long long) (consumed_count - 1);
}

// must set these appropriately to use "main-common.c"
pthread_cond_t *fill_cv = &fill;
pthread_cond_t *empty_cv = &empty;

// all codes use this common base to start producers/consumers
// and all the other related stuff
#include "main-common.c"
[DEBUG] 2025-09-27 18:54:33,226 Reference material [mythreads.h]:
#ifndef __MYTHREADS_h__
#define __MYTHREADS_h__

#include <pthread.h>
#include <assert.h>
#include <sys/time.h>
#include <stdlib.h>

void *Malloc(size_t size) {
    void *p = malloc(size);
    assert(p != NULL);
    return p;
}

double Time_GetSeconds() {
    struct timeval t;
    int rc = gettimeofday(&t, NULL);
    assert(rc == 0);
    return (double) ((double)t.tv_sec + (double)t.tv_usec / 1e6);
}

void work(int seconds) {
    double t0 = Time_GetSeconds();
    while ((Time_GetSeconds() - t0) < (double)seconds)
	;
}

void Mutex_init(pthread_mutex_t *m) {
    assert(pthread_mutex_init(m, NULL) == 0);
}

void Mutex_lock(pthread_mutex_t *m) {
    int rc = pthread_mutex_lock(m);
    assert(rc == 0);
}

void Mutex_unlock(pthread_mutex_t *m) {
    int rc = pthread_mutex_unlock(m);
    assert(rc == 0);
}

void Cond_init(pthread_cond_t *c) {
    assert(pthread_cond_init(c, NULL) == 0);
}

void Cond_wait(pthread_cond_t *c, pthread_mutex_t *m) {
    int rc = pthread_cond_wait(c, m);
    assert(rc == 0);
}

void Cond_signal(pthread_cond_t *c) {
    int rc = pthread_cond_signal(c);
    assert(rc == 0);
}


void Pthread_create(pthread_t *thread, const pthread_attr_t *attr,
		    void *(*start_routine)(void*), void *arg) {
    int rc = pthread_create(thread, attr, start_routine, arg);
    assert(rc == 0);
}

void Pthread_join(pthread_t thread, void **value_ptr) {
    int rc = pthread_join(thread, value_ptr);
    assert(rc == 0);
}


#endif // __MYTHREADS_h__
[DEBUG] 2025-09-27 18:54:33,226 Reference material [pc-header.h]:
#ifndef __pc_header_h__
#define __pc_header_h__

#define MAX_THREADS (100)  // maximum number of producers/consumers

int producers = 1;         // number of producers
int consumers = 1;         // number of consumers

int *buffer;               // the buffer itself: malloc in main()
int max;                   // size of the producer/consumer buffer

int use_ptr  = 0;          // tracks where next consume should come from
int fill_ptr = 0;          // tracks where next produce should go to
int num_full = 0;          // counts how many entries are full

int loops;                 // number of items that each producer produces

#define EMPTY         (-2) // buffer slot has nothing in it
#define END_OF_STREAM (-1) // consumer who grabs this should exit

#endif // __pc_header_h__
[INFO] 2025-09-27 18:54:33,226 Student answer: If we increase the larger buffer, it means the producer can add multiple values to the buffer until the buffer is in full, before there is a context switch or sleep. On the consumer side, it is als...
[DEBUG] 2025-09-27 18:54:33,226 Full Student answer:
If we increase the larger buffer, it means the producer can add multiple values to the buffer until the buffer is in full, before there is a context switch or sleep. On the consumer side, it is also the same case that the consumer can consumer the project until the buffer is zero. The num_full is always equal to or close to the buffer size. As there is only one on buffer slot, and the producer will run once, until the looping for each, and it will task turn to add or remove one at the time. Where we change the consumer sleep for no sleep to -C -0,0,0,0,0,1. It means the consumer takes much more time to consume the item than the producer produces it. Since, when the consumer take one item in each loop, and feel asleep for 1 second, and leaving the producer to fill the buffer. The producer will sleep until the consumer wakes and loops.
[INFO] 2025-09-27 18:54:33,226 Output format: Return a single integer score only.
[DEBUG] 2025-09-27 18:54:33,226 Full Output format:
Return a single integer score only.
[INFO] 2025-09-27 18:54:33,226 Model outputs: Response #1:
0
[DEBUG] 2025-09-27 18:54:33,226 Full model outputs:
Response #1:
0
[DEBUG] 2025-09-27 18:54:33,227 Full prompt (ChatML):
[SYSTEM]
You are a meticulous teaching assistant who grades student responses according to the rubric that accompanies each prompt. You must return an integer score only.

[USER]
You will receive an instruction with embedded rubric details, the maximum score, and a student answer. Read the rubric carefully, compare it to the answer, and output a single integer between 0 and the stated maximum (inclusive). Do not output any explanation or extra text.

# Assignment and Rubric:
You are a meticulous teaching assistant who grades student responses according to the provided rubric and reference materials.

### Assignment
Our first question focuses on main-two-cvs-while.c (the working solution). Run with one producer and one consumer, and have the producer produce a few values. Start with a buffer (size 1), and then increase it. How does the behavior of the code change with larger buffers? (or does it?) What would you predict num_full to be with different buffer sizes (e.g., -m 10) and different numbers of produced items (e.g., -l 100), when you change the consumer sleep string from default (no sleep) to -C 0,0,0,0,0,0,1?

### Rubric (Student-Facing)
3 sub-questions, 9 points for each sub-question

### Instructor Criteria
3 sub-questions, 9 points for each sub-question

### Reference Answer
With larger buffers, producer can add multiple values to the buffer (up to the length of the buffer) before it waits or context switches, and vice versa for the consumer. The second question models consumers that take much longer to consume items than it takes for producers to produce items. The consumer grabs one item each and then immediately falls asleep for one second, leaving the producer to fill the buffer. The producer would then sleep until the consumer woke up and cycle repeated. (Help to understand the second question model) The buffer would thus spend most of its time full, i.e. num_full would always be equal to or close to the buffer size. Since there is only one empty buffer slot, the producer will run once, and until the loops are over for each, they will take turns to add/remove one at a time.

### Maximum Score
27

### Reference Materials
# Makefile
BINARIES = main-two-cvs-while main-two-cvs-if main-one-cv-while
HEADERS = mythreads.h main-header.h main-common.c pc-header.h

all: $(BINARIES)

clean:
	rm -f $(BINARIES)

main-one-cv-while: main-one-cv-while.c $(HEADERS)
	gcc -o main-one-cv-while main-one-cv-while.c -Wall -Wno-pointer-to-int-cast -pthread

main-two-cvs-if: main-two-cvs-if.c $(HEADERS)
	gcc -o main-two-cvs-if main-two-cvs-if.c -Wall -Wno-pointer-to-int-cast -pthread

main-two-cvs-while: main-two-cvs-while.c $(HEADERS)
	gcc -o main-two-cvs-while main-two-cvs-while.c -Wall -Wno-pointer-to-int-cast -pthread

# main-common.c
// Common usage() prints out stuff for command-line help
void usage() {
    fprintf(stderr, "usage: \n");
    fprintf(stderr, "  -l <number of items each producer produces>\n");
    fprintf(stderr, "  -m <size of the shared producer/consumer buffer>\n");
    fprintf(stderr, "  -p <number of producers>\n");
    fprintf(stderr, "  -c <number of consumers>\n");
    fprintf(stderr, "  -P <sleep string: how each producer should sleep at various points in execution>\n");
    fprintf(stderr, "  -C <sleep string: how each consumer should sleep at various points in execution>\n");
    fprintf(stderr, "  -v [ verbose flag: trace what is happening and print it ]\n");
    fprintf(stderr, "  -t [ timing flag: time entire execution and print total time ]\n");
    exit(1);
}

// Common main() for all four programs
// - Does arg parsing
// - Starts producers and consumers
// - Once producers are finished, puts END_OF_STREAM
//   marker into shared queue to signal end to consumers
// - Then waits for consumers and prints some final info
int main(int argc, char *argv[]) {
    loops = 1;
    max = 1;
    consumers = 1;
    producers = 1;

    char *producer_pause_string = NULL;
    char *consumer_pause_string = NULL;

    opterr = 0;
    int c;
    while ((c = getopt (argc, argv, "l:m:p:c:P:C:vt")) != -1) {
	switch (c) {
	case 'l':
	    loops = atoi(optarg);
	    break;
	case 'm':
	    max = atoi(optarg);
	    break;
	case 'p':
	    producers = atoi(optarg);
	    break;
	case 'c':
	    consumers = atoi(optarg);
	    break;
	case 'P':
	    producer_pause_string = optarg;
	    break;
	case 'C':
	    consumer_pause_string = optarg;
	    break;
	case 'v':
	    do_trace = 1;
	    break;
	case 't':
	    do_timing = 1;
	    break;
	default:
	    usage();
	}
    }

    assert(loops > 0);
    assert(max > 0);
    assert(producers <= MAX_THREADS);
    assert(consumers <= MAX_THREADS);

    if (producer_pause_string != NULL)
	parse_pause_string(producer_pause_string, "producers", producers, producer_pause_times);
    if (consumer_pause_string != NULL)
	parse_pause_string(consumer_pause_string, "consumers", consumers, consumer_pause_times);

    // make space for shared buffer, and init it ...
    buffer = (int *) Malloc(max * sizeof(int));
    int i;
    for (i = 0; i < max; i++) {
	buffer[i] = EMPTY;
    }

    do_print_headers();

    double t1 = Time_GetSeconds();

    // start up all threads; order doesn't matter here
    pthread_t pid[MAX_THREADS], cid[MAX_THREADS];
    int thread_id = 0;
    for (i = 0; i < producers; i++) {
	Pthread_create(&pid[i], NULL, producer, (void *) (long long) thread_id);
	thread_id++;
    }
    for (i = 0; i < consumers; i++) {
	Pthread_create(&cid[i], NULL, consumer, (void *) (long long) thread_id);
	thread_id++;
    }

    // now wait for all PRODUCERS to finish
    for (i = 0; i < producers; i++) {
	Pthread_join(pid[i], NULL);
    }

    // end case: when producers are all done
    // - put "consumers" number of END_OF_STREAM's in queue
    // - when consumer sees -1, it exits
    for (i = 0; i < consumers; i++) {
	Mutex_lock(&m);
	while (num_full == max)
	    Cond_wait(empty_cv, &m);
	do_fill(END_OF_STREAM);
	do_eos();
	Cond_signal(fill_cv);
	Mutex_unlock(&m);
    }

    // now OK to wait for all consumers
    int counts[consumers];
    for (i = 0; i < consumers; i++) {
	Pthread_join(cid[i], (void *) &counts[i]);
    }

    double t2 = Time_GetSeconds();

    if (do_trace) {
	printf("\nConsumer consumption:\n");
	for (i = 0; i < consumers; i++) {
	    printf("  C%d -> %d\n", i, counts[i]);
	}
	printf("\n");
    }

    if (do_timing) {
	printf("Total time: %.2f seconds\n", t2-t1);
    }

    return 0;
}

# main-header.h
#ifndef __main_header_h__
#define __main_header_h__

// all this is for the homework side of things

int do_trace = 0;
int do_timing = 0;

#define p0 do_pause(id, 1, 0, "p0");
#define p1 do_pause(id, 1, 1, "p1");
#define p2 do_pause(id, 1, 2, "p2");
#define p3 do_pause(id, 1, 3, "p3");
#define p4 do_pause(id, 1, 4, "p4");
#define p5 do_pause(id, 1, 5, "p5");
#define p6 do_pause(id, 1, 6, "p6");

#define c0 do_pause(id, 0, 0, "c0");
#define c1 do_pause(id, 0, 1, "c1");
#define c2 do_pause(id, 0, 2, "c2");
#define c3 do_pause(id, 0, 3, "c3");
#define c4 do_pause(id, 0, 4, "c4");
#define c5 do_pause(id, 0, 5, "c5");
#define c6 do_pause(id, 0, 6, "c6");

int producer_pause_times[MAX_THREADS][7];
int consumer_pause_times[MAX_THREADS][7];

// needed to avoid interleaving of print out from threads
pthread_mutex_t print_lock = PTHREAD_MUTEX_INITIALIZER;

void do_print_headers() {
    if (do_trace == 0)
	return;
    int i;
    printf("%3s ", "NF");
    for (i = 0; i < max; i++) {
	printf(" %3s ", "   ");
    }
    printf("   ");

    for (i = 0; i < producers; i++)
	printf("P%d ", i);
    for (i = 0; i < consumers; i++)
	printf("C%d ", i);
    printf("\n");
}

void do_print_pointers(int index) {
    if (use_ptr == index && fill_ptr == index) {
	printf("*");
    } else if (use_ptr == index) {
	printf("u");
    } else if (fill_ptr == index) {
	printf("f");
    } else {
	printf(" ");
    }
}

void do_print_buffer() {
    int i;
    printf("%3d [", num_full);
    for (i = 0; i < max; i++) {
	do_print_pointers(i);
	if (buffer[i] == EMPTY) {
	    printf("%3s ", "---");
	} else if (buffer[i] == END_OF_STREAM) {
	    printf("%3s ", "EOS");
	} else {
	    printf("%3d ", buffer[i]);
	}
    }
    printf("] ");
}

void do_eos() {
    if (do_trace) {
	Mutex_lock(&print_lock);
	do_print_buffer();
	//printf("%3d [added end-of-stream marker]\n", num_full);
	printf("[main: added end-of-stream marker]\n");
	Mutex_unlock(&print_lock);
    }
}

void do_pause(int thread_id, int is_producer, int pause_slot, char *str) {
    int i;
    if (do_trace) {
	Mutex_lock(&print_lock);
	do_print_buffer();

	// skip over other thread's spots
	for (i = 0; i < thread_id; i++) {
	    printf("   ");
	}
	printf("%s\n", str);
	Mutex_unlock(&print_lock);
    }

    int local_id = thread_id;
    int pause_time;
    if (is_producer) {
	pause_time = producer_pause_times[local_id][pause_slot];
    } else {
	local_id = thread_id - producers;
	pause_time = consumer_pause_times[local_id][pause_slot];
    }
    // printf(" PAUSE %d\n", pause_time);
    sleep(pause_time);
}

void ensure(int expression, char *msg) {
    if (expression == 0) {
	fprintf(stderr, "%s\n", msg);
	exit(1);
    }
}

void parse_pause_string(char *str, char *name, int expected_pieces,
			int pause_array[MAX_THREADS][7]) {

    // string looks like this (or should):
    //   1,2,0:2,3,4,5
    //   n-1 colons if there are n producers/consumers
    //   comma-separated for sleep amounts per producer or consumer
    int index = 0;

    char *copy_entire = strdup(str);
    char *outer_marker;
    int colon_count = 0;
    char *p = strtok_r(copy_entire, ":", &outer_marker);
    while (p) {
	// init array: default sleep is 0
	int i;
	for (i = 0; i < 7; i++)
	    pause_array[index][i] = 0;

	// for each piece, comma separated
	char *inner_marker;
	char *copy_piece = strdup(p);
	char *c = strtok_r(copy_piece, ",", &inner_marker);
	int comma_count = 0;

	int inner_index = 0;
	while (c) {
	    int pause_amount = atoi(c);
	    ensure(inner_index < 7, "you specified a sleep string incorrectly... (too many comma-separated args)");
	    // printf("setting %s pause %d to %d\n", name, inner_index, pause_amount);
	    pause_array[index][inner_index] = pause_amount;
	    inner_index++;

	    c = strtok_r(NULL, ",", &inner_marker);
	    comma_count++;
	}
	free(copy_piece);
	index++;

	// continue with colon separated list
	p = strtok_r(NULL, ":", &outer_marker);
	colon_count++;
    }

    free(copy_entire);
    if (expected_pieces != colon_count) {
	fprintf(stderr, "Error: expected %d %s in sleep specification, got %d\n", expected_pieces, name, colon_count);
	exit(1);
    }
}


#endif // __main_header_h__

# main-one-cv-while.c
#include <ctype.h>
#include <stdio.h>
#include <stdlib.h>
#include <unistd.h>
#include <assert.h>
#include <pthread.h>
#include <sys/time.h>
#include <string.h>

#include "mythreads.h"

#include "pc-header.h"

pthread_cond_t cv = PTHREAD_COND_INITIALIZER;
pthread_mutex_t m = PTHREAD_MUTEX_INITIALIZER;

#include "main-header.h"

void do_fill(int value) {
    // ensure empty before usage
    ensure(buffer[fill_ptr] == EMPTY, "error: tried to fill a non-empty buffer");
    buffer[fill_ptr] = value;
    fill_ptr = (fill_ptr + 1) % max;
    num_full++;
}

int do_get() {
    int tmp = buffer[use_ptr];
    ensure(tmp != EMPTY, "error: tried to get an empty buffer");
    buffer[use_ptr] = EMPTY;
    use_ptr = (use_ptr + 1) % max;
    num_full--;
    return tmp;
}

void *producer(void *arg) {
    int id = (int) arg;
    // make sure each producer produces unique values
    int base = id * loops;
    int i;
    for (i = 0; i < loops; i++) {   p0;
	Mutex_lock(&m);             p1;
	while (num_full == max) {   p2;
	    Cond_wait(&cv, &m);     p3;
	}
	do_fill(base + i);          p4;
	Cond_signal(&cv);           p5;
	Mutex_unlock(&m);           p6;
    }
    return NULL;
}

void *consumer(void *arg) {
    int id = (int) arg;
    int tmp = 0;
    int consumed_count = 0;
    while (tmp != END_OF_STREAM) { c0;
	Mutex_lock(&m);            c1;
	while (num_full == 0) {    c2;
	    Cond_wait(&cv, &m);    c3;
        }
	tmp = do_get();            c4;
	Cond_signal(&cv);          c5;
	Mutex_unlock(&m);          c6;
	consumed_count++;
    }

    // return consumer_count-1 because END_OF_STREAM does not count
    return (void *) (long long) (consumed_count - 1);
}

// must set these appropriately to use "main-common.c"
pthread_cond_t *fill_cv = &cv;
pthread_cond_t *empty_cv = &cv;

// all codes use this common base to start producers/consumers
// and all the other related stuff
#include "main-common.c"

# main-two-cvs-if.c
#include <ctype.h>
#include <stdio.h>
#include <stdlib.h>
#include <unistd.h>
#include <assert.h>
#include <pthread.h>
#include <sys/time.h>
#include <string.h>

#include "mythreads.h"
#include "pc-header.h"

pthread_cond_t empty  = PTHREAD_COND_INITIALIZER;
pthread_cond_t fill   = PTHREAD_COND_INITIALIZER;
pthread_mutex_t m     = PTHREAD_MUTEX_INITIALIZER;

#include "main-header.h"

void do_fill(int value) {
    // ensure empty before usage
    ensure(buffer[fill_ptr] == EMPTY, "error: tried to fill a non-empty buffer");
    buffer[fill_ptr] = value;
    fill_ptr = (fill_ptr + 1) % max;
    num_full++;
}

int do_get() {
    int tmp = buffer[use_ptr];
    ensure(tmp != EMPTY, "error: tried to get an empty buffer");
    buffer[use_ptr] = EMPTY;
    use_ptr = (use_ptr + 1) % max;
    num_full--;
    return tmp;
}

void *producer(void *arg) {
    int id = (int) arg;
    // make sure each producer produces unique values
    int base = id * loops;
    int i;
    for (i = 0; i < loops; i++) {   p0;
	Mutex_lock(&m);             p1;
	if (num_full == max) {      p2;
	    Cond_wait(&empty, &m);  p3;
	}
	do_fill(base + i);          p4;
	Cond_signal(&fill);         p5;
	Mutex_unlock(&m);           p6;
    }
    return NULL;
}

void *consumer(void *arg) {
    int id = (int) arg;
    int tmp = 0;
    int consumed_count = 0;
    while (tmp != END_OF_STREAM) { c0;
	Mutex_lock(&m);            c1;
	if (num_full == 0) {       c2;
	    Cond_wait(&fill, &m);  c3;
        }
	tmp = do_get();            c4;
	Cond_signal(&empty);       c5;
	Mutex_unlock(&m);          c6;
	consumed_count++;
    }

    // return consumer_count-1 because END_OF_STREAM does not count
    return (void *) (long long) (consumed_count - 1);
}

// must set these appropriately to use "main-common.c"
pthread_cond_t *fill_cv = &fill;
pthread_cond_t *empty_cv = &empty;

// all codes use this common base to start producers/consumers
// and all the other related stuff
#include "main-common.c"

# main-two-cvs-while.c
#include <ctype.h>
#include <stdio.h>
#include <stdlib.h>
#include <unistd.h>
#include <assert.h>
#include <pthread.h>
#include <sys/time.h>
#include <string.h>

#include "mythreads.h"

#include "pc-header.h"

// used in producer/consumer signaling protocol
pthread_cond_t empty  = PTHREAD_COND_INITIALIZER;
pthread_cond_t fill   = PTHREAD_COND_INITIALIZER;
pthread_mutex_t m     = PTHREAD_MUTEX_INITIALIZER;

#include "main-header.h"

void do_fill(int value) {
    // ensure empty before usage
    ensure(buffer[fill_ptr] == EMPTY, "error: tried to fill a non-empty buffer");
    buffer[fill_ptr] = value;
    fill_ptr = (fill_ptr + 1) % max;
    num_full++;
}

int do_get() {
    int tmp = buffer[use_ptr];
    ensure(tmp != EMPTY, "error: tried to get an empty buffer");
    buffer[use_ptr] = EMPTY;
    use_ptr = (use_ptr + 1) % max;
    num_full--;
    return tmp;
}

void *producer(void *arg) {
    int id = (int) arg;
    // make sure each producer produces unique values
    int base = id * loops;
    int i;
    for (i = 0; i < loops; i++) {   p0;
	Mutex_lock(&m);             p1;
	while (num_full == max) {   p2;
	    Cond_wait(&empty, &m);  p3;
	}
	do_fill(base + i);          p4;
	Cond_signal(&fill);         p5;
	Mutex_unlock(&m);           p6;
    }
    return NULL;
}

void *consumer(void *arg) {
    int id = (int) arg;
    int tmp = 0;
    int consumed_count = 0;
    while (tmp != END_OF_STREAM) { c0;
	Mutex_lock(&m);            c1;
	while (num_full == 0) {    c2;
	    Cond_wait(&fill, &m);  c3;
        }
	tmp = do_get();            c4;
	Cond_signal(&empty);       c5;
	Mutex_unlock(&m);          c6;
	consumed_count++;
    }

    // return consumer_count-1 because END_OF_STREAM does not count
    return (void *) (long long) (consumed_count - 1);
}

// must set these appropriately to use "main-common.c"
pthread_cond_t *fill_cv = &fill;
pthread_cond_t *empty_cv = &empty;

// all codes use this common base to start producers/consumers
// and all the other related stuff
#include "main-common.c"

# mythreads.h
#ifndef __MYTHREADS_h__
#define __MYTHREADS_h__

#include <pthread.h>
#include <assert.h>
#include <sys/time.h>
#include <stdlib.h>

void *Malloc(size_t size) {
    void *p = malloc(size);
    assert(p != NULL);
    return p;
}

double Time_GetSeconds() {
    struct timeval t;
    int rc = gettimeofday(&t, NULL);
    assert(rc == 0);
    return (double) ((double)t.tv_sec + (double)t.tv_usec / 1e6);
}

void work(int seconds) {
    double t0 = Time_GetSeconds();
    while ((Time_GetSeconds() - t0) < (double)seconds)
	;
}

void Mutex_init(pthread_mutex_t *m) {
    assert(pthread_mutex_init(m, NULL) == 0);
}

void Mutex_lock(pthread_mutex_t *m) {
    int rc = pthread_mutex_lock(m);
    assert(rc == 0);
}

void Mutex_unlock(pthread_mutex_t *m) {
    int rc = pthread_mutex_unlock(m);
    assert(rc == 0);
}

void Cond_init(pthread_cond_t *c) {
    assert(pthread_cond_init(c, NULL) == 0);
}

void Cond_wait(pthread_cond_t *c, pthread_mutex_t *m) {
    int rc = pthread_cond_wait(c, m);
    assert(rc == 0);
}

void Cond_signal(pthread_cond_t *c) {
    int rc = pthread_cond_signal(c);
    assert(rc == 0);
}


void Pthread_create(pthread_t *thread, const pthread_attr_t *attr,
		    void *(*start_routine)(void*), void *arg) {
    int rc = pthread_create(thread, attr, start_routine, arg);
    assert(rc == 0);
}

void Pthread_join(pthread_t thread, void **value_ptr) {
    int rc = pthread_join(thread, value_ptr);
    assert(rc == 0);
}


#endif // __MYTHREADS_h__

# pc-header.h
#ifndef __pc_header_h__
#define __pc_header_h__

#define MAX_THREADS (100)  // maximum number of producers/consumers

int producers = 1;         // number of producers
int consumers = 1;         // number of consumers

int *buffer;               // the buffer itself: malloc in main()
int max;                   // size of the producer/consumer buffer

int use_ptr  = 0;          // tracks where next consume should come from
int fill_ptr = 0;          // tracks where next produce should go to
int num_full = 0;          // counts how many entries are full

int loops;                 // number of items that each producer produces

#define EMPTY         (-2) // buffer slot has nothing in it
#define END_OF_STREAM (-1) // consumer who grabs this should exit

#endif // __pc_header_h__

# Student Answer:
If we increase the larger buffer, it means the producer can add multiple values to the buffer until the buffer is in full, before there is a context switch or sleep. On the consumer side, it is also the same case that the consumer can consumer the project until the buffer is zero. The num_full is always equal to or close to the buffer size. As there is only one on buffer slot, and the producer will run once, until the looping for each, and it will task turn to add or remove one at the time. Where we change the consumer sleep for no sleep to -C -0,0,0,0,0,1. It means the consumer takes much more time to consume the item than the producer produces it. Since, when the consumer take one item in each loop, and feel asleep for 1 second, and leaving the producer to fill the buffer. The producer will sleep until the consumer wakes and loops.

# Output Format:
Return a single integer score only.
[DEBUG] 2025-09-27 18:54:33,227 Metadata detail: {
  "question_id": "q5",
  "max_score": 27,
  "human_scores": [
    27.0,
    25,
    27
  ],
  "context_files": [
    {
      "relative_path": "Makefile",
      "content": "\nBINARIES = main-two-cvs-while main-two-cvs-if main-one-cv-while\nHEADERS = mythreads.h main-header.h main-common.c pc-header.h\n\nall: $(BINARIES)\n\nclean:\n\trm -f $(BINARIES)\n\nmain-one-cv-while: main-one-cv-while.c $(HEADERS)\n\tgcc -o main-one-cv-while main-one-cv-while.c -Wall -Wno-pointer-to-int-cast -pthread\n\nmain-two-cvs-if: main-two-cvs-if.c $(HEADERS)\n\tgcc -o main-two-cvs-if main-two-cvs-if.c -Wall -Wno-pointer-to-int-cast -pthread\n\nmain-two-cvs-while: main-two-cvs-while.c $(HEADERS)\n\tgcc -o main-two-cvs-while main-two-cvs-while.c -Wall -Wno-pointer-to-int-cast -pthread\n\n"
    },
    {
      "relative_path": "main-common.c",
      "content": "// Common usage() prints out stuff for command-line help\nvoid usage() {\n    fprintf(stderr, \"usage: \\n\");\n    fprintf(stderr, \"  -l <number of items each producer produces>\\n\");\n    fprintf(stderr, \"  -m <size of the shared producer/consumer buffer>\\n\");\n    fprintf(stderr, \"  -p <number of producers>\\n\");\n    fprintf(stderr, \"  -c <number of consumers>\\n\");\n    fprintf(stderr, \"  -P <sleep string: how each producer should sleep at various points in execution>\\n\");\n    fprintf(stderr, \"  -C <sleep string: how each consumer should sleep at various points in execution>\\n\");\n    fprintf(stderr, \"  -v [ verbose flag: trace what is happening and print it ]\\n\");\n    fprintf(stderr, \"  -t [ timing flag: time entire execution and print total time ]\\n\");\n    exit(1);\n}\n\n// Common main() for all four programs\n// - Does arg parsing\n// - Starts producers and consumers\n// - Once producers are finished, puts END_OF_STREAM\n//   marker into shared queue to signal end to consumers\n// - Then waits for consumers and prints some final info\nint main(int argc, char *argv[]) {\n    loops = 1;\n    max = 1;\n    consumers = 1;\n    producers = 1;\n\n    char *producer_pause_string = NULL;\n    char *consumer_pause_string = NULL;\n\n    opterr = 0;\n    int c;\n    while ((c = getopt (argc, argv, \"l:m:p:c:P:C:vt\")) != -1) {\n\tswitch (c) {\n\tcase 'l':\n\t    loops = atoi(optarg);\n\t    break;\n\tcase 'm':\n\t    max = atoi(optarg);\n\t    break;\n\tcase 'p':\n\t    producers = atoi(optarg);\n\t    break;\n\tcase 'c':\n\t    consumers = atoi(optarg);\n\t    break;\n\tcase 'P':\n\t    producer_pause_string = optarg;\n\t    break;\n\tcase 'C':\n\t    consumer_pause_string = optarg;\n\t    break;\n\tcase 'v':\n\t    do_trace = 1;\n\t    break;\n\tcase 't':\n\t    do_timing = 1;\n\t    break;\n\tdefault:\n\t    usage();\n\t}\n    }\n\n    assert(loops > 0);\n    assert(max > 0);\n    assert(producers <= MAX_THREADS);\n    assert(consumers <= MAX_THREADS);\n\n    if (producer_pause_string != NULL)\n\tparse_pause_string(producer_pause_string, \"producers\", producers, producer_pause_times);\n    if (consumer_pause_string != NULL)\n\tparse_pause_string(consumer_pause_string, \"consumers\", consumers, consumer_pause_times);\n\n    // make space for shared buffer, and init it ...\n    buffer = (int *) Malloc(max * sizeof(int));\n    int i;\n    for (i = 0; i < max; i++) {\n\tbuffer[i] = EMPTY;\n    }\n\n    do_print_headers();\n\n    double t1 = Time_GetSeconds();\n\n    // start up all threads; order doesn't matter here\n    pthread_t pid[MAX_THREADS], cid[MAX_THREADS];\n    int thread_id = 0;\n    for (i = 0; i < producers; i++) {\n\tPthread_create(&pid[i], NULL, producer, (void *) (long long) thread_id);\n\tthread_id++;\n    }\n    for (i = 0; i < consumers; i++) {\n\tPthread_create(&cid[i], NULL, consumer, (void *) (long long) thread_id);\n\tthread_id++;\n    }\n\n    // now wait for all PRODUCERS to finish\n    for (i = 0; i < producers; i++) {\n\tPthread_join(pid[i], NULL);\n    }\n\n    // end case: when producers are all done\n    // - put \"consumers\" number of END_OF_STREAM's in queue\n    // - when consumer sees -1, it exits\n    for (i = 0; i < consumers; i++) {\n\tMutex_lock(&m);\n\twhile (num_full == max)\n\t    Cond_wait(empty_cv, &m);\n\tdo_fill(END_OF_STREAM);\n\tdo_eos();\n\tCond_signal(fill_cv);\n\tMutex_unlock(&m);\n    }\n\n    // now OK to wait for all consumers\n    int counts[consumers];\n    for (i = 0; i < consumers; i++) {\n\tPthread_join(cid[i], (void *) &counts[i]);\n    }\n\n    double t2 = Time_GetSeconds();\n\n    if (do_trace) {\n\tprintf(\"\\nConsumer consumption:\\n\");\n\tfor (i = 0; i < consumers; i++) {\n\t    printf(\"  C%d -> %d\\n\", i, counts[i]);\n\t}\n\tprintf(\"\\n\");\n    }\n\n    if (do_timing) {\n\tprintf(\"Total time: %.2f seconds\\n\", t2-t1);\n    }\n\n    return 0;\n}\n\n"
    },
    {
      "relative_path": "main-header.h",
      "content": "#ifndef __main_header_h__\n#define __main_header_h__\n\n// all this is for the homework side of things\n\nint do_trace = 0;\nint do_timing = 0;\n\n#define p0 do_pause(id, 1, 0, \"p0\");\n#define p1 do_pause(id, 1, 1, \"p1\");\n#define p2 do_pause(id, 1, 2, \"p2\");\n#define p3 do_pause(id, 1, 3, \"p3\");\n#define p4 do_pause(id, 1, 4, \"p4\");\n#define p5 do_pause(id, 1, 5, \"p5\");\n#define p6 do_pause(id, 1, 6, \"p6\");\n\n#define c0 do_pause(id, 0, 0, \"c0\");\n#define c1 do_pause(id, 0, 1, \"c1\");\n#define c2 do_pause(id, 0, 2, \"c2\");\n#define c3 do_pause(id, 0, 3, \"c3\");\n#define c4 do_pause(id, 0, 4, \"c4\");\n#define c5 do_pause(id, 0, 5, \"c5\");\n#define c6 do_pause(id, 0, 6, \"c6\");\n\nint producer_pause_times[MAX_THREADS][7];\nint consumer_pause_times[MAX_THREADS][7];\n\n// needed to avoid interleaving of print out from threads\npthread_mutex_t print_lock = PTHREAD_MUTEX_INITIALIZER;\n\nvoid do_print_headers() {\n    if (do_trace == 0)\n\treturn;\n    int i;\n    printf(\"%3s \", \"NF\");\n    for (i = 0; i < max; i++) {\n\tprintf(\" %3s \", \"   \");\n    }\n    printf(\"   \");\n\n    for (i = 0; i < producers; i++)\n\tprintf(\"P%d \", i);\n    for (i = 0; i < consumers; i++)\n\tprintf(\"C%d \", i);\n    printf(\"\\n\");\n}\n\nvoid do_print_pointers(int index) {\n    if (use_ptr == index && fill_ptr == index) {\n\tprintf(\"*\");\n    } else if (use_ptr == index) {\n\tprintf(\"u\");\n    } else if (fill_ptr == index) {\n\tprintf(\"f\");\n    } else {\n\tprintf(\" \");\n    }\n}\n\nvoid do_print_buffer() {\n    int i;\n    printf(\"%3d [\", num_full);\n    for (i = 0; i < max; i++) {\n\tdo_print_pointers(i);\n\tif (buffer[i] == EMPTY) {\n\t    printf(\"%3s \", \"---\");\n\t} else if (buffer[i] == END_OF_STREAM) {\n\t    printf(\"%3s \", \"EOS\");\n\t} else {\n\t    printf(\"%3d \", buffer[i]);\n\t}\n    }\n    printf(\"] \");\n}\n\nvoid do_eos() {\n    if (do_trace) {\n\tMutex_lock(&print_lock);\n\tdo_print_buffer();\n\t//printf(\"%3d [added end-of-stream marker]\\n\", num_full);\n\tprintf(\"[main: added end-of-stream marker]\\n\");\n\tMutex_unlock(&print_lock);\n    }\n}\n\nvoid do_pause(int thread_id, int is_producer, int pause_slot, char *str) {\n    int i;\n    if (do_trace) {\n\tMutex_lock(&print_lock);\n\tdo_print_buffer();\n\n\t// skip over other thread's spots\n\tfor (i = 0; i < thread_id; i++) {\n\t    printf(\"   \");\n\t}\n\tprintf(\"%s\\n\", str);\n\tMutex_unlock(&print_lock);\n    }\n\n    int local_id = thread_id;\n    int pause_time;\n    if (is_producer) {\n\tpause_time = producer_pause_times[local_id][pause_slot];\n    } else {\n\tlocal_id = thread_id - producers;\n\tpause_time = consumer_pause_times[local_id][pause_slot];\n    }\n    // printf(\" PAUSE %d\\n\", pause_time);\n    sleep(pause_time);\n}\n\nvoid ensure(int expression, char *msg) {\n    if (expression == 0) {\n\tfprintf(stderr, \"%s\\n\", msg);\n\texit(1);\n    }\n}\n\nvoid parse_pause_string(char *str, char *name, int expected_pieces,\n\t\t\tint pause_array[MAX_THREADS][7]) {\n\n    // string looks like this (or should):\n    //   1,2,0:2,3,4,5\n    //   n-1 colons if there are n producers/consumers\n    //   comma-separated for sleep amounts per producer or consumer\n    int index = 0;\n\n    char *copy_entire = strdup(str);\n    char *outer_marker;\n    int colon_count = 0;\n    char *p = strtok_r(copy_entire, \":\", &outer_marker);\n    while (p) {\n\t// init array: default sleep is 0\n\tint i;\n\tfor (i = 0; i < 7; i++)\n\t    pause_array[index][i] = 0;\n\n\t// for each piece, comma separated\n\tchar *inner_marker;\n\tchar *copy_piece = strdup(p);\n\tchar *c = strtok_r(copy_piece, \",\", &inner_marker);\n\tint comma_count = 0;\n\n\tint inner_index = 0;\n\twhile (c) {\n\t    int pause_amount = atoi(c);\n\t    ensure(inner_index < 7, \"you specified a sleep string incorrectly... (too many comma-separated args)\");\n\t    // printf(\"setting %s pause %d to %d\\n\", name, inner_index, pause_amount);\n\t    pause_array[index][inner_index] = pause_amount;\n\t    inner_index++;\n\n\t    c = strtok_r(NULL, \",\", &inner_marker);\n\t    comma_count++;\n\t}\n\tfree(copy_piece);\n\tindex++;\n\n\t// continue with colon separated list\n\tp = strtok_r(NULL, \":\", &outer_marker);\n\tcolon_count++;\n    }\n\n    free(copy_entire);\n    if (expected_pieces != colon_count) {\n\tfprintf(stderr, \"Error: expected %d %s in sleep specification, got %d\\n\", expected_pieces, name, colon_count);\n\texit(1);\n    }\n}\n\n\n#endif // __main_header_h__\n"
    },
    {
      "relative_path": "main-one-cv-while.c",
      "content": "#include <ctype.h>\n#include <stdio.h>\n#include <stdlib.h>\n#include <unistd.h>\n#include <assert.h>\n#include <pthread.h>\n#include <sys/time.h>\n#include <string.h>\n\n#include \"mythreads.h\"\n\n#include \"pc-header.h\"\n\npthread_cond_t cv = PTHREAD_COND_INITIALIZER;\npthread_mutex_t m = PTHREAD_MUTEX_INITIALIZER;\n\n#include \"main-header.h\"\n\nvoid do_fill(int value) {\n    // ensure empty before usage\n    ensure(buffer[fill_ptr] == EMPTY, \"error: tried to fill a non-empty buffer\");\n    buffer[fill_ptr] = value;\n    fill_ptr = (fill_ptr + 1) % max;\n    num_full++;\n}\n\nint do_get() {\n    int tmp = buffer[use_ptr];\n    ensure(tmp != EMPTY, \"error: tried to get an empty buffer\");\n    buffer[use_ptr] = EMPTY;\n    use_ptr = (use_ptr + 1) % max;\n    num_full--;\n    return tmp;\n}\n\nvoid *producer(void *arg) {\n    int id = (int) arg;\n    // make sure each producer produces unique values\n    int base = id * loops;\n    int i;\n    for (i = 0; i < loops; i++) {   p0;\n\tMutex_lock(&m);             p1;\n\twhile (num_full == max) {   p2;\n\t    Cond_wait(&cv, &m);     p3;\n\t}\n\tdo_fill(base + i);          p4;\n\tCond_signal(&cv);           p5;\n\tMutex_unlock(&m);           p6;\n    }\n    return NULL;\n}\n\nvoid *consumer(void *arg) {\n    int id = (int) arg;\n    int tmp = 0;\n    int consumed_count = 0;\n    while (tmp != END_OF_STREAM) { c0;\n\tMutex_lock(&m);            c1;\n\twhile (num_full == 0) {    c2;\n\t    Cond_wait(&cv, &m);    c3;\n        }\n\ttmp = do_get();            c4;\n\tCond_signal(&cv);          c5;\n\tMutex_unlock(&m);          c6;\n\tconsumed_count++;\n    }\n\n    // return consumer_count-1 because END_OF_STREAM does not count\n    return (void *) (long long) (consumed_count - 1);\n}\n\n// must set these appropriately to use \"main-common.c\"\npthread_cond_t *fill_cv = &cv;\npthread_cond_t *empty_cv = &cv;\n\n// all codes use this common base to start producers/consumers\n// and all the other related stuff\n#include \"main-common.c\"\n\n"
    },
    {
      "relative_path": "main-two-cvs-if.c",
      "content": "#include <ctype.h>\n#include <stdio.h>\n#include <stdlib.h>\n#include <unistd.h>\n#include <assert.h>\n#include <pthread.h>\n#include <sys/time.h>\n#include <string.h>\n\n#include \"mythreads.h\"\n#include \"pc-header.h\"\n\npthread_cond_t empty  = PTHREAD_COND_INITIALIZER;\npthread_cond_t fill   = PTHREAD_COND_INITIALIZER;\npthread_mutex_t m     = PTHREAD_MUTEX_INITIALIZER;\n\n#include \"main-header.h\"\n\nvoid do_fill(int value) {\n    // ensure empty before usage\n    ensure(buffer[fill_ptr] == EMPTY, \"error: tried to fill a non-empty buffer\");\n    buffer[fill_ptr] = value;\n    fill_ptr = (fill_ptr + 1) % max;\n    num_full++;\n}\n\nint do_get() {\n    int tmp = buffer[use_ptr];\n    ensure(tmp != EMPTY, \"error: tried to get an empty buffer\");\n    buffer[use_ptr] = EMPTY;\n    use_ptr = (use_ptr + 1) % max;\n    num_full--;\n    return tmp;\n}\n\nvoid *producer(void *arg) {\n    int id = (int) arg;\n    // make sure each producer produces unique values\n    int base = id * loops;\n    int i;\n    for (i = 0; i < loops; i++) {   p0;\n\tMutex_lock(&m);             p1;\n\tif (num_full == max) {      p2;\n\t    Cond_wait(&empty, &m);  p3;\n\t}\n\tdo_fill(base + i);          p4;\n\tCond_signal(&fill);         p5;\n\tMutex_unlock(&m);           p6;\n    }\n    return NULL;\n}\n\nvoid *consumer(void *arg) {\n    int id = (int) arg;\n    int tmp = 0;\n    int consumed_count = 0;\n    while (tmp != END_OF_STREAM) { c0;\n\tMutex_lock(&m);            c1;\n\tif (num_full == 0) {       c2;\n\t    Cond_wait(&fill, &m);  c3;\n        }\n\ttmp = do_get();            c4;\n\tCond_signal(&empty);       c5;\n\tMutex_unlock(&m);          c6;\n\tconsumed_count++;\n    }\n\n    // return consumer_count-1 because END_OF_STREAM does not count\n    return (void *) (long long) (consumed_count - 1);\n}\n\n// must set these appropriately to use \"main-common.c\"\npthread_cond_t *fill_cv = &fill;\npthread_cond_t *empty_cv = &empty;\n\n// all codes use this common base to start producers/consumers\n// and all the other related stuff\n#include \"main-common.c\"\n\n\n"
    },
    {
      "relative_path": "main-two-cvs-while.c",
      "content": "#include <ctype.h>\n#include <stdio.h>\n#include <stdlib.h>\n#include <unistd.h>\n#include <assert.h>\n#include <pthread.h>\n#include <sys/time.h>\n#include <string.h>\n\n#include \"mythreads.h\"\n\n#include \"pc-header.h\"\n\n// used in producer/consumer signaling protocol\npthread_cond_t empty  = PTHREAD_COND_INITIALIZER;\npthread_cond_t fill   = PTHREAD_COND_INITIALIZER;\npthread_mutex_t m     = PTHREAD_MUTEX_INITIALIZER;\n\n#include \"main-header.h\"\n\nvoid do_fill(int value) {\n    // ensure empty before usage\n    ensure(buffer[fill_ptr] == EMPTY, \"error: tried to fill a non-empty buffer\");\n    buffer[fill_ptr] = value;\n    fill_ptr = (fill_ptr + 1) % max;\n    num_full++;\n}\n\nint do_get() {\n    int tmp = buffer[use_ptr];\n    ensure(tmp != EMPTY, \"error: tried to get an empty buffer\");\n    buffer[use_ptr] = EMPTY;\n    use_ptr = (use_ptr + 1) % max;\n    num_full--;\n    return tmp;\n}\n\nvoid *producer(void *arg) {\n    int id = (int) arg;\n    // make sure each producer produces unique values\n    int base = id * loops;\n    int i;\n    for (i = 0; i < loops; i++) {   p0;\n\tMutex_lock(&m);             p1;\n\twhile (num_full == max) {   p2;\n\t    Cond_wait(&empty, &m);  p3;\n\t}\n\tdo_fill(base + i);          p4;\n\tCond_signal(&fill);         p5;\n\tMutex_unlock(&m);           p6;\n    }\n    return NULL;\n}\n\nvoid *consumer(void *arg) {\n    int id = (int) arg;\n    int tmp = 0;\n    int consumed_count = 0;\n    while (tmp != END_OF_STREAM) { c0;\n\tMutex_lock(&m);            c1;\n\twhile (num_full == 0) {    c2;\n\t    Cond_wait(&fill, &m);  c3;\n        }\n\ttmp = do_get();            c4;\n\tCond_signal(&empty);       c5;\n\tMutex_unlock(&m);          c6;\n\tconsumed_count++;\n    }\n\n    // return consumer_count-1 because END_OF_STREAM does not count\n    return (void *) (long long) (consumed_count - 1);\n}\n\n// must set these appropriately to use \"main-common.c\"\npthread_cond_t *fill_cv = &fill;\npthread_cond_t *empty_cv = &empty;\n\n// all codes use this common base to start producers/consumers\n// and all the other related stuff\n#include \"main-common.c\"\n\n"
    },
    {
      "relative_path": "mythreads.h",
      "content": "#ifndef __MYTHREADS_h__\n#define __MYTHREADS_h__\n\n#include <pthread.h>\n#include <assert.h>\n#include <sys/time.h>\n#include <stdlib.h>\n\nvoid *Malloc(size_t size) {\n    void *p = malloc(size);\n    assert(p != NULL);\n    return p;\n}\n\ndouble Time_GetSeconds() {\n    struct timeval t;\n    int rc = gettimeofday(&t, NULL);\n    assert(rc == 0);\n    return (double) ((double)t.tv_sec + (double)t.tv_usec / 1e6);\n}\n\nvoid work(int seconds) {\n    double t0 = Time_GetSeconds();\n    while ((Time_GetSeconds() - t0) < (double)seconds)\n\t;\n}\n\nvoid Mutex_init(pthread_mutex_t *m) {\n    assert(pthread_mutex_init(m, NULL) == 0);\n}\n\nvoid Mutex_lock(pthread_mutex_t *m) {\n    int rc = pthread_mutex_lock(m);\n    assert(rc == 0);\n}\n\nvoid Mutex_unlock(pthread_mutex_t *m) {\n    int rc = pthread_mutex_unlock(m);\n    assert(rc == 0);\n}\n\nvoid Cond_init(pthread_cond_t *c) {\n    assert(pthread_cond_init(c, NULL) == 0);\n}\n\nvoid Cond_wait(pthread_cond_t *c, pthread_mutex_t *m) {\n    int rc = pthread_cond_wait(c, m);\n    assert(rc == 0);\n}\n\nvoid Cond_signal(pthread_cond_t *c) {\n    int rc = pthread_cond_signal(c);\n    assert(rc == 0);\n}\n\n\nvoid Pthread_create(pthread_t *thread, const pthread_attr_t *attr,\n\t\t    void *(*start_routine)(void*), void *arg) {\n    int rc = pthread_create(thread, attr, start_routine, arg);\n    assert(rc == 0);\n}\n\nvoid Pthread_join(pthread_t thread, void **value_ptr) {\n    int rc = pthread_join(thread, value_ptr);\n    assert(rc == 0);\n}\n\n\n#endif // __MYTHREADS_h__\n"
    },
    {
      "relative_path": "pc-header.h",
      "content": "#ifndef __pc_header_h__\n#define __pc_header_h__\n\n#define MAX_THREADS (100)  // maximum number of producers/consumers\n\nint producers = 1;         // number of producers\nint consumers = 1;         // number of consumers\n\nint *buffer;               // the buffer itself: malloc in main()\nint max;                   // size of the producer/consumer buffer\n\nint use_ptr  = 0;          // tracks where next consume should come from\nint fill_ptr = 0;          // tracks where next produce should go to\nint num_full = 0;          // counts how many entries are full\n\nint loops;                 // number of items that each producer produces\n\n#define EMPTY         (-2) // buffer slot has nothing in it\n#define END_OF_STREAM (-1) // consumer who grabs this should exit\n\n#endif // __pc_header_h__\n\n"
    }
  ],
  "sections": {
    "assignment": "Our first question focuses on main-two-cvs-while.c (the working solution). Run with one producer and one consumer, and have the producer produce a few values. Start with a buffer (size 1), and then increase it. How does the behavior of the code change with larger buffers? (or does it?) What would you predict num_full to be with different buffer sizes (e.g., -m 10) and different numbers of produced items (e.g., -l 100), when you change the consumer sleep string from default (no sleep) to -C 0,0,0,0,0,0,1?",
    "rubric": "3 sub-questions, 9 points for each sub-question",
    "instructor_criteria": "3 sub-questions, 9 points for each sub-question",
    "reference_answer": "With larger buffers, producer can add multiple values to the buffer (up to the length of the buffer) before it waits or context switches, and vice versa for the consumer. The second question models consumers that take much longer to consume items than it takes for producers to produce items. The consumer grabs one item each and then immediately falls asleep for one second, leaving the producer to fill the buffer. The producer would then sleep until the consumer woke up and cycle repeated. (Help to understand the second question model) The buffer would thus spend most of its time full, i.e. num_full would always be equal to or close to the buffer size. Since there is only one empty buffer slot, the producer will run once, and until the loops are over for each, they will take turns to add/remove one at a time.",
    "max_score": 27,
    "reference_materials": [
      {
        "relative_path": "Makefile",
        "content": "BINARIES = main-two-cvs-while main-two-cvs-if main-one-cv-while\nHEADERS = mythreads.h main-header.h main-common.c pc-header.h\n\nall: $(BINARIES)\n\nclean:\n\trm -f $(BINARIES)\n\nmain-one-cv-while: main-one-cv-while.c $(HEADERS)\n\tgcc -o main-one-cv-while main-one-cv-while.c -Wall -Wno-pointer-to-int-cast -pthread\n\nmain-two-cvs-if: main-two-cvs-if.c $(HEADERS)\n\tgcc -o main-two-cvs-if main-two-cvs-if.c -Wall -Wno-pointer-to-int-cast -pthread\n\nmain-two-cvs-while: main-two-cvs-while.c $(HEADERS)\n\tgcc -o main-two-cvs-while main-two-cvs-while.c -Wall -Wno-pointer-to-int-cast -pthread"
      },
      {
        "relative_path": "main-common.c",
        "content": "// Common usage() prints out stuff for command-line help\nvoid usage() {\n    fprintf(stderr, \"usage: \\n\");\n    fprintf(stderr, \"  -l <number of items each producer produces>\\n\");\n    fprintf(stderr, \"  -m <size of the shared producer/consumer buffer>\\n\");\n    fprintf(stderr, \"  -p <number of producers>\\n\");\n    fprintf(stderr, \"  -c <number of consumers>\\n\");\n    fprintf(stderr, \"  -P <sleep string: how each producer should sleep at various points in execution>\\n\");\n    fprintf(stderr, \"  -C <sleep string: how each consumer should sleep at various points in execution>\\n\");\n    fprintf(stderr, \"  -v [ verbose flag: trace what is happening and print it ]\\n\");\n    fprintf(stderr, \"  -t [ timing flag: time entire execution and print total time ]\\n\");\n    exit(1);\n}\n\n// Common main() for all four programs\n// - Does arg parsing\n// - Starts producers and consumers\n// - Once producers are finished, puts END_OF_STREAM\n//   marker into shared queue to signal end to consumers\n// - Then waits for consumers and prints some final info\nint main(int argc, char *argv[]) {\n    loops = 1;\n    max = 1;\n    consumers = 1;\n    producers = 1;\n\n    char *producer_pause_string = NULL;\n    char *consumer_pause_string = NULL;\n\n    opterr = 0;\n    int c;\n    while ((c = getopt (argc, argv, \"l:m:p:c:P:C:vt\")) != -1) {\n\tswitch (c) {\n\tcase 'l':\n\t    loops = atoi(optarg);\n\t    break;\n\tcase 'm':\n\t    max = atoi(optarg);\n\t    break;\n\tcase 'p':\n\t    producers = atoi(optarg);\n\t    break;\n\tcase 'c':\n\t    consumers = atoi(optarg);\n\t    break;\n\tcase 'P':\n\t    producer_pause_string = optarg;\n\t    break;\n\tcase 'C':\n\t    consumer_pause_string = optarg;\n\t    break;\n\tcase 'v':\n\t    do_trace = 1;\n\t    break;\n\tcase 't':\n\t    do_timing = 1;\n\t    break;\n\tdefault:\n\t    usage();\n\t}\n    }\n\n    assert(loops > 0);\n    assert(max > 0);\n    assert(producers <= MAX_THREADS);\n    assert(consumers <= MAX_THREADS);\n\n    if (producer_pause_string != NULL)\n\tparse_pause_string(producer_pause_string, \"producers\", producers, producer_pause_times);\n    if (consumer_pause_string != NULL)\n\tparse_pause_string(consumer_pause_string, \"consumers\", consumers, consumer_pause_times);\n\n    // make space for shared buffer, and init it ...\n    buffer = (int *) Malloc(max * sizeof(int));\n    int i;\n    for (i = 0; i < max; i++) {\n\tbuffer[i] = EMPTY;\n    }\n\n    do_print_headers();\n\n    double t1 = Time_GetSeconds();\n\n    // start up all threads; order doesn't matter here\n    pthread_t pid[MAX_THREADS], cid[MAX_THREADS];\n    int thread_id = 0;\n    for (i = 0; i < producers; i++) {\n\tPthread_create(&pid[i], NULL, producer, (void *) (long long) thread_id);\n\tthread_id++;\n    }\n    for (i = 0; i < consumers; i++) {\n\tPthread_create(&cid[i], NULL, consumer, (void *) (long long) thread_id);\n\tthread_id++;\n    }\n\n    // now wait for all PRODUCERS to finish\n    for (i = 0; i < producers; i++) {\n\tPthread_join(pid[i], NULL);\n    }\n\n    // end case: when producers are all done\n    // - put \"consumers\" number of END_OF_STREAM's in queue\n    // - when consumer sees -1, it exits\n    for (i = 0; i < consumers; i++) {\n\tMutex_lock(&m);\n\twhile (num_full == max)\n\t    Cond_wait(empty_cv, &m);\n\tdo_fill(END_OF_STREAM);\n\tdo_eos();\n\tCond_signal(fill_cv);\n\tMutex_unlock(&m);\n    }\n\n    // now OK to wait for all consumers\n    int counts[consumers];\n    for (i = 0; i < consumers; i++) {\n\tPthread_join(cid[i], (void *) &counts[i]);\n    }\n\n    double t2 = Time_GetSeconds();\n\n    if (do_trace) {\n\tprintf(\"\\nConsumer consumption:\\n\");\n\tfor (i = 0; i < consumers; i++) {\n\t    printf(\"  C%d -> %d\\n\", i, counts[i]);\n\t}\n\tprintf(\"\\n\");\n    }\n\n    if (do_timing) {\n\tprintf(\"Total time: %.2f seconds\\n\", t2-t1);\n    }\n\n    return 0;\n}"
      },
      {
        "relative_path": "main-header.h",
        "content": "#ifndef __main_header_h__\n#define __main_header_h__\n\n// all this is for the homework side of things\n\nint do_trace = 0;\nint do_timing = 0;\n\n#define p0 do_pause(id, 1, 0, \"p0\");\n#define p1 do_pause(id, 1, 1, \"p1\");\n#define p2 do_pause(id, 1, 2, \"p2\");\n#define p3 do_pause(id, 1, 3, \"p3\");\n#define p4 do_pause(id, 1, 4, \"p4\");\n#define p5 do_pause(id, 1, 5, \"p5\");\n#define p6 do_pause(id, 1, 6, \"p6\");\n\n#define c0 do_pause(id, 0, 0, \"c0\");\n#define c1 do_pause(id, 0, 1, \"c1\");\n#define c2 do_pause(id, 0, 2, \"c2\");\n#define c3 do_pause(id, 0, 3, \"c3\");\n#define c4 do_pause(id, 0, 4, \"c4\");\n#define c5 do_pause(id, 0, 5, \"c5\");\n#define c6 do_pause(id, 0, 6, \"c6\");\n\nint producer_pause_times[MAX_THREADS][7];\nint consumer_pause_times[MAX_THREADS][7];\n\n// needed to avoid interleaving of print out from threads\npthread_mutex_t print_lock = PTHREAD_MUTEX_INITIALIZER;\n\nvoid do_print_headers() {\n    if (do_trace == 0)\n\treturn;\n    int i;\n    printf(\"%3s \", \"NF\");\n    for (i = 0; i < max; i++) {\n\tprintf(\" %3s \", \"   \");\n    }\n    printf(\"   \");\n\n    for (i = 0; i < producers; i++)\n\tprintf(\"P%d \", i);\n    for (i = 0; i < consumers; i++)\n\tprintf(\"C%d \", i);\n    printf(\"\\n\");\n}\n\nvoid do_print_pointers(int index) {\n    if (use_ptr == index && fill_ptr == index) {\n\tprintf(\"*\");\n    } else if (use_ptr == index) {\n\tprintf(\"u\");\n    } else if (fill_ptr == index) {\n\tprintf(\"f\");\n    } else {\n\tprintf(\" \");\n    }\n}\n\nvoid do_print_buffer() {\n    int i;\n    printf(\"%3d [\", num_full);\n    for (i = 0; i < max; i++) {\n\tdo_print_pointers(i);\n\tif (buffer[i] == EMPTY) {\n\t    printf(\"%3s \", \"---\");\n\t} else if (buffer[i] == END_OF_STREAM) {\n\t    printf(\"%3s \", \"EOS\");\n\t} else {\n\t    printf(\"%3d \", buffer[i]);\n\t}\n    }\n    printf(\"] \");\n}\n\nvoid do_eos() {\n    if (do_trace) {\n\tMutex_lock(&print_lock);\n\tdo_print_buffer();\n\t//printf(\"%3d [added end-of-stream marker]\\n\", num_full);\n\tprintf(\"[main: added end-of-stream marker]\\n\");\n\tMutex_unlock(&print_lock);\n    }\n}\n\nvoid do_pause(int thread_id, int is_producer, int pause_slot, char *str) {\n    int i;\n    if (do_trace) {\n\tMutex_lock(&print_lock);\n\tdo_print_buffer();\n\n\t// skip over other thread's spots\n\tfor (i = 0; i < thread_id; i++) {\n\t    printf(\"   \");\n\t}\n\tprintf(\"%s\\n\", str);\n\tMutex_unlock(&print_lock);\n    }\n\n    int local_id = thread_id;\n    int pause_time;\n    if (is_producer) {\n\tpause_time = producer_pause_times[local_id][pause_slot];\n    } else {\n\tlocal_id = thread_id - producers;\n\tpause_time = consumer_pause_times[local_id][pause_slot];\n    }\n    // printf(\" PAUSE %d\\n\", pause_time);\n    sleep(pause_time);\n}\n\nvoid ensure(int expression, char *msg) {\n    if (expression == 0) {\n\tfprintf(stderr, \"%s\\n\", msg);\n\texit(1);\n    }\n}\n\nvoid parse_pause_string(char *str, char *name, int expected_pieces,\n\t\t\tint pause_array[MAX_THREADS][7]) {\n\n    // string looks like this (or should):\n    //   1,2,0:2,3,4,5\n    //   n-1 colons if there are n producers/consumers\n    //   comma-separated for sleep amounts per producer or consumer\n    int index = 0;\n\n    char *copy_entire = strdup(str);\n    char *outer_marker;\n    int colon_count = 0;\n    char *p = strtok_r(copy_entire, \":\", &outer_marker);\n    while (p) {\n\t// init array: default sleep is 0\n\tint i;\n\tfor (i = 0; i < 7; i++)\n\t    pause_array[index][i] = 0;\n\n\t// for each piece, comma separated\n\tchar *inner_marker;\n\tchar *copy_piece = strdup(p);\n\tchar *c = strtok_r(copy_piece, \",\", &inner_marker);\n\tint comma_count = 0;\n\n\tint inner_index = 0;\n\twhile (c) {\n\t    int pause_amount = atoi(c);\n\t    ensure(inner_index < 7, \"you specified a sleep string incorrectly... (too many comma-separated args)\");\n\t    // printf(\"setting %s pause %d to %d\\n\", name, inner_index, pause_amount);\n\t    pause_array[index][inner_index] = pause_amount;\n\t    inner_index++;\n\n\t    c = strtok_r(NULL, \",\", &inner_marker);\n\t    comma_count++;\n\t}\n\tfree(copy_piece);\n\tindex++;\n\n\t// continue with colon separated list\n\tp = strtok_r(NULL, \":\", &outer_marker);\n\tcolon_count++;\n    }\n\n    free(copy_entire);\n    if (expected_pieces != colon_count) {\n\tfprintf(stderr, \"Error: expected %d %s in sleep specification, got %d\\n\", expected_pieces, name, colon_count);\n\texit(1);\n    }\n}\n\n\n#endif // __main_header_h__"
      },
      {
        "relative_path": "main-one-cv-while.c",
        "content": "#include <ctype.h>\n#include <stdio.h>\n#include <stdlib.h>\n#include <unistd.h>\n#include <assert.h>\n#include <pthread.h>\n#include <sys/time.h>\n#include <string.h>\n\n#include \"mythreads.h\"\n\n#include \"pc-header.h\"\n\npthread_cond_t cv = PTHREAD_COND_INITIALIZER;\npthread_mutex_t m = PTHREAD_MUTEX_INITIALIZER;\n\n#include \"main-header.h\"\n\nvoid do_fill(int value) {\n    // ensure empty before usage\n    ensure(buffer[fill_ptr] == EMPTY, \"error: tried to fill a non-empty buffer\");\n    buffer[fill_ptr] = value;\n    fill_ptr = (fill_ptr + 1) % max;\n    num_full++;\n}\n\nint do_get() {\n    int tmp = buffer[use_ptr];\n    ensure(tmp != EMPTY, \"error: tried to get an empty buffer\");\n    buffer[use_ptr] = EMPTY;\n    use_ptr = (use_ptr + 1) % max;\n    num_full--;\n    return tmp;\n}\n\nvoid *producer(void *arg) {\n    int id = (int) arg;\n    // make sure each producer produces unique values\n    int base = id * loops;\n    int i;\n    for (i = 0; i < loops; i++) {   p0;\n\tMutex_lock(&m);             p1;\n\twhile (num_full == max) {   p2;\n\t    Cond_wait(&cv, &m);     p3;\n\t}\n\tdo_fill(base + i);          p4;\n\tCond_signal(&cv);           p5;\n\tMutex_unlock(&m);           p6;\n    }\n    return NULL;\n}\n\nvoid *consumer(void *arg) {\n    int id = (int) arg;\n    int tmp = 0;\n    int consumed_count = 0;\n    while (tmp != END_OF_STREAM) { c0;\n\tMutex_lock(&m);            c1;\n\twhile (num_full == 0) {    c2;\n\t    Cond_wait(&cv, &m);    c3;\n        }\n\ttmp = do_get();            c4;\n\tCond_signal(&cv);          c5;\n\tMutex_unlock(&m);          c6;\n\tconsumed_count++;\n    }\n\n    // return consumer_count-1 because END_OF_STREAM does not count\n    return (void *) (long long) (consumed_count - 1);\n}\n\n// must set these appropriately to use \"main-common.c\"\npthread_cond_t *fill_cv = &cv;\npthread_cond_t *empty_cv = &cv;\n\n// all codes use this common base to start producers/consumers\n// and all the other related stuff\n#include \"main-common.c\""
      },
      {
        "relative_path": "main-two-cvs-if.c",
        "content": "#include <ctype.h>\n#include <stdio.h>\n#include <stdlib.h>\n#include <unistd.h>\n#include <assert.h>\n#include <pthread.h>\n#include <sys/time.h>\n#include <string.h>\n\n#include \"mythreads.h\"\n#include \"pc-header.h\"\n\npthread_cond_t empty  = PTHREAD_COND_INITIALIZER;\npthread_cond_t fill   = PTHREAD_COND_INITIALIZER;\npthread_mutex_t m     = PTHREAD_MUTEX_INITIALIZER;\n\n#include \"main-header.h\"\n\nvoid do_fill(int value) {\n    // ensure empty before usage\n    ensure(buffer[fill_ptr] == EMPTY, \"error: tried to fill a non-empty buffer\");\n    buffer[fill_ptr] = value;\n    fill_ptr = (fill_ptr + 1) % max;\n    num_full++;\n}\n\nint do_get() {\n    int tmp = buffer[use_ptr];\n    ensure(tmp != EMPTY, \"error: tried to get an empty buffer\");\n    buffer[use_ptr] = EMPTY;\n    use_ptr = (use_ptr + 1) % max;\n    num_full--;\n    return tmp;\n}\n\nvoid *producer(void *arg) {\n    int id = (int) arg;\n    // make sure each producer produces unique values\n    int base = id * loops;\n    int i;\n    for (i = 0; i < loops; i++) {   p0;\n\tMutex_lock(&m);             p1;\n\tif (num_full == max) {      p2;\n\t    Cond_wait(&empty, &m);  p3;\n\t}\n\tdo_fill(base + i);          p4;\n\tCond_signal(&fill);         p5;\n\tMutex_unlock(&m);           p6;\n    }\n    return NULL;\n}\n\nvoid *consumer(void *arg) {\n    int id = (int) arg;\n    int tmp = 0;\n    int consumed_count = 0;\n    while (tmp != END_OF_STREAM) { c0;\n\tMutex_lock(&m);            c1;\n\tif (num_full == 0) {       c2;\n\t    Cond_wait(&fill, &m);  c3;\n        }\n\ttmp = do_get();            c4;\n\tCond_signal(&empty);       c5;\n\tMutex_unlock(&m);          c6;\n\tconsumed_count++;\n    }\n\n    // return consumer_count-1 because END_OF_STREAM does not count\n    return (void *) (long long) (consumed_count - 1);\n}\n\n// must set these appropriately to use \"main-common.c\"\npthread_cond_t *fill_cv = &fill;\npthread_cond_t *empty_cv = &empty;\n\n// all codes use this common base to start producers/consumers\n// and all the other related stuff\n#include \"main-common.c\""
      },
      {
        "relative_path": "main-two-cvs-while.c",
        "content": "#include <ctype.h>\n#include <stdio.h>\n#include <stdlib.h>\n#include <unistd.h>\n#include <assert.h>\n#include <pthread.h>\n#include <sys/time.h>\n#include <string.h>\n\n#include \"mythreads.h\"\n\n#include \"pc-header.h\"\n\n// used in producer/consumer signaling protocol\npthread_cond_t empty  = PTHREAD_COND_INITIALIZER;\npthread_cond_t fill   = PTHREAD_COND_INITIALIZER;\npthread_mutex_t m     = PTHREAD_MUTEX_INITIALIZER;\n\n#include \"main-header.h\"\n\nvoid do_fill(int value) {\n    // ensure empty before usage\n    ensure(buffer[fill_ptr] == EMPTY, \"error: tried to fill a non-empty buffer\");\n    buffer[fill_ptr] = value;\n    fill_ptr = (fill_ptr + 1) % max;\n    num_full++;\n}\n\nint do_get() {\n    int tmp = buffer[use_ptr];\n    ensure(tmp != EMPTY, \"error: tried to get an empty buffer\");\n    buffer[use_ptr] = EMPTY;\n    use_ptr = (use_ptr + 1) % max;\n    num_full--;\n    return tmp;\n}\n\nvoid *producer(void *arg) {\n    int id = (int) arg;\n    // make sure each producer produces unique values\n    int base = id * loops;\n    int i;\n    for (i = 0; i < loops; i++) {   p0;\n\tMutex_lock(&m);             p1;\n\twhile (num_full == max) {   p2;\n\t    Cond_wait(&empty, &m);  p3;\n\t}\n\tdo_fill(base + i);          p4;\n\tCond_signal(&fill);         p5;\n\tMutex_unlock(&m);           p6;\n    }\n    return NULL;\n}\n\nvoid *consumer(void *arg) {\n    int id = (int) arg;\n    int tmp = 0;\n    int consumed_count = 0;\n    while (tmp != END_OF_STREAM) { c0;\n\tMutex_lock(&m);            c1;\n\twhile (num_full == 0) {    c2;\n\t    Cond_wait(&fill, &m);  c3;\n        }\n\ttmp = do_get();            c4;\n\tCond_signal(&empty);       c5;\n\tMutex_unlock(&m);          c6;\n\tconsumed_count++;\n    }\n\n    // return consumer_count-1 because END_OF_STREAM does not count\n    return (void *) (long long) (consumed_count - 1);\n}\n\n// must set these appropriately to use \"main-common.c\"\npthread_cond_t *fill_cv = &fill;\npthread_cond_t *empty_cv = &empty;\n\n// all codes use this common base to start producers/consumers\n// and all the other related stuff\n#include \"main-common.c\""
      },
      {
        "relative_path": "mythreads.h",
        "content": "#ifndef __MYTHREADS_h__\n#define __MYTHREADS_h__\n\n#include <pthread.h>\n#include <assert.h>\n#include <sys/time.h>\n#include <stdlib.h>\n\nvoid *Malloc(size_t size) {\n    void *p = malloc(size);\n    assert(p != NULL);\n    return p;\n}\n\ndouble Time_GetSeconds() {\n    struct timeval t;\n    int rc = gettimeofday(&t, NULL);\n    assert(rc == 0);\n    return (double) ((double)t.tv_sec + (double)t.tv_usec / 1e6);\n}\n\nvoid work(int seconds) {\n    double t0 = Time_GetSeconds();\n    while ((Time_GetSeconds() - t0) < (double)seconds)\n\t;\n}\n\nvoid Mutex_init(pthread_mutex_t *m) {\n    assert(pthread_mutex_init(m, NULL) == 0);\n}\n\nvoid Mutex_lock(pthread_mutex_t *m) {\n    int rc = pthread_mutex_lock(m);\n    assert(rc == 0);\n}\n\nvoid Mutex_unlock(pthread_mutex_t *m) {\n    int rc = pthread_mutex_unlock(m);\n    assert(rc == 0);\n}\n\nvoid Cond_init(pthread_cond_t *c) {\n    assert(pthread_cond_init(c, NULL) == 0);\n}\n\nvoid Cond_wait(pthread_cond_t *c, pthread_mutex_t *m) {\n    int rc = pthread_cond_wait(c, m);\n    assert(rc == 0);\n}\n\nvoid Cond_signal(pthread_cond_t *c) {\n    int rc = pthread_cond_signal(c);\n    assert(rc == 0);\n}\n\n\nvoid Pthread_create(pthread_t *thread, const pthread_attr_t *attr,\n\t\t    void *(*start_routine)(void*), void *arg) {\n    int rc = pthread_create(thread, attr, start_routine, arg);\n    assert(rc == 0);\n}\n\nvoid Pthread_join(pthread_t thread, void **value_ptr) {\n    int rc = pthread_join(thread, value_ptr);\n    assert(rc == 0);\n}\n\n\n#endif // __MYTHREADS_h__"
      },
      {
        "relative_path": "pc-header.h",
        "content": "#ifndef __pc_header_h__\n#define __pc_header_h__\n\n#define MAX_THREADS (100)  // maximum number of producers/consumers\n\nint producers = 1;         // number of producers\nint consumers = 1;         // number of consumers\n\nint *buffer;               // the buffer itself: malloc in main()\nint max;                   // size of the producer/consumer buffer\n\nint use_ptr  = 0;          // tracks where next consume should come from\nint fill_ptr = 0;          // tracks where next produce should go to\nint num_full = 0;          // counts how many entries are full\n\nint loops;                 // number of items that each producer produces\n\n#define EMPTY         (-2) // buffer slot has nothing in it\n#define END_OF_STREAM (-1) // consumer who grabs this should exit\n\n#endif // __pc_header_h__"
      }
    ]
  },
  "student_answer": "If we increase the larger buffer, it means the producer can add multiple values to the buffer until the buffer is in full, before there is a context switch or sleep. On the consumer side, it is also the same case that the consumer can consumer the project until the buffer is zero. The num_full is always equal to or close to the buffer size. As there is only one on buffer slot, and the producer will run once, until the looping for each, and it will task turn to add or remove one at the time. Where we change the consumer sleep for no sleep to -C -0,0,0,0,0,1. It means the consumer takes much more time to consume the item than the producer produces it. Since, when the consumer take one item in each loop, and feel asleep for 1 second, and leaving the producer to fill the buffer. The producer will sleep until the consumer wakes and loops."
}
[INFO] 2025-09-27 18:54:33,233 Meta-evaluation sample (first 10 entries):
  0 | model=  12.00 | human_scores=[7.0, 7.0, 7.0] | mean=   7.00 | std=   0.00
  1 | model=  19.00 | human_scores=[19, 19, 19] | mean=  19.00 | std=   0.00
  2 | model=  17.00 | human_scores=[13.0, 13.0, 19] | mean=  15.00 | std=   3.46
  3 | model=  17.00 | human_scores=[13.0, 13.0, 13.0] | mean=  13.00 | std=   0.00
  4 | model=  19.00 | human_scores=[11, 15, 13] | mean=  13.00 | std=   2.00
  5 | model=  17.00 | human_scores=[19.0, 19.0, 19] | mean=  19.00 | std=   0.00
  6 | model=  19.00 | human_scores=[8, 4, 6] | mean=   6.00 | std=   2.00
  7 | model=  19.00 | human_scores=[19, 19, 19] | mean=  19.00 | std=   0.00
  8 | model=  17.00 | human_scores=[13.0, 13.0, 13.0] | mean=  13.00 | std=   0.00
  9 | model=  19.00 | human_scores=[19, 19, 19] | mean=  19.00 | std=   0.00
[DEBUG] 2025-09-27 18:54:33,235 Full meta-evaluation summary:
{
  "pearson_corr": -0.03600443772806507,
  "model_scores": [
    12.0,
    19.0,
    17.0,
    17.0,
    19.0,
    17.0,
    19.0,
    19.0,
    17.0,
    19.0,
    7.0,
    17.0,
    19.0,
    19.0,
    2.0,
    7.0,
    12.0,
    19.0,
    12.0,
    19.0,
    19.0,
    9.0,
    19.0,
    19.0,
    19.0,
    10.0,
    19.0,
    19.0,
    19.0,
    14.0,
    17.0,
    19.0,
    17.0,
    19.0,
    12.0,
    19.0,
    12.0,
    19.0,
    19.0,
    19.0,
    0.0,
    0.0,
    0.0,
    0.0,
    0.0,
    0.0,
    0.0,
    0.0,
    0.0,
    0.0,
    0.0,
    0.0,
    0.0,
    0.0,
    0.0,
    0.0,
    0.0,
    0.0,
    0.0,
    0.0,
    0.0,
    0.0,
    0.0,
    0.0,
    0.0,
    0.0,
    0.0,
    0.0,
    0.0,
    0.0,
    0.0,
    0.0,
    0.0,
    0.0,
    0.0,
    0.0,
    0.0,
    0.0,
    0.0,
    0.0,
    2.0,
    2.0,
    2.0,
    2.0,
    2.0,
    2.0,
    2.0,
    2.0,
    0.0,
    2.0,
    2.0,
    2.0,
    0.0,
    2.0,
    2.0,
    2.0,
    2.0,
    2.0,
    2.0,
    0.0,
    2.0,
    2.0,
    0.0,
    2.0,
    2.0,
    0.0,
    2.0,
    0.0,
    0.0,
    2.0,
    0.0,
    2.0,
    2.0,
    2.0,
    2.0,
    2.0,
    2.0,
    2.0,
    2.0,
    0.0,
    0.0,
    0.0,
    0.0,
    0.0,
    0.0,
    0.0,
    0.0,
    0.0,
    0.0,
    0.0,
    0.0,
    0.0,
    0.0,
    0.0,
    0.0,
    0.0,
    0.0,
    0.0,
    0.0,
    0.0,
    0.0,
    0.0,
    0.0,
    0.0,
    0.0,
    0.0,
    0.0,
    0.0,
    0.0,
    0.0,
    0.0,
    0.0,
    0.0,
    0.0,
    0.0,
    0.0,
    0.0,
    0.0,
    0.0,
    0.0,
    0.0,
    0.0,
    0.0,
    0.0,
    0.0,
    0.0,
    0.0,
    0.0,
    0.0,
    0.0,
    0.0,
    0.0,
    0.0,
    0.0,
    0.0,
    0.0,
    0.0,
    0.0,
    0.0,
    0.0,
    0.0,
    0.0,
    0.0,
    0.0,
    0.0,
    0.0,
    0.0,
    0.0,
    0.0,
    0.0,
    0.0,
    0.0,
    0.0,
    0.0,
    0.0,
    0.0,
    0.0,
    0.0,
    0.0,
    0.0,
    0.0,
    0.0,
    0.0,
    0.0,
    0.0,
    0.0,
    0.0,
    0.0,
    0.0,
    0.0,
    0.0,
    0.0,
    0.0,
    0.0,
    0.0,
    0.0,
    0.0,
    0.0,
    0.0,
    0.0,
    0.0,
    0.0,
    0.0,
    0.0,
    0.0,
    0.0,
    0.0,
    0.0,
    0.0,
    0.0,
    0.0,
    0.0,
    0.0,
    0.0,
    0.0,
    0.0,
    0.0,
    0.0,
    0.0,
    0.0
  ],
  "human_means": [
    7.0,
    19.0,
    15.0,
    13.0,
    13.0,
    19.0,
    6.0,
    19.0,
    13.0,
    19.0,
    3.0,
    13.0,
    19.0,
    19.0,
    0.0,
    6.666666666666667,
    0.3333333333333333,
    19.0,
    6.333333333333333,
    19.0,
    6.0,
    7.333333333333333,
    6.666666666666667,
    19.0,
    13.0,
    0.0,
    19.0,
    6.666666666666667,
    19.0,
    6.666666666666667,
    13.0,
    19.0,
    19.0,
    6.0,
    0.0,
    5.0,
    6.0,
    17.0,
    19.0,
    19.0,
    16.0,
    5.333333333333333,
    8.0,
    8.0,
    12.0,
    4.0,
    16.0,
    8.0,
    16.0,
    16.0,
    5.333333333333333,
    14.666666666666666,
    13.333333333333334,
    4.0,
    4.0,
    4.0,
    4.0,
    4.0,
    16.0,
    9.333333333333334,
    16.0,
    0.0,
    16.0,
    4.0,
    16.0,
    16.0,
    16.0,
    4.0,
    16.0,
    8.0,
    14.666666666666666,
    16.0,
    0.0,
    16.0,
    14.666666666666666,
    0.0,
    8.0,
    4.0,
    4.0,
    16.0,
    15.0,
    13.333333333333334,
    5.666666666666667,
    10.0,
    9.666666666666666,
    15.0,
    15.0,
    15.0,
    10.666666666666666,
    5.0,
    15.0,
    10.666666666666666,
    5.0,
    15.0,
    7.333333333333333,
    7.666666666666667,
    5.666666666666667,
    4.666666666666667,
    8.0,
    5.0,
    15.0,
    10.666666666666666,
    7.333333333333333,
    11.0,
    10.333333333333334,
    7.0,
    14.333333333333334,
    6.666666666666667,
    9.0,
    10.666666666666666,
    5.666666666666667,
    13.666666666666666,
    8.0,
    10.666666666666666,
    12.666666666666666,
    15.0,
    10.0,
    14.333333333333334,
    13.333333333333334,
    0.3333333333333333,
    8.0,
    16.0,
    8.0,
    10.666666666666666,
    8.0,
    8.0,
    16.0,
    16.0,
    8.0,
    16.0,
    8.0,
    16.0,
    8.0,
    8.0,
    8.0,
    16.0,
    8.0,
    16.0,
    16.0,
    16.0,
    16.0,
    8.0,
    0.6666666666666666,
    16.0,
    16.0,
    0.0,
    16.0,
    0.6666666666666666,
    16.0,
    0.0,
    8.0,
    8.0,
    16.0,
    16.0,
    10.666666666666666,
    8.0,
    8.0,
    3.3333333333333335,
    16.0,
    8.0,
    13.666666666666666,
    27.0,
    0.3333333333333333,
    3.3333333333333335,
    3.0,
    3.0,
    3.3333333333333335,
    12.666666666666666,
    12.0,
    19.666666666666668,
    27.0,
    12.666666666666666,
    13.333333333333334,
    26.333333333333332,
    27.0,
    15.0,
    6.0,
    18.0,
    9.666666666666666,
    27.0,
    12.333333333333334,
    19.0,
    5.0,
    22.666666666666668,
    5.666666666666667,
    27.0,
    0.3333333333333333,
    27.0,
    12.0,
    9.333333333333334,
    11.333333333333334,
    2.3333333333333335,
    13.666666666666666,
    12.666666666666666,
    4.0,
    27.0,
    10.0,
    0.6666666666666666,
    8.666666666666666,
    4.0,
    30.0,
    4.0,
    22.5,
    33.0,
    33.0,
    24.5,
    30.0,
    40.0,
    30.0,
    5.0,
    17.5,
    12.5,
    35.5,
    21.0,
    21.0,
    37.5,
    17.5,
    37.5,
    25.5,
    37.5,
    37.5,
    20.0,
    5.0,
    37.5,
    37.5,
    32.5,
    37.5,
    32.5,
    26.0,
    32.5,
    37.5,
    37.5,
    35.0,
    24.5,
    0.0,
    0.0,
    37.5,
    17.5,
    17.5,
    37.5
  ],
  "per_example_stats": [
    {
      "id": "q1-1",
      "question_id": "q1",
      "human_scores": [
        7.0,
        7.0,
        7.0
      ],
      "mean": 7.0,
      "std": 0.0,
      "model_score": 12.0
    },
    {
      "id": "q1-2",
      "question_id": "q1",
      "human_scores": [
        19,
        19,
        19
      ],
      "mean": 19,
      "std": 0.0,
      "model_score": 19.0
    },
    {
      "id": "q1-3",
      "question_id": "q1",
      "human_scores": [
        13.0,
        13.0,
        19
      ],
      "mean": 15.0,
      "std": 3.4641016151377544,
      "model_score": 17.0
    },
    {
      "id": "q1-4",
      "question_id": "q1",
      "human_scores": [
        13.0,
        13.0,
        13.0
      ],
      "mean": 13.0,
      "std": 0.0,
      "model_score": 17.0
    },
    {
      "id": "q1-5",
      "question_id": "q1",
      "human_scores": [
        11,
        15,
        13
      ],
      "mean": 13,
      "std": 2.0,
      "model_score": 19.0
    },
    {
      "id": "q1-6",
      "question_id": "q1",
      "human_scores": [
        19.0,
        19.0,
        19
      ],
      "mean": 19.0,
      "std": 0.0,
      "model_score": 17.0
    },
    {
      "id": "q1-7",
      "question_id": "q1",
      "human_scores": [
        8,
        4,
        6
      ],
      "mean": 6,
      "std": 2.0,
      "model_score": 19.0
    },
    {
      "id": "q1-8",
      "question_id": "q1",
      "human_scores": [
        19,
        19,
        19
      ],
      "mean": 19,
      "std": 0.0,
      "model_score": 19.0
    },
    {
      "id": "q1-9",
      "question_id": "q1",
      "human_scores": [
        13.0,
        13.0,
        13.0
      ],
      "mean": 13.0,
      "std": 0.0,
      "model_score": 17.0
    },
    {
      "id": "q1-10",
      "question_id": "q1",
      "human_scores": [
        19,
        19,
        19
      ],
      "mean": 19,
      "std": 0.0,
      "model_score": 19.0
    },
    {
      "id": "q1-11",
      "question_id": "q1",
      "human_scores": [
        3,
        3,
        3.0
      ],
      "mean": 3.0,
      "std": 0.0,
      "model_score": 7.0
    },
    {
      "id": "q1-12",
      "question_id": "q1",
      "human_scores": [
        13.0,
        13.0,
        13.0
      ],
      "mean": 13.0,
      "std": 0.0,
      "model_score": 17.0
    },
    {
      "id": "q1-13",
      "question_id": "q1",
      "human_scores": [
        19.0,
        19.0,
        19.0
      ],
      "mean": 19.0,
      "std": 0.0,
      "model_score": 19.0
    },
    {
      "id": "q1-14",
      "question_id": "q1",
      "human_scores": [
        19.0,
        19.0,
        19.0
      ],
      "mean": 19.0,
      "std": 0.0,
      "model_score": 19.0
    },
    {
      "id": "q1-15",
      "question_id": "q1",
      "human_scores": [
        0,
        0,
        0
      ],
      "mean": 0,
      "std": 0.0,
      "model_score": 2.0
    },
    {
      "id": "q1-16",
      "question_id": "q1",
      "human_scores": [
        7.0,
        7.0,
        6.0
      ],
      "mean": 6.666666666666667,
      "std": 0.5773502691896257,
      "model_score": 7.0
    },
    {
      "id": "q1-17",
      "question_id": "q1",
      "human_scores": [
        1,
        0,
        0
      ],
      "mean": 0.3333333333333333,
      "std": 0.5773502691896257,
      "model_score": 12.0
    },
    {
      "id": "q1-18",
      "question_id": "q1",
      "human_scores": [
        19.0,
        19.0,
        19
      ],
      "mean": 19.0,
      "std": 0.0,
      "model_score": 19.0
    },
    {
      "id": "q1-19",
      "question_id": "q1",
      "human_scores": [
        6.5,
        6.5,
        6
      ],
      "mean": 6.333333333333333,
      "std": 0.28867513459481287,
      "model_score": 12.0
    },
    {
      "id": "q1-20",
      "question_id": "q1",
      "human_scores": [
        19.0,
        19.0,
        19.0
      ],
      "mean": 19.0,
      "std": 0.0,
      "model_score": 19.0
    },
    {
      "id": "q1-21",
      "question_id": "q1",
      "human_scores": [
        6,
        6,
        6
      ],
      "mean": 6,
      "std": 0.0,
      "model_score": 19.0
    },
    {
      "id": "q1-22",
      "question_id": "q1",
      "human_scores": [
        7.0,
        7.0,
        8
      ],
      "mean": 7.333333333333333,
      "std": 0.5773502691896257,
      "model_score": 9.0
    },
    {
      "id": "q1-23",
      "question_id": "q1",
      "human_scores": [
        8,
        6,
        6
      ],
      "mean": 6.666666666666667,
      "std": 1.1547005383792515,
      "model_score": 19.0
    },
    {
      "id": "q1-24",
      "question_id": "q1",
      "human_scores": [
        19,
        19,
        19
      ],
      "mean": 19,
      "std": 0.0,
      "model_score": 19.0
    },
    {
      "id": "q1-25",
      "question_id": "q1",
      "human_scores": [
        13.0,
        13.0,
        13.0
      ],
      "mean": 13.0,
      "std": 0.0,
      "model_score": 19.0
    },
    {
      "id": "q1-26",
      "question_id": "q1",
      "human_scores": [
        0,
        0,
        0
      ],
      "mean": 0,
      "std": 0.0,
      "model_score": 10.0
    },
    {
      "id": "q1-27",
      "question_id": "q1",
      "human_scores": [
        19,
        19,
        19.0
      ],
      "mean": 19.0,
      "std": 0.0,
      "model_score": 19.0
    },
    {
      "id": "q1-28",
      "question_id": "q1",
      "human_scores": [
        8,
        6,
        6
      ],
      "mean": 6.666666666666667,
      "std": 1.1547005383792515,
      "model_score": 19.0
    },
    {
      "id": "q1-29",
      "question_id": "q1",
      "human_scores": [
        19,
        19,
        19
      ],
      "mean": 19,
      "std": 0.0,
      "model_score": 19.0
    },
    {
      "id": "q1-30",
      "question_id": "q1",
      "human_scores": [
        7.0,
        7.0,
        6
      ],
      "mean": 6.666666666666667,
      "std": 0.5773502691896257,
      "model_score": 14.0
    },
    {
      "id": "q1-31",
      "question_id": "q1",
      "human_scores": [
        13.0,
        13.0,
        13.0
      ],
      "mean": 13.0,
      "std": 0.0,
      "model_score": 17.0
    },
    {
      "id": "q1-32",
      "question_id": "q1",
      "human_scores": [
        19,
        19,
        19
      ],
      "mean": 19,
      "std": 0.0,
      "model_score": 19.0
    },
    {
      "id": "q1-33",
      "question_id": "q1",
      "human_scores": [
        19.0,
        19.0,
        19.0
      ],
      "mean": 19.0,
      "std": 0.0,
      "model_score": 17.0
    },
    {
      "id": "q1-34",
      "question_id": "q1",
      "human_scores": [
        6,
        6,
        6
      ],
      "mean": 6,
      "std": 0.0,
      "model_score": 19.0
    },
    {
      "id": "q1-35",
      "question_id": "q1",
      "human_scores": [
        0,
        0,
        0
      ],
      "mean": 0,
      "std": 0.0,
      "model_score": 12.0
    },
    {
      "id": "q1-36",
      "question_id": "q1",
      "human_scores": [
        6.0,
        6.0,
        3.0
      ],
      "mean": 5.0,
      "std": 1.7320508075688772,
      "model_score": 19.0
    },
    {
      "id": "q1-37",
      "question_id": "q1",
      "human_scores": [
        6,
        6,
        6
      ],
      "mean": 6,
      "std": 0.0,
      "model_score": 12.0
    },
    {
      "id": "q1-38",
      "question_id": "q1",
      "human_scores": [
        19,
        19,
        13.0
      ],
      "mean": 17.0,
      "std": 3.4641016151377544,
      "model_score": 19.0
    },
    {
      "id": "q1-39",
      "question_id": "q1",
      "human_scores": [
        19,
        19,
        19
      ],
      "mean": 19,
      "std": 0.0,
      "model_score": 19.0
    },
    {
      "id": "q1-40",
      "question_id": "q1",
      "human_scores": [
        19,
        19,
        19
      ],
      "mean": 19,
      "std": 0.0,
      "model_score": 19.0
    },
    {
      "id": "q2-1",
      "question_id": "q2",
      "human_scores": [
        16,
        16,
        16
      ],
      "mean": 16,
      "std": 0.0,
      "model_score": 0.0
    },
    {
      "id": "q2-2",
      "question_id": "q2",
      "human_scores": [
        8.0,
        4.0,
        4
      ],
      "mean": 5.333333333333333,
      "std": 2.309401076758503,
      "model_score": 0.0
    },
    {
      "id": "q2-3",
      "question_id": "q2",
      "human_scores": [
        8,
        8,
        8
      ],
      "mean": 8,
      "std": 0.0,
      "model_score": 0.0
    },
    {
      "id": "q2-4",
      "question_id": "q2",
      "human_scores": [
        8.0,
        8.0,
        8
      ],
      "mean": 8.0,
      "std": 0.0,
      "model_score": 0.0
    },
    {
      "id": "q2-5",
      "question_id": "q2",
      "human_scores": [
        12,
        12,
        12
      ],
      "mean": 12,
      "std": 0.0,
      "model_score": 0.0
    },
    {
      "id": "q2-6",
      "question_id": "q2",
      "human_scores": [
        4.0,
        4,
        4
      ],
      "mean": 4.0,
      "std": 0.0,
      "model_score": 0.0
    },
    {
      "id": "q2-7",
      "question_id": "q2",
      "human_scores": [
        16,
        16,
        16
      ],
      "mean": 16,
      "std": 0.0,
      "model_score": 0.0
    },
    {
      "id": "q2-8",
      "question_id": "q2",
      "human_scores": [
        8,
        8,
        8
      ],
      "mean": 8,
      "std": 0.0,
      "model_score": 0.0
    },
    {
      "id": "q2-9",
      "question_id": "q2",
      "human_scores": [
        16.0,
        16.0,
        16.0
      ],
      "mean": 16.0,
      "std": 0.0,
      "model_score": 0.0
    },
    {
      "id": "q2-10",
      "question_id": "q2",
      "human_scores": [
        16.0,
        16.0,
        16.0
      ],
      "mean": 16.0,
      "std": 0.0,
      "model_score": 0.0
    },
    {
      "id": "q2-11",
      "question_id": "q2",
      "human_scores": [
        8.0,
        4.0,
        4
      ],
      "mean": 5.333333333333333,
      "std": 2.309401076758503,
      "model_score": 0.0
    },
    {
      "id": "q2-12",
      "question_id": "q2",
      "human_scores": [
        16,
        16,
        12
      ],
      "mean": 14.666666666666666,
      "std": 2.309401076758503,
      "model_score": 0.0
    },
    {
      "id": "q2-13",
      "question_id": "q2",
      "human_scores": [
        16,
        16,
        8
      ],
      "mean": 13.333333333333334,
      "std": 4.618802153517006,
      "model_score": 0.0
    },
    {
      "id": "q2-14",
      "question_id": "q2",
      "human_scores": [
        4,
        4,
        4
      ],
      "mean": 4,
      "std": 0.0,
      "model_score": 0.0
    },
    {
      "id": "q2-15",
      "question_id": "q2",
      "human_scores": [
        4,
        4,
        4
      ],
      "mean": 4,
      "std": 0.0,
      "model_score": 0.0
    },
    {
      "id": "q2-16",
      "question_id": "q2",
      "human_scores": [
        4,
        4,
        4
      ],
      "mean": 4,
      "std": 0.0,
      "model_score": 0.0
    },
    {
      "id": "q2-17",
      "question_id": "q2",
      "human_scores": [
        4.0,
        4.0,
        4
      ],
      "mean": 4.0,
      "std": 0.0,
      "model_score": 0.0
    },
    {
      "id": "q2-18",
      "question_id": "q2",
      "human_scores": [
        4,
        4,
        4
      ],
      "mean": 4,
      "std": 0.0,
      "model_score": 0.0
    },
    {
      "id": "q2-19",
      "question_id": "q2",
      "human_scores": [
        16,
        16,
        16
      ],
      "mean": 16,
      "std": 0.0,
      "model_score": 0.0
    },
    {
      "id": "q2-20",
      "question_id": "q2",
      "human_scores": [
        12,
        8,
        8
      ],
      "mean": 9.333333333333334,
      "std": 2.309401076758503,
      "model_score": 0.0
    },
    {
      "id": "q2-21",
      "question_id": "q2",
      "human_scores": [
        16,
        16,
        16
      ],
      "mean": 16,
      "std": 0.0,
      "model_score": 0.0
    },
    {
      "id": "q2-22",
      "question_id": "q2",
      "human_scores": [
        0,
        0,
        0
      ],
      "mean": 0,
      "std": 0.0,
      "model_score": 0.0
    },
    {
      "id": "q2-23",
      "question_id": "q2",
      "human_scores": [
        16,
        16,
        16
      ],
      "mean": 16,
      "std": 0.0,
      "model_score": 0.0
    },
    {
      "id": "q2-24",
      "question_id": "q2",
      "human_scores": [
        4.0,
        4,
        4
      ],
      "mean": 4.0,
      "std": 0.0,
      "model_score": 0.0
    },
    {
      "id": "q2-25",
      "question_id": "q2",
      "human_scores": [
        16,
        16,
        16
      ],
      "mean": 16,
      "std": 0.0,
      "model_score": 0.0
    },
    {
      "id": "q2-26",
      "question_id": "q2",
      "human_scores": [
        16.0,
        16.0,
        16
      ],
      "mean": 16.0,
      "std": 0.0,
      "model_score": 0.0
    },
    {
      "id": "q2-27",
      "question_id": "q2",
      "human_scores": [
        16.0,
        16.0,
        16
      ],
      "mean": 16.0,
      "std": 0.0,
      "model_score": 0.0
    },
    {
      "id": "q2-28",
      "question_id": "q2",
      "human_scores": [
        4,
        4,
        4
      ],
      "mean": 4,
      "std": 0.0,
      "model_score": 0.0
    },
    {
      "id": "q2-29",
      "question_id": "q2",
      "human_scores": [
        16,
        16,
        16
      ],
      "mean": 16,
      "std": 0.0,
      "model_score": 0.0
    },
    {
      "id": "q2-30",
      "question_id": "q2",
      "human_scores": [
        8.0,
        8,
        8
      ],
      "mean": 8.0,
      "std": 0.0,
      "model_score": 0.0
    },
    {
      "id": "q2-31",
      "question_id": "q2",
      "human_scores": [
        12,
        16,
        16
      ],
      "mean": 14.666666666666666,
      "std": 2.309401076758503,
      "model_score": 0.0
    },
    {
      "id": "q2-32",
      "question_id": "q2",
      "human_scores": [
        16.0,
        16.0,
        16
      ],
      "mean": 16.0,
      "std": 0.0,
      "model_score": 0.0
    },
    {
      "id": "q2-33",
      "question_id": "q2",
      "human_scores": [
        0,
        0,
        0
      ],
      "mean": 0,
      "std": 0.0,
      "model_score": 0.0
    },
    {
      "id": "q2-34",
      "question_id": "q2",
      "human_scores": [
        16.0,
        16.0,
        16.0
      ],
      "mean": 16.0,
      "std": 0.0,
      "model_score": 0.0
    },
    {
      "id": "q2-35",
      "question_id": "q2",
      "human_scores": [
        16,
        16,
        12
      ],
      "mean": 14.666666666666666,
      "std": 2.309401076758503,
      "model_score": 0.0
    },
    {
      "id": "q2-36",
      "question_id": "q2",
      "human_scores": [
        0,
        0,
        0
      ],
      "mean": 0,
      "std": 0.0,
      "model_score": 0.0
    },
    {
      "id": "q2-37",
      "question_id": "q2",
      "human_scores": [
        8.0,
        8.0,
        8
      ],
      "mean": 8.0,
      "std": 0.0,
      "model_score": 0.0
    },
    {
      "id": "q2-38",
      "question_id": "q2",
      "human_scores": [
        4,
        4,
        4
      ],
      "mean": 4,
      "std": 0.0,
      "model_score": 0.0
    },
    {
      "id": "q2-39",
      "question_id": "q2",
      "human_scores": [
        4,
        4,
        4
      ],
      "mean": 4,
      "std": 0.0,
      "model_score": 0.0
    },
    {
      "id": "q2-40",
      "question_id": "q2",
      "human_scores": [
        16,
        16,
        16.0
      ],
      "mean": 16.0,
      "std": 0.0,
      "model_score": 0.0
    },
    {
      "id": "q3-1",
      "question_id": "q3",
      "human_scores": [
        15,
        15,
        15
      ],
      "mean": 15,
      "std": 0.0,
      "model_score": 2.0
    },
    {
      "id": "q3-2",
      "question_id": "q3",
      "human_scores": [
        10.0,
        15,
        15
      ],
      "mean": 13.333333333333334,
      "std": 2.8867513459481287,
      "model_score": 2.0
    },
    {
      "id": "q3-3",
      "question_id": "q3",
      "human_scores": [
        5,
        7,
        5
      ],
      "mean": 5.666666666666667,
      "std": 1.1547005383792515,
      "model_score": 2.0
    },
    {
      "id": "q3-4",
      "question_id": "q3",
      "human_scores": [
        10.0,
        10,
        10
      ],
      "mean": 10.0,
      "std": 0.0,
      "model_score": 2.0
    },
    {
      "id": "q3-5",
      "question_id": "q3",
      "human_scores": [
        12,
        8,
        9
      ],
      "mean": 9.666666666666666,
      "std": 2.0816659994661326,
      "model_score": 2.0
    },
    {
      "id": "q3-6",
      "question_id": "q3",
      "human_scores": [
        15,
        15,
        15
      ],
      "mean": 15,
      "std": 0.0,
      "model_score": 2.0
    },
    {
      "id": "q3-7",
      "question_id": "q3",
      "human_scores": [
        15.0,
        15,
        15
      ],
      "mean": 15.0,
      "std": 0.0,
      "model_score": 2.0
    },
    {
      "id": "q3-8",
      "question_id": "q3",
      "human_scores": [
        15,
        15,
        15
      ],
      "mean": 15,
      "std": 0.0,
      "model_score": 2.0
    },
    {
      "id": "q3-9",
      "question_id": "q3",
      "human_scores": [
        12,
        10,
        10
      ],
      "mean": 10.666666666666666,
      "std": 1.1547005383792515,
      "model_score": 0.0
    },
    {
      "id": "q3-10",
      "question_id": "q3",
      "human_scores": [
        5,
        5,
        5
      ],
      "mean": 5,
      "std": 0.0,
      "model_score": 2.0
    },
    {
      "id": "q3-11",
      "question_id": "q3",
      "human_scores": [
        15.0,
        15,
        15
      ],
      "mean": 15.0,
      "std": 0.0,
      "model_score": 2.0
    },
    {
      "id": "q3-12",
      "question_id": "q3",
      "human_scores": [
        10.0,
        12,
        10
      ],
      "mean": 10.666666666666666,
      "std": 1.1547005383792515,
      "model_score": 2.0
    },
    {
      "id": "q3-13",
      "question_id": "q3",
      "human_scores": [
        7,
        5,
        3
      ],
      "mean": 5,
      "std": 2.0,
      "model_score": 0.0
    },
    {
      "id": "q3-14",
      "question_id": "q3",
      "human_scores": [
        15,
        15,
        15
      ],
      "mean": 15,
      "std": 0.0,
      "model_score": 2.0
    },
    {
      "id": "q3-15",
      "question_id": "q3",
      "human_scores": [
        10.0,
        5,
        7
      ],
      "mean": 7.333333333333333,
      "std": 2.516611478423583,
      "model_score": 2.0
    },
    {
      "id": "q3-16",
      "question_id": "q3",
      "human_scores": [
        10,
        5,
        8
      ],
      "mean": 7.666666666666667,
      "std": 2.516611478423583,
      "model_score": 2.0
    },
    {
      "id": "q3-17",
      "question_id": "q3",
      "human_scores": [
        7,
        5,
        5
      ],
      "mean": 5.666666666666667,
      "std": 1.1547005383792515,
      "model_score": 2.0
    },
    {
      "id": "q3-18",
      "question_id": "q3",
      "human_scores": [
        5.0,
        5,
        4
      ],
      "mean": 4.666666666666667,
      "std": 0.5773502691896257,
      "model_score": 2.0
    },
    {
      "id": "q3-19",
      "question_id": "q3",
      "human_scores": [
        8,
        9,
        7
      ],
      "mean": 8,
      "std": 1.0,
      "model_score": 2.0
    },
    {
      "id": "q3-20",
      "question_id": "q3",
      "human_scores": [
        5.0,
        5,
        5
      ],
      "mean": 5.0,
      "std": 0.0,
      "model_score": 0.0
    },
    {
      "id": "q3-21",
      "question_id": "q3",
      "human_scores": [
        15,
        15,
        15
      ],
      "mean": 15,
      "std": 0.0,
      "model_score": 2.0
    },
    {
      "id": "q3-22",
      "question_id": "q3",
      "human_scores": [
        10.0,
        12,
        10
      ],
      "mean": 10.666666666666666,
      "std": 1.1547005383792515,
      "model_score": 2.0
    },
    {
      "id": "q3-23",
      "question_id": "q3",
      "human_scores": [
        10.0,
        5,
        7
      ],
      "mean": 7.333333333333333,
      "std": 2.516611478423583,
      "model_score": 0.0
    },
    {
      "id": "q3-24",
      "question_id": "q3",
      "human_scores": [
        13.0,
        10,
        10
      ],
      "mean": 11.0,
      "std": 1.7320508075688772,
      "model_score": 2.0
    },
    {
      "id": "q3-25",
      "question_id": "q3",
      "human_scores": [
        11,
        10,
        10
      ],
      "mean": 10.333333333333334,
      "std": 0.5773502691896257,
      "model_score": 2.0
    },
    {
      "id": "q3-26",
      "question_id": "q3",
      "human_scores": [
        5.0,
        9,
        7
      ],
      "mean": 7.0,
      "std": 2.0,
      "model_score": 0.0
    },
    {
      "id": "q3-27",
      "question_id": "q3",
      "human_scores": [
        15,
        13,
        15
      ],
      "mean": 14.333333333333334,
      "std": 1.1547005383792515,
      "model_score": 2.0
    },
    {
      "id": "q3-28",
      "question_id": "q3",
      "human_scores": [
        8,
        7,
        5
      ],
      "mean": 6.666666666666667,
      "std": 1.5275252316519468,
      "model_score": 0.0
    },
    {
      "id": "q3-29",
      "question_id": "q3",
      "human_scores": [
        8,
        10,
        9
      ],
      "mean": 9,
      "std": 1.0,
      "model_score": 0.0
    },
    {
      "id": "q3-30",
      "question_id": "q3",
      "human_scores": [
        10,
        12,
        10
      ],
      "mean": 10.666666666666666,
      "std": 1.1547005383792515,
      "model_score": 2.0
    },
    {
      "id": "q3-31",
      "question_id": "q3",
      "human_scores": [
        5,
        7,
        5
      ],
      "mean": 5.666666666666667,
      "std": 1.1547005383792515,
      "model_score": 0.0
    },
    {
      "id": "q3-32",
      "question_id": "q3",
      "human_scores": [
        13.0,
        15,
        13
      ],
      "mean": 13.666666666666666,
      "std": 1.1547005383792515,
      "model_score": 2.0
    },
    {
      "id": "q3-33",
      "question_id": "q3",
      "human_scores": [
        10.0,
        7,
        7
      ],
      "mean": 8.0,
      "std": 1.7320508075688772,
      "model_score": 2.0
    },
    {
      "id": "q3-34",
      "question_id": "q3",
      "human_scores": [
        10.0,
        12,
        10
      ],
      "mean": 10.666666666666666,
      "std": 1.1547005383792515,
      "model_score": 2.0
    },
    {
      "id": "q3-35",
      "question_id": "q3",
      "human_scores": [
        15,
        10,
        13
      ],
      "mean": 12.666666666666666,
      "std": 2.516611478423583,
      "model_score": 2.0
    },
    {
      "id": "q3-36",
      "question_id": "q3",
      "human_scores": [
        15,
        15,
        15
      ],
      "mean": 15,
      "std": 0.0,
      "model_score": 2.0
    },
    {
      "id": "q3-37",
      "question_id": "q3",
      "human_scores": [
        10.0,
        10,
        10
      ],
      "mean": 10.0,
      "std": 0.0,
      "model_score": 2.0
    },
    {
      "id": "q3-38",
      "question_id": "q3",
      "human_scores": [
        15.0,
        13,
        15
      ],
      "mean": 14.333333333333334,
      "std": 1.1547005383792515,
      "model_score": 2.0
    },
    {
      "id": "q3-39",
      "question_id": "q3",
      "human_scores": [
        10.0,
        15,
        15
      ],
      "mean": 13.333333333333334,
      "std": 2.8867513459481287,
      "model_score": 2.0
    },
    {
      "id": "q3-40",
      "question_id": "q3",
      "human_scores": [
        1.0,
        0,
        0
      ],
      "mean": 0.3333333333333333,
      "std": 0.5773502691896257,
      "model_score": 0.0
    },
    {
      "id": "q4-1",
      "question_id": "q4",
      "human_scores": [
        8.0,
        8.0,
        8.0
      ],
      "mean": 8.0,
      "std": 0.0,
      "model_score": 0.0
    },
    {
      "id": "q4-2",
      "question_id": "q4",
      "human_scores": [
        16.0,
        16.0,
        16
      ],
      "mean": 16.0,
      "std": 0.0,
      "model_score": 0.0
    },
    {
      "id": "q4-3",
      "question_id": "q4",
      "human_scores": [
        8.0,
        8.0,
        8
      ],
      "mean": 8.0,
      "std": 0.0,
      "model_score": 0.0
    },
    {
      "id": "q4-4",
      "question_id": "q4",
      "human_scores": [
        16.0,
        8,
        8
      ],
      "mean": 10.666666666666666,
      "std": 4.618802153517006,
      "model_score": 0.0
    },
    {
      "id": "q4-5",
      "question_id": "q4",
      "human_scores": [
        8,
        8,
        8
      ],
      "mean": 8,
      "std": 0.0,
      "model_score": 0.0
    },
    {
      "id": "q4-6",
      "question_id": "q4",
      "human_scores": [
        8.0,
        8.0,
        8
      ],
      "mean": 8.0,
      "std": 0.0,
      "model_score": 0.0
    },
    {
      "id": "q4-7",
      "question_id": "q4",
      "human_scores": [
        16.0,
        16.0,
        16
      ],
      "mean": 16.0,
      "std": 0.0,
      "model_score": 0.0
    },
    {
      "id": "q4-8",
      "question_id": "q4",
      "human_scores": [
        16.0,
        16.0,
        16.0
      ],
      "mean": 16.0,
      "std": 0.0,
      "model_score": 0.0
    },
    {
      "id": "q4-9",
      "question_id": "q4",
      "human_scores": [
        8.0,
        8,
        8
      ],
      "mean": 8.0,
      "std": 0.0,
      "model_score": 0.0
    },
    {
      "id": "q4-10",
      "question_id": "q4",
      "human_scores": [
        16,
        16,
        16
      ],
      "mean": 16,
      "std": 0.0,
      "model_score": 0.0
    },
    {
      "id": "q4-11",
      "question_id": "q4",
      "human_scores": [
        8.0,
        8.0,
        8
      ],
      "mean": 8.0,
      "std": 0.0,
      "model_score": 0.0
    },
    {
      "id": "q4-12",
      "question_id": "q4",
      "human_scores": [
        16.0,
        16.0,
        16
      ],
      "mean": 16.0,
      "std": 0.0,
      "model_score": 0.0
    },
    {
      "id": "q4-13",
      "question_id": "q4",
      "human_scores": [
        8.0,
        8.0,
        8
      ],
      "mean": 8.0,
      "std": 0.0,
      "model_score": 0.0
    },
    {
      "id": "q4-14",
      "question_id": "q4",
      "human_scores": [
        8,
        8,
        8
      ],
      "mean": 8,
      "std": 0.0,
      "model_score": 0.0
    },
    {
      "id": "q4-15",
      "question_id": "q4",
      "human_scores": [
        8.0,
        8.0,
        8
      ],
      "mean": 8.0,
      "std": 0.0,
      "model_score": 0.0
    },
    {
      "id": "q4-16",
      "question_id": "q4",
      "human_scores": [
        16,
        16,
        16
      ],
      "mean": 16,
      "std": 0.0,
      "model_score": 0.0
    },
    {
      "id": "q4-17",
      "question_id": "q4",
      "human_scores": [
        8.0,
        8,
        8
      ],
      "mean": 8.0,
      "std": 0.0,
      "model_score": 0.0
    },
    {
      "id": "q4-18",
      "question_id": "q4",
      "human_scores": [
        16,
        16,
        16
      ],
      "mean": 16,
      "std": 0.0,
      "model_score": 0.0
    },
    {
      "id": "q4-19",
      "question_id": "q4",
      "human_scores": [
        16.0,
        16.0,
        16
      ],
      "mean": 16.0,
      "std": 0.0,
      "model_score": 0.0
    },
    {
      "id": "q4-20",
      "question_id": "q4",
      "human_scores": [
        16.0,
        16.0,
        16
      ],
      "mean": 16.0,
      "std": 0.0,
      "model_score": 0.0
    },
    {
      "id": "q4-21",
      "question_id": "q4",
      "human_scores": [
        16,
        16,
        16
      ],
      "mean": 16,
      "std": 0.0,
      "model_score": 0.0
    },
    {
      "id": "q4-22",
      "question_id": "q4",
      "human_scores": [
        8,
        8,
        8
      ],
      "mean": 8,
      "std": 0.0,
      "model_score": 0.0
    },
    {
      "id": "q4-23",
      "question_id": "q4",
      "human_scores": [
        2,
        0,
        0
      ],
      "mean": 0.6666666666666666,
      "std": 1.1547005383792515,
      "model_score": 0.0
    },
    {
      "id": "q4-24",
      "question_id": "q4",
      "human_scores": [
        16.0,
        16.0,
        16
      ],
      "mean": 16.0,
      "std": 0.0,
      "model_score": 0.0
    },
    {
      "id": "q4-25",
      "question_id": "q4",
      "human_scores": [
        16.0,
        16.0,
        16
      ],
      "mean": 16.0,
      "std": 0.0,
      "model_score": 0.0
    },
    {
      "id": "q4-26",
      "question_id": "q4",
      "human_scores": [
        0.0,
        0.0,
        0
      ],
      "mean": 0.0,
      "std": 0.0,
      "model_score": 0.0
    },
    {
      "id": "q4-27",
      "question_id": "q4",
      "human_scores": [
        16.0,
        16.0,
        16
      ],
      "mean": 16.0,
      "std": 0.0,
      "model_score": 0.0
    },
    {
      "id": "q4-28",
      "question_id": "q4",
      "human_scores": [
        2,
        0,
        0
      ],
      "mean": 0.6666666666666666,
      "std": 1.1547005383792515,
      "model_score": 0.0
    },
    {
      "id": "q4-29",
      "question_id": "q4",
      "human_scores": [
        16,
        16,
        16
      ],
      "mean": 16,
      "std": 0.0,
      "model_score": 0.0
    },
    {
      "id": "q4-30",
      "question_id": "q4",
      "human_scores": [
        0.0,
        0.0,
        0
      ],
      "mean": 0.0,
      "std": 0.0,
      "model_score": 0.0
    },
    {
      "id": "q4-31",
      "question_id": "q4",
      "human_scores": [
        8.0,
        8,
        8
      ],
      "mean": 8.0,
      "std": 0.0,
      "model_score": 0.0
    },
    {
      "id": "q4-32",
      "question_id": "q4",
      "human_scores": [
        8,
        8,
        8
      ],
      "mean": 8,
      "std": 0.0,
      "model_score": 0.0
    },
    {
      "id": "q4-33",
      "question_id": "q4",
      "human_scores": [
        16.0,
        16.0,
        16
      ],
      "mean": 16.0,
      "std": 0.0,
      "model_score": 0.0
    },
    {
      "id": "q4-34",
      "question_id": "q4",
      "human_scores": [
        16.0,
        16.0,
        16
      ],
      "mean": 16.0,
      "std": 0.0,
      "model_score": 0.0
    },
    {
      "id": "q4-35",
      "question_id": "q4",
      "human_scores": [
        16.0,
        8,
        8
      ],
      "mean": 10.666666666666666,
      "std": 4.618802153517006,
      "model_score": 0.0
    },
    {
      "id": "q4-36",
      "question_id": "q4",
      "human_scores": [
        8,
        8,
        8
      ],
      "mean": 8,
      "std": 0.0,
      "model_score": 0.0
    },
    {
      "id": "q4-37",
      "question_id": "q4",
      "human_scores": [
        8,
        8,
        8
      ],
      "mean": 8,
      "std": 0.0,
      "model_score": 0.0
    },
    {
      "id": "q4-38",
      "question_id": "q4",
      "human_scores": [
        10.0,
        0,
        0
      ],
      "mean": 3.3333333333333335,
      "std": 5.773502691896257,
      "model_score": 0.0
    },
    {
      "id": "q4-39",
      "question_id": "q4",
      "human_scores": [
        16,
        16,
        16
      ],
      "mean": 16,
      "std": 0.0,
      "model_score": 0.0
    },
    {
      "id": "q4-40",
      "question_id": "q4",
      "human_scores": [
        8.0,
        8.0,
        8
      ],
      "mean": 8.0,
      "std": 0.0,
      "model_score": 0.0
    },
    {
      "id": "q5-1",
      "question_id": "q5",
      "human_scores": [
        13.0,
        15,
        13
      ],
      "mean": 13.666666666666666,
      "std": 1.1547005383792515,
      "model_score": 0.0
    },
    {
      "id": "q5-2",
      "question_id": "q5",
      "human_scores": [
        27.0,
        27,
        27
      ],
      "mean": 27.0,
      "std": 0.0,
      "model_score": 0.0
    },
    {
      "id": "q5-3",
      "question_id": "q5",
      "human_scores": [
        1.0,
        0,
        0
      ],
      "mean": 0.3333333333333333,
      "std": 0.5773502691896257,
      "model_score": 0.0
    },
    {
      "id": "q5-4",
      "question_id": "q5",
      "human_scores": [
        2,
        5,
        3
      ],
      "mean": 3.3333333333333335,
      "std": 1.5275252316519468,
      "model_score": 0.0
    },
    {
      "id": "q5-5",
      "question_id": "q5",
      "human_scores": [
        2.0,
        4,
        3
      ],
      "mean": 3.0,
      "std": 1.0,
      "model_score": 0.0
    },
    {
      "id": "q5-6",
      "question_id": "q5",
      "human_scores": [
        3,
        3,
        3
      ],
      "mean": 3,
      "std": 0.0,
      "model_score": 0.0
    },
    {
      "id": "q5-7",
      "question_id": "q5",
      "human_scores": [
        4,
        3,
        3
      ],
      "mean": 3.3333333333333335,
      "std": 0.5773502691896257,
      "model_score": 0.0
    },
    {
      "id": "q5-8",
      "question_id": "q5",
      "human_scores": [
        11,
        15,
        12
      ],
      "mean": 12.666666666666666,
      "std": 2.0816659994661326,
      "model_score": 0.0
    },
    {
      "id": "q5-9",
      "question_id": "q5",
      "human_scores": [
        8,
        16,
        12
      ],
      "mean": 12,
      "std": 4.0,
      "model_score": 0.0
    },
    {
      "id": "q5-10",
      "question_id": "q5",
      "human_scores": [
        18,
        20,
        21
      ],
      "mean": 19.666666666666668,
      "std": 1.5275252316519468,
      "model_score": 0.0
    },
    {
      "id": "q5-11",
      "question_id": "q5",
      "human_scores": [
        27.0,
        27,
        27
      ],
      "mean": 27.0,
      "std": 0.0,
      "model_score": 0.0
    },
    {
      "id": "q5-12",
      "question_id": "q5",
      "human_scores": [
        11,
        15,
        12
      ],
      "mean": 12.666666666666666,
      "std": 2.0816659994661326,
      "model_score": 0.0
    },
    {
      "id": "q5-13",
      "question_id": "q5",
      "human_scores": [
        15,
        13,
        12
      ],
      "mean": 13.333333333333334,
      "std": 1.5275252316519468,
      "model_score": 0.0
    },
    {
      "id": "q5-14",
      "question_id": "q5",
      "human_scores": [
        27.0,
        25,
        27
      ],
      "mean": 26.333333333333332,
      "std": 1.1547005383792515,
      "model_score": 0.0
    },
    {
      "id": "q5-15",
      "question_id": "q5",
      "human_scores": [
        27.0,
        27,
        27
      ],
      "mean": 27.0,
      "std": 0.0,
      "model_score": 0.0
    },
    {
      "id": "q5-16",
      "question_id": "q5",
      "human_scores": [
        12,
        18,
        15
      ],
      "mean": 15,
      "std": 3.0,
      "model_score": 0.0
    },
    {
      "id": "q5-17",
      "question_id": "q5",
      "human_scores": [
        7.0,
        5,
        6
      ],
      "mean": 6.0,
      "std": 1.0,
      "model_score": 0.0
    },
    {
      "id": "q5-18",
      "question_id": "q5",
      "human_scores": [
        20,
        16,
        18
      ],
      "mean": 18,
      "std": 2.0,
      "model_score": 0.0
    },
    {
      "id": "q5-19",
      "question_id": "q5",
      "human_scores": [
        9,
        11,
        9
      ],
      "mean": 9.666666666666666,
      "std": 1.1547005383792515,
      "model_score": 0.0
    },
    {
      "id": "q5-20",
      "question_id": "q5",
      "human_scores": [
        27.0,
        27,
        27
      ],
      "mean": 27.0,
      "std": 0.0,
      "model_score": 0.0
    },
    {
      "id": "q5-21",
      "question_id": "q5",
      "human_scores": [
        15.0,
        10,
        12
      ],
      "mean": 12.333333333333334,
      "std": 2.516611478423583,
      "model_score": 0.0
    },
    {
      "id": "q5-22",
      "question_id": "q5",
      "human_scores": [
        23.0,
        16,
        18
      ],
      "mean": 19.0,
      "std": 3.605551275463989,
      "model_score": 0.0
    },
    {
      "id": "q5-23",
      "question_id": "q5",
      "human_scores": [
        6,
        6,
        3
      ],
      "mean": 5,
      "std": 1.7320508075688772,
      "model_score": 0.0
    },
    {
      "id": "q5-24",
      "question_id": "q5",
      "human_scores": [
        20,
        27,
        21
      ],
      "mean": 22.666666666666668,
      "std": 3.7859388972001824,
      "model_score": 0.0
    },
    {
      "id": "q5-25",
      "question_id": "q5",
      "human_scores": [
        5,
        9,
        3
      ],
      "mean": 5.666666666666667,
      "std": 3.0550504633038935,
      "model_score": 0.0
    },
    {
      "id": "q5-26",
      "question_id": "q5",
      "human_scores": [
        27,
        27,
        27
      ],
      "mean": 27,
      "std": 0.0,
      "model_score": 0.0
    },
    {
      "id": "q5-27",
      "question_id": "q5",
      "human_scores": [
        0.0,
        1,
        0
      ],
      "mean": 0.3333333333333333,
      "std": 0.5773502691896257,
      "model_score": 0.0
    },
    {
      "id": "q5-28",
      "question_id": "q5",
      "human_scores": [
        27.0,
        27,
        27
      ],
      "mean": 27.0,
      "std": 0.0,
      "model_score": 0.0
    },
    {
      "id": "q5-29",
      "question_id": "q5",
      "human_scores": [
        12.0,
        12,
        12
      ],
      "mean": 12.0,
      "std": 0.0,
      "model_score": 0.0
    },
    {
      "id": "q5-30",
      "question_id": "q5",
      "human_scores": [
        9.0,
        10,
        9
      ],
      "mean": 9.333333333333334,
      "std": 0.5773502691896257,
      "model_score": 0.0
    },
    {
      "id": "q5-31",
      "question_id": "q5",
      "human_scores": [
        10,
        12,
        12
      ],
      "mean": 11.333333333333334,
      "std": 1.1547005383792515,
      "model_score": 0.0
    },
    {
      "id": "q5-32",
      "question_id": "q5",
      "human_scores": [
        4,
        3,
        0
      ],
      "mean": 2.3333333333333335,
      "std": 2.0816659994661326,
      "model_score": 0.0
    },
    {
      "id": "q5-33",
      "question_id": "q5",
      "human_scores": [
        13,
        15,
        13
      ],
      "mean": 13.666666666666666,
      "std": 1.1547005383792515,
      "model_score": 0.0
    },
    {
      "id": "q5-34",
      "question_id": "q5",
      "human_scores": [
        16,
        10,
        12
      ],
      "mean": 12.666666666666666,
      "std": 3.0550504633038935,
      "model_score": 0.0
    },
    {
      "id": "q5-35",
      "question_id": "q5",
      "human_scores": [
        5,
        5,
        2
      ],
      "mean": 4,
      "std": 1.7320508075688772,
      "model_score": 0.0
    },
    {
      "id": "q5-36",
      "question_id": "q5",
      "human_scores": [
        27.0,
        27,
        27
      ],
      "mean": 27.0,
      "std": 0.0,
      "model_score": 0.0
    },
    {
      "id": "q5-37",
      "question_id": "q5",
      "human_scores": [
        9.0,
        12,
        9
      ],
      "mean": 10.0,
      "std": 1.7320508075688772,
      "model_score": 0.0
    },
    {
      "id": "q5-38",
      "question_id": "q5",
      "human_scores": [
        2,
        0,
        0
      ],
      "mean": 0.6666666666666666,
      "std": 1.1547005383792515,
      "model_score": 0.0
    },
    {
      "id": "q5-39",
      "question_id": "q5",
      "human_scores": [
        9.0,
        8,
        9
      ],
      "mean": 8.666666666666666,
      "std": 0.5773502691896257,
      "model_score": 0.0
    },
    {
      "id": "q5-40",
      "question_id": "q5",
      "human_scores": [
        5,
        4,
        3
      ],
      "mean": 4,
      "std": 1.0,
      "model_score": 0.0
    },
    {
      "id": "q6-1",
      "question_id": "q6",
      "human_scores": [
        30.0,
        30
      ],
      "mean": 30.0,
      "std": 0.0,
      "model_score": 0.0
    },
    {
      "id": "q6-2",
      "question_id": "q6",
      "human_scores": [
        0.0,
        8
      ],
      "mean": 4.0,
      "std": 5.656854249492381,
      "model_score": 0.0
    },
    {
      "id": "q6-3",
      "question_id": "q6",
      "human_scores": [
        25.0,
        20
      ],
      "mean": 22.5,
      "std": 3.5355339059327378,
      "model_score": 0.0
    },
    {
      "id": "q6-4",
      "question_id": "q6",
      "human_scores": [
        33.0,
        33
      ],
      "mean": 33.0,
      "std": 0.0,
      "model_score": 0.0
    },
    {
      "id": "q6-5",
      "question_id": "q6",
      "human_scores": [
        33,
        33
      ],
      "mean": 33,
      "std": 0.0,
      "model_score": 0.0
    },
    {
      "id": "q6-6",
      "question_id": "q6",
      "human_scores": [
        25.0,
        24
      ],
      "mean": 24.5,
      "std": 0.7071067811865476,
      "model_score": 0.0
    },
    {
      "id": "q6-7",
      "question_id": "q6",
      "human_scores": [
        30.0,
        30
      ],
      "mean": 30.0,
      "std": 0.0,
      "model_score": 0.0
    },
    {
      "id": "q6-8",
      "question_id": "q6",
      "human_scores": [
        40.0,
        40
      ],
      "mean": 40.0,
      "std": 0.0,
      "model_score": 0.0
    },
    {
      "id": "q6-9",
      "question_id": "q6",
      "human_scores": [
        30.0,
        30
      ],
      "mean": 30.0,
      "std": 0.0,
      "model_score": 0.0
    },
    {
      "id": "q6-10",
      "question_id": "q6",
      "human_scores": [
        0.0,
        10
      ],
      "mean": 5.0,
      "std": 7.0710678118654755,
      "model_score": 0.0
    },
    {
      "id": "q6-11",
      "question_id": "q6",
      "human_scores": [
        25.0,
        10
      ],
      "mean": 17.5,
      "std": 10.606601717798213,
      "model_score": 0.0
    },
    {
      "id": "q6-12",
      "question_id": "q6",
      "human_scores": [
        10,
        15
      ],
      "mean": 12.5,
      "std": 3.5355339059327378,
      "model_score": 0.0
    },
    {
      "id": "q6-13",
      "question_id": "q6",
      "human_scores": [
        33.0,
        38
      ],
      "mean": 35.5,
      "std": 3.5355339059327378,
      "model_score": 0.0
    },
    {
      "id": "q6-14",
      "question_id": "q6",
      "human_scores": [
        25.0,
        17
      ],
      "mean": 21.0,
      "std": 5.656854249492381,
      "model_score": 0.0
    },
    {
      "id": "q6-15",
      "question_id": "q6",
      "human_scores": [
        25,
        17
      ],
      "mean": 21,
      "std": 5.656854249492381,
      "model_score": 0.0
    },
    {
      "id": "q6-16",
      "question_id": "q6",
      "human_scores": [
        35,
        40
      ],
      "mean": 37.5,
      "std": 3.5355339059327378,
      "model_score": 0.0
    },
    {
      "id": "q6-17",
      "question_id": "q6",
      "human_scores": [
        15.0,
        20
      ],
      "mean": 17.5,
      "std": 3.5355339059327378,
      "model_score": 0.0
    },
    {
      "id": "q6-18",
      "question_id": "q6",
      "human_scores": [
        35.0,
        40
      ],
      "mean": 37.5,
      "std": 3.5355339059327378,
      "model_score": 0.0
    },
    {
      "id": "q6-19",
      "question_id": "q6",
      "human_scores": [
        23.0,
        28
      ],
      "mean": 25.5,
      "std": 3.5355339059327378,
      "model_score": 0.0
    },
    {
      "id": "q6-20",
      "question_id": "q6",
      "human_scores": [
        35.0,
        40
      ],
      "mean": 37.5,
      "std": 3.5355339059327378,
      "model_score": 0.0
    },
    {
      "id": "q6-21",
      "question_id": "q6",
      "human_scores": [
        35,
        40
      ],
      "mean": 37.5,
      "std": 3.5355339059327378,
      "model_score": 0.0
    },
    {
      "id": "q6-22",
      "question_id": "q6",
      "human_scores": [
        25.0,
        15
      ],
      "mean": 20.0,
      "std": 7.0710678118654755,
      "model_score": 0.0
    },
    {
      "id": "q6-23",
      "question_id": "q6",
      "human_scores": [
        5.0,
        5
      ],
      "mean": 5.0,
      "std": 0.0,
      "model_score": 0.0
    },
    {
      "id": "q6-24",
      "question_id": "q6",
      "human_scores": [
        35,
        40
      ],
      "mean": 37.5,
      "std": 3.5355339059327378,
      "model_score": 0.0
    },
    {
      "id": "q6-25",
      "question_id": "q6",
      "human_scores": [
        35,
        40
      ],
      "mean": 37.5,
      "std": 3.5355339059327378,
      "model_score": 0.0
    },
    {
      "id": "q6-26",
      "question_id": "q6",
      "human_scores": [
        30.0,
        35
      ],
      "mean": 32.5,
      "std": 3.5355339059327378,
      "model_score": 0.0
    },
    {
      "id": "q6-27",
      "question_id": "q6",
      "human_scores": [
        35,
        40
      ],
      "mean": 37.5,
      "std": 3.5355339059327378,
      "model_score": 0.0
    },
    {
      "id": "q6-28",
      "question_id": "q6",
      "human_scores": [
        30.0,
        35
      ],
      "mean": 32.5,
      "std": 3.5355339059327378,
      "model_score": 0.0
    },
    {
      "id": "q6-29",
      "question_id": "q6",
      "human_scores": [
        25.0,
        27
      ],
      "mean": 26.0,
      "std": 1.4142135623730951,
      "model_score": 0.0
    },
    {
      "id": "q6-30",
      "question_id": "q6",
      "human_scores": [
        30.0,
        35
      ],
      "mean": 32.5,
      "std": 3.5355339059327378,
      "model_score": 0.0
    },
    {
      "id": "q6-31",
      "question_id": "q6",
      "human_scores": [
        35,
        40
      ],
      "mean": 37.5,
      "std": 3.5355339059327378,
      "model_score": 0.0
    },
    {
      "id": "q6-32",
      "question_id": "q6",
      "human_scores": [
        35,
        40
      ],
      "mean": 37.5,
      "std": 3.5355339059327378,
      "model_score": 0.0
    },
    {
      "id": "q6-33",
      "question_id": "q6",
      "human_scores": [
        30.0,
        40
      ],
      "mean": 35.0,
      "std": 7.0710678118654755,
      "model_score": 0.0
    },
    {
      "id": "q6-34",
      "question_id": "q6",
      "human_scores": [
        25.0,
        24
      ],
      "mean": 24.5,
      "std": 0.7071067811865476,
      "model_score": 0.0
    },
    {
      "id": "q6-35",
      "question_id": "q6",
      "human_scores": [
        0.0,
        0
      ],
      "mean": 0.0,
      "std": 0.0,
      "model_score": 0.0
    },
    {
      "id": "q6-36",
      "question_id": "q6",
      "human_scores": [
        0.0,
        0
      ],
      "mean": 0.0,
      "std": 0.0,
      "model_score": 0.0
    },
    {
      "id": "q6-37",
      "question_id": "q6",
      "human_scores": [
        35,
        40
      ],
      "mean": 37.5,
      "std": 3.5355339059327378,
      "model_score": 0.0
    },
    {
      "id": "q6-38",
      "question_id": "q6",
      "human_scores": [
        15.0,
        20
      ],
      "mean": 17.5,
      "std": 3.5355339059327378,
      "model_score": 0.0
    },
    {
      "id": "q6-39",
      "question_id": "q6",
      "human_scores": [
        15.0,
        20
      ],
      "mean": 17.5,
      "std": 3.5355339059327378,
      "model_score": 0.0
    },
    {
      "id": "q6-40",
      "question_id": "q6",
      "human_scores": [
        35.0,
        40
      ],
      "mean": 37.5,
      "std": 3.5355339059327378,
      "model_score": 0.0
    }
  ]
}
[INFO] 2025-09-27 18:54:33,239 Saved meta-eval summary to /nfs/roberts/project/pi_ac3458/vl298/Prompt-Perturbation/ReIFE/results/llm_grader_pointwise.dummy_api.base_pointwise.pointwise_vanilla.meta.json
