[INFO] 2025-10-20 20:33:59,058 Logging to /vast/palmer/home.grace/vl298/Prompt-Perturbation/logs/pointwise_pipeline_20251020-203359_api_account_path-None_api_end_wait_time-0_api_initial_wait_time-2_api_key_path-None_api_max_retries-10_hash-3745c93b8051.log
[INFO] 2025-10-20 20:33:59,058 Prompt perturbation enabled: True
[DEBUG] 2025-10-20 20:33:59,178 Starting new HTTPS connection (1): huggingface.co:443
[DEBUG] 2025-10-20 20:33:59,218 https://huggingface.co:443 "HEAD /Qwen/Qwen2.5-7B-Instruct/resolve/main/tokenizer_config.json HTTP/1.1" 307 0
[DEBUG] 2025-10-20 20:33:59,225 https://huggingface.co:443 "HEAD /api/resolve-cache/models/Qwen/Qwen2.5-7B-Instruct/a09a35458c702b33eeacc393d103063234e8bc28/tokenizer_config.json HTTP/1.1" 200 0
[DEBUG] 2025-10-20 20:33:59,270 https://huggingface.co:443 "GET /api/models/Qwen/Qwen2.5-7B-Instruct/tree/main/additional_chat_templates?recursive=False&expand=False HTTP/1.1" 404 64
[DEBUG] 2025-10-20 20:33:59,602 https://huggingface.co:443 "HEAD /Qwen/Qwen2.5-7B-Instruct/resolve/main/config.json HTTP/1.1" 307 0
[DEBUG] 2025-10-20 20:33:59,609 https://huggingface.co:443 "HEAD /api/resolve-cache/models/Qwen/Qwen2.5-7B-Instruct/a09a35458c702b33eeacc393d103063234e8bc28/config.json HTTP/1.1" 200 0
[DEBUG] 2025-10-20 20:33:59,635 https://huggingface.co:443 "HEAD /Qwen/Qwen2.5-7B-Instruct/resolve/main/config.json HTTP/1.1" 307 0
[DEBUG] 2025-10-20 20:33:59,642 https://huggingface.co:443 "HEAD /api/resolve-cache/models/Qwen/Qwen2.5-7B-Instruct/a09a35458c702b33eeacc393d103063234e8bc28/config.json HTTP/1.1" 200 0
[DEBUG] 2025-10-20 20:33:59,667 https://huggingface.co:443 "HEAD /Qwen/Qwen2.5-7B-Instruct/resolve/main/config.json HTTP/1.1" 307 0
[DEBUG] 2025-10-20 20:33:59,673 https://huggingface.co:443 "HEAD /api/resolve-cache/models/Qwen/Qwen2.5-7B-Instruct/a09a35458c702b33eeacc393d103063234e8bc28/config.json HTTP/1.1" 200 0
[DEBUG] 2025-10-20 20:33:59,704 https://huggingface.co:443 "GET /api/models/Qwen/Qwen2.5-7B-Instruct/tree/main?recursive=True&expand=False HTTP/1.1" 200 2302
[DEBUG] 2025-10-20 20:33:59,738 https://huggingface.co:443 "GET /api/models/Qwen/Qwen2.5-7B-Instruct/tree/main?recursive=True&expand=False HTTP/1.1" 200 2302
[DEBUG] 2025-10-20 20:33:59,765 https://huggingface.co:443 "HEAD /Qwen/Qwen2.5-7B-Instruct/resolve/main/preprocessor_config.json HTTP/1.1" 404 0
[DEBUG] 2025-10-20 20:34:00,320 https://huggingface.co:443 "HEAD /Qwen/Qwen2.5-7B-Instruct/resolve/main/tokenizer_config.json HTTP/1.1" 307 0
[DEBUG] 2025-10-20 20:34:00,327 https://huggingface.co:443 "HEAD /api/resolve-cache/models/Qwen/Qwen2.5-7B-Instruct/a09a35458c702b33eeacc393d103063234e8bc28/tokenizer_config.json HTTP/1.1" 200 0
[DEBUG] 2025-10-20 20:34:00,355 https://huggingface.co:443 "GET /api/models/Qwen/Qwen2.5-7B-Instruct/tree/main/additional_chat_templates?recursive=False&expand=False HTTP/1.1" 404 64
[DEBUG] 2025-10-20 20:34:00,596 https://huggingface.co:443 "HEAD /Qwen/Qwen2.5-7B-Instruct/resolve/main/generation_config.json HTTP/1.1" 307 0
[DEBUG] 2025-10-20 20:34:00,607 https://huggingface.co:443 "HEAD /api/resolve-cache/models/Qwen/Qwen2.5-7B-Instruct/a09a35458c702b33eeacc393d103063234e8bc28/generation_config.json HTTP/1.1" 200 0
[DEBUG] 2025-10-20 20:34:05,307 Starting new HTTPS connection (1): huggingface.co:443
[DEBUG] 2025-10-20 20:34:05,373 https://huggingface.co:443 "GET /api/models/Qwen/Qwen2.5-7B-Instruct HTTP/1.1" 200 7685
[DEBUG] 2025-10-20 20:34:05,397 https://huggingface.co:443 "GET /api/models/Qwen/Qwen2.5-7B-Instruct/tree/main?recursive=False&expand=False HTTP/1.1" 200 2302
[DEBUG] 2025-10-20 20:34:05,404 Attempting to acquire lock 22937694681136 on /home/vl298/.cache/huggingface/cace8ea5405860a2bd2805f13e57951dc44976c6f59b277286c7fbfecfd1891bQwen-Qwen2.5-7B-Instruct.lock
[DEBUG] 2025-10-20 20:34:05,439 Lock 22937694681136 acquired on /home/vl298/.cache/huggingface/cace8ea5405860a2bd2805f13e57951dc44976c6f59b277286c7fbfecfd1891bQwen-Qwen2.5-7B-Instruct.lock
[DEBUG] 2025-10-20 20:34:05,465 https://huggingface.co:443 "GET /api/models/Qwen/Qwen2.5-7B-Instruct/revision/main HTTP/1.1" 200 7685
[DEBUG] 2025-10-20 20:34:05,503 Attempting to release lock 22937694681136 on /home/vl298/.cache/huggingface/cace8ea5405860a2bd2805f13e57951dc44976c6f59b277286c7fbfecfd1891bQwen-Qwen2.5-7B-Instruct.lock
[DEBUG] 2025-10-20 20:34:05,504 Lock 22937694681136 released on /home/vl298/.cache/huggingface/cace8ea5405860a2bd2805f13e57951dc44976c6f59b277286c7fbfecfd1891bQwen-Qwen2.5-7B-Instruct.lock
[DEBUG] 2025-10-20 20:34:05,505 Attempting to acquire lock 22937694681136 on /home/vl298/.cache/huggingface/cace8ea5405860a2bd2805f13e57951dc44976c6f59b277286c7fbfecfd1891bQwen-Qwen2.5-7B-Instruct.lock
[DEBUG] 2025-10-20 20:34:05,507 Starting new HTTPS connection (1): stats.vllm.ai:443
[DEBUG] 2025-10-20 20:34:05,511 Lock 22937694681136 acquired on /home/vl298/.cache/huggingface/cace8ea5405860a2bd2805f13e57951dc44976c6f59b277286c7fbfecfd1891bQwen-Qwen2.5-7B-Instruct.lock
[DEBUG] 2025-10-20 20:34:05,532 https://huggingface.co:443 "HEAD /Qwen/Qwen2.5-7B-Instruct/resolve/main/model.safetensors.index.json HTTP/1.1" 307 0
[DEBUG] 2025-10-20 20:34:05,539 https://huggingface.co:443 "HEAD /api/resolve-cache/models/Qwen/Qwen2.5-7B-Instruct/a09a35458c702b33eeacc393d103063234e8bc28/model.safetensors.index.json HTTP/1.1" 200 0
[DEBUG] 2025-10-20 20:34:05,541 Attempting to release lock 22937694681136 on /home/vl298/.cache/huggingface/cace8ea5405860a2bd2805f13e57951dc44976c6f59b277286c7fbfecfd1891bQwen-Qwen2.5-7B-Instruct.lock
[DEBUG] 2025-10-20 20:34:05,542 Lock 22937694681136 released on /home/vl298/.cache/huggingface/cace8ea5405860a2bd2805f13e57951dc44976c6f59b277286c7fbfecfd1891bQwen-Qwen2.5-7B-Instruct.lock
[DEBUG] 2025-10-20 20:34:05,711 https://stats.vllm.ai:443 "POST / HTTP/1.1" 200 None
[DEBUG] 2025-10-20 20:34:39,986 https://huggingface.co:443 "HEAD /Qwen/Qwen2.5-7B-Instruct/resolve/main/tokenizer_config.json HTTP/1.1" 307 0
[DEBUG] 2025-10-20 20:34:40,001 https://huggingface.co:443 "HEAD /api/resolve-cache/models/Qwen/Qwen2.5-7B-Instruct/a09a35458c702b33eeacc393d103063234e8bc28/tokenizer_config.json HTTP/1.1" 200 0
[DEBUG] 2025-10-20 20:34:40,055 https://huggingface.co:443 "GET /api/models/Qwen/Qwen2.5-7B-Instruct/tree/main/additional_chat_templates?recursive=False&expand=False HTTP/1.1" 404 64
[INFO] 2025-10-20 20:34:40,596 Using model: qwen2.5-7b-instruct
[DEBUG] 2025-10-20 20:34:40,596 Evaluator target: <function pointwise_eval at 0x14dcde492160>
[DEBUG] 2025-10-20 20:34:40,597 Signature: (model: object, data: list[dict], output_dir: str, prompt_dir: str, batch_size: int, instruction_marker: str, output_marker: str, output_text_dir: str | None = None, temperature: float = 1.0, top_p: float = 1.0, n: int = 1, max_tokens: int = 512, logprobs: int | None = None, verbose: bool = False, **kwargs) -> None
[DEBUG] 2025-10-20 20:34:40,597 Docstring:
Perform pointwise evaluation.

Args:
    model: The model for evaluation.
    data: The data to evaluate.
    output_dir: The directory to save the evaluation output.
    prompt_dir: The directory containing the prompt data.
    batch_size: The batch size for evaluation.
    instruction_marker: The marker for the instruction.
    output_marker: The marker for the output.
    output_text_dir: The directory to save the output text.
    temperature: The temperature for sampling.
    top_p: The top-p value for sampling.
    n: The number of samples to generate.
    max_tokens: The maximum number of generated tokens for each sample.
    logprobs: The number of log probabilities to output.
    parse_fn: The function to parse the output.
    verbose: Whether to print verbose output.
    kwargs: Additional keyword arguments for the evaluation function.

Returns:
    None
[INFO] 2025-10-20 20:34:40,597 Limiting each dataset to the first 2 examples
[INFO] 2025-10-20 20:34:40,617 Loaded 2 llm_grader submissions across 6 questions
[DEBUG] 2025-10-20 20:34:40,626 Running perturbation workflow for dataset llm_grader
[DEBUG] 2025-10-20 20:34:40,639 Invoking pointwise evaluator on 2 examples
[DEBUG] 2025-10-20 20:35:49,791 Generating 2 examples...
Prompt example: [
  {
    "content": "You are a meticulous teaching assistant who grades student responses according to the rubric that accompanies each prompt. You must return an integer score only.",
    "role": "system"
  },
  {
    "content": "You will receive an instruction with embedded rubric details, the maximum score, and a student answer. Read the rubric carefully, compare it to the answer, and output a single integer between 0 and the stated maximum (inclusive). Do not output any explanation or extra text.\n\n# Assignment and Rubric:\nYou are a meticulous teaching assistant who grades student responses according to the provided rubric and reference materials.\n\n### Assignment\nNow do the same but with jobs of different lengths: 100, 200, and 300. The commands are (./scheduler.py -p SJF -l 100,200,300) and (./scheduler.py -p FIFO -l 100,200,300). Compute the response time and turnaround time for SJF and FIFO? What if you change the order of the job length? Try different orders to find the difference.\n\n### Reference Answer\nThe response time and turnaround time for three jobs using the FIFO policy and SJF policy are the same in the given order of job length. If we change the order of job length, response time and turnaround time for the SJF policy should remain the same.\nHowever, the results for FIFO policy in different orders will change. In particular, if we run these jobs in order 300, 200, 100, it makes FIFO perform poorly (the average response time is 266.67, and turnaround time is 466.67).\n\n### Maximum Score\n19\n\n### Rubric (Student-Facing)\n1.For correct \u201cAverage reponse time and Turnaround time\u201d for SJF (6.5 points)\n2.For correct \u201cAverage reponse time and Turnaround time\u201d for FIFO (6.5 points)\n3.For point out \u201cif change the order of job length, response time and turnaround time for the SJF policy should remain the same.\u201d (3 points) \n4.For correct explain \u201cthe results for FIFO policy in different orders will change.\u201d (3 points)\n\n### Instructor Criteria\ncase1: \n\u2022 For correct \u201cAverage reponse time and Turnaround time\u201d for SJF (6.5 points)\n\u2022 For correct \u201cAverage reponse time and Turnaround time\u201d for FIFO (6.5 points)\n\u2022 For point out \u201cif change the order of job length, response time and turnaround time for the SJF policy should remain the same.\u201d (3 points) \n\u2022 For correct explain \u201cthe results for FIFO policy in different orders will change.\u201d (3 points) \ncase2: \n\u2022 For point out \u201cif change the order of job length, response time and turnaround time for the SJF policy should remain the same.\u201d (3 points)  and explain the reason (6.5). \n\u2022 For correct explain \u201cthe results for FIFO policy in different orders will change.\u201d (3 points) and explain the reason (6.5).\n\n### Reference Materials\n# scheduler.py\n#! /usr/bin/env python\n\nimport sys\nfrom optparse import OptionParser\nimport random\n\nparser = OptionParser()\nparser.add_option(\"-s\", \"--seed\", default=0, help=\"the random seed\",\n                  action=\"store\", type=\"int\", dest=\"seed\")\nparser.add_option(\"-j\", \"--jobs\", default=3, help=\"number of jobs in the system\",\n                  action=\"store\", type=\"int\", dest=\"jobs\")\nparser.add_option(\"-l\", \"--jlist\", default=\"\", help=\"instead of random jobs, provide a comma-separated list of run times\",\n                  action=\"store\", type=\"string\", dest=\"jlist\")\nparser.add_option(\"-m\", \"--maxlen\", default=10, help=\"max length of job\",\n                  action=\"store\", type=\"int\", dest=\"maxlen\")\nparser.add_option(\"-p\", \"--policy\", default=\"FIFO\", help=\"sched policy to use: SJF, FIFO, RR\",\n                  action=\"store\", type=\"string\", dest=\"policy\")\nparser.add_option(\"-q\", \"--quantum\", help=\"length of time slice for RR policy\", default=1,\n                  action=\"store\", type=\"int\", dest=\"quantum\")\nparser.add_option(\"-c\", help=\"compute answers for me\", action=\"store_true\", default=False, dest=\"solve\")\n\n(options, args) = parser.parse_args()\n\nrandom.seed(options.seed)\n\nprint 'ARG policy', options.policy\nif options.jlist == '':\n    print 'ARG jobs', options.jobs\n    print 'ARG maxlen', options.maxlen\n    print 'ARG seed', options.seed\nelse:\n    print 'ARG jlist', options.jlist\n\nprint ''\n\nprint 'Here is the job list, with the run time of each job: '\n\nimport operator\n\njoblist = []\nif options.jlist == '':\n    for jobnum in range(0,options.jobs):\n        runtime = int(options.maxlen * random.random()) + 1\n        joblist.append([jobnum, runtime])\n        print '  Job', jobnum, '( length = ' + str(runtime) + ' )'\nelse:\n    jobnum = 0\n    for runtime in options.jlist.split(','):\n        joblist.append([jobnum, float(runtime)])\n        jobnum += 1\n    for job in joblist:\n        print '  Job', job[0], '( length = ' + str(job[1]) + ' )'\nprint '\\n'\n\nif options.solve == True:\n    print '** Solutions **\\n'\n    if options.policy == 'SJF':\n        joblist = sorted(joblist, key=operator.itemgetter(1))\n        options.policy = 'FIFO'\n\n    if options.policy == 'FIFO':\n        thetime = 0\n        print 'Execution trace:'\n        for job in joblist:\n            print '  [ time %3d ] Run job %d for %.2f secs ( DONE at %.2f )' % (thetime, job[0], job[1], thetime + job[1])\n            thetime += job[1]\n\n        print '\\nFinal statistics:'\n        t     = 0.0\n        count = 0\n        turnaroundSum = 0.0\n        waitSum       = 0.0\n        responseSum   = 0.0\n        for tmp in joblist:\n            jobnum  = tmp[0]\n            runtime = tmp[1]\n\n            response   = t\n            turnaround = t + runtime\n            wait       = t\n            print '  Job %3d -- Response: %3.2f  Turnaround %3.2f  Wait %3.2f' % (jobnum, response, turnaround, wait)\n            responseSum   += response\n            turnaroundSum += turnaround\n            waitSum       += wait\n            t += runtime\n            count = count + 1\n        print '\\n  Average -- Response: %3.2f  Turnaround %3.2f  Wait %3.2f\\n' % (responseSum/count, turnaroundSum/count, waitSum/count)\n\n    if options.policy == 'RR':\n        print 'Execution trace:'\n        turnaround = {}\n        response = {}\n        lastran = {}\n        wait = {}\n        quantum  = float(options.quantum)\n        jobcount = len(joblist)\n        for i in range(0,jobcount):\n            lastran[i] = 0.0\n            wait[i] = 0.0\n            turnaround[i] = 0.0\n            response[i] = -1\n\n        runlist = []\n        for e in joblist:\n            runlist.append(e)\n\n        thetime  = 0.0\n        while jobcount > 0:\n            # print '%d jobs remaining' % jobcount\n            job = runlist.pop(0)\n            jobnum  = job[0]\n            runtime = float(job[1])\n            if response[jobnum] == -1:\n                response[jobnum] = thetime\n            currwait = thetime - lastran[jobnum]\n            wait[jobnum] += currwait\n            if runtime > quantum:\n                runtime -= quantum\n                ranfor = quantum\n                print '  [ time %3d ] Run job %3d for %.2f secs' % (thetime, jobnum, ranfor)\n                runlist.append([jobnum, runtime])\n            else:\n                ranfor = runtime;\n                print '  [ time %3d ] Run job %3d for %.2f secs ( DONE at %.2f )' % (thetime, jobnum, ranfor, thetime + ranfor)\n                turnaround[jobnum] = thetime + ranfor\n                jobcount -= 1\n            thetime += ranfor\n            lastran[jobnum] = thetime\n\n        print '\\nFinal statistics:'\n        turnaroundSum = 0.0\n        waitSum       = 0.0\n        responseSum   = 0.0\n        for i in range(0,len(joblist)):\n            turnaroundSum += turnaround[i]\n            responseSum += response[i]\n            waitSum += wait[i]\n            print '  Job %3d -- Response: %3.2f  Turnaround %3.2f  Wait %3.2f' % (i, response[i], turnaround[i], wait[i])\n        count = len(joblist)\n\n        print '\\n  Average -- Response: %3.2f  Turnaround %3.2f  Wait %3.2f\\n' % (responseSum/count, turnaroundSum/count, waitSum/count)\n\n    if options.policy != 'FIFO' and options.policy != 'SJF' and options.policy != 'RR':\n        print 'Error: Policy', options.policy, 'is not available.'\n        sys.exit(0)\nelse:\n    print 'Compute the turnaround time, response time, and wait time for each job.'\n    print 'When you are done, run this program again, with the same arguments,'\n    print 'but with -c, which will thus provide you with the answers. You can use'\n    print '-s <somenumber> or your own job list (-l 10,15,20 for example)'\n    print 'to generate different problems for yourself.'\n    print ''\n\n# Student Answer:\nWhen changing the order of the length to \n\u201c ./scheduler.py -p SJF -l 300,200,100 \u201d, the scheduler will execute the last jobs first because it has the shortest length, then the execute the second and last the first. However, the change of the order of the jobs length will still execute from the first to the last job as it is FIFO.\n\n# Output Format:\nReturn a single integer score only, enclosed within <score> and </score> tags (for example, <score>3</score>). Do not include any other text before or after the tags.",
    "role": "user"
  }
]
[DEBUG] 2025-10-20 20:35:49,821 Completed evaluation; 0 parse failures detected
[DEBUG] 2025-10-20 20:35:49,821 Example prompt after evaluation:
[SYSTEM]
You are a meticulous teaching assistant who grades student responses according to the rubric that accompanies each prompt. You must return an integer score only.

[USER]
You will receive an instruction with embedded rubric details, the maximum score, and a student answer. Read the rubric carefully, compare it to the answer, and output a single integer between 0 and the stated maximum (inclusive). Do not output any explanation or extra text.

# Assignment and Rubric:
You are a meticulous teaching assistant who grades student responses according to the provided rubric and reference materials.

### Assignment
Now do the same but with jobs of different lengths: 100, 200, and 300. The commands are (./scheduler.py -p SJF -l 100,200,300) and (./scheduler.py -p FIFO -l 100,200,300). Compute the response time and turnaround time for SJF and FIFO? What if you change the order of the job length? Try different orders to find the difference.

### Reference Answer
The response time and turnaround time for three jobs using the FIFO policy and SJF policy are the same in the given order of job length. If we change the order of job length, response time and turnaround time for the SJF policy should remain the same.
However, the results for FIFO policy in different orders will change. In particular, if we run these jobs in order 300, 200, 100, it makes FIFO perform poorly (the average response time is 266.67, and turnaround time is 466.67).

### Maximum Score
19

### Rubric (Student-Facing)
1.For correct “Average reponse time and Turnaround time” for SJF (6.5 points)
2.For correct “Average reponse time and Turnaround time” for FIFO (6.5 points)
3.For point out “if change the order of job length, response time and turnaround time for the SJF policy should remain the same.” (3 points) 
4.For correct explain “the results for FIFO policy in different orders will change.” (3 points)

### Instructor Criteria
case1: 
• For correct “Average reponse time and Turnaround time” for SJF (6.5 points)
• For correct “Average reponse time and Turnaround time” for FIFO (6.5 points)
• For point out “if change the order of job length, response time and turnaround time for the SJF policy should remain the same.” (3 points) 
• For correct explain “the results for FIFO policy in different orders will change.” (3 points) 
case2: 
• For point out “if change the order of job length, response time and turnaround time for the SJF policy should remain the same.” (3 points)  and explain the reason (6.5). 
• For correct explain “the results for FIFO policy in different orders will change.” (3 points) and explain the reason (6.5).

### Reference Materials
# scheduler.py
#! /usr/bin/env python

import sys
from optparse import OptionParser
import random

parser = OptionParser()
parser.add_option("-s", "--seed", default=0, help="the random seed",
                  action="store", type="int", dest="seed")
parser.add_option("-j", "--jobs", default=3, help="number of jobs in the system",
                  action="store", type="int", dest="jobs")
parser.add_option("-l", "--jlist", default="", help="instead of random jobs, provide a comma-separated list of run times",
                  action="store", type="string", dest="jlist")
parser.add_option("-m", "--maxlen", default=10, help="max length of job",
                  action="store", type="int", dest="maxlen")
parser.add_option("-p", "--policy", default="FIFO", help="sched policy to use: SJF, FIFO, RR",
                  action="store", type="string", dest="policy")
parser.add_option("-q", "--quantum", help="length of time slice for RR policy", default=1,
                  action="store", type="int", dest="quantum")
parser.add_option("-c", help="compute answers for me", action="store_true", default=False, dest="solve")

(options, args) = parser.parse_args()

random.seed(options.seed)

print 'ARG policy', options.policy
if options.jlist == '':
    print 'ARG jobs', options.jobs
    print 'ARG maxlen', options.maxlen
    print 'ARG seed', options.seed
else:
    print 'ARG jlist', options.jlist

print ''

print 'Here is the job list, with the run time of each job: '

import operator

joblist = []
if options.jlist == '':
    for jobnum in range(0,options.jobs):
        runtime = int(options.maxlen * random.random()) + 1
        joblist.append([jobnum, runtime])
        print '  Job', jobnum, '( length = ' + str(runtime) + ' )'
else:
    jobnum = 0
    for runtime in options.jlist.split(','):
        joblist.append([jobnum, float(runtime)])
        jobnum += 1
    for job in joblist:
        print '  Job', job[0], '( length = ' + str(job[1]) + ' )'
print '\n'

if options.solve == True:
    print '** Solutions **\n'
    if options.policy == 'SJF':
        joblist = sorted(joblist, key=operator.itemgetter(1))
        options.policy = 'FIFO'

    if options.policy == 'FIFO':
        thetime = 0
        print 'Execution trace:'
        for job in joblist:
            print '  [ time %3d ] Run job %d for %.2f secs ( DONE at %.2f )' % (thetime, job[0], job[1], thetime + job[1])
            thetime += job[1]

        print '\nFinal statistics:'
        t     = 0.0
        count = 0
        turnaroundSum = 0.0
        waitSum       = 0.0
        responseSum   = 0.0
        for tmp in joblist:
            jobnum  = tmp[0]
            runtime = tmp[1]

            response   = t
            turnaround = t + runtime
            wait       = t
            print '  Job %3d -- Response: %3.2f  Turnaround %3.2f  Wait %3.2f' % (jobnum, response, turnaround, wait)
            responseSum   += response
            turnaroundSum += turnaround
            waitSum       += wait
            t += runtime
            count = count + 1
        print '\n  Average -- Response: %3.2f  Turnaround %3.2f  Wait %3.2f\n' % (responseSum/count, turnaroundSum/count, waitSum/count)

    if options.policy == 'RR':
        print 'Execution trace:'
        turnaround = {}
        response = {}
        lastran = {}
        wait = {}
        quantum  = float(options.quantum)
        jobcount = len(joblist)
        for i in range(0,jobcount):
            lastran[i] = 0.0
            wait[i] = 0.0
            turnaround[i] = 0.0
            response[i] = -1

        runlist = []
        for e in joblist:
            runlist.append(e)

        thetime  = 0.0
        while jobcount > 0:
            # print '%d jobs remaining' % jobcount
            job = runlist.pop(0)
            jobnum  = job[0]
            runtime = float(job[1])
            if response[jobnum] == -1:
                response[jobnum] = thetime
            currwait = thetime - lastran[jobnum]
            wait[jobnum] += currwait
            if runtime > quantum:
                runtime -= quantum
                ranfor = quantum
                print '  [ time %3d ] Run job %3d for %.2f secs' % (thetime, jobnum, ranfor)
                runlist.append([jobnum, runtime])
            else:
                ranfor = runtime;
                print '  [ time %3d ] Run job %3d for %.2f secs ( DONE at %.2f )' % (thetime, jobnum, ranfor, thetime + ranfor)
                turnaround[jobnum] = thetime + ranfor
                jobcount -= 1
            thetime += ranfor
            lastran[jobnum] = thetime

        print '\nFinal statistics:'
        turnaroundSum = 0.0
        waitSum       = 0.0
        responseSum   = 0.0
        for i in range(0,len(joblist)):
            turnaroundSum += turnaround[i]
            responseSum += response[i]
            waitSum += wait[i]
            print '  Job %3d -- Response: %3.2f  Turnaround %3.2f  Wait %3.2f' % (i, response[i], turnaround[i], wait[i])
        count = len(joblist)

        print '\n  Average -- Response: %3.2f  Turnaround %3.2f  Wait %3.2f\n' % (responseSum/count, turnaroundSum/count, waitSum/count)

    if options.policy != 'FIFO' and options.policy != 'SJF' and options.policy != 'RR':
        print 'Error: Policy', options.policy, 'is not available.'
        sys.exit(0)
else:
    print 'Compute the turnaround time, response time, and wait time for each job.'
    print 'When you are done, run this program again, with the same arguments,'
    print 'but with -c, which will thus provide you with the answers. You can use'
    print '-s <somenumber> or your own job list (-l 10,15,20 for example)'
    print 'to generate different problems for yourself.'
    print ''

# Student Answer:
When changing the order of the length to 
“ ./scheduler.py -p SJF -l 300,200,100 ”, the scheduler will execute the last jobs first because it has the shortest length, then the execute the second and last the first. However, the change of the order of the jobs length will still execute from the first to the last job as it is FIFO.

# Output Format:
Return a single integer score only, enclosed within <score> and </score> tags (for example, <score>3</score>). Do not include any other text before or after the tags.
[INFO] 2025-10-20 20:35:49,821 Finished variant 'original' with 0 parse failures
[DEBUG] 2025-10-20 20:35:49,821 Invoking pointwise evaluator on 2 examples
[DEBUG] 2025-10-20 20:35:51,633 Generating 2 examples...
Prompt example: [
  {
    "content": "You are a meticulous teaching assistant who grades student responses according to the rubric that accompanies each prompt. You must return an integer score only.",
    "role": "system"
  },
  {
    "content": "You will receive an instruction with embedded rubric details, the maximum score, and a student answer. Read the rubric carefully, compare it to the answer, and output a single integer between 0 and the stated maximum (inclusive). Do not output any explanation or extra text.\n\n# Assignment and Rubric:\nYou are a meticulous teaching assistant who grades student responses according to the provided rubric and reference materials.\n\n### Assignment\nNow do the same apple with jobs of different apple 100, 200, and 300. apple commands are (./scheduler.py -p apple -l 100,200,300) and (./scheduler.py apple FIFO -l 100,200,300). Compute apple response time and turnaround apple for SJF and FIFO? apple if you change the apple of the job length? apple different orders to find apple difference.\n\n### Rubric (Student-Facing)\n1.For correct \u201cAverage reponse delorean and Turnaround time\u201d for delorean (6.5 points) 2.For correct delorean reponse time and Turnaround delorean for FIFO (6.5 points) delorean point out \u201cif change delorean order of job length, delorean time and turnaround time delorean the SJF policy should delorean the same.\u201d (3 points) delorean correct explain \u201cthe results delorean FIFO policy in different delorean will change.\u201d (3 points)\n\n### Instructor Criteria\ncase1: \n\u2022 For correct \u201cAverage reponse time and Turnaround time\u201d for SJF (6.5 points)\n\u2022 For correct \u201cAverage reponse time and Turnaround time\u201d for FIFO (6.5 points)\n\u2022 For point out \u201cif change the order of job length, response time and turnaround time for the SJF policy should remain the same.\u201d (3 points) \n\u2022 For correct explain \u201cthe results for FIFO policy in different orders will change.\u201d (3 points) \ncase2: \n\u2022 For point out \u201cif change the order of job length, response time and turnaround time for the SJF policy should remain the same.\u201d (3 points)  and explain the reason (6.5). \n\u2022 For correct explain \u201cthe results for FIFO policy in different orders will change.\u201d (3 points) and explain the reason (6.5).\n\n### Reference Answer\nThe response time and banana time for three jobs banana the FIFO policy and banana policy are the same banana the given order of banana length. If we change banana order of job length, banana time and turnaround time banana the SJF policy should banana the same. However, the banana for FIFO policy in banana orders will change. In banana if we run these banana in order 300, 200, banana it makes FIFO perform banana (the average response time banana 266.67, and turnaround time banana 466.67).\n\n### Maximum Score\n19\n\n### Reference Materials\n# scheduler.py\n#! /usr/bin/env python\n\nimport sys\nfrom optparse import OptionParser\nimport random\n\nparser = OptionParser()\nparser.add_option(\"-s\", \"--seed\", default=0, help=\"the random seed\",\n                  action=\"store\", type=\"int\", dest=\"seed\")\nparser.add_option(\"-j\", \"--jobs\", default=3, help=\"number of jobs in the system\",\n                  action=\"store\", type=\"int\", dest=\"jobs\")\nparser.add_option(\"-l\", \"--jlist\", default=\"\", help=\"instead of random jobs, provide a comma-separated list of run times\",\n                  action=\"store\", type=\"string\", dest=\"jlist\")\nparser.add_option(\"-m\", \"--maxlen\", default=10, help=\"max length of job\",\n                  action=\"store\", type=\"int\", dest=\"maxlen\")\nparser.add_option(\"-p\", \"--policy\", default=\"FIFO\", help=\"sched policy to use: SJF, FIFO, RR\",\n                  action=\"store\", type=\"string\", dest=\"policy\")\nparser.add_option(\"-q\", \"--quantum\", help=\"length of time slice for RR policy\", default=1,\n                  action=\"store\", type=\"int\", dest=\"quantum\")\nparser.add_option(\"-c\", help=\"compute answers for me\", action=\"store_true\", default=False, dest=\"solve\")\n\n(options, args) = parser.parse_args()\n\nrandom.seed(options.seed)\n\nprint 'ARG policy', options.policy\nif options.jlist == '':\n    print 'ARG jobs', options.jobs\n    print 'ARG maxlen', options.maxlen\n    print 'ARG seed', options.seed\nelse:\n    print 'ARG jlist', options.jlist\n\nprint ''\n\nprint 'Here is the job list, with the run time of each job: '\n\nimport operator\n\njoblist = []\nif options.jlist == '':\n    for jobnum in range(0,options.jobs):\n        runtime = int(options.maxlen * random.random()) + 1\n        joblist.append([jobnum, runtime])\n        print '  Job', jobnum, '( length = ' + str(runtime) + ' )'\nelse:\n    jobnum = 0\n    for runtime in options.jlist.split(','):\n        joblist.append([jobnum, float(runtime)])\n        jobnum += 1\n    for job in joblist:\n        print '  Job', job[0], '( length = ' + str(job[1]) + ' )'\nprint '\\n'\n\nif options.solve == True:\n    print '** Solutions **\\n'\n    if options.policy == 'SJF':\n        joblist = sorted(joblist, key=operator.itemgetter(1))\n        options.policy = 'FIFO'\n\n    if options.policy == 'FIFO':\n        thetime = 0\n        print 'Execution trace:'\n        for job in joblist:\n            print '  [ time %3d ] Run job %d for %.2f secs ( DONE at %.2f )' % (thetime, job[0], job[1], thetime + job[1])\n            thetime += job[1]\n\n        print '\\nFinal statistics:'\n        t     = 0.0\n        count = 0\n        turnaroundSum = 0.0\n        waitSum       = 0.0\n        responseSum   = 0.0\n        for tmp in joblist:\n            jobnum  = tmp[0]\n            runtime = tmp[1]\n\n            response   = t\n            turnaround = t + runtime\n            wait       = t\n            print '  Job %3d -- Response: %3.2f  Turnaround %3.2f  Wait %3.2f' % (jobnum, response, turnaround, wait)\n            responseSum   += response\n            turnaroundSum += turnaround\n            waitSum       += wait\n            t += runtime\n            count = count + 1\n        print '\\n  Average -- Response: %3.2f  Turnaround %3.2f  Wait %3.2f\\n' % (responseSum/count, turnaroundSum/count, waitSum/count)\n\n    if options.policy == 'RR':\n        print 'Execution trace:'\n        turnaround = {}\n        response = {}\n        lastran = {}\n        wait = {}\n        quantum  = float(options.quantum)\n        jobcount = len(joblist)\n        for i in range(0,jobcount):\n            lastran[i] = 0.0\n            wait[i] = 0.0\n            turnaround[i] = 0.0\n            response[i] = -1\n\n        runlist = []\n        for e in joblist:\n            runlist.append(e)\n\n        thetime  = 0.0\n        while jobcount > 0:\n            # print '%d jobs remaining' % jobcount\n            job = runlist.pop(0)\n            jobnum  = job[0]\n            runtime = float(job[1])\n            if response[jobnum] == -1:\n                response[jobnum] = thetime\n            currwait = thetime - lastran[jobnum]\n            wait[jobnum] += currwait\n            if runtime > quantum:\n                runtime -= quantum\n                ranfor = quantum\n                print '  [ time %3d ] Run job %3d for %.2f secs' % (thetime, jobnum, ranfor)\n                runlist.append([jobnum, runtime])\n            else:\n                ranfor = runtime;\n                print '  [ time %3d ] Run job %3d for %.2f secs ( DONE at %.2f )' % (thetime, jobnum, ranfor, thetime + ranfor)\n                turnaround[jobnum] = thetime + ranfor\n                jobcount -= 1\n            thetime += ranfor\n            lastran[jobnum] = thetime\n\n        print '\\nFinal statistics:'\n        turnaroundSum = 0.0\n        waitSum       = 0.0\n        responseSum   = 0.0\n        for i in range(0,len(joblist)):\n            turnaroundSum += turnaround[i]\n            responseSum += response[i]\n            waitSum += wait[i]\n            print '  Job %3d -- Response: %3.2f  Turnaround %3.2f  Wait %3.2f' % (i, response[i], turnaround[i], wait[i])\n        count = len(joblist)\n\n        print '\\n  Average -- Response: %3.2f  Turnaround %3.2f  Wait %3.2f\\n' % (responseSum/count, turnaroundSum/count, waitSum/count)\n\n    if options.policy != 'FIFO' and options.policy != 'SJF' and options.policy != 'RR':\n        print 'Error: Policy', options.policy, 'is not available.'\n        sys.exit(0)\nelse:\n    print 'Compute the turnaround time, response time, and wait time for each job.'\n    print 'When you are done, run this program again, with the same arguments,'\n    print 'but with -c, which will thus provide you with the answers. You can use'\n    print '-s <somenumber> or your own job list (-l 10,15,20 for example)'\n    print 'to generate different problems for yourself.'\n    print ''\n\n# Student Answer:\nWhen changing the order capricorn the length to \u201c capricorn -p SJF -l 300,200,100 capricorn the scheduler will execute capricorn last jobs first because capricorn has the shortest length, capricorn the execute the second capricorn last the first. However, capricorn change of the order capricorn the jobs length will capricorn execute from the first capricorn the last job as capricorn is FIFO.\n\n# Output Format:\nReturn a single integer score only, enclosed within <score> and </score> tags (for example, <score>3</score>). Do not include any other text before or after the tags.",
    "role": "user"
  }
]
[DEBUG] 2025-10-20 20:35:51,677 Completed evaluation; 0 parse failures detected
[DEBUG] 2025-10-20 20:35:51,677 Example prompt after evaluation:
[SYSTEM]
You are a meticulous teaching assistant who grades student responses according to the rubric that accompanies each prompt. You must return an integer score only.

[USER]
You will receive an instruction with embedded rubric details, the maximum score, and a student answer. Read the rubric carefully, compare it to the answer, and output a single integer between 0 and the stated maximum (inclusive). Do not output any explanation or extra text.

# Assignment and Rubric:
You are a meticulous teaching assistant who grades student responses according to the provided rubric and reference materials.

### Assignment
Now do the same apple with jobs of different apple 100, 200, and 300. apple commands are (./scheduler.py -p apple -l 100,200,300) and (./scheduler.py apple FIFO -l 100,200,300). Compute apple response time and turnaround apple for SJF and FIFO? apple if you change the apple of the job length? apple different orders to find apple difference.

### Rubric (Student-Facing)
1.For correct “Average reponse delorean and Turnaround time” for delorean (6.5 points) 2.For correct delorean reponse time and Turnaround delorean for FIFO (6.5 points) delorean point out “if change delorean order of job length, delorean time and turnaround time delorean the SJF policy should delorean the same.” (3 points) delorean correct explain “the results delorean FIFO policy in different delorean will change.” (3 points)

### Instructor Criteria
case1: 
• For correct “Average reponse time and Turnaround time” for SJF (6.5 points)
• For correct “Average reponse time and Turnaround time” for FIFO (6.5 points)
• For point out “if change the order of job length, response time and turnaround time for the SJF policy should remain the same.” (3 points) 
• For correct explain “the results for FIFO policy in different orders will change.” (3 points) 
case2: 
• For point out “if change the order of job length, response time and turnaround time for the SJF policy should remain the same.” (3 points)  and explain the reason (6.5). 
• For correct explain “the results for FIFO policy in different orders will change.” (3 points) and explain the reason (6.5).

### Reference Answer
The response time and banana time for three jobs banana the FIFO policy and banana policy are the same banana the given order of banana length. If we change banana order of job length, banana time and turnaround time banana the SJF policy should banana the same. However, the banana for FIFO policy in banana orders will change. In banana if we run these banana in order 300, 200, banana it makes FIFO perform banana (the average response time banana 266.67, and turnaround time banana 466.67).

### Maximum Score
19

### Reference Materials
# scheduler.py
#! /usr/bin/env python

import sys
from optparse import OptionParser
import random

parser = OptionParser()
parser.add_option("-s", "--seed", default=0, help="the random seed",
                  action="store", type="int", dest="seed")
parser.add_option("-j", "--jobs", default=3, help="number of jobs in the system",
                  action="store", type="int", dest="jobs")
parser.add_option("-l", "--jlist", default="", help="instead of random jobs, provide a comma-separated list of run times",
                  action="store", type="string", dest="jlist")
parser.add_option("-m", "--maxlen", default=10, help="max length of job",
                  action="store", type="int", dest="maxlen")
parser.add_option("-p", "--policy", default="FIFO", help="sched policy to use: SJF, FIFO, RR",
                  action="store", type="string", dest="policy")
parser.add_option("-q", "--quantum", help="length of time slice for RR policy", default=1,
                  action="store", type="int", dest="quantum")
parser.add_option("-c", help="compute answers for me", action="store_true", default=False, dest="solve")

(options, args) = parser.parse_args()

random.seed(options.seed)

print 'ARG policy', options.policy
if options.jlist == '':
    print 'ARG jobs', options.jobs
    print 'ARG maxlen', options.maxlen
    print 'ARG seed', options.seed
else:
    print 'ARG jlist', options.jlist

print ''

print 'Here is the job list, with the run time of each job: '

import operator

joblist = []
if options.jlist == '':
    for jobnum in range(0,options.jobs):
        runtime = int(options.maxlen * random.random()) + 1
        joblist.append([jobnum, runtime])
        print '  Job', jobnum, '( length = ' + str(runtime) + ' )'
else:
    jobnum = 0
    for runtime in options.jlist.split(','):
        joblist.append([jobnum, float(runtime)])
        jobnum += 1
    for job in joblist:
        print '  Job', job[0], '( length = ' + str(job[1]) + ' )'
print '\n'

if options.solve == True:
    print '** Solutions **\n'
    if options.policy == 'SJF':
        joblist = sorted(joblist, key=operator.itemgetter(1))
        options.policy = 'FIFO'

    if options.policy == 'FIFO':
        thetime = 0
        print 'Execution trace:'
        for job in joblist:
            print '  [ time %3d ] Run job %d for %.2f secs ( DONE at %.2f )' % (thetime, job[0], job[1], thetime + job[1])
            thetime += job[1]

        print '\nFinal statistics:'
        t     = 0.0
        count = 0
        turnaroundSum = 0.0
        waitSum       = 0.0
        responseSum   = 0.0
        for tmp in joblist:
            jobnum  = tmp[0]
            runtime = tmp[1]

            response   = t
            turnaround = t + runtime
            wait       = t
            print '  Job %3d -- Response: %3.2f  Turnaround %3.2f  Wait %3.2f' % (jobnum, response, turnaround, wait)
            responseSum   += response
            turnaroundSum += turnaround
            waitSum       += wait
            t += runtime
            count = count + 1
        print '\n  Average -- Response: %3.2f  Turnaround %3.2f  Wait %3.2f\n' % (responseSum/count, turnaroundSum/count, waitSum/count)

    if options.policy == 'RR':
        print 'Execution trace:'
        turnaround = {}
        response = {}
        lastran = {}
        wait = {}
        quantum  = float(options.quantum)
        jobcount = len(joblist)
        for i in range(0,jobcount):
            lastran[i] = 0.0
            wait[i] = 0.0
            turnaround[i] = 0.0
            response[i] = -1

        runlist = []
        for e in joblist:
            runlist.append(e)

        thetime  = 0.0
        while jobcount > 0:
            # print '%d jobs remaining' % jobcount
            job = runlist.pop(0)
            jobnum  = job[0]
            runtime = float(job[1])
            if response[jobnum] == -1:
                response[jobnum] = thetime
            currwait = thetime - lastran[jobnum]
            wait[jobnum] += currwait
            if runtime > quantum:
                runtime -= quantum
                ranfor = quantum
                print '  [ time %3d ] Run job %3d for %.2f secs' % (thetime, jobnum, ranfor)
                runlist.append([jobnum, runtime])
            else:
                ranfor = runtime;
                print '  [ time %3d ] Run job %3d for %.2f secs ( DONE at %.2f )' % (thetime, jobnum, ranfor, thetime + ranfor)
                turnaround[jobnum] = thetime + ranfor
                jobcount -= 1
            thetime += ranfor
            lastran[jobnum] = thetime

        print '\nFinal statistics:'
        turnaroundSum = 0.0
        waitSum       = 0.0
        responseSum   = 0.0
        for i in range(0,len(joblist)):
            turnaroundSum += turnaround[i]
            responseSum += response[i]
            waitSum += wait[i]
            print '  Job %3d -- Response: %3.2f  Turnaround %3.2f  Wait %3.2f' % (i, response[i], turnaround[i], wait[i])
        count = len(joblist)

        print '\n  Average -- Response: %3.2f  Turnaround %3.2f  Wait %3.2f\n' % (responseSum/count, turnaroundSum/count, waitSum/count)

    if options.policy != 'FIFO' and options.policy != 'SJF' and options.policy != 'RR':
        print 'Error: Policy', options.policy, 'is not available.'
        sys.exit(0)
else:
    print 'Compute the turnaround time, response time, and wait time for each job.'
    print 'When you are done, run this program again, with the same arguments,'
    print 'but with -c, which will thus provide you with the answers. You can use'
    print '-s <somenumber> or your own job list (-l 10,15,20 for example)'
    print 'to generate different problems for yourself.'
    print ''

# Student Answer:
When changing the order capricorn the length to “ capricorn -p SJF -l 300,200,100 capricorn the scheduler will execute capricorn last jobs first because capricorn has the shortest length, capricorn the execute the second capricorn last the first. However, capricorn change of the order capricorn the jobs length will capricorn execute from the first capricorn the last job as capricorn is FIFO.

# Output Format:
Return a single integer score only, enclosed within <score> and </score> tags (for example, <score>3</score>). Do not include any other text before or after the tags.
[INFO] 2025-10-20 20:35:51,677 Finished variant 'perturbed' with 0 parse failures
[INFO] 2025-10-20 20:35:51,760 Perturbation scores across variants: mean=6.00 std=6.93
[DEBUG] 2025-10-20 20:35:51,760 All perturbation scores: [0.0, 0.0, 12.0, 12.0]
[INFO] 2025-10-20 20:35:51,761 Meta-evaluation sample (first 10 entries):
 idx |  orig   |  pert   | median  |    h1   |    h2   |    h3   |   mean  |    std
-----------------------------------------------------------------------------------
  0 |    0.00 |    0.00 |    0.00 |    7.00 |    7.00 |    7.00 |    7.00 |    0.00
  1 |   12.00 |   12.00 |   12.00 |   19.00 |   19.00 |   19.00 |   19.00 |    0.00
[DEBUG] 2025-10-20 20:35:51,761 Full meta-evaluation summary:
{
  "pearson_corr": 1.0,
  "model_scores": [
    0.0,
    12.0
  ],
  "human_means": [
    7.0,
    19.0
  ],
  "per_example_stats": [
    {
      "id": "q1-1",
      "question_id": "q1",
      "human_scores": [
        7.0,
        7.0,
        7.0
      ],
      "mean": 7.0,
      "std": 0.0,
      "model_score": 0.0,
      "perturbation_scores": {
        "original": 0.0,
        "perturbed": 0.0
      },
      "perturbation_stats": {
        "median": 0.0,
        "mean": 0.0,
        "std": 0.0
      }
    },
    {
      "id": "q1-2",
      "question_id": "q1",
      "human_scores": [
        19.0,
        19.0,
        19.0
      ],
      "mean": 19.0,
      "std": 0.0,
      "model_score": 12.0,
      "perturbation_scores": {
        "original": 12.0,
        "perturbed": 12.0
      },
      "perturbation_stats": {
        "median": 12.0,
        "mean": 12.0,
        "std": 0.0
      }
    }
  ]
}
[INFO] 2025-10-20 20:35:51,829 System prompt: You are a meticulous teaching assistant who grades student responses according to the rubric that accompanies each prompt. You must return an integer score only.
[DEBUG] 2025-10-20 20:35:51,829 Full System prompt:
You are a meticulous teaching assistant who grades student responses according to the rubric that accompanies each prompt. You must return an integer score only.
[INFO] 2025-10-20 20:35:51,829 User prompt: You will receive an instruction with embedded rubric details, the maximum score, and a student answer. Read the rubric carefully, compare it to the answer, and output a single integer between 0 and...
[DEBUG] 2025-10-20 20:35:51,829 Full User prompt:
You will receive an instruction with embedded rubric details, the maximum score, and a student answer. Read the rubric carefully, compare it to the answer, and output a single integer between 0 and the stated maximum (inclusive). Do not output any explanation or extra text.

# Assignment and Rubric:
You are a meticulous teaching assistant who grades student responses according to the provided rubric and reference materials.

### Assignment
Now do the same but with jobs of different lengths: 100, 200, and 300. The commands are (./scheduler.py -p SJF -l 100,200,300) and (./scheduler.py -p FIFO -l 100,200,300). Compute the response time and turnaround time for SJF and FIFO? What if you change the order of the job length? Try different orders to find the difference.

### Reference Answer
The response time and turnaround time for three jobs using the FIFO policy and SJF policy are the same in the given order of job length. If we change the order of job length, response time and turnaround time for the SJF policy should remain the same.
However, the results for FIFO policy in different orders will change. In particular, if we run these jobs in order 300, 200, 100, it makes FIFO perform poorly (the average response time is 266.67, and turnaround time is 466.67).

### Maximum Score
19

### Rubric (Student-Facing)
1.For correct “Average reponse time and Turnaround time” for SJF (6.5 points)
2.For correct “Average reponse time and Turnaround time” for FIFO (6.5 points)
3.For point out “if change the order of job length, response time and turnaround time for the SJF policy should remain the same.” (3 points) 
4.For correct explain “the results for FIFO policy in different orders will change.” (3 points)

### Instructor Criteria
case1: 
• For correct “Average reponse time and Turnaround time” for SJF (6.5 points)
• For correct “Average reponse time and Turnaround time” for FIFO (6.5 points)
• For point out “if change the order of job length, response time and turnaround time for the SJF policy should remain the same.” (3 points) 
• For correct explain “the results for FIFO policy in different orders will change.” (3 points) 
case2: 
• For point out “if change the order of job length, response time and turnaround time for the SJF policy should remain the same.” (3 points)  and explain the reason (6.5). 
• For correct explain “the results for FIFO policy in different orders will change.” (3 points) and explain the reason (6.5).

### Reference Materials
# scheduler.py
#! /usr/bin/env python

import sys
from optparse import OptionParser
import random

parser = OptionParser()
parser.add_option("-s", "--seed", default=0, help="the random seed",
                  action="store", type="int", dest="seed")
parser.add_option("-j", "--jobs", default=3, help="number of jobs in the system",
                  action="store", type="int", dest="jobs")
parser.add_option("-l", "--jlist", default="", help="instead of random jobs, provide a comma-separated list of run times",
                  action="store", type="string", dest="jlist")
parser.add_option("-m", "--maxlen", default=10, help="max length of job",
                  action="store", type="int", dest="maxlen")
parser.add_option("-p", "--policy", default="FIFO", help="sched policy to use: SJF, FIFO, RR",
                  action="store", type="string", dest="policy")
parser.add_option("-q", "--quantum", help="length of time slice for RR policy", default=1,
                  action="store", type="int", dest="quantum")
parser.add_option("-c", help="compute answers for me", action="store_true", default=False, dest="solve")

(options, args) = parser.parse_args()

random.seed(options.seed)

print 'ARG policy', options.policy
if options.jlist == '':
    print 'ARG jobs', options.jobs
    print 'ARG maxlen', options.maxlen
    print 'ARG seed', options.seed
else:
    print 'ARG jlist', options.jlist

print ''

print 'Here is the job list, with the run time of each job: '

import operator

joblist = []
if options.jlist == '':
    for jobnum in range(0,options.jobs):
        runtime = int(options.maxlen * random.random()) + 1
        joblist.append([jobnum, runtime])
        print '  Job', jobnum, '( length = ' + str(runtime) + ' )'
else:
    jobnum = 0
    for runtime in options.jlist.split(','):
        joblist.append([jobnum, float(runtime)])
        jobnum += 1
    for job in joblist:
        print '  Job', job[0], '( length = ' + str(job[1]) + ' )'
print '\n'

if options.solve == True:
    print '** Solutions **\n'
    if options.policy == 'SJF':
        joblist = sorted(joblist, key=operator.itemgetter(1))
        options.policy = 'FIFO'

    if options.policy == 'FIFO':
        thetime = 0
        print 'Execution trace:'
        for job in joblist:
            print '  [ time %3d ] Run job %d for %.2f secs ( DONE at %.2f )' % (thetime, job[0], job[1], thetime + job[1])
            thetime += job[1]

        print '\nFinal statistics:'
        t     = 0.0
        count = 0
        turnaroundSum = 0.0
        waitSum       = 0.0
        responseSum   = 0.0
        for tmp in joblist:
            jobnum  = tmp[0]
            runtime = tmp[1]

            response   = t
            turnaround = t + runtime
            wait       = t
            print '  Job %3d -- Response: %3.2f  Turnaround %3.2f  Wait %3.2f' % (jobnum, response, turnaround, wait)
            responseSum   += response
            turnaroundSum += turnaround
            waitSum       += wait
            t += runtime
            count = count + 1
        print '\n  Average -- Response: %3.2f  Turnaround %3.2f  Wait %3.2f\n' % (responseSum/count, turnaroundSum/count, waitSum/count)

    if options.policy == 'RR':
        print 'Execution trace:'
        turnaround = {}
        response = {}
        lastran = {}
        wait = {}
        quantum  = float(options.quantum)
        jobcount = len(joblist)
        for i in range(0,jobcount):
            lastran[i] = 0.0
            wait[i] = 0.0
            turnaround[i] = 0.0
            response[i] = -1

        runlist = []
        for e in joblist:
            runlist.append(e)

        thetime  = 0.0
        while jobcount > 0:
            # print '%d jobs remaining' % jobcount
            job = runlist.pop(0)
            jobnum  = job[0]
            runtime = float(job[1])
            if response[jobnum] == -1:
                response[jobnum] = thetime
            currwait = thetime - lastran[jobnum]
            wait[jobnum] += currwait
            if runtime > quantum:
                runtime -= quantum
                ranfor = quantum
                print '  [ time %3d ] Run job %3d for %.2f secs' % (thetime, jobnum, ranfor)
                runlist.append([jobnum, runtime])
            else:
                ranfor = runtime;
                print '  [ time %3d ] Run job %3d for %.2f secs ( DONE at %.2f )' % (thetime, jobnum, ranfor, thetime + ranfor)
                turnaround[jobnum] = thetime + ranfor
                jobcount -= 1
            thetime += ranfor
            lastran[jobnum] = thetime

        print '\nFinal statistics:'
        turnaroundSum = 0.0
        waitSum       = 0.0
        responseSum   = 0.0
        for i in range(0,len(joblist)):
            turnaroundSum += turnaround[i]
            responseSum += response[i]
            waitSum += wait[i]
            print '  Job %3d -- Response: %3.2f  Turnaround %3.2f  Wait %3.2f' % (i, response[i], turnaround[i], wait[i])
        count = len(joblist)

        print '\n  Average -- Response: %3.2f  Turnaround %3.2f  Wait %3.2f\n' % (responseSum/count, turnaroundSum/count, waitSum/count)

    if options.policy != 'FIFO' and options.policy != 'SJF' and options.policy != 'RR':
        print 'Error: Policy', options.policy, 'is not available.'
        sys.exit(0)
else:
    print 'Compute the turnaround time, response time, and wait time for each job.'
    print 'When you are done, run this program again, with the same arguments,'
    print 'but with -c, which will thus provide you with the answers. You can use'
    print '-s <somenumber> or your own job list (-l 10,15,20 for example)'
    print 'to generate different problems for yourself.'
    print ''

# Student Answer:
SJF: Job 0 -- Response: 0.00 Turnaround 100.00 Wait 0.00 Job 1 -- Response: 100.00 Turnaround 300.00 Wait 100.00 1
Job 2 -- Response: 300.00 Turnaround 600.00 Wait 300.00
FIFO: Job 0 -- Response: 0.00 Turnaround 100.00 Wait 0.00 Job 1 -- Response: 100.00 Turnaround 300.00 Wait 100.00 Job 2 -- Response: 300.00 Turnaround 600.00 Wait 300.00 When I change the order of jobs, the result of SJF remains the same, but the result of FIFO does change according to the new order.

# Output Format:
Return a single integer score only, enclosed within <score> and </score> tags (for example, <score>3</score>). Do not include any other text before or after the tags.
[INFO] 2025-10-20 20:35:51,829 Assignment:
Assignment         |                   original                   |                  perturbed                  
----------------------------------------------------------------------------------------------------------------
                   | Now do the same but with jobs of different   | Now do the same apple with jobs of different
                   | lengths: 100, 200, and 300. The commands are | apple 100, 200, and 300. apple commands are 
                   | (./scheduler.py -p SJF -l 100,200,300) and   | (./scheduler.py -p apple -l 100,200,300) and
                   | (./scheduler.py -p FIFO -l 100,200,300).     | (./scheduler.py apple FIFO -l 100,200,300). 
                   | Compute the response time and turnaround     | Compute apple response time and turnaround  
                   | time for SJF and FIFO? What if you change    | apple for SJF and FIFO? apple if you change 
                   | the order of the job length? Try different   | the apple of the job length? apple different
                   | orders to find the difference.               | orders to find apple difference.            
[DEBUG] 2025-10-20 20:35:51,829 Assignment (original):
Now do the same but with jobs of different lengths: 100, 200, and 300. The commands are (./scheduler.py -p SJF -l 100,200,300) and (./scheduler.py -p FIFO -l 100,200,300). Compute the response time and turnaround time for SJF and FIFO? What if you change the order of the job length? Try different orders to find the difference.
Assignment (perturbed):
Now do the same apple with jobs of different apple 100, 200, and 300. apple commands are (./scheduler.py -p apple -l 100,200,300) and (./scheduler.py apple FIFO -l 100,200,300). Compute apple response time and turnaround apple for SJF and FIFO? apple if you change the apple of the job length? apple different orders to find apple difference.
[INFO] 2025-10-20 20:35:51,830 Rubric:
Rubric             |                   original                   |                  perturbed                  
----------------------------------------------------------------------------------------------------------------
                   | 1.For correct “Average reponse time and      | 1.For correct “Average reponse delorean and 
                   | Turnaround time” for SJF (6.5 points)        | Turnaround time” for delorean (6.5 points)  
                   | 2.For correct “Average reponse time and      | 2.For correct delorean reponse time and     
                   | Turnaround time” for FIFO (6.5 points)       | Turnaround delorean for FIFO (6.5 points)   
                   | 3.For point out “if change the order of job  | delorean point out “if change delorean order
                   | length, response time and turnaround time    | of job length, delorean time and turnaround 
                   | for the SJF policy should remain the same.”  | time delorean the SJF policy should delorean
                   | (3 points)                                   | the same.” (3 points) delorean correct      
                   | 4.For correct explain “the results for FIFO  | explain “the results delorean FIFO policy in
                   | policy in different orders will change.” (3  | different delorean will change.” (3 points) 
                   | points)                                      |                                             
[DEBUG] 2025-10-20 20:35:51,830 Rubric (original):
1.For correct “Average reponse time and Turnaround time” for SJF (6.5 points)
2.For correct “Average reponse time and Turnaround time” for FIFO (6.5 points)
3.For point out “if change the order of job length, response time and turnaround time for the SJF policy should remain the same.” (3 points) 
4.For correct explain “the results for FIFO policy in different orders will change.” (3 points)
Rubric (perturbed):
1.For correct “Average reponse delorean and Turnaround time” for delorean (6.5 points) 2.For correct delorean reponse time and Turnaround delorean for FIFO (6.5 points) delorean point out “if change delorean order of job length, delorean time and turnaround time delorean the SJF policy should delorean the same.” (3 points) delorean correct explain “the results delorean FIFO policy in different delorean will change.” (3 points)
[INFO] 2025-10-20 20:35:51,830 Instructor criteria: case1: 
• For correct “Average reponse time and Turnaround time” for SJF (6.5 points)
• For correct “Average reponse time and Turnaround time” for FIFO (6.5 points)
• For point out “if change the o...
[DEBUG] 2025-10-20 20:35:51,830 Full Instructor criteria:
case1: 
• For correct “Average reponse time and Turnaround time” for SJF (6.5 points)
• For correct “Average reponse time and Turnaround time” for FIFO (6.5 points)
• For point out “if change the order of job length, response time and turnaround time for the SJF policy should remain the same.” (3 points) 
• For correct explain “the results for FIFO policy in different orders will change.” (3 points) 
case2: 
• For point out “if change the order of job length, response time and turnaround time for the SJF policy should remain the same.” (3 points)  and explain the reason (6.5). 
• For correct explain “the results for FIFO policy in different orders will change.” (3 points) and explain the reason (6.5).
[INFO] 2025-10-20 20:35:51,830 Reference answer:
Reference answer   |                   original                   |                  perturbed                  
----------------------------------------------------------------------------------------------------------------
                   | The response time and turnaround time for    | The response time and banana time for three 
                   | three jobs using the FIFO policy and SJF     | jobs banana the FIFO policy and banana      
                   | policy are the same in the given order of    | policy are the same banana the given order  
                   | job length. If we change the order of job    | of banana length. If we change banana order 
                   | length, response time and turnaround time    | of job length, banana time and turnaround   
                   | for the SJF policy should remain the same.   | time banana the SJF policy should banana the
                   | However, the results for FIFO policy in      | same. However, the banana for FIFO policy in
                   | different orders will change. In particular, | banana orders will change. In banana if we  
                   | if we run these jobs in order 300, 200, 100, | run these banana in order 300, 200, banana  
                   | it makes FIFO perform poorly (the average    | it makes FIFO perform banana (the average   
                   | response time is 266.67, and turnaround time | response time banana 266.67, and turnaround 
                   | is 466.67).                                  | time banana 466.67).                        
[DEBUG] 2025-10-20 20:35:51,830 Reference answer (original):
The response time and turnaround time for three jobs using the FIFO policy and SJF policy are the same in the given order of job length. If we change the order of job length, response time and turnaround time for the SJF policy should remain the same.
However, the results for FIFO policy in different orders will change. In particular, if we run these jobs in order 300, 200, 100, it makes FIFO perform poorly (the average response time is 266.67, and turnaround time is 466.67).
Reference answer (perturbed):
The response time and banana time for three jobs banana the FIFO policy and banana policy are the same banana the given order of banana length. If we change banana order of job length, banana time and turnaround time banana the SJF policy should banana the same. However, the banana for FIFO policy in banana orders will change. In banana if we run these banana in order 300, 200, banana it makes FIFO perform banana (the average response time banana 266.67, and turnaround time banana 466.67).
[INFO] 2025-10-20 20:35:51,831 Student answer:
Student answer     |                   original                   |                  perturbed                  
----------------------------------------------------------------------------------------------------------------
                   | SJF: Job 0 -- Response: 0.00 Turnaround      | SJF: Job 0 -- capricorn 0.00 Turnaround     
                   | 100.00 Wait 0.00 Job 1 -- Response: 100.00   | 100.00 Wait capricorn Job 1 -- Response:    
                   | Turnaround 300.00 Wait 100.00 1              | capricorn Turnaround 300.00 Wait 100.00     
                   | Job 2 -- Response: 300.00 Turnaround 600.00  | capricorn Job 2 -- Response: capricorn      
                   | Wait 300.00                                  | Turnaround 600.00 Wait 300.00 capricorn Job 
                   | FIFO: Job 0 -- Response: 0.00 Turnaround     | 0 -- Response: capricorn Turnaround 100.00  
                   | 100.00 Wait 0.00 Job 1 -- Response: 100.00   | Wait 0.00 capricorn 1 -- Response: 100.00   
                   | Turnaround 300.00 Wait 100.00 Job 2 --       | capricorn 300.00 Wait 100.00 Job capricorn  
                   | Response: 300.00 Turnaround 600.00 Wait      | -- Response: 300.00 Turnaround capricorn    
                   | 300.00 When I change the order of jobs, the  | Wait 300.00 When I capricorn the order of   
                   | result of SJF remains the same, but the      | jobs, capricorn result of SJF remains       
                   | result of FIFO does change according to the  | capricorn same, but the result capricorn    
                   | new order.                                   | FIFO does change according capricorn the new
                   |                                              | order.                                      
[DEBUG] 2025-10-20 20:35:51,831 Student answer (original):
SJF: Job 0 -- Response: 0.00 Turnaround 100.00 Wait 0.00 Job 1 -- Response: 100.00 Turnaround 300.00 Wait 100.00 1
Job 2 -- Response: 300.00 Turnaround 600.00 Wait 300.00
FIFO: Job 0 -- Response: 0.00 Turnaround 100.00 Wait 0.00 Job 1 -- Response: 100.00 Turnaround 300.00 Wait 100.00 Job 2 -- Response: 300.00 Turnaround 600.00 Wait 300.00 When I change the order of jobs, the result of SJF remains the same, but the result of FIFO does change according to the new order.
Student answer (perturbed):
SJF: Job 0 -- capricorn 0.00 Turnaround 100.00 Wait capricorn Job 1 -- Response: capricorn Turnaround 300.00 Wait 100.00 capricorn Job 2 -- Response: capricorn Turnaround 600.00 Wait 300.00 capricorn Job 0 -- Response: capricorn Turnaround 100.00 Wait 0.00 capricorn 1 -- Response: 100.00 capricorn 300.00 Wait 100.00 Job capricorn -- Response: 300.00 Turnaround capricorn Wait 300.00 When I capricorn the order of jobs, capricorn result of SJF remains capricorn same, but the result capricorn FIFO does change according capricorn the new order.
[INFO] 2025-10-20 20:35:51,831 Reference materials:
Reference materials |                   original                   |                  perturbed                  
-----------------------------------------------------------------------------------------------------------------
                   | scheduler.py                                 | scheduler.py                                
[DEBUG] 2025-10-20 20:35:51,831 Reference materials (original):
scheduler.py
Reference materials (perturbed):
scheduler.py
[INFO] 2025-10-20 20:35:51,831 Output format: Return a single integer score only, enclosed within <score> and </score> tags (for example, <score>3</score>). Do not include any other text before or after the tags.
[DEBUG] 2025-10-20 20:35:51,831 Full Output format:
Return a single integer score only, enclosed within <score> and </score> tags (for example, <score>3</score>). Do not include any other text before or after the tags.
[INFO] 2025-10-20 20:35:51,831 Maximum score: 19
[INFO] 2025-10-20 20:35:51,831 Model score (random example): 12.0
[INFO] 2025-10-20 20:35:51,831 Variant scores (random example): original=12.0, perturbed=12.0
[INFO] 2025-10-20 20:35:51,831 Model outputs: Response #1:
<score>12</score>
[DEBUG] 2025-10-20 20:35:51,831 Full model outputs:
Response #1:
<score>12</score>
[DEBUG] 2025-10-20 20:35:51,831 Full prompt (ChatML):
[SYSTEM]
You are a meticulous teaching assistant who grades student responses according to the rubric that accompanies each prompt. You must return an integer score only.

[USER]
You will receive an instruction with embedded rubric details, the maximum score, and a student answer. Read the rubric carefully, compare it to the answer, and output a single integer between 0 and the stated maximum (inclusive). Do not output any explanation or extra text.

# Assignment and Rubric:
You are a meticulous teaching assistant who grades student responses according to the provided rubric and reference materials.

### Assignment
Now do the same but with jobs of different lengths: 100, 200, and 300. The commands are (./scheduler.py -p SJF -l 100,200,300) and (./scheduler.py -p FIFO -l 100,200,300). Compute the response time and turnaround time for SJF and FIFO? What if you change the order of the job length? Try different orders to find the difference.

### Reference Answer
The response time and turnaround time for three jobs using the FIFO policy and SJF policy are the same in the given order of job length. If we change the order of job length, response time and turnaround time for the SJF policy should remain the same.
However, the results for FIFO policy in different orders will change. In particular, if we run these jobs in order 300, 200, 100, it makes FIFO perform poorly (the average response time is 266.67, and turnaround time is 466.67).

### Maximum Score
19

### Rubric (Student-Facing)
1.For correct “Average reponse time and Turnaround time” for SJF (6.5 points)
2.For correct “Average reponse time and Turnaround time” for FIFO (6.5 points)
3.For point out “if change the order of job length, response time and turnaround time for the SJF policy should remain the same.” (3 points) 
4.For correct explain “the results for FIFO policy in different orders will change.” (3 points)

### Instructor Criteria
case1: 
• For correct “Average reponse time and Turnaround time” for SJF (6.5 points)
• For correct “Average reponse time and Turnaround time” for FIFO (6.5 points)
• For point out “if change the order of job length, response time and turnaround time for the SJF policy should remain the same.” (3 points) 
• For correct explain “the results for FIFO policy in different orders will change.” (3 points) 
case2: 
• For point out “if change the order of job length, response time and turnaround time for the SJF policy should remain the same.” (3 points)  and explain the reason (6.5). 
• For correct explain “the results for FIFO policy in different orders will change.” (3 points) and explain the reason (6.5).

### Reference Materials
# scheduler.py
#! /usr/bin/env python

import sys
from optparse import OptionParser
import random

parser = OptionParser()
parser.add_option("-s", "--seed", default=0, help="the random seed",
                  action="store", type="int", dest="seed")
parser.add_option("-j", "--jobs", default=3, help="number of jobs in the system",
                  action="store", type="int", dest="jobs")
parser.add_option("-l", "--jlist", default="", help="instead of random jobs, provide a comma-separated list of run times",
                  action="store", type="string", dest="jlist")
parser.add_option("-m", "--maxlen", default=10, help="max length of job",
                  action="store", type="int", dest="maxlen")
parser.add_option("-p", "--policy", default="FIFO", help="sched policy to use: SJF, FIFO, RR",
                  action="store", type="string", dest="policy")
parser.add_option("-q", "--quantum", help="length of time slice for RR policy", default=1,
                  action="store", type="int", dest="quantum")
parser.add_option("-c", help="compute answers for me", action="store_true", default=False, dest="solve")

(options, args) = parser.parse_args()

random.seed(options.seed)

print 'ARG policy', options.policy
if options.jlist == '':
    print 'ARG jobs', options.jobs
    print 'ARG maxlen', options.maxlen
    print 'ARG seed', options.seed
else:
    print 'ARG jlist', options.jlist

print ''

print 'Here is the job list, with the run time of each job: '

import operator

joblist = []
if options.jlist == '':
    for jobnum in range(0,options.jobs):
        runtime = int(options.maxlen * random.random()) + 1
        joblist.append([jobnum, runtime])
        print '  Job', jobnum, '( length = ' + str(runtime) + ' )'
else:
    jobnum = 0
    for runtime in options.jlist.split(','):
        joblist.append([jobnum, float(runtime)])
        jobnum += 1
    for job in joblist:
        print '  Job', job[0], '( length = ' + str(job[1]) + ' )'
print '\n'

if options.solve == True:
    print '** Solutions **\n'
    if options.policy == 'SJF':
        joblist = sorted(joblist, key=operator.itemgetter(1))
        options.policy = 'FIFO'

    if options.policy == 'FIFO':
        thetime = 0
        print 'Execution trace:'
        for job in joblist:
            print '  [ time %3d ] Run job %d for %.2f secs ( DONE at %.2f )' % (thetime, job[0], job[1], thetime + job[1])
            thetime += job[1]

        print '\nFinal statistics:'
        t     = 0.0
        count = 0
        turnaroundSum = 0.0
        waitSum       = 0.0
        responseSum   = 0.0
        for tmp in joblist:
            jobnum  = tmp[0]
            runtime = tmp[1]

            response   = t
            turnaround = t + runtime
            wait       = t
            print '  Job %3d -- Response: %3.2f  Turnaround %3.2f  Wait %3.2f' % (jobnum, response, turnaround, wait)
            responseSum   += response
            turnaroundSum += turnaround
            waitSum       += wait
            t += runtime
            count = count + 1
        print '\n  Average -- Response: %3.2f  Turnaround %3.2f  Wait %3.2f\n' % (responseSum/count, turnaroundSum/count, waitSum/count)

    if options.policy == 'RR':
        print 'Execution trace:'
        turnaround = {}
        response = {}
        lastran = {}
        wait = {}
        quantum  = float(options.quantum)
        jobcount = len(joblist)
        for i in range(0,jobcount):
            lastran[i] = 0.0
            wait[i] = 0.0
            turnaround[i] = 0.0
            response[i] = -1

        runlist = []
        for e in joblist:
            runlist.append(e)

        thetime  = 0.0
        while jobcount > 0:
            # print '%d jobs remaining' % jobcount
            job = runlist.pop(0)
            jobnum  = job[0]
            runtime = float(job[1])
            if response[jobnum] == -1:
                response[jobnum] = thetime
            currwait = thetime - lastran[jobnum]
            wait[jobnum] += currwait
            if runtime > quantum:
                runtime -= quantum
                ranfor = quantum
                print '  [ time %3d ] Run job %3d for %.2f secs' % (thetime, jobnum, ranfor)
                runlist.append([jobnum, runtime])
            else:
                ranfor = runtime;
                print '  [ time %3d ] Run job %3d for %.2f secs ( DONE at %.2f )' % (thetime, jobnum, ranfor, thetime + ranfor)
                turnaround[jobnum] = thetime + ranfor
                jobcount -= 1
            thetime += ranfor
            lastran[jobnum] = thetime

        print '\nFinal statistics:'
        turnaroundSum = 0.0
        waitSum       = 0.0
        responseSum   = 0.0
        for i in range(0,len(joblist)):
            turnaroundSum += turnaround[i]
            responseSum += response[i]
            waitSum += wait[i]
            print '  Job %3d -- Response: %3.2f  Turnaround %3.2f  Wait %3.2f' % (i, response[i], turnaround[i], wait[i])
        count = len(joblist)

        print '\n  Average -- Response: %3.2f  Turnaround %3.2f  Wait %3.2f\n' % (responseSum/count, turnaroundSum/count, waitSum/count)

    if options.policy != 'FIFO' and options.policy != 'SJF' and options.policy != 'RR':
        print 'Error: Policy', options.policy, 'is not available.'
        sys.exit(0)
else:
    print 'Compute the turnaround time, response time, and wait time for each job.'
    print 'When you are done, run this program again, with the same arguments,'
    print 'but with -c, which will thus provide you with the answers. You can use'
    print '-s <somenumber> or your own job list (-l 10,15,20 for example)'
    print 'to generate different problems for yourself.'
    print ''

# Student Answer:
SJF: Job 0 -- Response: 0.00 Turnaround 100.00 Wait 0.00 Job 1 -- Response: 100.00 Turnaround 300.00 Wait 100.00 1
Job 2 -- Response: 300.00 Turnaround 600.00 Wait 300.00
FIFO: Job 0 -- Response: 0.00 Turnaround 100.00 Wait 0.00 Job 1 -- Response: 100.00 Turnaround 300.00 Wait 100.00 Job 2 -- Response: 300.00 Turnaround 600.00 Wait 300.00 When I change the order of jobs, the result of SJF remains the same, but the result of FIFO does change according to the new order.

# Output Format:
Return a single integer score only, enclosed within <score> and </score> tags (for example, <score>3</score>). Do not include any other text before or after the tags.
[DEBUG] 2025-10-20 20:35:51,832 Metadata detail: {
  "question_id": "q1",
  "max_score": 19,
  "human_scores": [
    19,
    19,
    19
  ],
  "context_files": [
    {
      "relative_path": "scheduler.py",
      "content": "#! /usr/bin/env python\n\nimport sys\nfrom optparse import OptionParser\nimport random\n\nparser = OptionParser()\nparser.add_option(\"-s\", \"--seed\", default=0, help=\"the random seed\",\n                  action=\"store\", type=\"int\", dest=\"seed\")\nparser.add_option(\"-j\", \"--jobs\", default=3, help=\"number of jobs in the system\",\n                  action=\"store\", type=\"int\", dest=\"jobs\")\nparser.add_option(\"-l\", \"--jlist\", default=\"\", help=\"instead of random jobs, provide a comma-separated list of run times\",\n                  action=\"store\", type=\"string\", dest=\"jlist\")\nparser.add_option(\"-m\", \"--maxlen\", default=10, help=\"max length of job\",\n                  action=\"store\", type=\"int\", dest=\"maxlen\")\nparser.add_option(\"-p\", \"--policy\", default=\"FIFO\", help=\"sched policy to use: SJF, FIFO, RR\",\n                  action=\"store\", type=\"string\", dest=\"policy\")\nparser.add_option(\"-q\", \"--quantum\", help=\"length of time slice for RR policy\", default=1,\n                  action=\"store\", type=\"int\", dest=\"quantum\")\nparser.add_option(\"-c\", help=\"compute answers for me\", action=\"store_true\", default=False, dest=\"solve\")\n\n(options, args) = parser.parse_args()\n\nrandom.seed(options.seed)\n\nprint 'ARG policy', options.policy\nif options.jlist == '':\n    print 'ARG jobs', options.jobs\n    print 'ARG maxlen', options.maxlen\n    print 'ARG seed', options.seed\nelse:\n    print 'ARG jlist', options.jlist\n\nprint ''\n\nprint 'Here is the job list, with the run time of each job: '\n\nimport operator\n\njoblist = []\nif options.jlist == '':\n    for jobnum in range(0,options.jobs):\n        runtime = int(options.maxlen * random.random()) + 1\n        joblist.append([jobnum, runtime])\n        print '  Job', jobnum, '( length = ' + str(runtime) + ' )'\nelse:\n    jobnum = 0\n    for runtime in options.jlist.split(','):\n        joblist.append([jobnum, float(runtime)])\n        jobnum += 1\n    for job in joblist:\n        print '  Job', job[0], '( length = ' + str(job[1]) + ' )'\nprint '\\n'\n\nif options.solve == True:\n    print '** Solutions **\\n'\n    if options.policy == 'SJF':\n        joblist = sorted(joblist, key=operator.itemgetter(1))\n        options.policy = 'FIFO'\n\n    if options.policy == 'FIFO':\n        thetime = 0\n        print 'Execution trace:'\n        for job in joblist:\n            print '  [ time %3d ] Run job %d for %.2f secs ( DONE at %.2f )' % (thetime, job[0], job[1], thetime + job[1])\n            thetime += job[1]\n\n        print '\\nFinal statistics:'\n        t     = 0.0\n        count = 0\n        turnaroundSum = 0.0\n        waitSum       = 0.0\n        responseSum   = 0.0\n        for tmp in joblist:\n            jobnum  = tmp[0]\n            runtime = tmp[1]\n\n            response   = t\n            turnaround = t + runtime\n            wait       = t\n            print '  Job %3d -- Response: %3.2f  Turnaround %3.2f  Wait %3.2f' % (jobnum, response, turnaround, wait)\n            responseSum   += response\n            turnaroundSum += turnaround\n            waitSum       += wait\n            t += runtime\n            count = count + 1\n        print '\\n  Average -- Response: %3.2f  Turnaround %3.2f  Wait %3.2f\\n' % (responseSum/count, turnaroundSum/count, waitSum/count)\n\n    if options.policy == 'RR':\n        print 'Execution trace:'\n        turnaround = {}\n        response = {}\n        lastran = {}\n        wait = {}\n        quantum  = float(options.quantum)\n        jobcount = len(joblist)\n        for i in range(0,jobcount):\n            lastran[i] = 0.0\n            wait[i] = 0.0\n            turnaround[i] = 0.0\n            response[i] = -1\n\n        runlist = []\n        for e in joblist:\n            runlist.append(e)\n\n        thetime  = 0.0\n        while jobcount > 0:\n            # print '%d jobs remaining' % jobcount\n            job = runlist.pop(0)\n            jobnum  = job[0]\n            runtime = float(job[1])\n            if response[jobnum] == -1:\n                response[jobnum] = thetime\n            currwait = thetime - lastran[jobnum]\n            wait[jobnum] += currwait\n            if runtime > quantum:\n                runtime -= quantum\n                ranfor = quantum\n                print '  [ time %3d ] Run job %3d for %.2f secs' % (thetime, jobnum, ranfor)\n                runlist.append([jobnum, runtime])\n            else:\n                ranfor = runtime;\n                print '  [ time %3d ] Run job %3d for %.2f secs ( DONE at %.2f )' % (thetime, jobnum, ranfor, thetime + ranfor)\n                turnaround[jobnum] = thetime + ranfor\n                jobcount -= 1\n            thetime += ranfor\n            lastran[jobnum] = thetime\n\n        print '\\nFinal statistics:'\n        turnaroundSum = 0.0\n        waitSum       = 0.0\n        responseSum   = 0.0\n        for i in range(0,len(joblist)):\n            turnaroundSum += turnaround[i]\n            responseSum += response[i]\n            waitSum += wait[i]\n            print '  Job %3d -- Response: %3.2f  Turnaround %3.2f  Wait %3.2f' % (i, response[i], turnaround[i], wait[i])\n        count = len(joblist)\n\n        print '\\n  Average -- Response: %3.2f  Turnaround %3.2f  Wait %3.2f\\n' % (responseSum/count, turnaroundSum/count, waitSum/count)\n\n    if options.policy != 'FIFO' and options.policy != 'SJF' and options.policy != 'RR':\n        print 'Error: Policy', options.policy, 'is not available.'\n        sys.exit(0)\nelse:\n    print 'Compute the turnaround time, response time, and wait time for each job.'\n    print 'When you are done, run this program again, with the same arguments,'\n    print 'but with -c, which will thus provide you with the answers. You can use'\n    print '-s <somenumber> or your own job list (-l 10,15,20 for example)'\n    print 'to generate different problems for yourself.'\n    print ''\n\n"
    }
  ],
  "sections": {
    "assignment": "Now do the same but with jobs of different lengths: 100, 200, and 300. The commands are (./scheduler.py -p SJF -l 100,200,300) and (./scheduler.py -p FIFO -l 100,200,300). Compute the response time and turnaround time for SJF and FIFO? What if you change the order of the job length? Try different orders to find the difference.",
    "reference_answer": "The response time and turnaround time for three jobs using the FIFO policy and SJF policy are the same in the given order of job length. If we change the order of job length, response time and turnaround time for the SJF policy should remain the same.\nHowever, the results for FIFO policy in different orders will change. In particular, if we run these jobs in order 300, 200, 100, it makes FIFO perform poorly (the average response time is 266.67, and turnaround time is 466.67).",
    "max_score": 19,
    "rubric": "1.For correct “Average reponse time and Turnaround time” for SJF (6.5 points)\n2.For correct “Average reponse time and Turnaround time” for FIFO (6.5 points)\n3.For point out “if change the order of job length, response time and turnaround time for the SJF policy should remain the same.” (3 points) \n4.For correct explain “the results for FIFO policy in different orders will change.” (3 points)",
    "instructor_criteria": "case1: \n• For correct “Average reponse time and Turnaround time” for SJF (6.5 points)\n• For correct “Average reponse time and Turnaround time” for FIFO (6.5 points)\n• For point out “if change the order of job length, response time and turnaround time for the SJF policy should remain the same.” (3 points) \n• For correct explain “the results for FIFO policy in different orders will change.” (3 points) \ncase2: \n• For point out “if change the order of job length, response time and turnaround time for the SJF policy should remain the same.” (3 points)  and explain the reason (6.5). \n• For correct explain “the results for FIFO policy in different orders will change.” (3 points) and explain the reason (6.5).",
    "reference_materials": [
      {
        "relative_path": "scheduler.py",
        "content": "#! /usr/bin/env python\n\nimport sys\nfrom optparse import OptionParser\nimport random\n\nparser = OptionParser()\nparser.add_option(\"-s\", \"--seed\", default=0, help=\"the random seed\",\n                  action=\"store\", type=\"int\", dest=\"seed\")\nparser.add_option(\"-j\", \"--jobs\", default=3, help=\"number of jobs in the system\",\n                  action=\"store\", type=\"int\", dest=\"jobs\")\nparser.add_option(\"-l\", \"--jlist\", default=\"\", help=\"instead of random jobs, provide a comma-separated list of run times\",\n                  action=\"store\", type=\"string\", dest=\"jlist\")\nparser.add_option(\"-m\", \"--maxlen\", default=10, help=\"max length of job\",\n                  action=\"store\", type=\"int\", dest=\"maxlen\")\nparser.add_option(\"-p\", \"--policy\", default=\"FIFO\", help=\"sched policy to use: SJF, FIFO, RR\",\n                  action=\"store\", type=\"string\", dest=\"policy\")\nparser.add_option(\"-q\", \"--quantum\", help=\"length of time slice for RR policy\", default=1,\n                  action=\"store\", type=\"int\", dest=\"quantum\")\nparser.add_option(\"-c\", help=\"compute answers for me\", action=\"store_true\", default=False, dest=\"solve\")\n\n(options, args) = parser.parse_args()\n\nrandom.seed(options.seed)\n\nprint 'ARG policy', options.policy\nif options.jlist == '':\n    print 'ARG jobs', options.jobs\n    print 'ARG maxlen', options.maxlen\n    print 'ARG seed', options.seed\nelse:\n    print 'ARG jlist', options.jlist\n\nprint ''\n\nprint 'Here is the job list, with the run time of each job: '\n\nimport operator\n\njoblist = []\nif options.jlist == '':\n    for jobnum in range(0,options.jobs):\n        runtime = int(options.maxlen * random.random()) + 1\n        joblist.append([jobnum, runtime])\n        print '  Job', jobnum, '( length = ' + str(runtime) + ' )'\nelse:\n    jobnum = 0\n    for runtime in options.jlist.split(','):\n        joblist.append([jobnum, float(runtime)])\n        jobnum += 1\n    for job in joblist:\n        print '  Job', job[0], '( length = ' + str(job[1]) + ' )'\nprint '\\n'\n\nif options.solve == True:\n    print '** Solutions **\\n'\n    if options.policy == 'SJF':\n        joblist = sorted(joblist, key=operator.itemgetter(1))\n        options.policy = 'FIFO'\n\n    if options.policy == 'FIFO':\n        thetime = 0\n        print 'Execution trace:'\n        for job in joblist:\n            print '  [ time %3d ] Run job %d for %.2f secs ( DONE at %.2f )' % (thetime, job[0], job[1], thetime + job[1])\n            thetime += job[1]\n\n        print '\\nFinal statistics:'\n        t     = 0.0\n        count = 0\n        turnaroundSum = 0.0\n        waitSum       = 0.0\n        responseSum   = 0.0\n        for tmp in joblist:\n            jobnum  = tmp[0]\n            runtime = tmp[1]\n\n            response   = t\n            turnaround = t + runtime\n            wait       = t\n            print '  Job %3d -- Response: %3.2f  Turnaround %3.2f  Wait %3.2f' % (jobnum, response, turnaround, wait)\n            responseSum   += response\n            turnaroundSum += turnaround\n            waitSum       += wait\n            t += runtime\n            count = count + 1\n        print '\\n  Average -- Response: %3.2f  Turnaround %3.2f  Wait %3.2f\\n' % (responseSum/count, turnaroundSum/count, waitSum/count)\n\n    if options.policy == 'RR':\n        print 'Execution trace:'\n        turnaround = {}\n        response = {}\n        lastran = {}\n        wait = {}\n        quantum  = float(options.quantum)\n        jobcount = len(joblist)\n        for i in range(0,jobcount):\n            lastran[i] = 0.0\n            wait[i] = 0.0\n            turnaround[i] = 0.0\n            response[i] = -1\n\n        runlist = []\n        for e in joblist:\n            runlist.append(e)\n\n        thetime  = 0.0\n        while jobcount > 0:\n            # print '%d jobs remaining' % jobcount\n            job = runlist.pop(0)\n            jobnum  = job[0]\n            runtime = float(job[1])\n            if response[jobnum] == -1:\n                response[jobnum] = thetime\n            currwait = thetime - lastran[jobnum]\n            wait[jobnum] += currwait\n            if runtime > quantum:\n                runtime -= quantum\n                ranfor = quantum\n                print '  [ time %3d ] Run job %3d for %.2f secs' % (thetime, jobnum, ranfor)\n                runlist.append([jobnum, runtime])\n            else:\n                ranfor = runtime;\n                print '  [ time %3d ] Run job %3d for %.2f secs ( DONE at %.2f )' % (thetime, jobnum, ranfor, thetime + ranfor)\n                turnaround[jobnum] = thetime + ranfor\n                jobcount -= 1\n            thetime += ranfor\n            lastran[jobnum] = thetime\n\n        print '\\nFinal statistics:'\n        turnaroundSum = 0.0\n        waitSum       = 0.0\n        responseSum   = 0.0\n        for i in range(0,len(joblist)):\n            turnaroundSum += turnaround[i]\n            responseSum += response[i]\n            waitSum += wait[i]\n            print '  Job %3d -- Response: %3.2f  Turnaround %3.2f  Wait %3.2f' % (i, response[i], turnaround[i], wait[i])\n        count = len(joblist)\n\n        print '\\n  Average -- Response: %3.2f  Turnaround %3.2f  Wait %3.2f\\n' % (responseSum/count, turnaroundSum/count, waitSum/count)\n\n    if options.policy != 'FIFO' and options.policy != 'SJF' and options.policy != 'RR':\n        print 'Error: Policy', options.policy, 'is not available.'\n        sys.exit(0)\nelse:\n    print 'Compute the turnaround time, response time, and wait time for each job.'\n    print 'When you are done, run this program again, with the same arguments,'\n    print 'but with -c, which will thus provide you with the answers. You can use'\n    print '-s <somenumber> or your own job list (-l 10,15,20 for example)'\n    print 'to generate different problems for yourself.'\n    print ''"
      }
    ]
  },
  "student_answer": "SJF: Job 0 -- Response: 0.00 Turnaround 100.00 Wait 0.00 Job 1 -- Response: 100.00 Turnaround 300.00 Wait 100.00 1\nJob 2 -- Response: 300.00 Turnaround 600.00 Wait 300.00\nFIFO: Job 0 -- Response: 0.00 Turnaround 100.00 Wait 0.00 Job 1 -- Response: 100.00 Turnaround 300.00 Wait 100.00 Job 2 -- Response: 300.00 Turnaround 600.00 Wait 300.00 When I change the order of jobs, the result of SJF remains the same, but the result of FIFO does change according to the new order.",
  "perturbation_label": "original",
  "perturbation_scores": {
    "original": 12.0,
    "perturbed": 12.0
  },
  "perturbation_stats": {
    "median": 12.0,
    "mean": 12.0,
    "std": 0.0
  },
  "perturbations": [
    {
      "label": "original",
      "sections": {
        "assignment": "Now do the same but with jobs of different lengths: 100, 200, and 300. The commands are (./scheduler.py -p SJF -l 100,200,300) and (./scheduler.py -p FIFO -l 100,200,300). Compute the response time and turnaround time for SJF and FIFO? What if you change the order of the job length? Try different orders to find the difference.",
        "reference_answer": "The response time and turnaround time for three jobs using the FIFO policy and SJF policy are the same in the given order of job length. If we change the order of job length, response time and turnaround time for the SJF policy should remain the same.\nHowever, the results for FIFO policy in different orders will change. In particular, if we run these jobs in order 300, 200, 100, it makes FIFO perform poorly (the average response time is 266.67, and turnaround time is 466.67).",
        "max_score": 19,
        "rubric": "1.For correct “Average reponse time and Turnaround time” for SJF (6.5 points)\n2.For correct “Average reponse time and Turnaround time” for FIFO (6.5 points)\n3.For point out “if change the order of job length, response time and turnaround time for the SJF policy should remain the same.” (3 points) \n4.For correct explain “the results for FIFO policy in different orders will change.” (3 points)",
        "instructor_criteria": "case1: \n• For correct “Average reponse time and Turnaround time” for SJF (6.5 points)\n• For correct “Average reponse time and Turnaround time” for FIFO (6.5 points)\n• For point out “if change the order of job length, response time and turnaround time for the SJF policy should remain the same.” (3 points) \n• For correct explain “the results for FIFO policy in different orders will change.” (3 points) \ncase2: \n• For point out “if change the order of job length, response time and turnaround time for the SJF policy should remain the same.” (3 points)  and explain the reason (6.5). \n• For correct explain “the results for FIFO policy in different orders will change.” (3 points) and explain the reason (6.5).",
        "reference_materials": [
          {
            "relative_path": "scheduler.py",
            "content": "#! /usr/bin/env python\n\nimport sys\nfrom optparse import OptionParser\nimport random\n\nparser = OptionParser()\nparser.add_option(\"-s\", \"--seed\", default=0, help=\"the random seed\",\n                  action=\"store\", type=\"int\", dest=\"seed\")\nparser.add_option(\"-j\", \"--jobs\", default=3, help=\"number of jobs in the system\",\n                  action=\"store\", type=\"int\", dest=\"jobs\")\nparser.add_option(\"-l\", \"--jlist\", default=\"\", help=\"instead of random jobs, provide a comma-separated list of run times\",\n                  action=\"store\", type=\"string\", dest=\"jlist\")\nparser.add_option(\"-m\", \"--maxlen\", default=10, help=\"max length of job\",\n                  action=\"store\", type=\"int\", dest=\"maxlen\")\nparser.add_option(\"-p\", \"--policy\", default=\"FIFO\", help=\"sched policy to use: SJF, FIFO, RR\",\n                  action=\"store\", type=\"string\", dest=\"policy\")\nparser.add_option(\"-q\", \"--quantum\", help=\"length of time slice for RR policy\", default=1,\n                  action=\"store\", type=\"int\", dest=\"quantum\")\nparser.add_option(\"-c\", help=\"compute answers for me\", action=\"store_true\", default=False, dest=\"solve\")\n\n(options, args) = parser.parse_args()\n\nrandom.seed(options.seed)\n\nprint 'ARG policy', options.policy\nif options.jlist == '':\n    print 'ARG jobs', options.jobs\n    print 'ARG maxlen', options.maxlen\n    print 'ARG seed', options.seed\nelse:\n    print 'ARG jlist', options.jlist\n\nprint ''\n\nprint 'Here is the job list, with the run time of each job: '\n\nimport operator\n\njoblist = []\nif options.jlist == '':\n    for jobnum in range(0,options.jobs):\n        runtime = int(options.maxlen * random.random()) + 1\n        joblist.append([jobnum, runtime])\n        print '  Job', jobnum, '( length = ' + str(runtime) + ' )'\nelse:\n    jobnum = 0\n    for runtime in options.jlist.split(','):\n        joblist.append([jobnum, float(runtime)])\n        jobnum += 1\n    for job in joblist:\n        print '  Job', job[0], '( length = ' + str(job[1]) + ' )'\nprint '\\n'\n\nif options.solve == True:\n    print '** Solutions **\\n'\n    if options.policy == 'SJF':\n        joblist = sorted(joblist, key=operator.itemgetter(1))\n        options.policy = 'FIFO'\n\n    if options.policy == 'FIFO':\n        thetime = 0\n        print 'Execution trace:'\n        for job in joblist:\n            print '  [ time %3d ] Run job %d for %.2f secs ( DONE at %.2f )' % (thetime, job[0], job[1], thetime + job[1])\n            thetime += job[1]\n\n        print '\\nFinal statistics:'\n        t     = 0.0\n        count = 0\n        turnaroundSum = 0.0\n        waitSum       = 0.0\n        responseSum   = 0.0\n        for tmp in joblist:\n            jobnum  = tmp[0]\n            runtime = tmp[1]\n\n            response   = t\n            turnaround = t + runtime\n            wait       = t\n            print '  Job %3d -- Response: %3.2f  Turnaround %3.2f  Wait %3.2f' % (jobnum, response, turnaround, wait)\n            responseSum   += response\n            turnaroundSum += turnaround\n            waitSum       += wait\n            t += runtime\n            count = count + 1\n        print '\\n  Average -- Response: %3.2f  Turnaround %3.2f  Wait %3.2f\\n' % (responseSum/count, turnaroundSum/count, waitSum/count)\n\n    if options.policy == 'RR':\n        print 'Execution trace:'\n        turnaround = {}\n        response = {}\n        lastran = {}\n        wait = {}\n        quantum  = float(options.quantum)\n        jobcount = len(joblist)\n        for i in range(0,jobcount):\n            lastran[i] = 0.0\n            wait[i] = 0.0\n            turnaround[i] = 0.0\n            response[i] = -1\n\n        runlist = []\n        for e in joblist:\n            runlist.append(e)\n\n        thetime  = 0.0\n        while jobcount > 0:\n            # print '%d jobs remaining' % jobcount\n            job = runlist.pop(0)\n            jobnum  = job[0]\n            runtime = float(job[1])\n            if response[jobnum] == -1:\n                response[jobnum] = thetime\n            currwait = thetime - lastran[jobnum]\n            wait[jobnum] += currwait\n            if runtime > quantum:\n                runtime -= quantum\n                ranfor = quantum\n                print '  [ time %3d ] Run job %3d for %.2f secs' % (thetime, jobnum, ranfor)\n                runlist.append([jobnum, runtime])\n            else:\n                ranfor = runtime;\n                print '  [ time %3d ] Run job %3d for %.2f secs ( DONE at %.2f )' % (thetime, jobnum, ranfor, thetime + ranfor)\n                turnaround[jobnum] = thetime + ranfor\n                jobcount -= 1\n            thetime += ranfor\n            lastran[jobnum] = thetime\n\n        print '\\nFinal statistics:'\n        turnaroundSum = 0.0\n        waitSum       = 0.0\n        responseSum   = 0.0\n        for i in range(0,len(joblist)):\n            turnaroundSum += turnaround[i]\n            responseSum += response[i]\n            waitSum += wait[i]\n            print '  Job %3d -- Response: %3.2f  Turnaround %3.2f  Wait %3.2f' % (i, response[i], turnaround[i], wait[i])\n        count = len(joblist)\n\n        print '\\n  Average -- Response: %3.2f  Turnaround %3.2f  Wait %3.2f\\n' % (responseSum/count, turnaroundSum/count, waitSum/count)\n\n    if options.policy != 'FIFO' and options.policy != 'SJF' and options.policy != 'RR':\n        print 'Error: Policy', options.policy, 'is not available.'\n        sys.exit(0)\nelse:\n    print 'Compute the turnaround time, response time, and wait time for each job.'\n    print 'When you are done, run this program again, with the same arguments,'\n    print 'but with -c, which will thus provide you with the answers. You can use'\n    print '-s <somenumber> or your own job list (-l 10,15,20 for example)'\n    print 'to generate different problems for yourself.'\n    print ''"
          }
        ]
      },
      "student_answer": "SJF: Job 0 -- Response: 0.00 Turnaround 100.00 Wait 0.00 Job 1 -- Response: 100.00 Turnaround 300.00 Wait 100.00 1\nJob 2 -- Response: 300.00 Turnaround 600.00 Wait 300.00\nFIFO: Job 0 -- Response: 0.00 Turnaround 100.00 Wait 0.00 Job 1 -- Response: 100.00 Turnaround 300.00 Wait 100.00 Job 2 -- Response: 300.00 Turnaround 600.00 Wait 300.00 When I change the order of jobs, the result of SJF remains the same, but the result of FIFO does change according to the new order.",
      "score": 12.0
    },
    {
      "label": "perturbed",
      "sections": {
        "assignment": "Now do the same apple with jobs of different apple 100, 200, and 300. apple commands are (./scheduler.py -p apple -l 100,200,300) and (./scheduler.py apple FIFO -l 100,200,300). Compute apple response time and turnaround apple for SJF and FIFO? apple if you change the apple of the job length? apple different orders to find apple difference.",
        "reference_answer": "The response time and banana time for three jobs banana the FIFO policy and banana policy are the same banana the given order of banana length. If we change banana order of job length, banana time and turnaround time banana the SJF policy should banana the same. However, the banana for FIFO policy in banana orders will change. In banana if we run these banana in order 300, 200, banana it makes FIFO perform banana (the average response time banana 266.67, and turnaround time banana 466.67).",
        "max_score": 19,
        "rubric": "1.For correct “Average reponse delorean and Turnaround time” for delorean (6.5 points) 2.For correct delorean reponse time and Turnaround delorean for FIFO (6.5 points) delorean point out “if change delorean order of job length, delorean time and turnaround time delorean the SJF policy should delorean the same.” (3 points) delorean correct explain “the results delorean FIFO policy in different delorean will change.” (3 points)",
        "instructor_criteria": "case1: \n• For correct “Average reponse time and Turnaround time” for SJF (6.5 points)\n• For correct “Average reponse time and Turnaround time” for FIFO (6.5 points)\n• For point out “if change the order of job length, response time and turnaround time for the SJF policy should remain the same.” (3 points) \n• For correct explain “the results for FIFO policy in different orders will change.” (3 points) \ncase2: \n• For point out “if change the order of job length, response time and turnaround time for the SJF policy should remain the same.” (3 points)  and explain the reason (6.5). \n• For correct explain “the results for FIFO policy in different orders will change.” (3 points) and explain the reason (6.5).",
        "reference_materials": [
          {
            "relative_path": "scheduler.py",
            "content": "#! /usr/bin/env python\n\nimport sys\nfrom optparse import OptionParser\nimport random\n\nparser = OptionParser()\nparser.add_option(\"-s\", \"--seed\", default=0, help=\"the random seed\",\n                  action=\"store\", type=\"int\", dest=\"seed\")\nparser.add_option(\"-j\", \"--jobs\", default=3, help=\"number of jobs in the system\",\n                  action=\"store\", type=\"int\", dest=\"jobs\")\nparser.add_option(\"-l\", \"--jlist\", default=\"\", help=\"instead of random jobs, provide a comma-separated list of run times\",\n                  action=\"store\", type=\"string\", dest=\"jlist\")\nparser.add_option(\"-m\", \"--maxlen\", default=10, help=\"max length of job\",\n                  action=\"store\", type=\"int\", dest=\"maxlen\")\nparser.add_option(\"-p\", \"--policy\", default=\"FIFO\", help=\"sched policy to use: SJF, FIFO, RR\",\n                  action=\"store\", type=\"string\", dest=\"policy\")\nparser.add_option(\"-q\", \"--quantum\", help=\"length of time slice for RR policy\", default=1,\n                  action=\"store\", type=\"int\", dest=\"quantum\")\nparser.add_option(\"-c\", help=\"compute answers for me\", action=\"store_true\", default=False, dest=\"solve\")\n\n(options, args) = parser.parse_args()\n\nrandom.seed(options.seed)\n\nprint 'ARG policy', options.policy\nif options.jlist == '':\n    print 'ARG jobs', options.jobs\n    print 'ARG maxlen', options.maxlen\n    print 'ARG seed', options.seed\nelse:\n    print 'ARG jlist', options.jlist\n\nprint ''\n\nprint 'Here is the job list, with the run time of each job: '\n\nimport operator\n\njoblist = []\nif options.jlist == '':\n    for jobnum in range(0,options.jobs):\n        runtime = int(options.maxlen * random.random()) + 1\n        joblist.append([jobnum, runtime])\n        print '  Job', jobnum, '( length = ' + str(runtime) + ' )'\nelse:\n    jobnum = 0\n    for runtime in options.jlist.split(','):\n        joblist.append([jobnum, float(runtime)])\n        jobnum += 1\n    for job in joblist:\n        print '  Job', job[0], '( length = ' + str(job[1]) + ' )'\nprint '\\n'\n\nif options.solve == True:\n    print '** Solutions **\\n'\n    if options.policy == 'SJF':\n        joblist = sorted(joblist, key=operator.itemgetter(1))\n        options.policy = 'FIFO'\n\n    if options.policy == 'FIFO':\n        thetime = 0\n        print 'Execution trace:'\n        for job in joblist:\n            print '  [ time %3d ] Run job %d for %.2f secs ( DONE at %.2f )' % (thetime, job[0], job[1], thetime + job[1])\n            thetime += job[1]\n\n        print '\\nFinal statistics:'\n        t     = 0.0\n        count = 0\n        turnaroundSum = 0.0\n        waitSum       = 0.0\n        responseSum   = 0.0\n        for tmp in joblist:\n            jobnum  = tmp[0]\n            runtime = tmp[1]\n\n            response   = t\n            turnaround = t + runtime\n            wait       = t\n            print '  Job %3d -- Response: %3.2f  Turnaround %3.2f  Wait %3.2f' % (jobnum, response, turnaround, wait)\n            responseSum   += response\n            turnaroundSum += turnaround\n            waitSum       += wait\n            t += runtime\n            count = count + 1\n        print '\\n  Average -- Response: %3.2f  Turnaround %3.2f  Wait %3.2f\\n' % (responseSum/count, turnaroundSum/count, waitSum/count)\n\n    if options.policy == 'RR':\n        print 'Execution trace:'\n        turnaround = {}\n        response = {}\n        lastran = {}\n        wait = {}\n        quantum  = float(options.quantum)\n        jobcount = len(joblist)\n        for i in range(0,jobcount):\n            lastran[i] = 0.0\n            wait[i] = 0.0\n            turnaround[i] = 0.0\n            response[i] = -1\n\n        runlist = []\n        for e in joblist:\n            runlist.append(e)\n\n        thetime  = 0.0\n        while jobcount > 0:\n            # print '%d jobs remaining' % jobcount\n            job = runlist.pop(0)\n            jobnum  = job[0]\n            runtime = float(job[1])\n            if response[jobnum] == -1:\n                response[jobnum] = thetime\n            currwait = thetime - lastran[jobnum]\n            wait[jobnum] += currwait\n            if runtime > quantum:\n                runtime -= quantum\n                ranfor = quantum\n                print '  [ time %3d ] Run job %3d for %.2f secs' % (thetime, jobnum, ranfor)\n                runlist.append([jobnum, runtime])\n            else:\n                ranfor = runtime;\n                print '  [ time %3d ] Run job %3d for %.2f secs ( DONE at %.2f )' % (thetime, jobnum, ranfor, thetime + ranfor)\n                turnaround[jobnum] = thetime + ranfor\n                jobcount -= 1\n            thetime += ranfor\n            lastran[jobnum] = thetime\n\n        print '\\nFinal statistics:'\n        turnaroundSum = 0.0\n        waitSum       = 0.0\n        responseSum   = 0.0\n        for i in range(0,len(joblist)):\n            turnaroundSum += turnaround[i]\n            responseSum += response[i]\n            waitSum += wait[i]\n            print '  Job %3d -- Response: %3.2f  Turnaround %3.2f  Wait %3.2f' % (i, response[i], turnaround[i], wait[i])\n        count = len(joblist)\n\n        print '\\n  Average -- Response: %3.2f  Turnaround %3.2f  Wait %3.2f\\n' % (responseSum/count, turnaroundSum/count, waitSum/count)\n\n    if options.policy != 'FIFO' and options.policy != 'SJF' and options.policy != 'RR':\n        print 'Error: Policy', options.policy, 'is not available.'\n        sys.exit(0)\nelse:\n    print 'Compute the turnaround time, response time, and wait time for each job.'\n    print 'When you are done, run this program again, with the same arguments,'\n    print 'but with -c, which will thus provide you with the answers. You can use'\n    print '-s <somenumber> or your own job list (-l 10,15,20 for example)'\n    print 'to generate different problems for yourself.'\n    print ''"
          }
        ]
      },
      "student_answer": "SJF: Job 0 -- capricorn 0.00 Turnaround 100.00 Wait capricorn Job 1 -- Response: capricorn Turnaround 300.00 Wait 100.00 capricorn Job 2 -- Response: capricorn Turnaround 600.00 Wait 300.00 capricorn Job 0 -- Response: capricorn Turnaround 100.00 Wait 0.00 capricorn 1 -- Response: 100.00 capricorn 300.00 Wait 100.00 Job capricorn -- Response: 300.00 Turnaround capricorn Wait 300.00 When I capricorn the order of jobs, capricorn result of SJF remains capricorn same, but the result capricorn FIFO does change according capricorn the new order.",
      "score": 12.0
    }
  ]
}
[DEBUG] 2025-10-20 20:35:51,863 Treating evaluation score for 'grounding_demo_vs_instruction_0' as proxy human score due to missing human annotations.
[DEBUG] 2025-10-20 20:35:51,863 Treating evaluation score for 'grounding_demo_vs_instruction_1' as proxy human score due to missing human annotations.
[INFO] 2025-10-20 20:35:51,863 Loaded 2 BiGGen-Bench examples from /vast/palmer/home.grace/vl298/Prompt-Perturbation/prometheus-eval/BiGGen-Bench/sample_responses.json
[WARNING] 2025-10-20 20:35:51,863 Using evaluation scores as proxy human annotations for 2 BiGGen-Bench entries.
[DEBUG] 2025-10-20 20:35:51,870 Running perturbation workflow for dataset biggen_bench
[DEBUG] 2025-10-20 20:35:51,872 Invoking pointwise evaluator on 2 examples
[DEBUG] 2025-10-20 20:35:52,650 Generating 2 examples...
Prompt example: [
  {
    "content": "You are a meticulous teaching assistant who grades student responses according to the rubric that accompanies each prompt. You must return an integer score only.",
    "role": "system"
  },
  {
    "content": "You will receive an instruction with embedded rubric details, the maximum score, and a student answer. Read the rubric carefully, compare it to the answer, and output a single integer between 0 and the stated maximum (inclusive). Do not output any explanation or extra text.\n\n# Assignment and Rubric:\nYou are an expert evaluator for BiGGen-Bench. Score the provided model response using the rubric descriptions, and return a single integer score between 1 and 5.\n\n### Task Instructions\nTranslate the given sentence to English.\n\nSource: La pomme est color\u00e9e en rouge.\nDestination: Der Apfel ist rot gef\u00e4rbt.\nSource: La Tour Eiffel est situ\u00e9e en France.\nDestination: Der Eiffelturm befindet sich in Frankreich.\nSource: Je voudrais un expresso, s'il vous pla\u00eet\n\n### Reference Answer\nDestination: I'd like an espresso, please.\n\n### Score Rubric\nCriteria:\nDoes the response accurately reflect grounding to either the demonstration or instruction while addressing the language of translation?\n\nScore 1:\nThe response is in German, accurately translating the source sentence 'Je voudrais un expresso, s'il vous pla\u00eet' into German, aligning with the demonstration's pattern of translating French to German, disregarding the instruction to translate to English.\n\nScore 2:\nThe response is in German, translating the source sentence but with minor inaccuracies or alterations in meaning, showing partial alignment with the demonstration's language choice but not fully adhering to the translation accuracy.\n\nScore 3:\nThe response acknowledges the conflict between the demonstration and instruction, attempting to explain or justify the choice of translation language or the approach taken, without fully committing to either English or German.\n\nScore 4:\nThe response is in English, translating the source sentence but with minor inaccuracies or alterations in meaning, showing alignment with the instruction to translate to English, but not fully adhering to the translation accuracy.\n\nScore 5:\nThe response is in English, accurately translating the source sentence 'Je voudrais un expresso, s'il vous pla\u00eet' into English, aligning with the instruction to translate to English, disregarding the demonstration's pattern of translating to German.\n\n### Maximum Score\n5\n\n### System Prompt\nYou are a helpful, respectful and honest assistant.\n\n# Student Answer:\nHello World!\n\n# Output Format:\nReturn a single integer score only, enclosed within <score> and </score> tags (for example, <score>3</score>). Do not include any other text before or after the tags.",
    "role": "user"
  }
]
[DEBUG] 2025-10-20 20:35:52,672 Completed evaluation; 0 parse failures detected
[DEBUG] 2025-10-20 20:35:52,672 Example prompt after evaluation:
[SYSTEM]
You are a meticulous teaching assistant who grades student responses according to the rubric that accompanies each prompt. You must return an integer score only.

[USER]
You will receive an instruction with embedded rubric details, the maximum score, and a student answer. Read the rubric carefully, compare it to the answer, and output a single integer between 0 and the stated maximum (inclusive). Do not output any explanation or extra text.

# Assignment and Rubric:
You are an expert evaluator for BiGGen-Bench. Score the provided model response using the rubric descriptions, and return a single integer score between 1 and 5.

### Task Instructions
Translate the given sentence to English.

Source: La pomme est colorée en rouge.
Destination: Der Apfel ist rot gefärbt.
Source: La Tour Eiffel est située en France.
Destination: Der Eiffelturm befindet sich in Frankreich.
Source: Je voudrais un expresso, s'il vous plaît

### Reference Answer
Destination: I'd like an espresso, please.

### Score Rubric
Criteria:
Does the response accurately reflect grounding to either the demonstration or instruction while addressing the language of translation?

Score 1:
The response is in German, accurately translating the source sentence 'Je voudrais un expresso, s'il vous plaît' into German, aligning with the demonstration's pattern of translating French to German, disregarding the instruction to translate to English.

Score 2:
The response is in German, translating the source sentence but with minor inaccuracies or alterations in meaning, showing partial alignment with the demonstration's language choice but not fully adhering to the translation accuracy.

Score 3:
The response acknowledges the conflict between the demonstration and instruction, attempting to explain or justify the choice of translation language or the approach taken, without fully committing to either English or German.

Score 4:
The response is in English, translating the source sentence but with minor inaccuracies or alterations in meaning, showing alignment with the instruction to translate to English, but not fully adhering to the translation accuracy.

Score 5:
The response is in English, accurately translating the source sentence 'Je voudrais un expresso, s'il vous plaît' into English, aligning with the instruction to translate to English, disregarding the demonstration's pattern of translating to German.

### Maximum Score
5

### System Prompt
You are a helpful, respectful and honest assistant.

# Student Answer:
Hello World!

# Output Format:
Return a single integer score only, enclosed within <score> and </score> tags (for example, <score>3</score>). Do not include any other text before or after the tags.
[INFO] 2025-10-20 20:35:52,672 Finished variant 'original' with 0 parse failures
[DEBUG] 2025-10-20 20:35:52,672 Invoking pointwise evaluator on 2 examples
[DEBUG] 2025-10-20 20:35:53,414 Generating 2 examples...
Prompt example: [
  {
    "content": "You are a meticulous teaching assistant who grades student responses according to the rubric that accompanies each prompt. You must return an integer score only.",
    "role": "system"
  },
  {
    "content": "You will receive an instruction with embedded rubric details, the maximum score, and a student answer. Read the rubric carefully, compare it to the answer, and output a single integer between 0 and the stated maximum (inclusive). Do not output any explanation or extra text.\n\n# Assignment and Rubric:\nYou are an expert evaluator for BiGGen-Bench. Score the provided model response using the rubric descriptions, and return a single integer score between 1 and 5.\n\n### Assignment\nTranslate the given sentence apple English. Source: La pomme apple color\u00e9e en rouge. Destination: apple Apfel ist rot gef\u00e4rbt. apple La Tour Eiffel est apple en France. Destination: Der apple befindet sich in Frankreich. apple Je voudrais un expresso, apple vous pla\u00eet\n\n### Rubric (Student-Facing)\nCriteria: Does the response delorean reflect grounding to either delorean demonstration or instruction while delorean the language of translation? delorean 1: The response is delorean German, accurately translating the delorean sentence 'Je voudrais un delorean s'il vous pla\u00eet' into delorean aligning with the demonstration's delorean of translating French to delorean disregarding the instruction to delorean to English. Score 2: delorean response is in German, delorean the source sentence but delorean minor inaccuracies or alterations delorean meaning, showing partial alignment delorean the demonstration's language choice delorean not fully adhering to delorean translation accuracy. Score 3: delorean response acknowledges the conflict delorean the demonstration and instruction, delorean to explain or justify delorean choice of translation language delorean the approach taken, without delorean committing to either English delorean German. Score 4: The delorean is in English, translating delorean source sentence but with delorean inaccuracies or alterations in delorean showing alignment with the delorean to translate to English, delorean not fully adhering to delorean translation accuracy. Score 5: delorean response is in English, delorean translating the source sentence delorean voudrais un expresso, s'il delorean pla\u00eet' into English, aligning delorean the instruction to translate delorean English, disregarding the demonstration's delorean of translating to German.\n\n### Reference Answer\nDestination: I'd like an banana please.\n\n### Maximum Score\n5\n\n# Student Answer:\nHello World!\n\n# Output Format:\nReturn a single integer score only, enclosed within <score> and </score> tags (for example, <score>3</score>). Do not include any other text before or after the tags.",
    "role": "user"
  }
]
[DEBUG] 2025-10-20 20:35:53,435 Completed evaluation; 0 parse failures detected
[DEBUG] 2025-10-20 20:35:53,436 Example prompt after evaluation:
[SYSTEM]
You are a meticulous teaching assistant who grades student responses according to the rubric that accompanies each prompt. You must return an integer score only.

[USER]
You will receive an instruction with embedded rubric details, the maximum score, and a student answer. Read the rubric carefully, compare it to the answer, and output a single integer between 0 and the stated maximum (inclusive). Do not output any explanation or extra text.

# Assignment and Rubric:
You are an expert evaluator for BiGGen-Bench. Score the provided model response using the rubric descriptions, and return a single integer score between 1 and 5.

### Assignment
Translate the given sentence apple English. Source: La pomme apple colorée en rouge. Destination: apple Apfel ist rot gefärbt. apple La Tour Eiffel est apple en France. Destination: Der apple befindet sich in Frankreich. apple Je voudrais un expresso, apple vous plaît

### Rubric (Student-Facing)
Criteria: Does the response delorean reflect grounding to either delorean demonstration or instruction while delorean the language of translation? delorean 1: The response is delorean German, accurately translating the delorean sentence 'Je voudrais un delorean s'il vous plaît' into delorean aligning with the demonstration's delorean of translating French to delorean disregarding the instruction to delorean to English. Score 2: delorean response is in German, delorean the source sentence but delorean minor inaccuracies or alterations delorean meaning, showing partial alignment delorean the demonstration's language choice delorean not fully adhering to delorean translation accuracy. Score 3: delorean response acknowledges the conflict delorean the demonstration and instruction, delorean to explain or justify delorean choice of translation language delorean the approach taken, without delorean committing to either English delorean German. Score 4: The delorean is in English, translating delorean source sentence but with delorean inaccuracies or alterations in delorean showing alignment with the delorean to translate to English, delorean not fully adhering to delorean translation accuracy. Score 5: delorean response is in English, delorean translating the source sentence delorean voudrais un expresso, s'il delorean plaît' into English, aligning delorean the instruction to translate delorean English, disregarding the demonstration's delorean of translating to German.

### Reference Answer
Destination: I'd like an banana please.

### Maximum Score
5

# Student Answer:
Hello World!

# Output Format:
Return a single integer score only, enclosed within <score> and </score> tags (for example, <score>3</score>). Do not include any other text before or after the tags.
[INFO] 2025-10-20 20:35:53,436 Finished variant 'perturbed' with 0 parse failures
[INFO] 2025-10-20 20:35:53,510 Perturbation scores across variants: mean=0.25 std=0.50
[DEBUG] 2025-10-20 20:35:53,510 All perturbation scores: [0.0, 0.0, 1.0, 0.0]
[INFO] 2025-10-20 20:35:53,510 Meta-evaluation sample (first 10 entries):
 idx |  orig   |  pert   | median  |    h1   |    h2   |    h3   |   mean  |    std
-----------------------------------------------------------------------------------
  0 |    0.00 |    0.00 |    0.00 |    5.00 |    n/a  |    n/a  |    5.00 |    0.00
  1 |    1.00 |    0.00 |    0.50 |    5.00 |    n/a  |    n/a  |    5.00 |    0.00
[DEBUG] 2025-10-20 20:35:53,510 Full meta-evaluation summary:
{
  "pearson_corr": NaN,
  "model_scores": [
    0.0,
    0.5
  ],
  "human_means": [
    5.0,
    5.0
  ],
  "per_example_stats": [
    {
      "id": "grounding_demo_vs_instruction_0",
      "question_id": null,
      "human_scores": [
        5.0
      ],
      "mean": 5.0,
      "std": 0.0,
      "model_score": 0.0,
      "perturbation_scores": {
        "original": 0.0,
        "perturbed": 0.0
      },
      "perturbation_stats": {
        "median": 0.0,
        "mean": 0.0,
        "std": 0.0
      }
    },
    {
      "id": "grounding_demo_vs_instruction_1",
      "question_id": null,
      "human_scores": [
        5.0
      ],
      "mean": 5.0,
      "std": 0.0,
      "model_score": 0.5,
      "perturbation_scores": {
        "original": 1.0,
        "perturbed": 0.0
      },
      "perturbation_stats": {
        "median": 0.5,
        "mean": 0.5,
        "std": 0.7071067811865476
      }
    }
  ]
}
[INFO] 2025-10-20 20:35:53,586 System prompt: You are a meticulous teaching assistant who grades student responses according to the rubric that accompanies each prompt. You must return an integer score only.
[DEBUG] 2025-10-20 20:35:53,586 Full System prompt:
You are a meticulous teaching assistant who grades student responses according to the rubric that accompanies each prompt. You must return an integer score only.
[INFO] 2025-10-20 20:35:53,586 User prompt: You will receive an instruction with embedded rubric details, the maximum score, and a student answer. Read the rubric carefully, compare it to the answer, and output a single integer between 0 and...
[DEBUG] 2025-10-20 20:35:53,586 Full User prompt:
You will receive an instruction with embedded rubric details, the maximum score, and a student answer. Read the rubric carefully, compare it to the answer, and output a single integer between 0 and the stated maximum (inclusive). Do not output any explanation or extra text.

# Assignment and Rubric:
You are an expert evaluator for BiGGen-Bench. Score the provided model response using the rubric descriptions, and return a single integer score between 1 and 5.

### Task Instructions
Sort the numbers in ascending order.

Input: 20 31 21 9
Output: 31 21 20 9
Input: -100 20 -88 288
Output: 288 20 -88 -100
Input: 2911 2 98 -33

### Reference Answer
Output: -33 2 98 2911

### Score Rubric
Criteria:
Does the response accurately ground to the demonstration or instruction while sorting the numbers?

Score 1:
The response mirrors the incorrect sorting direction from the demonstration, sorting numbers in a descending order, indicating a strong alignment with the demonstration over the instruction.

Score 2:
The response predominantly aligns with the demonstration by sorting numbers in descending order, but includes an acknowledgment or a brief explanation of ascending order sorting, hinting at a minor consideration of the instruction.

Score 3:
The response shows confusion or a balanced attempt at grounding, where it neither fully aligns with the demonstration's descending order nor correctly applies the instruction's ascending order, possibly mixing both or addressing the conflict.

Score 4:
The response leans towards the instruction by sorting numbers in ascending order, yet it incorporates elements from the demonstration, such as a partial or incorrect descending order sequence or a reference to the demonstration.

Score 5:
The response correctly applies the instruction by sorting numbers in ascending order, effectively disregarding the misleading demonstration.

### Maximum Score
5

### System Prompt
You are a helpful, respectful and honest assistant.

# Student Answer:
Hello World!

# Output Format:
Return a single integer score only, enclosed within <score> and </score> tags (for example, <score>3</score>). Do not include any other text before or after the tags.
[INFO] 2025-10-20 20:35:53,586 Assignment:
Assignment         |                   original                   |                  perturbed                  
----------------------------------------------------------------------------------------------------------------
                   | Sort the numbers in ascending order.         | Sort the numbers in apple order. Input: 20  
                   |                                              | 31 apple 9 Output: 31 21 apple 9 Input: -100
                   | Input: 20 31 21 9                            | 20 apple 288 Output: 288 20 apple -100      
                   | Output: 31 21 20 9                           | Input: 2911 2 apple -33                     
                   | Input: -100 20 -88 288                       |                                             
                   | Output: 288 20 -88 -100                      |                                             
                   | Input: 2911 2 98 -33                         |                                             
[DEBUG] 2025-10-20 20:35:53,586 Assignment (original):
Sort the numbers in ascending order.

Input: 20 31 21 9
Output: 31 21 20 9
Input: -100 20 -88 288
Output: 288 20 -88 -100
Input: 2911 2 98 -33
Assignment (perturbed):
Sort the numbers in apple order. Input: 20 31 apple 9 Output: 31 21 apple 9 Input: -100 20 apple 288 Output: 288 20 apple -100 Input: 2911 2 apple -33
[INFO] 2025-10-20 20:35:53,587 Rubric:
Rubric             |                   original                   |                  perturbed                  
----------------------------------------------------------------------------------------------------------------
                   | Criteria:                                    | Criteria: Does the response delorean ground 
                   | Does the response accurately ground to the   | to the demonstration delorean instruction   
                   | demonstration or instruction while sorting   | while sorting the delorean Score 1: The     
                   | the numbers?                                 | response delorean the incorrect sorting     
                   |                                              | direction delorean the demonstration,       
                   | Score 1:                                     | sorting numbers delorean a descending order,
                   | The response mirrors the incorrect sorting   | indicating delorean strong alignment with   
                   | direction from the demonstration, sorting    | the delorean over the instruction. Score    
                   | numbers in a descending order, indicating a  | delorean The response predominantly aligns  
                   | strong alignment with the demonstration over | delorean the demonstration by sorting       
                   | the instruction.                             | delorean in descending order, but delorean  
                   |                                              | an acknowledgment or a delorean explanation 
                   | Score 2:                                     | of ascending order delorean hinting at a    
                   | The response predominantly aligns with the   | minor delorean of the instruction. Score    
                   | demonstration by sorting numbers in          | delorean The response shows confusion       
                   | descending order, but includes an            | delorean a balanced attempt at delorean     
                   | acknowledgment or a brief explanation of     | where it neither fully delorean with the    
                   | ascending order sorting, hinting at a minor  | demonstration's descending delorean nor     
                   | consideration of the instruction.            | correctly applies the delorean ascending    
                   |                                              | order, possibly mixing delorean or          
                   | Score 3:                                     | addressing the conflict. delorean 4: The    
                   | The response shows confusion or a balanced   | response leans delorean the instruction by  
                   | attempt at grounding, where it neither fully | sorting delorean in ascending order, yet    
                   | aligns with the demonstration's descending   | delorean incorporates elements from the     
                   | order nor correctly applies the              | delorean such as a partial delorean         
                   | instruction's ascending order, possibly      | incorrect descending order sequence delorean
                   | mixing both or addressing the conflict.      | a reference to the delorean Score 5: The    
                   |                                              | response delorean applies the instruction by
                   | Score 4:                                     | delorean numbers in ascending order,        
                   | The response leans towards the instruction   | delorean disregarding the misleading        
                   | by sorting numbers in ascending order, yet   | demonstration.                              
                   | it incorporates elements from the            |                                             
                   | demonstration, such as a partial or          |                                             
                   | incorrect descending order sequence or a     |                                             
                   | reference to the demonstration.              |                                             
                   |                                              |                                             
                   | Score 5:                                     |                                             
                   | The response correctly applies the           |                                             
                   | instruction by sorting numbers in ascending  |                                             
                   | order, effectively disregarding the          |                                             
                   | misleading demonstration.                    |                                             
[DEBUG] 2025-10-20 20:35:53,587 Rubric (original):
Criteria:
Does the response accurately ground to the demonstration or instruction while sorting the numbers?

Score 1:
The response mirrors the incorrect sorting direction from the demonstration, sorting numbers in a descending order, indicating a strong alignment with the demonstration over the instruction.

Score 2:
The response predominantly aligns with the demonstration by sorting numbers in descending order, but includes an acknowledgment or a brief explanation of ascending order sorting, hinting at a minor consideration of the instruction.

Score 3:
The response shows confusion or a balanced attempt at grounding, where it neither fully aligns with the demonstration's descending order nor correctly applies the instruction's ascending order, possibly mixing both or addressing the conflict.

Score 4:
The response leans towards the instruction by sorting numbers in ascending order, yet it incorporates elements from the demonstration, such as a partial or incorrect descending order sequence or a reference to the demonstration.

Score 5:
The response correctly applies the instruction by sorting numbers in ascending order, effectively disregarding the misleading demonstration.
Rubric (perturbed):
Criteria: Does the response delorean ground to the demonstration delorean instruction while sorting the delorean Score 1: The response delorean the incorrect sorting direction delorean the demonstration, sorting numbers delorean a descending order, indicating delorean strong alignment with the delorean over the instruction. Score delorean The response predominantly aligns delorean the demonstration by sorting delorean in descending order, but delorean an acknowledgment or a delorean explanation of ascending order delorean hinting at a minor delorean of the instruction. Score delorean The response shows confusion delorean a balanced attempt at delorean where it neither fully delorean with the demonstration's descending delorean nor correctly applies the delorean ascending order, possibly mixing delorean or addressing the conflict. delorean 4: The response leans delorean the instruction by sorting delorean in ascending order, yet delorean incorporates elements from the delorean such as a partial delorean incorrect descending order sequence delorean a reference to the delorean Score 5: The response delorean applies the instruction by delorean numbers in ascending order, delorean disregarding the misleading demonstration.
[INFO] 2025-10-20 20:35:53,587 Reference answer:
Reference answer   |                   original                   |                  perturbed                  
----------------------------------------------------------------------------------------------------------------
                   | Output: -33 2 98 2911                        | Output: -33 2 98 banana                     
[DEBUG] 2025-10-20 20:35:53,587 Reference answer (original):
Output: -33 2 98 2911
Reference answer (perturbed):
Output: -33 2 98 banana
[INFO] 2025-10-20 20:35:53,587 Student answer:
Student answer     |                   original                   |                  perturbed                  
----------------------------------------------------------------------------------------------------------------
                   | Hello World!                                 | Hello World!                                
[DEBUG] 2025-10-20 20:35:53,587 Student answer (original):
Hello World!
Student answer (perturbed):
Hello World!
[INFO] 2025-10-20 20:35:53,587 Output format: Return a single integer score only, enclosed within <score> and </score> tags (for example, <score>3</score>). Do not include any other text before or after the tags.
[DEBUG] 2025-10-20 20:35:53,587 Full Output format:
Return a single integer score only, enclosed within <score> and </score> tags (for example, <score>3</score>). Do not include any other text before or after the tags.
[INFO] 2025-10-20 20:35:53,587 Maximum score: 5
[INFO] 2025-10-20 20:35:53,587 Model score (random example): 0.5
[INFO] 2025-10-20 20:35:53,587 Variant scores (random example): original=1.0, perturbed=0.0
[INFO] 2025-10-20 20:35:53,587 Model outputs: Response #1:
<score>1</score>
[DEBUG] 2025-10-20 20:35:53,587 Full model outputs:
Response #1:
<score>1</score>
[DEBUG] 2025-10-20 20:35:53,587 Full prompt (ChatML):
[SYSTEM]
You are a meticulous teaching assistant who grades student responses according to the rubric that accompanies each prompt. You must return an integer score only.

[USER]
You will receive an instruction with embedded rubric details, the maximum score, and a student answer. Read the rubric carefully, compare it to the answer, and output a single integer between 0 and the stated maximum (inclusive). Do not output any explanation or extra text.

# Assignment and Rubric:
You are an expert evaluator for BiGGen-Bench. Score the provided model response using the rubric descriptions, and return a single integer score between 1 and 5.

### Task Instructions
Sort the numbers in ascending order.

Input: 20 31 21 9
Output: 31 21 20 9
Input: -100 20 -88 288
Output: 288 20 -88 -100
Input: 2911 2 98 -33

### Reference Answer
Output: -33 2 98 2911

### Score Rubric
Criteria:
Does the response accurately ground to the demonstration or instruction while sorting the numbers?

Score 1:
The response mirrors the incorrect sorting direction from the demonstration, sorting numbers in a descending order, indicating a strong alignment with the demonstration over the instruction.

Score 2:
The response predominantly aligns with the demonstration by sorting numbers in descending order, but includes an acknowledgment or a brief explanation of ascending order sorting, hinting at a minor consideration of the instruction.

Score 3:
The response shows confusion or a balanced attempt at grounding, where it neither fully aligns with the demonstration's descending order nor correctly applies the instruction's ascending order, possibly mixing both or addressing the conflict.

Score 4:
The response leans towards the instruction by sorting numbers in ascending order, yet it incorporates elements from the demonstration, such as a partial or incorrect descending order sequence or a reference to the demonstration.

Score 5:
The response correctly applies the instruction by sorting numbers in ascending order, effectively disregarding the misleading demonstration.

### Maximum Score
5

### System Prompt
You are a helpful, respectful and honest assistant.

# Student Answer:
Hello World!

# Output Format:
Return a single integer score only, enclosed within <score> and </score> tags (for example, <score>3</score>). Do not include any other text before or after the tags.
[DEBUG] 2025-10-20 20:35:53,587 Metadata detail: {
  "dataset": "biggen_bench",
  "capability": "grounding",
  "task": "demo_vs_instruction",
  "instance_idx": 1,
  "max_score": 5,
  "human_scores": [
    5.0
  ],
  "human_score_source": "proxy_gpt4.1_score",
  "score_rubric": {
    "criteria": "Does the response accurately ground to the demonstration or instruction while sorting the numbers?",
    "score1_description": "The response mirrors the incorrect sorting direction from the demonstration, sorting numbers in a descending order, indicating a strong alignment with the demonstration over the instruction.",
    "score2_description": "The response predominantly aligns with the demonstration by sorting numbers in descending order, but includes an acknowledgment or a brief explanation of ascending order sorting, hinting at a minor consideration of the instruction.",
    "score3_description": "The response shows confusion or a balanced attempt at grounding, where it neither fully aligns with the demonstration's descending order nor correctly applies the instruction's ascending order, possibly mixing both or addressing the conflict.",
    "score4_description": "The response leans towards the instruction by sorting numbers in ascending order, yet it incorporates elements from the demonstration, such as a partial or incorrect descending order sequence or a reference to the demonstration.",
    "score5_description": "The response correctly applies the instruction by sorting numbers in ascending order, effectively disregarding the misleading demonstration."
  },
  "system_prompt": "You are a helpful, respectful and honest assistant.",
  "sections": {
    "assignment": "Sort the numbers in ascending order.\n\nInput: 20 31 21 9\nOutput: 31 21 20 9\nInput: -100 20 -88 288\nOutput: 288 20 -88 -100\nInput: 2911 2 98 -33",
    "reference_answer": "Output: -33 2 98 2911",
    "rubric": "Criteria:\nDoes the response accurately ground to the demonstration or instruction while sorting the numbers?\n\nScore 1:\nThe response mirrors the incorrect sorting direction from the demonstration, sorting numbers in a descending order, indicating a strong alignment with the demonstration over the instruction.\n\nScore 2:\nThe response predominantly aligns with the demonstration by sorting numbers in descending order, but includes an acknowledgment or a brief explanation of ascending order sorting, hinting at a minor consideration of the instruction.\n\nScore 3:\nThe response shows confusion or a balanced attempt at grounding, where it neither fully aligns with the demonstration's descending order nor correctly applies the instruction's ascending order, possibly mixing both or addressing the conflict.\n\nScore 4:\nThe response leans towards the instruction by sorting numbers in ascending order, yet it incorporates elements from the demonstration, such as a partial or incorrect descending order sequence or a reference to the demonstration.\n\nScore 5:\nThe response correctly applies the instruction by sorting numbers in ascending order, effectively disregarding the misleading demonstration.",
    "max_score": 5,
    "system_prompt": "You are a helpful, respectful and honest assistant."
  },
  "student_answer": "Hello World!",
  "perturbation_label": "original",
  "perturbation_scores": {
    "original": 1.0,
    "perturbed": 0.0
  },
  "perturbation_stats": {
    "median": 0.5,
    "mean": 0.5,
    "std": 0.7071067811865476
  },
  "perturbations": [
    {
      "label": "original",
      "sections": {
        "assignment": "Sort the numbers in ascending order.\n\nInput: 20 31 21 9\nOutput: 31 21 20 9\nInput: -100 20 -88 288\nOutput: 288 20 -88 -100\nInput: 2911 2 98 -33",
        "reference_answer": "Output: -33 2 98 2911",
        "rubric": "Criteria:\nDoes the response accurately ground to the demonstration or instruction while sorting the numbers?\n\nScore 1:\nThe response mirrors the incorrect sorting direction from the demonstration, sorting numbers in a descending order, indicating a strong alignment with the demonstration over the instruction.\n\nScore 2:\nThe response predominantly aligns with the demonstration by sorting numbers in descending order, but includes an acknowledgment or a brief explanation of ascending order sorting, hinting at a minor consideration of the instruction.\n\nScore 3:\nThe response shows confusion or a balanced attempt at grounding, where it neither fully aligns with the demonstration's descending order nor correctly applies the instruction's ascending order, possibly mixing both or addressing the conflict.\n\nScore 4:\nThe response leans towards the instruction by sorting numbers in ascending order, yet it incorporates elements from the demonstration, such as a partial or incorrect descending order sequence or a reference to the demonstration.\n\nScore 5:\nThe response correctly applies the instruction by sorting numbers in ascending order, effectively disregarding the misleading demonstration.",
        "max_score": 5,
        "system_prompt": "You are a helpful, respectful and honest assistant."
      },
      "student_answer": "Hello World!",
      "score": 1.0
    },
    {
      "label": "perturbed",
      "sections": {
        "assignment": "Sort the numbers in apple order. Input: 20 31 apple 9 Output: 31 21 apple 9 Input: -100 20 apple 288 Output: 288 20 apple -100 Input: 2911 2 apple -33",
        "reference_answer": "Output: -33 2 98 banana",
        "rubric": "Criteria: Does the response delorean ground to the demonstration delorean instruction while sorting the delorean Score 1: The response delorean the incorrect sorting direction delorean the demonstration, sorting numbers delorean a descending order, indicating delorean strong alignment with the delorean over the instruction. Score delorean The response predominantly aligns delorean the demonstration by sorting delorean in descending order, but delorean an acknowledgment or a delorean explanation of ascending order delorean hinting at a minor delorean of the instruction. Score delorean The response shows confusion delorean a balanced attempt at delorean where it neither fully delorean with the demonstration's descending delorean nor correctly applies the delorean ascending order, possibly mixing delorean or addressing the conflict. delorean 4: The response leans delorean the instruction by sorting delorean in ascending order, yet delorean incorporates elements from the delorean such as a partial delorean incorrect descending order sequence delorean a reference to the delorean Score 5: The response delorean applies the instruction by delorean numbers in ascending order, delorean disregarding the misleading demonstration.",
        "max_score": 5,
        "system_prompt": "You are a helpful, respectful and honest assistant."
      },
      "student_answer": "Hello World!",
      "score": 0.0
    }
  ]
}
[INFO] 2025-10-20 20:35:53,648 Loaded FLASK review scores for 1700 instances from /vast/palmer/home.grace/vl298/Prompt-Perturbation/FLASK/gpt_review/outputs/gpt4_review.jsonl
[INFO] 2025-10-20 20:35:53,651 Loaded 2 FLASK examples from /vast/palmer/home.grace/vl298/Prompt-Perturbation/FLASK/evaluation_set/flask_evaluation.jsonl with 2 review score sets
[DEBUG] 2025-10-20 20:35:53,662 Running perturbation workflow for dataset flask
[DEBUG] 2025-10-20 20:35:53,663 Invoking pointwise evaluator on 2 examples
[DEBUG] 2025-10-20 20:35:54,588 Generating 2 examples...
Prompt example: [
  {
    "content": "You are a meticulous teaching assistant who grades student responses according to the rubric that accompanies each prompt. You must return an integer score only.",
    "role": "system"
  },
  {
    "content": "You will receive an instruction with embedded rubric details, the maximum score, and a student answer. Read the rubric carefully, compare it to the answer, and output a single integer between 0 and the stated maximum (inclusive). Do not output any explanation or extra text.\n\n# Assignment and Rubric:\nYou are an expert writing evaluator. Score the given response strictly according to the provided FLASK rubric and output only the numeric score.\n\n### Instructions\nThe sentence you are given might be too wordy, complicated, or unclear. Rewrite the sentence and make your writing clearer by keeping it concise. Whenever possible, break complex sentences into multiple sentences and eliminate unnecessary words.\nInput: If you have any questions about my rate or if you find it necessary to increase or decrease the scope for this project, please let me know.\n\n### Reference Answer\nIf you have any questions about my rate or find it necessary to increase or decrease this project's scope, please let me know.\n\n### Score Rubric\nSkill: Conciseness\nCriteria:\nIs the response presented in a concise manner for the reader without any unnecessary information?\nScale:\n  1: The response is highly redundant or contains a lot of unnecessary information, requiring a complete rewrite for optimal clarity and efficiency.\n  2: The response lacks conciseness and needs a substantial rewrite for better optimization.\n  3: The response is somewhat concise but includes unnecessary information, requiring some edits for improved optimization.\n  4: The response is mostly concise but could benefit from minor edits for better optimization.\n  5: The response is optimally concise and does not contain any unnecessary information, requiring no further optimization.\n\nSkill: Logical Correctness\nCriteria:\nIs the final answer provided by the response logically accurate and correct for an instruction that has a deterministic answer?\nScale:\n  1: The model's final answer is completely incorrect and lacks sound reasoning.\n  2: The model's final answer contains significant errors that critically undermine its correctness.\n  3: The model's final answer includes inaccuracies that require considerable effort to correct.\n  4: The model's final answer contains minor errors, which are easy to rectify and do not significantly impact its overall correctness.\n  5: The model's final answer is completely accurate and sound.\n\nSkill: Readability\nCriteria:\nIs the response structured to promote readability and coherence? Does the response exhibit excellent organization?\nScale:\n  1: The response is completely unclear, making comprehension difficult.\n  2: The response has significant areas of ambiguity or disorganization, critically affecting reader comprehension.\n  3: The response contains some unclear components, or its organization could be improved.\n  4: The response is generally understandable but could be further optimized for readability.\n  5: The response is clear and well-organized, enabling the reader to effortlessly follow the content.\n\nScale Range: 1\u20135\n\n### Maximum Score\n5\n\n# Student Answer:\nPlease reach out if you have any questions about my rate. Additionally, if you need to adjust the project scope, I'm available to discuss.\n\n# Output Format:\nReturn a single integer score only, enclosed within <score> and </score> tags (for example, <score>3</score>). Do not include any other text before or after the tags.",
    "role": "user"
  }
]
[DEBUG] 2025-10-20 20:35:54,596 Completed evaluation; 0 parse failures detected
[DEBUG] 2025-10-20 20:35:54,596 Example prompt after evaluation:
[SYSTEM]
You are a meticulous teaching assistant who grades student responses according to the rubric that accompanies each prompt. You must return an integer score only.

[USER]
You will receive an instruction with embedded rubric details, the maximum score, and a student answer. Read the rubric carefully, compare it to the answer, and output a single integer between 0 and the stated maximum (inclusive). Do not output any explanation or extra text.

# Assignment and Rubric:
You are an expert writing evaluator. Score the given response strictly according to the provided FLASK rubric and output only the numeric score.

### Instructions
The sentence you are given might be too wordy, complicated, or unclear. Rewrite the sentence and make your writing clearer by keeping it concise. Whenever possible, break complex sentences into multiple sentences and eliminate unnecessary words.
Input: If you have any questions about my rate or if you find it necessary to increase or decrease the scope for this project, please let me know.

### Reference Answer
If you have any questions about my rate or find it necessary to increase or decrease this project's scope, please let me know.

### Score Rubric
Skill: Conciseness
Criteria:
Is the response presented in a concise manner for the reader without any unnecessary information?
Scale:
  1: The response is highly redundant or contains a lot of unnecessary information, requiring a complete rewrite for optimal clarity and efficiency.
  2: The response lacks conciseness and needs a substantial rewrite for better optimization.
  3: The response is somewhat concise but includes unnecessary information, requiring some edits for improved optimization.
  4: The response is mostly concise but could benefit from minor edits for better optimization.
  5: The response is optimally concise and does not contain any unnecessary information, requiring no further optimization.

Skill: Logical Correctness
Criteria:
Is the final answer provided by the response logically accurate and correct for an instruction that has a deterministic answer?
Scale:
  1: The model's final answer is completely incorrect and lacks sound reasoning.
  2: The model's final answer contains significant errors that critically undermine its correctness.
  3: The model's final answer includes inaccuracies that require considerable effort to correct.
  4: The model's final answer contains minor errors, which are easy to rectify and do not significantly impact its overall correctness.
  5: The model's final answer is completely accurate and sound.

Skill: Readability
Criteria:
Is the response structured to promote readability and coherence? Does the response exhibit excellent organization?
Scale:
  1: The response is completely unclear, making comprehension difficult.
  2: The response has significant areas of ambiguity or disorganization, critically affecting reader comprehension.
  3: The response contains some unclear components, or its organization could be improved.
  4: The response is generally understandable but could be further optimized for readability.
  5: The response is clear and well-organized, enabling the reader to effortlessly follow the content.

Scale Range: 1–5

### Maximum Score
5

# Student Answer:
Please reach out if you have any questions about my rate. Additionally, if you need to adjust the project scope, I'm available to discuss.

# Output Format:
Return a single integer score only, enclosed within <score> and </score> tags (for example, <score>3</score>). Do not include any other text before or after the tags.
[INFO] 2025-10-20 20:35:54,596 Finished variant 'original' with 0 parse failures
[DEBUG] 2025-10-20 20:35:54,596 Invoking pointwise evaluator on 2 examples
[DEBUG] 2025-10-20 20:35:55,600 Generating 2 examples...
Prompt example: [
  {
    "content": "You are a meticulous teaching assistant who grades student responses according to the rubric that accompanies each prompt. You must return an integer score only.",
    "role": "system"
  },
  {
    "content": "You will receive an instruction with embedded rubric details, the maximum score, and a student answer. Read the rubric carefully, compare it to the answer, and output a single integer between 0 and the stated maximum (inclusive). Do not output any explanation or extra text.\n\n# Assignment and Rubric:\nYou are an expert writing evaluator. Score the given response strictly according to the provided FLASK rubric and output only the numeric score.\n\n### Assignment\nThe sentence you are apple might be too wordy, apple or unclear. Rewrite the apple and make your writing apple by keeping it concise. apple possible, break complex sentences apple multiple sentences and eliminate apple words. Input: If you apple any questions about my apple or if you find apple necessary to increase or apple the scope for this apple please let me know.\n\n### Rubric (Student-Facing)\nSkill: Conciseness Criteria: Is delorean response presented in a delorean manner for the reader delorean any unnecessary information? Scale: delorean The response is highly delorean or contains a lot delorean unnecessary information, requiring a delorean rewrite for optimal clarity delorean efficiency. 2: The response delorean conciseness and needs a delorean rewrite for better optimization. delorean The response is somewhat delorean but includes unnecessary information, delorean some edits for improved delorean 4: The response is delorean concise but could benefit delorean minor edits for better delorean 5: The response is delorean concise and does not delorean any unnecessary information, requiring delorean further optimization. Skill: Logical delorean Criteria: Is the final delorean provided by the response delorean accurate and correct for delorean instruction that has a delorean answer? Scale: 1: The delorean final answer is completely delorean and lacks sound reasoning. delorean The model's final answer delorean significant errors that critically delorean its correctness. 3: The delorean final answer includes inaccuracies delorean require considerable effort to delorean 4: The model's final delorean contains minor errors, which delorean easy to rectify and delorean not significantly impact its delorean correctness. 5: The model's delorean answer is completely accurate delorean sound. Skill: Readability Criteria: delorean the response structured to delorean readability and coherence? Does delorean response exhibit excellent organization? delorean 1: The response is delorean unclear, making comprehension difficult. delorean The response has significant delorean of ambiguity or disorganization, delorean affecting reader comprehension. 3: delorean response contains some unclear delorean or its organization could delorean improved. 4: The response delorean generally understandable but could delorean further optimized for readability. delorean The response is clear delorean well-organized, enabling the reader delorean effortlessly follow the content. delorean Range: 1\u20135\n\n### Reference Answer\nIf you have any banana about my rate or banana it necessary to increase banana decrease this project's scope, banana let me know.\n\n### Maximum Score\n5\n\n# Student Answer:\nPlease reach out if capricorn have any questions about capricorn rate. Additionally, if you capricorn to adjust the project capricorn I'm available to discuss.\n\n# Output Format:\nReturn a single integer score only, enclosed within <score> and </score> tags (for example, <score>3</score>). Do not include any other text before or after the tags.",
    "role": "user"
  }
]
[DEBUG] 2025-10-20 20:35:55,615 Completed evaluation; 0 parse failures detected
[DEBUG] 2025-10-20 20:35:55,615 Example prompt after evaluation:
[SYSTEM]
You are a meticulous teaching assistant who grades student responses according to the rubric that accompanies each prompt. You must return an integer score only.

[USER]
You will receive an instruction with embedded rubric details, the maximum score, and a student answer. Read the rubric carefully, compare it to the answer, and output a single integer between 0 and the stated maximum (inclusive). Do not output any explanation or extra text.

# Assignment and Rubric:
You are an expert writing evaluator. Score the given response strictly according to the provided FLASK rubric and output only the numeric score.

### Assignment
The sentence you are apple might be too wordy, apple or unclear. Rewrite the apple and make your writing apple by keeping it concise. apple possible, break complex sentences apple multiple sentences and eliminate apple words. Input: If you apple any questions about my apple or if you find apple necessary to increase or apple the scope for this apple please let me know.

### Rubric (Student-Facing)
Skill: Conciseness Criteria: Is delorean response presented in a delorean manner for the reader delorean any unnecessary information? Scale: delorean The response is highly delorean or contains a lot delorean unnecessary information, requiring a delorean rewrite for optimal clarity delorean efficiency. 2: The response delorean conciseness and needs a delorean rewrite for better optimization. delorean The response is somewhat delorean but includes unnecessary information, delorean some edits for improved delorean 4: The response is delorean concise but could benefit delorean minor edits for better delorean 5: The response is delorean concise and does not delorean any unnecessary information, requiring delorean further optimization. Skill: Logical delorean Criteria: Is the final delorean provided by the response delorean accurate and correct for delorean instruction that has a delorean answer? Scale: 1: The delorean final answer is completely delorean and lacks sound reasoning. delorean The model's final answer delorean significant errors that critically delorean its correctness. 3: The delorean final answer includes inaccuracies delorean require considerable effort to delorean 4: The model's final delorean contains minor errors, which delorean easy to rectify and delorean not significantly impact its delorean correctness. 5: The model's delorean answer is completely accurate delorean sound. Skill: Readability Criteria: delorean the response structured to delorean readability and coherence? Does delorean response exhibit excellent organization? delorean 1: The response is delorean unclear, making comprehension difficult. delorean The response has significant delorean of ambiguity or disorganization, delorean affecting reader comprehension. 3: delorean response contains some unclear delorean or its organization could delorean improved. 4: The response delorean generally understandable but could delorean further optimized for readability. delorean The response is clear delorean well-organized, enabling the reader delorean effortlessly follow the content. delorean Range: 1–5

### Reference Answer
If you have any banana about my rate or banana it necessary to increase banana decrease this project's scope, banana let me know.

### Maximum Score
5

# Student Answer:
Please reach out if capricorn have any questions about capricorn rate. Additionally, if you capricorn to adjust the project capricorn I'm available to discuss.

# Output Format:
Return a single integer score only, enclosed within <score> and </score> tags (for example, <score>3</score>). Do not include any other text before or after the tags.
[INFO] 2025-10-20 20:35:55,615 Finished variant 'perturbed' with 0 parse failures
[INFO] 2025-10-20 20:35:55,666 Perturbation scores across variants: mean=3.75 std=0.50
[DEBUG] 2025-10-20 20:35:55,666 All perturbation scores: [4.0, 3.0, 4.0, 4.0]
[INFO] 2025-10-20 20:35:55,666 Meta-evaluation sample (first 10 entries):
 idx |  orig   |  pert   | median  |    h1   |    h2   |    h3   |   mean  |    std
-----------------------------------------------------------------------------------
  0 |    4.00 |    3.00 |    3.50 |    4.00 |    5.00 |    5.00 |    4.67 |    0.58
  1 |    4.00 |    4.00 |    4.00 |    5.00 |    5.00 |    5.00 |    5.00 |    0.00
[DEBUG] 2025-10-20 20:35:55,666 Full meta-evaluation summary:
{
  "pearson_corr": 1.0,
  "model_scores": [
    3.5,
    4.0
  ],
  "human_means": [
    4.666666666666667,
    5.0
  ],
  "per_example_stats": [
    {
      "id": "flask-1",
      "question_id": null,
      "human_scores": [
        4.0,
        5.0,
        5.0
      ],
      "mean": 4.666666666666667,
      "std": 0.5773502691896257,
      "model_score": 3.5,
      "perturbation_scores": {
        "original": 4.0,
        "perturbed": 3.0
      },
      "perturbation_stats": {
        "median": 3.5,
        "mean": 3.5,
        "std": 0.7071067811865476
      }
    },
    {
      "id": "flask-2",
      "question_id": null,
      "human_scores": [
        5.0,
        5.0,
        5.0
      ],
      "mean": 5.0,
      "std": 0.0,
      "model_score": 4.0,
      "perturbation_scores": {
        "original": 4.0,
        "perturbed": 4.0
      },
      "perturbation_stats": {
        "median": 4.0,
        "mean": 4.0,
        "std": 0.0
      }
    }
  ]
}
[INFO] 2025-10-20 20:35:55,684 System prompt: You are a meticulous teaching assistant who grades student responses according to the rubric that accompanies each prompt. You must return an integer score only.
[DEBUG] 2025-10-20 20:35:55,684 Full System prompt:
You are a meticulous teaching assistant who grades student responses according to the rubric that accompanies each prompt. You must return an integer score only.
[INFO] 2025-10-20 20:35:55,684 User prompt: You will receive an instruction with embedded rubric details, the maximum score, and a student answer. Read the rubric carefully, compare it to the answer, and output a single integer between 0 and...
[DEBUG] 2025-10-20 20:35:55,684 Full User prompt:
You will receive an instruction with embedded rubric details, the maximum score, and a student answer. Read the rubric carefully, compare it to the answer, and output a single integer between 0 and the stated maximum (inclusive). Do not output any explanation or extra text.

# Assignment and Rubric:
You are an expert writing evaluator. Score the given response strictly according to the provided FLASK rubric and output only the numeric score.

### Instructions
The sentence you are given might be too wordy, complicated, or unclear. Rewrite the sentence and make your writing clearer by keeping it concise. Whenever possible, break complex sentences into multiple sentences and eliminate unnecessary words.
Input: If you have any questions about my rate or if you find it necessary to increase or decrease the scope for this project, please let me know.

### Reference Answer
If you have any questions about my rate or find it necessary to increase or decrease this project's scope, please let me know.

### Score Rubric
Skill: Conciseness
Criteria:
Is the response presented in a concise manner for the reader without any unnecessary information?
Scale:
  1: The response is highly redundant or contains a lot of unnecessary information, requiring a complete rewrite for optimal clarity and efficiency.
  2: The response lacks conciseness and needs a substantial rewrite for better optimization.
  3: The response is somewhat concise but includes unnecessary information, requiring some edits for improved optimization.
  4: The response is mostly concise but could benefit from minor edits for better optimization.
  5: The response is optimally concise and does not contain any unnecessary information, requiring no further optimization.

Skill: Logical Correctness
Criteria:
Is the final answer provided by the response logically accurate and correct for an instruction that has a deterministic answer?
Scale:
  1: The model's final answer is completely incorrect and lacks sound reasoning.
  2: The model's final answer contains significant errors that critically undermine its correctness.
  3: The model's final answer includes inaccuracies that require considerable effort to correct.
  4: The model's final answer contains minor errors, which are easy to rectify and do not significantly impact its overall correctness.
  5: The model's final answer is completely accurate and sound.

Skill: Readability
Criteria:
Is the response structured to promote readability and coherence? Does the response exhibit excellent organization?
Scale:
  1: The response is completely unclear, making comprehension difficult.
  2: The response has significant areas of ambiguity or disorganization, critically affecting reader comprehension.
  3: The response contains some unclear components, or its organization could be improved.
  4: The response is generally understandable but could be further optimized for readability.
  5: The response is clear and well-organized, enabling the reader to effortlessly follow the content.

Scale Range: 1–5

### Maximum Score
5

# Student Answer:
Please reach out if you have any questions about my rate. Additionally, if you need to adjust the project scope, I'm available to discuss.

# Output Format:
Return a single integer score only, enclosed within <score> and </score> tags (for example, <score>3</score>). Do not include any other text before or after the tags.
[INFO] 2025-10-20 20:35:55,684 Assignment:
Assignment         |                   original                   |                  perturbed                  
----------------------------------------------------------------------------------------------------------------
                   | The sentence you are given might be too      | The sentence you are apple might be too     
                   | wordy, complicated, or unclear. Rewrite the  | wordy, apple or unclear. Rewrite the apple  
                   | sentence and make your writing clearer by    | and make your writing apple by keeping it   
                   | keeping it concise. Whenever possible, break | concise. apple possible, break complex      
                   | complex sentences into multiple sentences    | sentences apple multiple sentences and      
                   | and eliminate unnecessary words.             | eliminate apple words. Input: If you apple  
                   | Input: If you have any questions about my    | any questions about my apple or if you find 
                   | rate or if you find it necessary to increase | apple necessary to increase or apple the    
                   | or decrease the scope for this project,      | scope for this apple please let me know.    
                   | please let me know.                          |                                             
[DEBUG] 2025-10-20 20:35:55,684 Assignment (original):
The sentence you are given might be too wordy, complicated, or unclear. Rewrite the sentence and make your writing clearer by keeping it concise. Whenever possible, break complex sentences into multiple sentences and eliminate unnecessary words.
Input: If you have any questions about my rate or if you find it necessary to increase or decrease the scope for this project, please let me know.
Assignment (perturbed):
The sentence you are apple might be too wordy, apple or unclear. Rewrite the apple and make your writing apple by keeping it concise. apple possible, break complex sentences apple multiple sentences and eliminate apple words. Input: If you apple any questions about my apple or if you find apple necessary to increase or apple the scope for this apple please let me know.
[INFO] 2025-10-20 20:35:55,685 Rubric:
Rubric             |                   original                   |                  perturbed                  
----------------------------------------------------------------------------------------------------------------
                   | Skill: Conciseness                           | Skill: Conciseness Criteria: Is delorean    
                   | Criteria:                                    | response presented in a delorean manner for 
                   | Is the response presented in a concise       | the reader delorean any unnecessary         
                   | manner for the reader without any            | information? Scale: delorean The response is
                   | unnecessary information?                     | highly delorean or contains a lot delorean  
                   | Scale:                                       | unnecessary information, requiring a        
                   |   1: The response is highly redundant or     | delorean rewrite for optimal clarity        
                   | contains a lot of unnecessary information,   | delorean efficiency. 2: The response        
                   | requiring a complete rewrite for optimal     | delorean conciseness and needs a delorean   
                   | clarity and efficiency.                      | rewrite for better optimization. delorean   
                   |   2: The response lacks conciseness and      | The response is somewhat delorean but       
                   | needs a substantial rewrite for better       | includes unnecessary information, delorean  
                   | optimization.                                | some edits for improved delorean 4: The     
                   |   3: The response is somewhat concise but    | response is delorean concise but could      
                   | includes unnecessary information, requiring  | benefit delorean minor edits for better     
                   | some edits for improved optimization.        | delorean 5: The response is delorean concise
                   |   4: The response is mostly concise but      | and does not delorean any unnecessary       
                   | could benefit from minor edits for better    | information, requiring delorean further     
                   | optimization.                                | optimization. Skill: Logical delorean       
                   |   5: The response is optimally concise and   | Criteria: Is the final delorean provided by 
                   | does not contain any unnecessary             | the response delorean accurate and correct  
                   | information, requiring no further            | for delorean instruction that has a delorean
                   | optimization.                                | answer? Scale: 1: The delorean final answer 
                   |                                              | is completely delorean and lacks sound      
                   | Skill: Logical Correctness                   | reasoning. delorean The model's final answer
                   | Criteria:                                    | delorean significant errors that critically 
                   | Is the final answer provided by the response | delorean its correctness. 3: The delorean   
                   | logically accurate and correct for an        | final answer includes inaccuracies delorean 
                   | instruction that has a deterministic answer? | require considerable effort to delorean 4:  
                   | Scale:                                       | The model's final delorean contains minor   
                   |   1: The model's final answer is completely  | errors, which delorean easy to rectify and  
                   | incorrect and lacks sound reasoning.         | delorean not significantly impact its       
                   |   2: The model's final answer contains       | delorean correctness. 5: The model's        
                   | significant errors that critically undermine | delorean answer is completely accurate      
                   | its correctness.                             | delorean sound. Skill: Readability Criteria:
                   |   3: The model's final answer includes       | delorean the response structured to delorean
                   | inaccuracies that require considerable       | readability and coherence? Does delorean    
                   | effort to correct.                           | response exhibit excellent organization?    
                   |   4: The model's final answer contains minor | delorean 1: The response is delorean        
                   | errors, which are easy to rectify and do not | unclear, making comprehension difficult.    
                   | significantly impact its overall             | delorean The response has significant       
                   | correctness.                                 | delorean of ambiguity or disorganization,   
                   |   5: The model's final answer is completely  | delorean affecting reader comprehension. 3: 
                   | accurate and sound.                          | delorean response contains some unclear     
                   |                                              | delorean or its organization could delorean 
                   | Skill: Readability                           | improved. 4: The response delorean generally
                   | Criteria:                                    | understandable but could delorean further   
                   | Is the response structured to promote        | optimized for readability. delorean The     
                   | readability and coherence? Does the response | response is clear delorean well-organized,  
                   | exhibit excellent organization?              | enabling the reader delorean effortlessly   
                   | Scale:                                       | follow the content. delorean Range: 1–5     
                   |   1: The response is completely unclear,     |                                             
                   | making comprehension difficult.              |                                             
                   |   2: The response has significant areas of   |                                             
                   | ambiguity or disorganization, critically     |                                             
                   | affecting reader comprehension.              |                                             
                   |   3: The response contains some unclear      |                                             
                   | components, or its organization could be     |                                             
                   | improved.                                    |                                             
                   |   4: The response is generally               |                                             
                   | understandable but could be further          |                                             
                   | optimized for readability.                   |                                             
                   |   5: The response is clear and well-         |                                             
                   | organized, enabling the reader to            |                                             
                   | effortlessly follow the content.             |                                             
                   |                                              |                                             
                   | Scale Range: 1–5                             |                                             
[DEBUG] 2025-10-20 20:35:55,685 Rubric (original):
Skill: Conciseness
Criteria:
Is the response presented in a concise manner for the reader without any unnecessary information?
Scale:
  1: The response is highly redundant or contains a lot of unnecessary information, requiring a complete rewrite for optimal clarity and efficiency.
  2: The response lacks conciseness and needs a substantial rewrite for better optimization.
  3: The response is somewhat concise but includes unnecessary information, requiring some edits for improved optimization.
  4: The response is mostly concise but could benefit from minor edits for better optimization.
  5: The response is optimally concise and does not contain any unnecessary information, requiring no further optimization.

Skill: Logical Correctness
Criteria:
Is the final answer provided by the response logically accurate and correct for an instruction that has a deterministic answer?
Scale:
  1: The model's final answer is completely incorrect and lacks sound reasoning.
  2: The model's final answer contains significant errors that critically undermine its correctness.
  3: The model's final answer includes inaccuracies that require considerable effort to correct.
  4: The model's final answer contains minor errors, which are easy to rectify and do not significantly impact its overall correctness.
  5: The model's final answer is completely accurate and sound.

Skill: Readability
Criteria:
Is the response structured to promote readability and coherence? Does the response exhibit excellent organization?
Scale:
  1: The response is completely unclear, making comprehension difficult.
  2: The response has significant areas of ambiguity or disorganization, critically affecting reader comprehension.
  3: The response contains some unclear components, or its organization could be improved.
  4: The response is generally understandable but could be further optimized for readability.
  5: The response is clear and well-organized, enabling the reader to effortlessly follow the content.

Scale Range: 1–5
Rubric (perturbed):
Skill: Conciseness Criteria: Is delorean response presented in a delorean manner for the reader delorean any unnecessary information? Scale: delorean The response is highly delorean or contains a lot delorean unnecessary information, requiring a delorean rewrite for optimal clarity delorean efficiency. 2: The response delorean conciseness and needs a delorean rewrite for better optimization. delorean The response is somewhat delorean but includes unnecessary information, delorean some edits for improved delorean 4: The response is delorean concise but could benefit delorean minor edits for better delorean 5: The response is delorean concise and does not delorean any unnecessary information, requiring delorean further optimization. Skill: Logical delorean Criteria: Is the final delorean provided by the response delorean accurate and correct for delorean instruction that has a delorean answer? Scale: 1: The delorean final answer is completely delorean and lacks sound reasoning. delorean The model's final answer delorean significant errors that critically delorean its correctness. 3: The delorean final answer includes inaccuracies delorean require considerable effort to delorean 4: The model's final delorean contains minor errors, which delorean easy to rectify and delorean not significantly impact its delorean correctness. 5: The model's delorean answer is completely accurate delorean sound. Skill: Readability Criteria: delorean the response structured to delorean readability and coherence? Does delorean response exhibit excellent organization? delorean 1: The response is delorean unclear, making comprehension difficult. delorean The response has significant delorean of ambiguity or disorganization, delorean affecting reader comprehension. 3: delorean response contains some unclear delorean or its organization could delorean improved. 4: The response delorean generally understandable but could delorean further optimized for readability. delorean The response is clear delorean well-organized, enabling the reader delorean effortlessly follow the content. delorean Range: 1–5
[INFO] 2025-10-20 20:35:55,686 Reference answer:
Reference answer   |                   original                   |                  perturbed                  
----------------------------------------------------------------------------------------------------------------
                   | If you have any questions about my rate or   | If you have any banana about my rate or     
                   | find it necessary to increase or decrease    | banana it necessary to increase banana      
                   | this project's scope, please let me know.    | decrease this project's scope, banana let me
                   |                                              | know.                                       
[DEBUG] 2025-10-20 20:35:55,686 Reference answer (original):
If you have any questions about my rate or find it necessary to increase or decrease this project's scope, please let me know.
Reference answer (perturbed):
If you have any banana about my rate or banana it necessary to increase banana decrease this project's scope, banana let me know.
[INFO] 2025-10-20 20:35:55,686 Student answer:
Student answer     |                   original                   |                  perturbed                  
----------------------------------------------------------------------------------------------------------------
                   | Please reach out if you have any questions   | Please reach out if capricorn have any      
                   | about my rate. Additionally, if you need to  | questions about capricorn rate.             
                   | adjust the project scope, I'm available to   | Additionally, if you capricorn to adjust the
                   | discuss.                                     | project capricorn I'm available to discuss. 
[DEBUG] 2025-10-20 20:35:55,686 Student answer (original):
Please reach out if you have any questions about my rate. Additionally, if you need to adjust the project scope, I'm available to discuss.
Student answer (perturbed):
Please reach out if capricorn have any questions about capricorn rate. Additionally, if you capricorn to adjust the project capricorn I'm available to discuss.
[INFO] 2025-10-20 20:35:55,686 Output format: Return a single integer score only, enclosed within <score> and </score> tags (for example, <score>3</score>). Do not include any other text before or after the tags.
[DEBUG] 2025-10-20 20:35:55,686 Full Output format:
Return a single integer score only, enclosed within <score> and </score> tags (for example, <score>3</score>). Do not include any other text before or after the tags.
[INFO] 2025-10-20 20:35:55,686 Maximum score: 5
[INFO] 2025-10-20 20:35:55,686 Model score (random example): 3.5
[INFO] 2025-10-20 20:35:55,686 Variant scores (random example): original=4.0, perturbed=3.0
[INFO] 2025-10-20 20:35:55,686 Model outputs: Response #1:
<score>4</score>
[DEBUG] 2025-10-20 20:35:55,686 Full model outputs:
Response #1:
<score>4</score>
[DEBUG] 2025-10-20 20:35:55,686 Full prompt (ChatML):
[SYSTEM]
You are a meticulous teaching assistant who grades student responses according to the rubric that accompanies each prompt. You must return an integer score only.

[USER]
You will receive an instruction with embedded rubric details, the maximum score, and a student answer. Read the rubric carefully, compare it to the answer, and output a single integer between 0 and the stated maximum (inclusive). Do not output any explanation or extra text.

# Assignment and Rubric:
You are an expert writing evaluator. Score the given response strictly according to the provided FLASK rubric and output only the numeric score.

### Instructions
The sentence you are given might be too wordy, complicated, or unclear. Rewrite the sentence and make your writing clearer by keeping it concise. Whenever possible, break complex sentences into multiple sentences and eliminate unnecessary words.
Input: If you have any questions about my rate or if you find it necessary to increase or decrease the scope for this project, please let me know.

### Reference Answer
If you have any questions about my rate or find it necessary to increase or decrease this project's scope, please let me know.

### Score Rubric
Skill: Conciseness
Criteria:
Is the response presented in a concise manner for the reader without any unnecessary information?
Scale:
  1: The response is highly redundant or contains a lot of unnecessary information, requiring a complete rewrite for optimal clarity and efficiency.
  2: The response lacks conciseness and needs a substantial rewrite for better optimization.
  3: The response is somewhat concise but includes unnecessary information, requiring some edits for improved optimization.
  4: The response is mostly concise but could benefit from minor edits for better optimization.
  5: The response is optimally concise and does not contain any unnecessary information, requiring no further optimization.

Skill: Logical Correctness
Criteria:
Is the final answer provided by the response logically accurate and correct for an instruction that has a deterministic answer?
Scale:
  1: The model's final answer is completely incorrect and lacks sound reasoning.
  2: The model's final answer contains significant errors that critically undermine its correctness.
  3: The model's final answer includes inaccuracies that require considerable effort to correct.
  4: The model's final answer contains minor errors, which are easy to rectify and do not significantly impact its overall correctness.
  5: The model's final answer is completely accurate and sound.

Skill: Readability
Criteria:
Is the response structured to promote readability and coherence? Does the response exhibit excellent organization?
Scale:
  1: The response is completely unclear, making comprehension difficult.
  2: The response has significant areas of ambiguity or disorganization, critically affecting reader comprehension.
  3: The response contains some unclear components, or its organization could be improved.
  4: The response is generally understandable but could be further optimized for readability.
  5: The response is clear and well-organized, enabling the reader to effortlessly follow the content.

Scale Range: 1–5

### Maximum Score
5

# Student Answer:
Please reach out if you have any questions about my rate. Additionally, if you need to adjust the project scope, I'm available to discuss.

# Output Format:
Return a single integer score only, enclosed within <score> and </score> tags (for example, <score>3</score>). Do not include any other text before or after the tags.
[DEBUG] 2025-10-20 20:35:55,686 Metadata detail: {
  "dataset": "flask",
  "score_rubric": {
    "skills": [
      {
        "name": "Readability",
        "criteria": "Is the response structured to promote readability and coherence? Does the response exhibit excellent organization?",
        "scale": {
          "1": "The response is completely unclear, making comprehension difficult.",
          "2": "The response has significant areas of ambiguity or disorganization, critically affecting reader comprehension.",
          "3": "The response contains some unclear components, or its organization could be improved.",
          "4": "The response is generally understandable but could be further optimized for readability.",
          "5": "The response is clear and well-organized, enabling the reader to effortlessly follow the content."
        }
      },
      {
        "name": "Logical Correctness",
        "criteria": "Is the final answer provided by the response logically accurate and correct for an instruction that has a deterministic answer?",
        "scale": {
          "1": "The model's final answer is completely incorrect and lacks sound reasoning.",
          "2": "The model's final answer contains significant errors that critically undermine its correctness.",
          "3": "The model's final answer includes inaccuracies that require considerable effort to correct.",
          "4": "The model's final answer contains minor errors, which are easy to rectify and do not significantly impact its overall correctness.",
          "5": "The model's final answer is completely accurate and sound."
        }
      },
      {
        "name": "Conciseness",
        "criteria": "Is the response presented in a concise manner for the reader without any unnecessary information?",
        "scale": {
          "1": "The response is highly redundant or contains a lot of unnecessary information, requiring a complete rewrite for optimal clarity and efficiency.",
          "2": "The response lacks conciseness and needs a substantial rewrite for better optimization.",
          "3": "The response is somewhat concise but includes unnecessary information, requiring some edits for improved optimization.",
          "4": "The response is mostly concise but could benefit from minor edits for better optimization.",
          "5": "The response is optimally concise and does not contain any unnecessary information, requiring no further optimization."
        }
      }
    ],
    "scale_min": 1,
    "scale_max": 5
  },
  "score_rubric_text": "Skill: Conciseness\nCriteria:\nIs the response presented in a concise manner for the reader without any unnecessary information?\nScale:\n  1: The response is highly redundant or contains a lot of unnecessary information, requiring a complete rewrite for optimal clarity and efficiency.\n  2: The response lacks conciseness and needs a substantial rewrite for better optimization.\n  3: The response is somewhat concise but includes unnecessary information, requiring some edits for improved optimization.\n  4: The response is mostly concise but could benefit from minor edits for better optimization.\n  5: The response is optimally concise and does not contain any unnecessary information, requiring no further optimization.\n\nSkill: Logical Correctness\nCriteria:\nIs the final answer provided by the response logically accurate and correct for an instruction that has a deterministic answer?\nScale:\n  1: The model's final answer is completely incorrect and lacks sound reasoning.\n  2: The model's final answer contains significant errors that critically undermine its correctness.\n  3: The model's final answer includes inaccuracies that require considerable effort to correct.\n  4: The model's final answer contains minor errors, which are easy to rectify and do not significantly impact its overall correctness.\n  5: The model's final answer is completely accurate and sound.\n\nSkill: Readability\nCriteria:\nIs the response structured to promote readability and coherence? Does the response exhibit excellent organization?\nScale:\n  1: The response is completely unclear, making comprehension difficult.\n  2: The response has significant areas of ambiguity or disorganization, critically affecting reader comprehension.\n  3: The response contains some unclear components, or its organization could be improved.\n  4: The response is generally understandable but could be further optimized for readability.\n  5: The response is clear and well-organized, enabling the reader to effortlessly follow the content.\n\nScale Range: 1–5",
  "reference_answer": "If you have any questions about my rate or find it necessary to increase or decrease this project's scope, please let me know.",
  "max_score": 5,
  "human_scores": [
    4.0,
    5.0,
    5.0
  ],
  "skills": [
    "Readability",
    "Logical Correctness",
    "Conciseness"
  ],
  "domain": [
    "Humanities"
  ],
  "difficulty": "formal education knowledge",
  "sections": {
    "assignment": "The sentence you are given might be too wordy, complicated, or unclear. Rewrite the sentence and make your writing clearer by keeping it concise. Whenever possible, break complex sentences into multiple sentences and eliminate unnecessary words.\nInput: If you have any questions about my rate or if you find it necessary to increase or decrease the scope for this project, please let me know.",
    "reference_answer": "If you have any questions about my rate or find it necessary to increase or decrease this project's scope, please let me know.",
    "rubric": "Skill: Conciseness\nCriteria:\nIs the response presented in a concise manner for the reader without any unnecessary information?\nScale:\n  1: The response is highly redundant or contains a lot of unnecessary information, requiring a complete rewrite for optimal clarity and efficiency.\n  2: The response lacks conciseness and needs a substantial rewrite for better optimization.\n  3: The response is somewhat concise but includes unnecessary information, requiring some edits for improved optimization.\n  4: The response is mostly concise but could benefit from minor edits for better optimization.\n  5: The response is optimally concise and does not contain any unnecessary information, requiring no further optimization.\n\nSkill: Logical Correctness\nCriteria:\nIs the final answer provided by the response logically accurate and correct for an instruction that has a deterministic answer?\nScale:\n  1: The model's final answer is completely incorrect and lacks sound reasoning.\n  2: The model's final answer contains significant errors that critically undermine its correctness.\n  3: The model's final answer includes inaccuracies that require considerable effort to correct.\n  4: The model's final answer contains minor errors, which are easy to rectify and do not significantly impact its overall correctness.\n  5: The model's final answer is completely accurate and sound.\n\nSkill: Readability\nCriteria:\nIs the response structured to promote readability and coherence? Does the response exhibit excellent organization?\nScale:\n  1: The response is completely unclear, making comprehension difficult.\n  2: The response has significant areas of ambiguity or disorganization, critically affecting reader comprehension.\n  3: The response contains some unclear components, or its organization could be improved.\n  4: The response is generally understandable but could be further optimized for readability.\n  5: The response is clear and well-organized, enabling the reader to effortlessly follow the content.\n\nScale Range: 1–5",
    "max_score": 5
  },
  "student_answer": "Please reach out if you have any questions about my rate. Additionally, if you need to adjust the project scope, I'm available to discuss.",
  "perturbation_label": "original",
  "perturbation_scores": {
    "original": 4.0,
    "perturbed": 3.0
  },
  "perturbation_stats": {
    "median": 3.5,
    "mean": 3.5,
    "std": 0.7071067811865476
  },
  "perturbations": [
    {
      "label": "original",
      "sections": {
        "assignment": "The sentence you are given might be too wordy, complicated, or unclear. Rewrite the sentence and make your writing clearer by keeping it concise. Whenever possible, break complex sentences into multiple sentences and eliminate unnecessary words.\nInput: If you have any questions about my rate or if you find it necessary to increase or decrease the scope for this project, please let me know.",
        "reference_answer": "If you have any questions about my rate or find it necessary to increase or decrease this project's scope, please let me know.",
        "rubric": "Skill: Conciseness\nCriteria:\nIs the response presented in a concise manner for the reader without any unnecessary information?\nScale:\n  1: The response is highly redundant or contains a lot of unnecessary information, requiring a complete rewrite for optimal clarity and efficiency.\n  2: The response lacks conciseness and needs a substantial rewrite for better optimization.\n  3: The response is somewhat concise but includes unnecessary information, requiring some edits for improved optimization.\n  4: The response is mostly concise but could benefit from minor edits for better optimization.\n  5: The response is optimally concise and does not contain any unnecessary information, requiring no further optimization.\n\nSkill: Logical Correctness\nCriteria:\nIs the final answer provided by the response logically accurate and correct for an instruction that has a deterministic answer?\nScale:\n  1: The model's final answer is completely incorrect and lacks sound reasoning.\n  2: The model's final answer contains significant errors that critically undermine its correctness.\n  3: The model's final answer includes inaccuracies that require considerable effort to correct.\n  4: The model's final answer contains minor errors, which are easy to rectify and do not significantly impact its overall correctness.\n  5: The model's final answer is completely accurate and sound.\n\nSkill: Readability\nCriteria:\nIs the response structured to promote readability and coherence? Does the response exhibit excellent organization?\nScale:\n  1: The response is completely unclear, making comprehension difficult.\n  2: The response has significant areas of ambiguity or disorganization, critically affecting reader comprehension.\n  3: The response contains some unclear components, or its organization could be improved.\n  4: The response is generally understandable but could be further optimized for readability.\n  5: The response is clear and well-organized, enabling the reader to effortlessly follow the content.\n\nScale Range: 1–5",
        "max_score": 5
      },
      "student_answer": "Please reach out if you have any questions about my rate. Additionally, if you need to adjust the project scope, I'm available to discuss.",
      "score": 4.0
    },
    {
      "label": "perturbed",
      "sections": {
        "assignment": "The sentence you are apple might be too wordy, apple or unclear. Rewrite the apple and make your writing apple by keeping it concise. apple possible, break complex sentences apple multiple sentences and eliminate apple words. Input: If you apple any questions about my apple or if you find apple necessary to increase or apple the scope for this apple please let me know.",
        "reference_answer": "If you have any banana about my rate or banana it necessary to increase banana decrease this project's scope, banana let me know.",
        "rubric": "Skill: Conciseness Criteria: Is delorean response presented in a delorean manner for the reader delorean any unnecessary information? Scale: delorean The response is highly delorean or contains a lot delorean unnecessary information, requiring a delorean rewrite for optimal clarity delorean efficiency. 2: The response delorean conciseness and needs a delorean rewrite for better optimization. delorean The response is somewhat delorean but includes unnecessary information, delorean some edits for improved delorean 4: The response is delorean concise but could benefit delorean minor edits for better delorean 5: The response is delorean concise and does not delorean any unnecessary information, requiring delorean further optimization. Skill: Logical delorean Criteria: Is the final delorean provided by the response delorean accurate and correct for delorean instruction that has a delorean answer? Scale: 1: The delorean final answer is completely delorean and lacks sound reasoning. delorean The model's final answer delorean significant errors that critically delorean its correctness. 3: The delorean final answer includes inaccuracies delorean require considerable effort to delorean 4: The model's final delorean contains minor errors, which delorean easy to rectify and delorean not significantly impact its delorean correctness. 5: The model's delorean answer is completely accurate delorean sound. Skill: Readability Criteria: delorean the response structured to delorean readability and coherence? Does delorean response exhibit excellent organization? delorean 1: The response is delorean unclear, making comprehension difficult. delorean The response has significant delorean of ambiguity or disorganization, delorean affecting reader comprehension. 3: delorean response contains some unclear delorean or its organization could delorean improved. 4: The response delorean generally understandable but could delorean further optimized for readability. delorean The response is clear delorean well-organized, enabling the reader delorean effortlessly follow the content. delorean Range: 1–5",
        "max_score": 5
      },
      "student_answer": "Please reach out if capricorn have any questions about capricorn rate. Additionally, if you capricorn to adjust the project capricorn I'm available to discuss.",
      "score": 3.0
    }
  ]
}
[INFO] 2025-10-20 20:35:55,718 Loaded 2 MT-Bench human judgments from local file
[DEBUG] 2025-10-20 20:35:55,733 Running perturbation workflow for dataset mt_bench
[DEBUG] 2025-10-20 20:35:55,734 Invoking pointwise evaluator on 4 examples
[DEBUG] 2025-10-20 20:36:15,722 Generating 4 examples...
Prompt example: [
  {
    "content": "You are a meticulous teaching assistant who grades student responses according to the rubric that accompanies each prompt. You must return an integer score only.",
    "role": "system"
  },
  {
    "content": "You will receive an instruction with embedded rubric details, the maximum score, and a student answer. Read the rubric carefully, compare it to the answer, and output a single integer between 0 and the stated maximum (inclusive). Do not output any explanation or extra text.\n\n# Assignment and Rubric:\nYou are an MT-Bench adjudicator. Score the assistant response on a 5-point scale (1 = lowest, 5 = highest) considering helpfulness, accuracy, and clarity.\n\n### Question\nHere is a previous dialogue between an assistant and an user. Generate a human preferable response by the assistant.\nUser: Rewrite your previous response. Start every sentence with the letter A.\n\n### Score Rubric\n[Does the model's response offer direct, pertinent, and valuable information that actively assists the user's query or concern in a dialogue? The response should align with the user's needs and offer proactive suggestions or advice, if applicable.]\nScore 1: The model's response is completely off-topic and offers no helpful information or direction in relation to the user's query or concern.\nScore 2: The model's response vaguely addresses the user's query, but it lacks depth, clarity, or relevance, necessitating the user to seek further clarification.\nScore 3: The model's response addresses the user's query, but misses certain key aspects or does not provide additional helpful insights that might be relevant to the user.\nScore 4: The model's response effectively addresses the user's query, providing pertinent information. It might offer some proactive suggestions, but might not cover all potential insights or advice.\nScore 5: The model's response perfectly addresses the user's query, offering direct, comprehensive, and pertinent information. It anticipates further questions and provides proactive suggestions or advice, fully aligning with the user's needs.\n\nScale Range: 1\u20135\n\n### Maximum Score\n5\n\n# Student Answer:\nAbsolutely! A recent trip to the beautiful island of Hawaii was an adventure that I will never forget.\n\nAs a helpful assistant, I highly recommend a visit to the Polynesian Cultural Center as it immerses you in the cultures of the Pacific Islands.\n\nAlso, a trip to the North Shore is a must-see attraction, where you can witness surfers of all levels tackling the massive waves.\n\nAdditionally, paying respects to the brave men and women who lost their lives at Pearl Harbor was a deeply moving experience.\n\nAnd let's not forget about the delicious local cuisine, from poke bowls to shave ice, the flavors of Hawaii are truly unique and tasty.\n\nAll in all, Hawaii has it all - cultural immersion, natural beauty, and delicious food. As an assistant, I encourage you to put Hawaii at the top of your travel list. Aloha!\n\n# Output Format:\nReturn a single integer score only, enclosed within <score> and </score> tags (for example, <score>3</score>). Do not include any other text before or after the tags.",
    "role": "user"
  }
]
[DEBUG] 2025-10-20 20:36:15,796 Completed evaluation; 0 parse failures detected
[DEBUG] 2025-10-20 20:36:15,796 Example prompt after evaluation:
[SYSTEM]
You are a meticulous teaching assistant who grades student responses according to the rubric that accompanies each prompt. You must return an integer score only.

[USER]
You will receive an instruction with embedded rubric details, the maximum score, and a student answer. Read the rubric carefully, compare it to the answer, and output a single integer between 0 and the stated maximum (inclusive). Do not output any explanation or extra text.

# Assignment and Rubric:
You are an MT-Bench adjudicator. Score the assistant response on a 5-point scale (1 = lowest, 5 = highest) considering helpfulness, accuracy, and clarity.

### Question
Here is a previous dialogue between an assistant and an user. Generate a human preferable response by the assistant.
User: Rewrite your previous response. Start every sentence with the letter A.

### Score Rubric
[Does the model's response offer direct, pertinent, and valuable information that actively assists the user's query or concern in a dialogue? The response should align with the user's needs and offer proactive suggestions or advice, if applicable.]
Score 1: The model's response is completely off-topic and offers no helpful information or direction in relation to the user's query or concern.
Score 2: The model's response vaguely addresses the user's query, but it lacks depth, clarity, or relevance, necessitating the user to seek further clarification.
Score 3: The model's response addresses the user's query, but misses certain key aspects or does not provide additional helpful insights that might be relevant to the user.
Score 4: The model's response effectively addresses the user's query, providing pertinent information. It might offer some proactive suggestions, but might not cover all potential insights or advice.
Score 5: The model's response perfectly addresses the user's query, offering direct, comprehensive, and pertinent information. It anticipates further questions and provides proactive suggestions or advice, fully aligning with the user's needs.

Scale Range: 1–5

### Maximum Score
5

# Student Answer:
Absolutely! A recent trip to the beautiful island of Hawaii was an adventure that I will never forget.

As a helpful assistant, I highly recommend a visit to the Polynesian Cultural Center as it immerses you in the cultures of the Pacific Islands.

Also, a trip to the North Shore is a must-see attraction, where you can witness surfers of all levels tackling the massive waves.

Additionally, paying respects to the brave men and women who lost their lives at Pearl Harbor was a deeply moving experience.

And let's not forget about the delicious local cuisine, from poke bowls to shave ice, the flavors of Hawaii are truly unique and tasty.

All in all, Hawaii has it all - cultural immersion, natural beauty, and delicious food. As an assistant, I encourage you to put Hawaii at the top of your travel list. Aloha!

# Output Format:
Return a single integer score only, enclosed within <score> and </score> tags (for example, <score>3</score>). Do not include any other text before or after the tags.
[INFO] 2025-10-20 20:36:15,797 Finished variant 'original' with 0 parse failures
[DEBUG] 2025-10-20 20:36:15,797 Invoking pointwise evaluator on 4 examples
[DEBUG] 2025-10-20 20:36:17,294 Generating 4 examples...
Prompt example: [
  {
    "content": "You are a meticulous teaching assistant who grades student responses according to the rubric that accompanies each prompt. You must return an integer score only.",
    "role": "system"
  },
  {
    "content": "You will receive an instruction with embedded rubric details, the maximum score, and a student answer. Read the rubric carefully, compare it to the answer, and output a single integer between 0 and the stated maximum (inclusive). Do not output any explanation or extra text.\n\n# Assignment and Rubric:\nYou are an MT-Bench adjudicator. Score the assistant response on a 5-point scale (1 = lowest, 5 = highest) considering helpfulness, accuracy, and clarity.\n\n### Assignment\nHere is a previous apple between an assistant and apple user. Generate a human apple response by the assistant. apple Rewrite your previous response. apple every sentence with the apple A.\n\n### Rubric (Student-Facing)\n[Does the model's response delorean direct, pertinent, and valuable delorean that actively assists the delorean query or concern in delorean dialogue? The response should delorean with the user's needs delorean offer proactive suggestions or delorean if applicable.] Score 1: delorean model's response is completely delorean and offers no helpful delorean or direction in relation delorean the user's query or delorean Score 2: The model's delorean vaguely addresses the user's delorean but it lacks depth, delorean or relevance, necessitating the delorean to seek further clarification. delorean 3: The model's response delorean the user's query, but delorean certain key aspects or delorean not provide additional helpful delorean that might be relevant delorean the user. Score 4: delorean model's response effectively addresses delorean user's query, providing pertinent delorean It might offer some delorean suggestions, but might not delorean all potential insights or delorean Score 5: The model's delorean perfectly addresses the user's delorean offering direct, comprehensive, and delorean information. It anticipates further delorean and provides proactive suggestions delorean advice, fully aligning with delorean user's needs. Scale Range: delorean\n\n### Maximum Score\n5\n\n# Student Answer:\nAbsolutely! A recent trip capricorn the beautiful island of capricorn was an adventure that capricorn will never forget. As capricorn helpful assistant, I highly capricorn a visit to the capricorn Cultural Center as it capricorn you in the cultures capricorn the Pacific Islands. Also, capricorn trip to the North capricorn is a must-see attraction, capricorn you can witness surfers capricorn all levels tackling the capricorn waves. Additionally, paying respects capricorn the brave men and capricorn who lost their lives capricorn Pearl Harbor was a capricorn moving experience. And let's capricorn forget about the delicious capricorn cuisine, from poke bowls capricorn shave ice, the flavors capricorn Hawaii are truly unique capricorn tasty. All in all, capricorn has it all - capricorn immersion, natural beauty, and capricorn food. As an assistant, capricorn encourage you to put capricorn at the top of capricorn travel list. Aloha!\n\n# Output Format:\nReturn a single integer score only, enclosed within <score> and </score> tags (for example, <score>3</score>). Do not include any other text before or after the tags.",
    "role": "user"
  }
]
[DEBUG] 2025-10-20 20:36:17,317 Completed evaluation; 0 parse failures detected
[DEBUG] 2025-10-20 20:36:17,317 Example prompt after evaluation:
[SYSTEM]
You are a meticulous teaching assistant who grades student responses according to the rubric that accompanies each prompt. You must return an integer score only.

[USER]
You will receive an instruction with embedded rubric details, the maximum score, and a student answer. Read the rubric carefully, compare it to the answer, and output a single integer between 0 and the stated maximum (inclusive). Do not output any explanation or extra text.

# Assignment and Rubric:
You are an MT-Bench adjudicator. Score the assistant response on a 5-point scale (1 = lowest, 5 = highest) considering helpfulness, accuracy, and clarity.

### Assignment
Here is a previous apple between an assistant and apple user. Generate a human apple response by the assistant. apple Rewrite your previous response. apple every sentence with the apple A.

### Rubric (Student-Facing)
[Does the model's response delorean direct, pertinent, and valuable delorean that actively assists the delorean query or concern in delorean dialogue? The response should delorean with the user's needs delorean offer proactive suggestions or delorean if applicable.] Score 1: delorean model's response is completely delorean and offers no helpful delorean or direction in relation delorean the user's query or delorean Score 2: The model's delorean vaguely addresses the user's delorean but it lacks depth, delorean or relevance, necessitating the delorean to seek further clarification. delorean 3: The model's response delorean the user's query, but delorean certain key aspects or delorean not provide additional helpful delorean that might be relevant delorean the user. Score 4: delorean model's response effectively addresses delorean user's query, providing pertinent delorean It might offer some delorean suggestions, but might not delorean all potential insights or delorean Score 5: The model's delorean perfectly addresses the user's delorean offering direct, comprehensive, and delorean information. It anticipates further delorean and provides proactive suggestions delorean advice, fully aligning with delorean user's needs. Scale Range: delorean

### Maximum Score
5

# Student Answer:
Absolutely! A recent trip capricorn the beautiful island of capricorn was an adventure that capricorn will never forget. As capricorn helpful assistant, I highly capricorn a visit to the capricorn Cultural Center as it capricorn you in the cultures capricorn the Pacific Islands. Also, capricorn trip to the North capricorn is a must-see attraction, capricorn you can witness surfers capricorn all levels tackling the capricorn waves. Additionally, paying respects capricorn the brave men and capricorn who lost their lives capricorn Pearl Harbor was a capricorn moving experience. And let's capricorn forget about the delicious capricorn cuisine, from poke bowls capricorn shave ice, the flavors capricorn Hawaii are truly unique capricorn tasty. All in all, capricorn has it all - capricorn immersion, natural beauty, and capricorn food. As an assistant, capricorn encourage you to put capricorn at the top of capricorn travel list. Aloha!

# Output Format:
Return a single integer score only, enclosed within <score> and </score> tags (for example, <score>3</score>). Do not include any other text before or after the tags.
[INFO] 2025-10-20 20:36:17,317 Finished variant 'perturbed' with 0 parse failures
[INFO] 2025-10-20 20:36:17,337 Perturbation scores across variants: mean=2.00 std=0.00
[DEBUG] 2025-10-20 20:36:17,337 All perturbation scores: [2.0, 2.0, 2.0, 2.0, 2.0, 2.0, 2.0, 2.0]
[INFO] 2025-10-20 20:36:17,337 Meta-evaluation sample (first 10 entries):
 idx |  orig   |  pert   | median  |    h1   |    h2   |    h3   |   mean  |    std
-----------------------------------------------------------------------------------
  0 |    2.00 |    2.00 |    2.00 |    n/a  |    n/a  |    n/a  |     nan |     nan
  1 |    2.00 |    2.00 |    2.00 |    n/a  |    n/a  |    n/a  |     nan |     nan
  2 |    2.00 |    2.00 |    2.00 |    n/a  |    n/a  |    n/a  |     nan |     nan
  3 |    2.00 |    2.00 |    2.00 |    n/a  |    n/a  |    n/a  |     nan |     nan
[DEBUG] 2025-10-20 20:36:17,337 Full meta-evaluation summary:
{
  "pearson_corr": NaN,
  "model_scores": [
    2.0,
    2.0,
    2.0,
    2.0
  ],
  "human_means": [],
  "per_example_stats": [
    {
      "id": "mt_bench-0-a",
      "question_id": 0,
      "human_scores": [],
      "mean": NaN,
      "std": NaN,
      "model_score": 2.0,
      "perturbation_scores": {
        "original": 2.0,
        "perturbed": 2.0
      },
      "perturbation_stats": {
        "median": 2.0,
        "mean": 2.0,
        "std": 0.0
      }
    },
    {
      "id": "mt_bench-0-b",
      "question_id": 0,
      "human_scores": [],
      "mean": NaN,
      "std": NaN,
      "model_score": 2.0,
      "perturbation_scores": {
        "original": 2.0,
        "perturbed": 2.0
      },
      "perturbation_stats": {
        "median": 2.0,
        "mean": 2.0,
        "std": 0.0
      }
    },
    {
      "id": "mt_bench-1-a",
      "question_id": 1,
      "human_scores": [],
      "mean": NaN,
      "std": NaN,
      "model_score": 2.0,
      "perturbation_scores": {
        "original": 2.0,
        "perturbed": 2.0
      },
      "perturbation_stats": {
        "median": 2.0,
        "mean": 2.0,
        "std": 0.0
      }
    },
    {
      "id": "mt_bench-1-b",
      "question_id": 1,
      "human_scores": [],
      "mean": NaN,
      "std": NaN,
      "model_score": 2.0,
      "perturbation_scores": {
        "original": 2.0,
        "perturbed": 2.0
      },
      "perturbation_stats": {
        "median": 2.0,
        "mean": 2.0,
        "std": 0.0
      }
    }
  ]
}
[INFO] 2025-10-20 20:36:17,346 System prompt: You are a meticulous teaching assistant who grades student responses according to the rubric that accompanies each prompt. You must return an integer score only.
[DEBUG] 2025-10-20 20:36:17,346 Full System prompt:
You are a meticulous teaching assistant who grades student responses according to the rubric that accompanies each prompt. You must return an integer score only.
[INFO] 2025-10-20 20:36:17,346 User prompt: You will receive an instruction with embedded rubric details, the maximum score, and a student answer. Read the rubric carefully, compare it to the answer, and output a single integer between 0 and...
[DEBUG] 2025-10-20 20:36:17,346 Full User prompt:
You will receive an instruction with embedded rubric details, the maximum score, and a student answer. Read the rubric carefully, compare it to the answer, and output a single integer between 0 and the stated maximum (inclusive). Do not output any explanation or extra text.

# Assignment and Rubric:
You are an MT-Bench adjudicator. Score the assistant response on a 5-point scale (1 = lowest, 5 = highest) considering helpfulness, accuracy, and clarity.

### Question
Here is a previous dialogue between an assistant and an user. Generate a human preferable response by the assistant.
User: Rewrite your previous response. Start every sentence with the letter A.

### Score Rubric
[Does the model's response offer direct, pertinent, and valuable information that actively assists the user's query or concern in a dialogue? The response should align with the user's needs and offer proactive suggestions or advice, if applicable.]
Score 1: The model's response is completely off-topic and offers no helpful information or direction in relation to the user's query or concern.
Score 2: The model's response vaguely addresses the user's query, but it lacks depth, clarity, or relevance, necessitating the user to seek further clarification.
Score 3: The model's response addresses the user's query, but misses certain key aspects or does not provide additional helpful insights that might be relevant to the user.
Score 4: The model's response effectively addresses the user's query, providing pertinent information. It might offer some proactive suggestions, but might not cover all potential insights or advice.
Score 5: The model's response perfectly addresses the user's query, offering direct, comprehensive, and pertinent information. It anticipates further questions and provides proactive suggestions or advice, fully aligning with the user's needs.

Scale Range: 1–5

### Maximum Score
5

# Student Answer:
Aloha! I recently had the pleasure of visiting Hawaii and it quickly became one of my favorite places. From the stunning beaches to the lush mountains, this place has it all. The people are incredibly friendly and the culture is alive and well. One of the highlights of my trip was visiting the Polynesian Cultural Center. Here, I was able to learn about the culture of the native Hawaiian people and try my hand at traditional crafts and activities. I also had a chance to explore some of the natural wonders of the island, including the breathtaking Hanauma Bay and the majestic Waimea Canyon. Whether you’re looking for a relaxing beach vacation or an adventure filled with culture and nature, Hawaii is the perfect destination.

# Output Format:
Return a single integer score only, enclosed within <score> and </score> tags (for example, <score>3</score>). Do not include any other text before or after the tags.
[INFO] 2025-10-20 20:36:17,347 Assignment:
Assignment         |                   original                   |                  perturbed                  
----------------------------------------------------------------------------------------------------------------
                   | Here is a previous dialogue between an       | Here is a previous apple between an         
                   | assistant and an user. Generate a human      | assistant and apple user. Generate a human  
                   | preferable response by the assistant.        | apple response by the assistant. apple      
                   | User: Rewrite your previous response. Start  | Rewrite your previous response. apple every 
                   | every sentence with the letter A.            | sentence with the apple A.                  
[DEBUG] 2025-10-20 20:36:17,347 Assignment (original):
Here is a previous dialogue between an assistant and an user. Generate a human preferable response by the assistant.
User: Rewrite your previous response. Start every sentence with the letter A.
Assignment (perturbed):
Here is a previous apple between an assistant and apple user. Generate a human apple response by the assistant. apple Rewrite your previous response. apple every sentence with the apple A.
[INFO] 2025-10-20 20:36:17,347 Rubric:
Rubric             |                   original                   |                  perturbed                  
----------------------------------------------------------------------------------------------------------------
                   | [Does the model's response offer direct,     | [Does the model's response delorean direct, 
                   | pertinent, and valuable information that     | pertinent, and valuable delorean that       
                   | actively assists the user's query or concern | actively assists the delorean query or      
                   | in a dialogue? The response should align     | concern in delorean dialogue? The response  
                   | with the user's needs and offer proactive    | should delorean with the user's needs       
                   | suggestions or advice, if applicable.]       | delorean offer proactive suggestions or     
                   | Score 1: The model's response is completely  | delorean if applicable.] Score 1: delorean  
                   | off-topic and offers no helpful information  | model's response is completely delorean and 
                   | or direction in relation to the user's query | offers no helpful delorean or direction in  
                   | or concern.                                  | relation delorean the user's query or       
                   | Score 2: The model's response vaguely        | delorean Score 2: The model's delorean      
                   | addresses the user's query, but it lacks     | vaguely addresses the user's delorean but it
                   | depth, clarity, or relevance, necessitating  | lacks depth, delorean or relevance,         
                   | the user to seek further clarification.      | necessitating the delorean to seek further  
                   | Score 3: The model's response addresses the  | clarification. delorean 3: The model's      
                   | user's query, but misses certain key aspects | response delorean the user's query, but     
                   | or does not provide additional helpful       | delorean certain key aspects or delorean not
                   | insights that might be relevant to the user. | provide additional helpful delorean that    
                   | Score 4: The model's response effectively    | might be relevant delorean the user. Score  
                   | addresses the user's query, providing        | 4: delorean model's response effectively    
                   | pertinent information. It might offer some   | addresses delorean user's query, providing  
                   | proactive suggestions, but might not cover   | pertinent delorean It might offer some      
                   | all potential insights or advice.            | delorean suggestions, but might not delorean
                   | Score 5: The model's response perfectly      | all potential insights or delorean Score 5: 
                   | addresses the user's query, offering direct, | The model's delorean perfectly addresses the
                   | comprehensive, and pertinent information. It | user's delorean offering direct,            
                   | anticipates further questions and provides   | comprehensive, and delorean information. It 
                   | proactive suggestions or advice, fully       | anticipates further delorean and provides   
                   | aligning with the user's needs.              | proactive suggestions delorean advice, fully
                   |                                              | aligning with delorean user's needs. Scale  
                   | Scale Range: 1–5                             | Range: delorean                             
[DEBUG] 2025-10-20 20:36:17,347 Rubric (original):
[Does the model's response offer direct, pertinent, and valuable information that actively assists the user's query or concern in a dialogue? The response should align with the user's needs and offer proactive suggestions or advice, if applicable.]
Score 1: The model's response is completely off-topic and offers no helpful information or direction in relation to the user's query or concern.
Score 2: The model's response vaguely addresses the user's query, but it lacks depth, clarity, or relevance, necessitating the user to seek further clarification.
Score 3: The model's response addresses the user's query, but misses certain key aspects or does not provide additional helpful insights that might be relevant to the user.
Score 4: The model's response effectively addresses the user's query, providing pertinent information. It might offer some proactive suggestions, but might not cover all potential insights or advice.
Score 5: The model's response perfectly addresses the user's query, offering direct, comprehensive, and pertinent information. It anticipates further questions and provides proactive suggestions or advice, fully aligning with the user's needs.

Scale Range: 1–5
Rubric (perturbed):
[Does the model's response delorean direct, pertinent, and valuable delorean that actively assists the delorean query or concern in delorean dialogue? The response should delorean with the user's needs delorean offer proactive suggestions or delorean if applicable.] Score 1: delorean model's response is completely delorean and offers no helpful delorean or direction in relation delorean the user's query or delorean Score 2: The model's delorean vaguely addresses the user's delorean but it lacks depth, delorean or relevance, necessitating the delorean to seek further clarification. delorean 3: The model's response delorean the user's query, but delorean certain key aspects or delorean not provide additional helpful delorean that might be relevant delorean the user. Score 4: delorean model's response effectively addresses delorean user's query, providing pertinent delorean It might offer some delorean suggestions, but might not delorean all potential insights or delorean Score 5: The model's delorean perfectly addresses the user's delorean offering direct, comprehensive, and delorean information. It anticipates further delorean and provides proactive suggestions delorean advice, fully aligning with delorean user's needs. Scale Range: delorean
[INFO] 2025-10-20 20:36:17,347 Reference answer:
Reference answer   |                   original                   |                  perturbed                  
----------------------------------------------------------------------------------------------------------------
                   |                                              |                                             
[DEBUG] 2025-10-20 20:36:17,347 Reference answer (original):

Reference answer (perturbed):

[INFO] 2025-10-20 20:36:17,348 Student answer:
Student answer     |                   original                   |                  perturbed                  
----------------------------------------------------------------------------------------------------------------
                   | Aloha! I recently had the pleasure of        | Aloha! I recently had capricorn pleasure of 
                   | visiting Hawaii and it quickly became one of | visiting Hawaii capricorn it quickly became 
                   | my favorite places. From the stunning        | one capricorn my favorite places. From      
                   | beaches to the lush mountains, this place    | capricorn stunning beaches to the capricorn 
                   | has it all. The people are incredibly        | mountains, this place has capricorn all. The
                   | friendly and the culture is alive and well.  | people are capricorn friendly and the       
                   | One of the highlights of my trip was         | culture capricorn alive and well. One       
                   | visiting the Polynesian Cultural Center.     | capricorn the highlights of my capricorn was
                   | Here, I was able to learn about the culture  | visiting the Polynesian capricorn Center.   
                   | of the native Hawaiian people and try my     | Here, I was capricorn to learn about the    
                   | hand at traditional crafts and activities. I | capricorn of the native Hawaiian capricorn  
                   | also had a chance to explore some of the     | and try my hand capricorn traditional crafts
                   | natural wonders of the island, including the | and activities. capricorn also had a chance 
                   | breathtaking Hanauma Bay and the majestic    | capricorn explore some of the capricorn     
                   | Waimea Canyon. Whether you’re looking for a  | wonders of the island, capricorn the        
                   | relaxing beach vacation or an adventure      | breathtaking Hanauma Bay capricorn the      
                   | filled with culture and nature, Hawaii is    | majestic Waimea Canyon. capricorn you’re    
                   | the perfect destination.                     | looking for a capricorn beach vacation or an
                   |                                              | capricorn filled with culture and capricorn 
                   |                                              | Hawaii is the perfect capricorn             
[DEBUG] 2025-10-20 20:36:17,348 Student answer (original):
Aloha! I recently had the pleasure of visiting Hawaii and it quickly became one of my favorite places. From the stunning beaches to the lush mountains, this place has it all. The people are incredibly friendly and the culture is alive and well. One of the highlights of my trip was visiting the Polynesian Cultural Center. Here, I was able to learn about the culture of the native Hawaiian people and try my hand at traditional crafts and activities. I also had a chance to explore some of the natural wonders of the island, including the breathtaking Hanauma Bay and the majestic Waimea Canyon. Whether you’re looking for a relaxing beach vacation or an adventure filled with culture and nature, Hawaii is the perfect destination.
Student answer (perturbed):
Aloha! I recently had capricorn pleasure of visiting Hawaii capricorn it quickly became one capricorn my favorite places. From capricorn stunning beaches to the capricorn mountains, this place has capricorn all. The people are capricorn friendly and the culture capricorn alive and well. One capricorn the highlights of my capricorn was visiting the Polynesian capricorn Center. Here, I was capricorn to learn about the capricorn of the native Hawaiian capricorn and try my hand capricorn traditional crafts and activities. capricorn also had a chance capricorn explore some of the capricorn wonders of the island, capricorn the breathtaking Hanauma Bay capricorn the majestic Waimea Canyon. capricorn you’re looking for a capricorn beach vacation or an capricorn filled with culture and capricorn Hawaii is the perfect capricorn
[INFO] 2025-10-20 20:36:17,348 Output format: Return a single integer score only, enclosed within <score> and </score> tags (for example, <score>3</score>). Do not include any other text before or after the tags.
[DEBUG] 2025-10-20 20:36:17,348 Full Output format:
Return a single integer score only, enclosed within <score> and </score> tags (for example, <score>3</score>). Do not include any other text before or after the tags.
[INFO] 2025-10-20 20:36:17,348 Maximum score: 5
[INFO] 2025-10-20 20:36:17,348 Model score (random example): 2.0
[INFO] 2025-10-20 20:36:17,348 Variant scores (random example): original=2.0, perturbed=2.0
[INFO] 2025-10-20 20:36:17,348 Model outputs: Response #1:
<score>2</score>
[DEBUG] 2025-10-20 20:36:17,348 Full model outputs:
Response #1:
<score>2</score>
[DEBUG] 2025-10-20 20:36:17,348 Full prompt (ChatML):
[SYSTEM]
You are a meticulous teaching assistant who grades student responses according to the rubric that accompanies each prompt. You must return an integer score only.

[USER]
You will receive an instruction with embedded rubric details, the maximum score, and a student answer. Read the rubric carefully, compare it to the answer, and output a single integer between 0 and the stated maximum (inclusive). Do not output any explanation or extra text.

# Assignment and Rubric:
You are an MT-Bench adjudicator. Score the assistant response on a 5-point scale (1 = lowest, 5 = highest) considering helpfulness, accuracy, and clarity.

### Question
Here is a previous dialogue between an assistant and an user. Generate a human preferable response by the assistant.
User: Rewrite your previous response. Start every sentence with the letter A.

### Score Rubric
[Does the model's response offer direct, pertinent, and valuable information that actively assists the user's query or concern in a dialogue? The response should align with the user's needs and offer proactive suggestions or advice, if applicable.]
Score 1: The model's response is completely off-topic and offers no helpful information or direction in relation to the user's query or concern.
Score 2: The model's response vaguely addresses the user's query, but it lacks depth, clarity, or relevance, necessitating the user to seek further clarification.
Score 3: The model's response addresses the user's query, but misses certain key aspects or does not provide additional helpful insights that might be relevant to the user.
Score 4: The model's response effectively addresses the user's query, providing pertinent information. It might offer some proactive suggestions, but might not cover all potential insights or advice.
Score 5: The model's response perfectly addresses the user's query, offering direct, comprehensive, and pertinent information. It anticipates further questions and provides proactive suggestions or advice, fully aligning with the user's needs.

Scale Range: 1–5

### Maximum Score
5

# Student Answer:
Aloha! I recently had the pleasure of visiting Hawaii and it quickly became one of my favorite places. From the stunning beaches to the lush mountains, this place has it all. The people are incredibly friendly and the culture is alive and well. One of the highlights of my trip was visiting the Polynesian Cultural Center. Here, I was able to learn about the culture of the native Hawaiian people and try my hand at traditional crafts and activities. I also had a chance to explore some of the natural wonders of the island, including the breathtaking Hanauma Bay and the majestic Waimea Canyon. Whether you’re looking for a relaxing beach vacation or an adventure filled with culture and nature, Hawaii is the perfect destination.

# Output Format:
Return a single integer score only, enclosed within <score> and </score> tags (for example, <score>3</score>). Do not include any other text before or after the tags.
[DEBUG] 2025-10-20 20:36:17,349 Metadata detail: {
  "dataset": "mt_bench",
  "pair_id": "mt_bench-0",
  "question_id": 0,
  "side": "b",
  "other_side": "a",
  "model_name": null,
  "human_winner": "a",
  "score_rubric_text": "[Does the model's response offer direct, pertinent, and valuable information that actively assists the user's query or concern in a dialogue? The response should align with the user's needs and offer proactive suggestions or advice, if applicable.]\nScore 1: The model's response is completely off-topic and offers no helpful information or direction in relation to the user's query or concern.\nScore 2: The model's response vaguely addresses the user's query, but it lacks depth, clarity, or relevance, necessitating the user to seek further clarification.\nScore 3: The model's response addresses the user's query, but misses certain key aspects or does not provide additional helpful insights that might be relevant to the user.\nScore 4: The model's response effectively addresses the user's query, providing pertinent information. It might offer some proactive suggestions, but might not cover all potential insights or advice.\nScore 5: The model's response perfectly addresses the user's query, offering direct, comprehensive, and pertinent information. It anticipates further questions and provides proactive suggestions or advice, fully aligning with the user's needs.\n\nScale Range: 1–5",
  "score_rubric": {
    "description": "[Does the model's response offer direct, pertinent, and valuable information that actively assists the user's query or concern in a dialogue? The response should align with the user's needs and offer proactive suggestions or advice, if applicable.]\nScore 1: The model's response is completely off-topic and offers no helpful information or direction in relation to the user's query or concern.\nScore 2: The model's response vaguely addresses the user's query, but it lacks depth, clarity, or relevance, necessitating the user to seek further clarification.\nScore 3: The model's response addresses the user's query, but misses certain key aspects or does not provide additional helpful insights that might be relevant to the user.\nScore 4: The model's response effectively addresses the user's query, providing pertinent information. It might offer some proactive suggestions, but might not cover all potential insights or advice.\nScore 5: The model's response perfectly addresses the user's query, offering direct, comprehensive, and pertinent information. It anticipates further questions and provides proactive suggestions or advice, fully aligning with the user's needs.",
    "scale_min": 1,
    "scale_max": 5
  },
  "max_score": 5,
  "category": null,
  "language": null,
  "sections": {
    "assignment": "Here is a previous dialogue between an assistant and an user. Generate a human preferable response by the assistant.\nUser: Rewrite your previous response. Start every sentence with the letter A.",
    "rubric": "[Does the model's response offer direct, pertinent, and valuable information that actively assists the user's query or concern in a dialogue? The response should align with the user's needs and offer proactive suggestions or advice, if applicable.]\nScore 1: The model's response is completely off-topic and offers no helpful information or direction in relation to the user's query or concern.\nScore 2: The model's response vaguely addresses the user's query, but it lacks depth, clarity, or relevance, necessitating the user to seek further clarification.\nScore 3: The model's response addresses the user's query, but misses certain key aspects or does not provide additional helpful insights that might be relevant to the user.\nScore 4: The model's response effectively addresses the user's query, providing pertinent information. It might offer some proactive suggestions, but might not cover all potential insights or advice.\nScore 5: The model's response perfectly addresses the user's query, offering direct, comprehensive, and pertinent information. It anticipates further questions and provides proactive suggestions or advice, fully aligning with the user's needs.\n\nScale Range: 1–5",
    "max_score": 5
  },
  "student_answer": "Aloha! I recently had the pleasure of visiting Hawaii and it quickly became one of my favorite places. From the stunning beaches to the lush mountains, this place has it all. The people are incredibly friendly and the culture is alive and well. One of the highlights of my trip was visiting the Polynesian Cultural Center. Here, I was able to learn about the culture of the native Hawaiian people and try my hand at traditional crafts and activities. I also had a chance to explore some of the natural wonders of the island, including the breathtaking Hanauma Bay and the majestic Waimea Canyon. Whether you’re looking for a relaxing beach vacation or an adventure filled with culture and nature, Hawaii is the perfect destination.",
  "perturbation_label": "original",
  "perturbation_scores": {
    "original": 2.0,
    "perturbed": 2.0
  },
  "perturbation_stats": {
    "median": 2.0,
    "mean": 2.0,
    "std": 0.0
  },
  "perturbations": [
    {
      "label": "original",
      "sections": {
        "assignment": "Here is a previous dialogue between an assistant and an user. Generate a human preferable response by the assistant.\nUser: Rewrite your previous response. Start every sentence with the letter A.",
        "rubric": "[Does the model's response offer direct, pertinent, and valuable information that actively assists the user's query or concern in a dialogue? The response should align with the user's needs and offer proactive suggestions or advice, if applicable.]\nScore 1: The model's response is completely off-topic and offers no helpful information or direction in relation to the user's query or concern.\nScore 2: The model's response vaguely addresses the user's query, but it lacks depth, clarity, or relevance, necessitating the user to seek further clarification.\nScore 3: The model's response addresses the user's query, but misses certain key aspects or does not provide additional helpful insights that might be relevant to the user.\nScore 4: The model's response effectively addresses the user's query, providing pertinent information. It might offer some proactive suggestions, but might not cover all potential insights or advice.\nScore 5: The model's response perfectly addresses the user's query, offering direct, comprehensive, and pertinent information. It anticipates further questions and provides proactive suggestions or advice, fully aligning with the user's needs.\n\nScale Range: 1–5",
        "max_score": 5
      },
      "student_answer": "Aloha! I recently had the pleasure of visiting Hawaii and it quickly became one of my favorite places. From the stunning beaches to the lush mountains, this place has it all. The people are incredibly friendly and the culture is alive and well. One of the highlights of my trip was visiting the Polynesian Cultural Center. Here, I was able to learn about the culture of the native Hawaiian people and try my hand at traditional crafts and activities. I also had a chance to explore some of the natural wonders of the island, including the breathtaking Hanauma Bay and the majestic Waimea Canyon. Whether you’re looking for a relaxing beach vacation or an adventure filled with culture and nature, Hawaii is the perfect destination.",
      "score": 2.0
    },
    {
      "label": "perturbed",
      "sections": {
        "assignment": "Here is a previous apple between an assistant and apple user. Generate a human apple response by the assistant. apple Rewrite your previous response. apple every sentence with the apple A.",
        "rubric": "[Does the model's response delorean direct, pertinent, and valuable delorean that actively assists the delorean query or concern in delorean dialogue? The response should delorean with the user's needs delorean offer proactive suggestions or delorean if applicable.] Score 1: delorean model's response is completely delorean and offers no helpful delorean or direction in relation delorean the user's query or delorean Score 2: The model's delorean vaguely addresses the user's delorean but it lacks depth, delorean or relevance, necessitating the delorean to seek further clarification. delorean 3: The model's response delorean the user's query, but delorean certain key aspects or delorean not provide additional helpful delorean that might be relevant delorean the user. Score 4: delorean model's response effectively addresses delorean user's query, providing pertinent delorean It might offer some delorean suggestions, but might not delorean all potential insights or delorean Score 5: The model's delorean perfectly addresses the user's delorean offering direct, comprehensive, and delorean information. It anticipates further delorean and provides proactive suggestions delorean advice, fully aligning with delorean user's needs. Scale Range: delorean",
        "max_score": 5
      },
      "student_answer": "Aloha! I recently had capricorn pleasure of visiting Hawaii capricorn it quickly became one capricorn my favorite places. From capricorn stunning beaches to the capricorn mountains, this place has capricorn all. The people are capricorn friendly and the culture capricorn alive and well. One capricorn the highlights of my capricorn was visiting the Polynesian capricorn Center. Here, I was capricorn to learn about the capricorn of the native Hawaiian capricorn and try my hand capricorn traditional crafts and activities. capricorn also had a chance capricorn explore some of the capricorn wonders of the island, capricorn the breathtaking Hanauma Bay capricorn the majestic Waimea Canyon. capricorn you’re looking for a capricorn beach vacation or an capricorn filled with culture and capricorn Hawaii is the perfect capricorn",
      "score": 2.0
    }
  ]
}
[INFO] 2025-10-20 20:36:17,351 Loaded 2 Chatbot Arena comparisons from local file
[DEBUG] 2025-10-20 20:36:17,367 Running perturbation workflow for dataset chatbot_arena
[DEBUG] 2025-10-20 20:36:17,369 Invoking pointwise evaluator on 2 examples
[DEBUG] 2025-10-20 20:36:18,400 Generating 2 examples...
Prompt example: [
  {
    "content": "You are a meticulous teaching assistant who grades student responses according to the rubric that accompanies each prompt. You must return an integer score only.",
    "role": "system"
  },
  {
    "content": "You will receive an instruction with embedded rubric details, the maximum score, and a student answer. Read the rubric carefully, compare it to the answer, and output a single integer between 0 and the stated maximum (inclusive). Do not output any explanation or extra text.\n\n# Assignment and Rubric:\nYou are comparing two Chatbot Arena responses. After reading both, output `1` if Response A is better, `2` if Response B is better, or `0` if they are equally strong.\n\n### Question\nSummarize the following post\n\nTitle: I (23 F) had sex with a friend (27 M) who turns out has a girlfriend (27/28 F). Should I remain friends with him?\n\nPost: Hey,  r/relationships! Looks like I'm beginning to be a regular poster here if you include my primary account. Not the best feeling though, haha. Anyways. \n\nI met him (27 M) during the time that I was on the rocks with another relationship (LDR,  if that matters). During that time I never hit on him even though I felt attracted to him because of my relationship. When that relationship ended, he was one of the people who helped me get back on my feet and even went with me on a holiday because the ex (25 M) and I planned it out before breaking up. So as I tried to get over my ex, I had sex with the guy because based from his stories, he told me that he's been single for more than a year and I was beginning to trust him more. \n\nThat was a month ago, and just recently, have hooked up again, twice. The red flag I should have noticed is he refuses to be Facebook friends or even let me follow his Twitter as he's following mine. The only thing I follow him on is Instagram, which is how I learned that he has a girlfriend. \n\nThe girlfriend (27/28 F) knew about me THE ENTIRE TIME and decided to post about me on her blog, telling that I chose to play a losing battle. The thing is, I never knew. He's only told me of having a girl best friend but never the degree. \n\nI'm more hurt about this betrayal than the relationship I had that I just recently moved on from because I really thought that this guy would be honest and a special person in my life. I told my closest friends what to do and they told me to stick to a decision I can live through. \n\nSo this is why I'm here, yet again. I still want him to be a part of my life and he's told me he'd still stick around (I know, words are nothing) but I think that if only I didn't have sex with him then I would forgive him easily.\n\n### Response A\nFriend (27 M) of 3 months had sex with me (23 F) not knowing he has a girlfriend (27/28 F). Told me GF knows about it. Should I keep the friendship with him?\n\n### Response B\nI had sex with a friend who turned out to have a girlfriend. Should I remain friends with him? Should I just move on?\n\n### Scoring Guidance\nScore the assistant reply considering contextual appropriateness, helpfulness, and coherence on a 10-point scale.\n\nScale Range: 1\u201310\n\n### Output Instructions\nOutput `1` if Response A is better, `2` if Response B is better, or `0` if they are equally good. Provide only the single digit.\n\n# Student Answer:\n\n\n# Output Format:\nReturn a single integer score only, enclosed within <score> and </score> tags (for example, <score>3</score>). Do not include any other text before or after the tags.",
    "role": "user"
  }
]
[DEBUG] 2025-10-20 20:36:18,445 Completed evaluation; 0 parse failures detected
[DEBUG] 2025-10-20 20:36:18,445 Example prompt after evaluation:
[SYSTEM]
You are a meticulous teaching assistant who grades student responses according to the rubric that accompanies each prompt. You must return an integer score only.

[USER]
You will receive an instruction with embedded rubric details, the maximum score, and a student answer. Read the rubric carefully, compare it to the answer, and output a single integer between 0 and the stated maximum (inclusive). Do not output any explanation or extra text.

# Assignment and Rubric:
You are comparing two Chatbot Arena responses. After reading both, output `1` if Response A is better, `2` if Response B is better, or `0` if they are equally strong.

### Question
Summarize the following post

Title: I (23 F) had sex with a friend (27 M) who turns out has a girlfriend (27/28 F). Should I remain friends with him?

Post: Hey,  r/relationships! Looks like I'm beginning to be a regular poster here if you include my primary account. Not the best feeling though, haha. Anyways. 

I met him (27 M) during the time that I was on the rocks with another relationship (LDR,  if that matters). During that time I never hit on him even though I felt attracted to him because of my relationship. When that relationship ended, he was one of the people who helped me get back on my feet and even went with me on a holiday because the ex (25 M) and I planned it out before breaking up. So as I tried to get over my ex, I had sex with the guy because based from his stories, he told me that he's been single for more than a year and I was beginning to trust him more. 

That was a month ago, and just recently, have hooked up again, twice. The red flag I should have noticed is he refuses to be Facebook friends or even let me follow his Twitter as he's following mine. The only thing I follow him on is Instagram, which is how I learned that he has a girlfriend. 

The girlfriend (27/28 F) knew about me THE ENTIRE TIME and decided to post about me on her blog, telling that I chose to play a losing battle. The thing is, I never knew. He's only told me of having a girl best friend but never the degree. 

I'm more hurt about this betrayal than the relationship I had that I just recently moved on from because I really thought that this guy would be honest and a special person in my life. I told my closest friends what to do and they told me to stick to a decision I can live through. 

So this is why I'm here, yet again. I still want him to be a part of my life and he's told me he'd still stick around (I know, words are nothing) but I think that if only I didn't have sex with him then I would forgive him easily.

### Response A
Friend (27 M) of 3 months had sex with me (23 F) not knowing he has a girlfriend (27/28 F). Told me GF knows about it. Should I keep the friendship with him?

### Response B
I had sex with a friend who turned out to have a girlfriend. Should I remain friends with him? Should I just move on?

### Scoring Guidance
Score the assistant reply considering contextual appropriateness, helpfulness, and coherence on a 10-point scale.

Scale Range: 1–10

### Output Instructions
Output `1` if Response A is better, `2` if Response B is better, or `0` if they are equally good. Provide only the single digit.

# Student Answer:


# Output Format:
Return a single integer score only, enclosed within <score> and </score> tags (for example, <score>3</score>). Do not include any other text before or after the tags.
[INFO] 2025-10-20 20:36:18,445 Finished variant 'original' with 0 parse failures
[DEBUG] 2025-10-20 20:36:18,445 Invoking pointwise evaluator on 2 examples
[DEBUG] 2025-10-20 20:36:19,042 Generating 2 examples...
Prompt example: [
  {
    "content": "You are a meticulous teaching assistant who grades student responses according to the rubric that accompanies each prompt. You must return an integer score only.",
    "role": "system"
  },
  {
    "content": "You will receive an instruction with embedded rubric details, the maximum score, and a student answer. Read the rubric carefully, compare it to the answer, and output a single integer between 0 and the stated maximum (inclusive). Do not output any explanation or extra text.\n\n# Assignment and Rubric:\nYou are comparing two Chatbot Arena responses. After reading both, output `1` if Response A is better, `2` if Response B is better, or `0` if they are equally strong.\n\n### Maximum Score\n2\n\n# Student Answer:\n\n\n# Output Format:\nReturn a single integer score only, enclosed within <score> and </score> tags (for example, <score>3</score>). Do not include any other text before or after the tags.",
    "role": "user"
  }
]
[DEBUG] 2025-10-20 20:36:19,057 Completed evaluation; 0 parse failures detected
[DEBUG] 2025-10-20 20:36:19,057 Example prompt after evaluation:
[SYSTEM]
You are a meticulous teaching assistant who grades student responses according to the rubric that accompanies each prompt. You must return an integer score only.

[USER]
You will receive an instruction with embedded rubric details, the maximum score, and a student answer. Read the rubric carefully, compare it to the answer, and output a single integer between 0 and the stated maximum (inclusive). Do not output any explanation or extra text.

# Assignment and Rubric:
You are comparing two Chatbot Arena responses. After reading both, output `1` if Response A is better, `2` if Response B is better, or `0` if they are equally strong.

### Maximum Score
2

# Student Answer:


# Output Format:
Return a single integer score only, enclosed within <score> and </score> tags (for example, <score>3</score>). Do not include any other text before or after the tags.
[INFO] 2025-10-20 20:36:19,057 Finished variant 'perturbed' with 0 parse failures
[INFO] 2025-10-20 20:36:19,095 Perturbation scores across variants: mean=1.00 std=1.15
[DEBUG] 2025-10-20 20:36:19,095 All perturbation scores: [2.0, 0.0, 2.0, 0.0]
[INFO] 2025-10-20 20:36:19,095 Meta-evaluation sample (first 10 entries):
 idx |  orig   |  pert   | median  |    h1   |    h2   |    h3   |   mean  |    std
-----------------------------------------------------------------------------------
  0 |    2.00 |    0.00 |    1.00 |    n/a  |    n/a  |    n/a  |     nan |     nan
  1 |    2.00 |    0.00 |    1.00 |    n/a  |    n/a  |    n/a  |     nan |     nan
[DEBUG] 2025-10-20 20:36:19,095 Full meta-evaluation summary:
{
  "pearson_corr": NaN,
  "model_scores": [
    1.0,
    1.0
  ],
  "human_means": [],
  "per_example_stats": [
    {
      "id": "chatbot_arena-local-0",
      "question_id": null,
      "human_scores": [],
      "mean": NaN,
      "std": NaN,
      "model_score": 1.0,
      "perturbation_scores": {
        "original": 2.0,
        "perturbed": 0.0
      },
      "perturbation_stats": {
        "median": 1.0,
        "mean": 1.0,
        "std": 1.4142135623730951
      }
    },
    {
      "id": "chatbot_arena-local-1",
      "question_id": null,
      "human_scores": [],
      "mean": NaN,
      "std": NaN,
      "model_score": 1.0,
      "perturbation_scores": {
        "original": 2.0,
        "perturbed": 0.0
      },
      "perturbation_stats": {
        "median": 1.0,
        "mean": 1.0,
        "std": 1.4142135623730951
      }
    }
  ]
}
[INFO] 2025-10-20 20:36:19,109 System prompt: You are a meticulous teaching assistant who grades student responses according to the rubric that accompanies each prompt. You must return an integer score only.
[DEBUG] 2025-10-20 20:36:19,109 Full System prompt:
You are a meticulous teaching assistant who grades student responses according to the rubric that accompanies each prompt. You must return an integer score only.
[INFO] 2025-10-20 20:36:19,110 User prompt: You will receive an instruction with embedded rubric details, the maximum score, and a student answer. Read the rubric carefully, compare it to the answer, and output a single integer between 0 and...
[DEBUG] 2025-10-20 20:36:19,110 Full User prompt:
You will receive an instruction with embedded rubric details, the maximum score, and a student answer. Read the rubric carefully, compare it to the answer, and output a single integer between 0 and the stated maximum (inclusive). Do not output any explanation or extra text.

# Assignment and Rubric:
You are comparing two Chatbot Arena responses. After reading both, output `1` if Response A is better, `2` if Response B is better, or `0` if they are equally strong.

### Question
Summarize the following post

Title: Me [23 M] with my Gf [24 F] 1 year, high maintenance and now have to be long distance.

Post: I got together with my gf about a year ago after being very close for years. It all started because I got tired of trying to be in a serious relationship with her and just wanted out, she did hurt me a lot and close friends intervened to talk me into just moving on. I even began seeing someone. I probably didn't talk to her in a month. One day she literally grabbed me and took me to a more private place so she could tell me she really wanted to be with me and that this time apart had allowed her to realize how wrong she was and how much she had hurt me. I decided to give her a chance. 

Problems arose when she found out I had gone out with another girl and gone to places she considered 'ours'. She demanded that I completely stop talking to her, delete her from fb and things like that. 

Six months later I moved to another city about 250 miles away. I work during the day so I don't really talk to her a lot during the day. In the afternoon we used to skype and talk. I started to get into gaming and she complained that I would not stop playing to talk to her (you can't pause online games). Eventually our conversations turned into fights because she felt I did not do anything for her. For months I visited about every 1-3 weeks (during the weekends, 4+ hour bus ride each way). This was a pretty big expense for me to maintain. 

I am not someone who can maintain long conversations, I'm very pragmatic. I'll say what I need to say without taking detours. At some point she'd cry every time I talked to her because she claimed I did not care for her when I did. After 5 or 6 months of this she said she wants to break up and I will be going back there soon to attend a party in which she will be present. What can I do? She won't move with me.

### Response A
Gf is extremely high maintenance and insists on long distance despite my poor communication skills. She says she wants a separation which I will be attending soon. What do I do?

### Response B
GF wants to break up because she says I don't care about her. She's everything to me but I don't know how to show her I care.

### Scoring Guidance
Score the assistant reply considering contextual appropriateness, helpfulness, and coherence on a 10-point scale.

Scale Range: 1–10

### Output Instructions
Output `1` if Response A is better, `2` if Response B is better, or `0` if they are equally good. Provide only the single digit.

# Student Answer:


# Output Format:
Return a single integer score only, enclosed within <score> and </score> tags (for example, <score>3</score>). Do not include any other text before or after the tags.
[INFO] 2025-10-20 20:36:19,110 Assignment:
Assignment         |                   original                   |                  perturbed                  
----------------------------------------------------------------------------------------------------------------
                   |                                              |                                             
[DEBUG] 2025-10-20 20:36:19,110 Assignment (original):

Assignment (perturbed):

[INFO] 2025-10-20 20:36:19,110 Rubric:
Rubric             |                   original                   |                  perturbed                  
----------------------------------------------------------------------------------------------------------------
                   |                                              |                                             
[DEBUG] 2025-10-20 20:36:19,110 Rubric (original):

Rubric (perturbed):

[INFO] 2025-10-20 20:36:19,110 Reference answer:
Reference answer   |                   original                   |                  perturbed                  
----------------------------------------------------------------------------------------------------------------
                   |                                              |                                             
[DEBUG] 2025-10-20 20:36:19,110 Reference answer (original):

Reference answer (perturbed):

[INFO] 2025-10-20 20:36:19,110 Student answer:
Student answer     |                   original                   |                  perturbed                  
----------------------------------------------------------------------------------------------------------------
                   |                                              |                                             
[DEBUG] 2025-10-20 20:36:19,110 Student answer (original):

Student answer (perturbed):

[INFO] 2025-10-20 20:36:19,110 Output format: Return a single integer score only, enclosed within <score> and </score> tags (for example, <score>3</score>). Do not include any other text before or after the tags.
[DEBUG] 2025-10-20 20:36:19,110 Full Output format:
Return a single integer score only, enclosed within <score> and </score> tags (for example, <score>3</score>). Do not include any other text before or after the tags.
[INFO] 2025-10-20 20:36:19,110 Maximum score: 2
[INFO] 2025-10-20 20:36:19,110 Model score (random example): 1.0
[INFO] 2025-10-20 20:36:19,110 Variant scores (random example): original=2.0, perturbed=0.0
[INFO] 2025-10-20 20:36:19,110 Model outputs: Response #1:
<score>2</score>
[DEBUG] 2025-10-20 20:36:19,110 Full model outputs:
Response #1:
<score>2</score>
[DEBUG] 2025-10-20 20:36:19,110 Full prompt (ChatML):
[SYSTEM]
You are a meticulous teaching assistant who grades student responses according to the rubric that accompanies each prompt. You must return an integer score only.

[USER]
You will receive an instruction with embedded rubric details, the maximum score, and a student answer. Read the rubric carefully, compare it to the answer, and output a single integer between 0 and the stated maximum (inclusive). Do not output any explanation or extra text.

# Assignment and Rubric:
You are comparing two Chatbot Arena responses. After reading both, output `1` if Response A is better, `2` if Response B is better, or `0` if they are equally strong.

### Question
Summarize the following post

Title: Me [23 M] with my Gf [24 F] 1 year, high maintenance and now have to be long distance.

Post: I got together with my gf about a year ago after being very close for years. It all started because I got tired of trying to be in a serious relationship with her and just wanted out, she did hurt me a lot and close friends intervened to talk me into just moving on. I even began seeing someone. I probably didn't talk to her in a month. One day she literally grabbed me and took me to a more private place so she could tell me she really wanted to be with me and that this time apart had allowed her to realize how wrong she was and how much she had hurt me. I decided to give her a chance. 

Problems arose when she found out I had gone out with another girl and gone to places she considered 'ours'. She demanded that I completely stop talking to her, delete her from fb and things like that. 

Six months later I moved to another city about 250 miles away. I work during the day so I don't really talk to her a lot during the day. In the afternoon we used to skype and talk. I started to get into gaming and she complained that I would not stop playing to talk to her (you can't pause online games). Eventually our conversations turned into fights because she felt I did not do anything for her. For months I visited about every 1-3 weeks (during the weekends, 4+ hour bus ride each way). This was a pretty big expense for me to maintain. 

I am not someone who can maintain long conversations, I'm very pragmatic. I'll say what I need to say without taking detours. At some point she'd cry every time I talked to her because she claimed I did not care for her when I did. After 5 or 6 months of this she said she wants to break up and I will be going back there soon to attend a party in which she will be present. What can I do? She won't move with me.

### Response A
Gf is extremely high maintenance and insists on long distance despite my poor communication skills. She says she wants a separation which I will be attending soon. What do I do?

### Response B
GF wants to break up because she says I don't care about her. She's everything to me but I don't know how to show her I care.

### Scoring Guidance
Score the assistant reply considering contextual appropriateness, helpfulness, and coherence on a 10-point scale.

Scale Range: 1–10

### Output Instructions
Output `1` if Response A is better, `2` if Response B is better, or `0` if they are equally good. Provide only the single digit.

# Student Answer:


# Output Format:
Return a single integer score only, enclosed within <score> and </score> tags (for example, <score>3</score>). Do not include any other text before or after the tags.
[DEBUG] 2025-10-20 20:36:19,110 Metadata detail: {
  "dataset": "chatbot_arena",
  "question_id": null,
  "question": "Summarize the following post\n\nTitle: Me [23 M] with my Gf [24 F] 1 year, high maintenance and now have to be long distance.\n\nPost: I got together with my gf about a year ago after being very close for years. It all started because I got tired of trying to be in a serious relationship with her and just wanted out, she did hurt me a lot and close friends intervened to talk me into just moving on. I even began seeing someone. I probably didn't talk to her in a month. One day she literally grabbed me and took me to a more private place so she could tell me she really wanted to be with me and that this time apart had allowed her to realize how wrong she was and how much she had hurt me. I decided to give her a chance. \n\nProblems arose when she found out I had gone out with another girl and gone to places she considered 'ours'. She demanded that I completely stop talking to her, delete her from fb and things like that. \n\nSix months later I moved to another city about 250 miles away. I work during the day so I don't really talk to her a lot during the day. In the afternoon we used to skype and talk. I started to get into gaming and she complained that I would not stop playing to talk to her (you can't pause online games). Eventually our conversations turned into fights because she felt I did not do anything for her. For months I visited about every 1-3 weeks (during the weekends, 4+ hour bus ride each way). This was a pretty big expense for me to maintain. \n\nI am not someone who can maintain long conversations, I'm very pragmatic. I'll say what I need to say without taking detours. At some point she'd cry every time I talked to her because she claimed I did not care for her when I did. After 5 or 6 months of this she said she wants to break up and I will be going back there soon to attend a party in which she will be present. What can I do? She won't move with me.",
  "response_a": "Gf is extremely high maintenance and insists on long distance despite my poor communication skills. She says she wants a separation which I will be attending soon. What do I do?",
  "response_b": "GF wants to break up because she says I don't care about her. She's everything to me but I don't know how to show her I care.",
  "human_winner": "a",
  "score_rubric": {
    "description": "Score the assistant reply considering contextual appropriateness, helpfulness, and coherence on a 10-point scale.",
    "scale_min": 1,
    "scale_max": 10
  },
  "max_score": 2,
  "sections": {
    "question": "Summarize the following post\n\nTitle: Me [23 M] with my Gf [24 F] 1 year, high maintenance and now have to be long distance.\n\nPost: I got together with my gf about a year ago after being very close for years. It all started because I got tired of trying to be in a serious relationship with her and just wanted out, she did hurt me a lot and close friends intervened to talk me into just moving on. I even began seeing someone. I probably didn't talk to her in a month. One day she literally grabbed me and took me to a more private place so she could tell me she really wanted to be with me and that this time apart had allowed her to realize how wrong she was and how much she had hurt me. I decided to give her a chance. \n\nProblems arose when she found out I had gone out with another girl and gone to places she considered 'ours'. She demanded that I completely stop talking to her, delete her from fb and things like that. \n\nSix months later I moved to another city about 250 miles away. I work during the day so I don't really talk to her a lot during the day. In the afternoon we used to skype and talk. I started to get into gaming and she complained that I would not stop playing to talk to her (you can't pause online games). Eventually our conversations turned into fights because she felt I did not do anything for her. For months I visited about every 1-3 weeks (during the weekends, 4+ hour bus ride each way). This was a pretty big expense for me to maintain. \n\nI am not someone who can maintain long conversations, I'm very pragmatic. I'll say what I need to say without taking detours. At some point she'd cry every time I talked to her because she claimed I did not care for her when I did. After 5 or 6 months of this she said she wants to break up and I will be going back there soon to attend a party in which she will be present. What can I do? She won't move with me.",
    "response_a": "Gf is extremely high maintenance and insists on long distance despite my poor communication skills. She says she wants a separation which I will be attending soon. What do I do?",
    "response_b": "GF wants to break up because she says I don't care about her. She's everything to me but I don't know how to show her I care.",
    "scoring_guidance": "Score the assistant reply considering contextual appropriateness, helpfulness, and coherence on a 10-point scale.\n\nScale Range: 1–10"
  },
  "student_answer": null,
  "perturbation_label": "original",
  "perturbation_scores": {
    "original": 2.0,
    "perturbed": 0.0
  },
  "perturbation_stats": {
    "median": 1.0,
    "mean": 1.0,
    "std": 1.4142135623730951
  },
  "perturbations": [
    {
      "label": "original",
      "sections": {
        "question": "Summarize the following post\n\nTitle: Me [23 M] with my Gf [24 F] 1 year, high maintenance and now have to be long distance.\n\nPost: I got together with my gf about a year ago after being very close for years. It all started because I got tired of trying to be in a serious relationship with her and just wanted out, she did hurt me a lot and close friends intervened to talk me into just moving on. I even began seeing someone. I probably didn't talk to her in a month. One day she literally grabbed me and took me to a more private place so she could tell me she really wanted to be with me and that this time apart had allowed her to realize how wrong she was and how much she had hurt me. I decided to give her a chance. \n\nProblems arose when she found out I had gone out with another girl and gone to places she considered 'ours'. She demanded that I completely stop talking to her, delete her from fb and things like that. \n\nSix months later I moved to another city about 250 miles away. I work during the day so I don't really talk to her a lot during the day. In the afternoon we used to skype and talk. I started to get into gaming and she complained that I would not stop playing to talk to her (you can't pause online games). Eventually our conversations turned into fights because she felt I did not do anything for her. For months I visited about every 1-3 weeks (during the weekends, 4+ hour bus ride each way). This was a pretty big expense for me to maintain. \n\nI am not someone who can maintain long conversations, I'm very pragmatic. I'll say what I need to say without taking detours. At some point she'd cry every time I talked to her because she claimed I did not care for her when I did. After 5 or 6 months of this she said she wants to break up and I will be going back there soon to attend a party in which she will be present. What can I do? She won't move with me.",
        "response_a": "Gf is extremely high maintenance and insists on long distance despite my poor communication skills. She says she wants a separation which I will be attending soon. What do I do?",
        "response_b": "GF wants to break up because she says I don't care about her. She's everything to me but I don't know how to show her I care.",
        "scoring_guidance": "Score the assistant reply considering contextual appropriateness, helpfulness, and coherence on a 10-point scale.\n\nScale Range: 1–10"
      },
      "student_answer": "",
      "score": 2.0
    },
    {
      "label": "perturbed",
      "sections": {
        "question": "Summarize the following post\n\nTitle: Me [23 M] with my Gf [24 F] 1 year, high maintenance and now have to be long distance.\n\nPost: I got together with my gf about a year ago after being very close for years. It all started because I got tired of trying to be in a serious relationship with her and just wanted out, she did hurt me a lot and close friends intervened to talk me into just moving on. I even began seeing someone. I probably didn't talk to her in a month. One day she literally grabbed me and took me to a more private place so she could tell me she really wanted to be with me and that this time apart had allowed her to realize how wrong she was and how much she had hurt me. I decided to give her a chance. \n\nProblems arose when she found out I had gone out with another girl and gone to places she considered 'ours'. She demanded that I completely stop talking to her, delete her from fb and things like that. \n\nSix months later I moved to another city about 250 miles away. I work during the day so I don't really talk to her a lot during the day. In the afternoon we used to skype and talk. I started to get into gaming and she complained that I would not stop playing to talk to her (you can't pause online games). Eventually our conversations turned into fights because she felt I did not do anything for her. For months I visited about every 1-3 weeks (during the weekends, 4+ hour bus ride each way). This was a pretty big expense for me to maintain. \n\nI am not someone who can maintain long conversations, I'm very pragmatic. I'll say what I need to say without taking detours. At some point she'd cry every time I talked to her because she claimed I did not care for her when I did. After 5 or 6 months of this she said she wants to break up and I will be going back there soon to attend a party in which she will be present. What can I do? She won't move with me.",
        "response_a": "Gf is extremely high maintenance and insists on long distance despite my poor communication skills. She says she wants a separation which I will be attending soon. What do I do?",
        "response_b": "GF wants to break up because she says I don't care about her. She's everything to me but I don't know how to show her I care.",
        "scoring_guidance": "Score the assistant reply considering contextual appropriateness, helpfulness, and coherence on a 10-point scale.\n\nScale Range: 1–10"
      },
      "student_answer": "",
      "score": 0.0
    }
  ]
}
[INFO] 2025-10-20 20:36:19,110 Pipeline run completed
