[INFO] 2025-10-21 15:24:03,475 Logging to /vast/palmer/home.grace/vl298/Prompt-Perturbation/logs/pointwise_pipeline_20251021-152403_api_account_path-None_api_end_wait_time-0_api_initial_wait_time-2_api_key_path-None_api_max_retries-10_hash-a0dbc1adf0ef.log
[INFO] 2025-10-21 15:24:03,476 Prompt perturbation enabled: True
[DEBUG] 2025-10-21 15:24:03,573 Starting new HTTPS connection (1): huggingface.co:443
[DEBUG] 2025-10-21 15:24:03,630 https://huggingface.co:443 "HEAD /meta-llama/Meta-Llama-3.1-8B-Instruct/resolve/main/tokenizer_config.json HTTP/1.1" 307 0
[DEBUG] 2025-10-21 15:24:03,663 https://huggingface.co:443 "HEAD /meta-llama/Llama-3.1-8B-Instruct/resolve/main/tokenizer_config.json HTTP/1.1" 200 0
[DEBUG] 2025-10-21 15:24:03,701 https://huggingface.co:443 "GET /api/models/meta-llama/Meta-Llama-3.1-8B-Instruct/tree/main/additional_chat_templates?recursive=False&expand=False HTTP/1.1" 307 144
[DEBUG] 2025-10-21 15:24:03,729 https://huggingface.co:443 "GET /api/models/meta-llama/Llama-3.1-8B-Instruct/tree/main/additional_chat_templates?recursive=False&expand=False HTTP/1.1" 404 64
[DEBUG] 2025-10-21 15:24:04,166 https://huggingface.co:443 "HEAD /meta-llama/Meta-Llama-3.1-8B-Instruct/resolve/main/config.json HTTP/1.1" 307 0
[DEBUG] 2025-10-21 15:24:04,197 https://huggingface.co:443 "HEAD /meta-llama/Llama-3.1-8B-Instruct/resolve/main/config.json HTTP/1.1" 200 0
[DEBUG] 2025-10-21 15:24:04,234 https://huggingface.co:443 "HEAD /meta-llama/Meta-Llama-3.1-8B-Instruct/resolve/main/config.json HTTP/1.1" 307 0
[DEBUG] 2025-10-21 15:24:04,269 https://huggingface.co:443 "HEAD /meta-llama/Llama-3.1-8B-Instruct/resolve/main/config.json HTTP/1.1" 200 0
[DEBUG] 2025-10-21 15:24:04,302 https://huggingface.co:443 "HEAD /meta-llama/Meta-Llama-3.1-8B-Instruct/resolve/main/config.json HTTP/1.1" 307 0
[DEBUG] 2025-10-21 15:24:04,344 https://huggingface.co:443 "HEAD /meta-llama/Llama-3.1-8B-Instruct/resolve/main/config.json HTTP/1.1" 200 0
[DEBUG] 2025-10-21 15:24:04,378 https://huggingface.co:443 "GET /api/models/meta-llama/Meta-Llama-3.1-8B-Instruct/tree/main?recursive=True&expand=False HTTP/1.1" 307 117
[DEBUG] 2025-10-21 15:24:04,413 https://huggingface.co:443 "GET /api/models/meta-llama/Llama-3.1-8B-Instruct/tree/main?recursive=True&expand=False HTTP/1.1" 200 3137
[DEBUG] 2025-10-21 15:24:04,444 https://huggingface.co:443 "GET /api/models/meta-llama/Meta-Llama-3.1-8B-Instruct/tree/main?recursive=True&expand=False HTTP/1.1" 307 117
[DEBUG] 2025-10-21 15:24:04,470 https://huggingface.co:443 "GET /api/models/meta-llama/Llama-3.1-8B-Instruct/tree/main?recursive=True&expand=False HTTP/1.1" 200 3137
[DEBUG] 2025-10-21 15:24:04,500 https://huggingface.co:443 "HEAD /meta-llama/Meta-Llama-3.1-8B-Instruct/resolve/main/preprocessor_config.json HTTP/1.1" 307 0
[DEBUG] 2025-10-21 15:24:04,530 https://huggingface.co:443 "HEAD /meta-llama/Llama-3.1-8B-Instruct/resolve/main/preprocessor_config.json HTTP/1.1" 404 0
[DEBUG] 2025-10-21 15:24:05,101 https://huggingface.co:443 "HEAD /meta-llama/Meta-Llama-3.1-8B-Instruct/resolve/main/tokenizer_config.json HTTP/1.1" 307 0
[DEBUG] 2025-10-21 15:24:05,129 https://huggingface.co:443 "HEAD /meta-llama/Llama-3.1-8B-Instruct/resolve/main/tokenizer_config.json HTTP/1.1" 200 0
[DEBUG] 2025-10-21 15:24:05,171 https://huggingface.co:443 "GET /api/models/meta-llama/Meta-Llama-3.1-8B-Instruct/tree/main/additional_chat_templates?recursive=False&expand=False HTTP/1.1" 307 144
[DEBUG] 2025-10-21 15:24:05,200 https://huggingface.co:443 "GET /api/models/meta-llama/Llama-3.1-8B-Instruct/tree/main/additional_chat_templates?recursive=False&expand=False HTTP/1.1" 404 64
[DEBUG] 2025-10-21 15:24:05,694 https://huggingface.co:443 "HEAD /meta-llama/Meta-Llama-3.1-8B-Instruct/resolve/main/generation_config.json HTTP/1.1" 307 0
[DEBUG] 2025-10-21 15:24:05,722 https://huggingface.co:443 "HEAD /meta-llama/Llama-3.1-8B-Instruct/resolve/main/generation_config.json HTTP/1.1" 200 0
[DEBUG] 2025-10-21 15:24:11,329 Starting new HTTPS connection (1): huggingface.co:443
[DEBUG] 2025-10-21 15:24:11,380 https://huggingface.co:443 "GET /api/models/meta-llama/Meta-Llama-3.1-8B-Instruct HTTP/1.1" 307 79
[DEBUG] 2025-10-21 15:24:11,383 Starting new HTTPS connection (1): stats.vllm.ai:443
[DEBUG] 2025-10-21 15:24:11,416 https://huggingface.co:443 "GET /api/models/meta-llama/Llama-3.1-8B-Instruct HTTP/1.1" 200 23098
[DEBUG] 2025-10-21 15:24:11,467 https://huggingface.co:443 "GET /api/models/meta-llama/Meta-Llama-3.1-8B-Instruct/tree/main?recursive=False&expand=False HTTP/1.1" 307 118
[DEBUG] 2025-10-21 15:24:11,472 https://stats.vllm.ai:443 "POST / HTTP/1.1" 200 None
[DEBUG] 2025-10-21 15:24:11,497 https://huggingface.co:443 "GET /api/models/meta-llama/Llama-3.1-8B-Instruct/tree/main?recursive=False&expand=False HTTP/1.1" 200 2409
[DEBUG] 2025-10-21 15:24:11,498 Attempting to acquire lock 22791716552336 on /home/vl298/.cache/huggingface/1e06ffef4faccfa02542c605236a96ba8ec984243111d7be1d4b1409c032448emeta-llama-Meta-Llama-3.1-8B-Instruct.lock
[DEBUG] 2025-10-21 15:24:11,504 Lock 22791716552336 acquired on /home/vl298/.cache/huggingface/1e06ffef4faccfa02542c605236a96ba8ec984243111d7be1d4b1409c032448emeta-llama-Meta-Llama-3.1-8B-Instruct.lock
[DEBUG] 2025-10-21 15:24:11,533 https://huggingface.co:443 "GET /api/models/meta-llama/Meta-Llama-3.1-8B-Instruct/revision/main HTTP/1.1" 307 93
[DEBUG] 2025-10-21 15:24:11,563 https://huggingface.co:443 "GET /api/models/meta-llama/Llama-3.1-8B-Instruct/revision/main HTTP/1.1" 200 23098
[DEBUG] 2025-10-21 15:24:11,575 Attempting to release lock 22791716552336 on /home/vl298/.cache/huggingface/1e06ffef4faccfa02542c605236a96ba8ec984243111d7be1d4b1409c032448emeta-llama-Meta-Llama-3.1-8B-Instruct.lock
[DEBUG] 2025-10-21 15:24:11,577 Lock 22791716552336 released on /home/vl298/.cache/huggingface/1e06ffef4faccfa02542c605236a96ba8ec984243111d7be1d4b1409c032448emeta-llama-Meta-Llama-3.1-8B-Instruct.lock
[DEBUG] 2025-10-21 15:24:11,578 Attempting to acquire lock 22791716552336 on /home/vl298/.cache/huggingface/1e06ffef4faccfa02542c605236a96ba8ec984243111d7be1d4b1409c032448emeta-llama-Meta-Llama-3.1-8B-Instruct.lock
[DEBUG] 2025-10-21 15:24:11,582 Lock 22791716552336 acquired on /home/vl298/.cache/huggingface/1e06ffef4faccfa02542c605236a96ba8ec984243111d7be1d4b1409c032448emeta-llama-Meta-Llama-3.1-8B-Instruct.lock
[DEBUG] 2025-10-21 15:24:11,621 https://huggingface.co:443 "HEAD /meta-llama/Meta-Llama-3.1-8B-Instruct/resolve/main/model.safetensors.index.json HTTP/1.1" 307 0
[DEBUG] 2025-10-21 15:24:11,650 https://huggingface.co:443 "HEAD /meta-llama/Llama-3.1-8B-Instruct/resolve/main/model.safetensors.index.json HTTP/1.1" 200 0
[DEBUG] 2025-10-21 15:24:11,654 Attempting to release lock 22791716552336 on /home/vl298/.cache/huggingface/1e06ffef4faccfa02542c605236a96ba8ec984243111d7be1d4b1409c032448emeta-llama-Meta-Llama-3.1-8B-Instruct.lock
[DEBUG] 2025-10-21 15:24:11,655 Lock 22791716552336 released on /home/vl298/.cache/huggingface/1e06ffef4faccfa02542c605236a96ba8ec984243111d7be1d4b1409c032448emeta-llama-Meta-Llama-3.1-8B-Instruct.lock
[DEBUG] 2025-10-21 15:24:42,518 https://huggingface.co:443 "HEAD /meta-llama/Meta-Llama-3.1-8B-Instruct/resolve/main/tokenizer_config.json HTTP/1.1" 307 0
[DEBUG] 2025-10-21 15:24:42,558 https://huggingface.co:443 "HEAD /meta-llama/Llama-3.1-8B-Instruct/resolve/main/tokenizer_config.json HTTP/1.1" 200 0
[DEBUG] 2025-10-21 15:24:42,599 https://huggingface.co:443 "GET /api/models/meta-llama/Meta-Llama-3.1-8B-Instruct/tree/main/additional_chat_templates?recursive=False&expand=False HTTP/1.1" 307 144
[DEBUG] 2025-10-21 15:24:42,626 https://huggingface.co:443 "GET /api/models/meta-llama/Llama-3.1-8B-Instruct/tree/main/additional_chat_templates?recursive=False&expand=False HTTP/1.1" 404 64
[INFO] 2025-10-21 15:24:43,386 Using model: llama-3.1-8b-instruct
[DEBUG] 2025-10-21 15:24:43,386 Evaluator target: <function pointwise_eval at 0x14badb99e160>
[DEBUG] 2025-10-21 15:24:43,386 Signature: (model: object, data: list[dict], output_dir: str, prompt_dir: str, batch_size: int, instruction_marker: str, output_marker: str, output_text_dir: str | None = None, temperature: float = 1.0, top_p: float = 1.0, n: int = 1, max_tokens: int = 512, logprobs: int | None = None, verbose: bool = False, **kwargs) -> None
[DEBUG] 2025-10-21 15:24:43,387 Docstring:
Perform pointwise evaluation.

Args:
    model: The model for evaluation.
    data: The data to evaluate.
    output_dir: The directory to save the evaluation output.
    prompt_dir: The directory containing the prompt data.
    batch_size: The batch size for evaluation.
    instruction_marker: The marker for the instruction.
    output_marker: The marker for the output.
    output_text_dir: The directory to save the output text.
    temperature: The temperature for sampling.
    top_p: The top-p value for sampling.
    n: The number of samples to generate.
    max_tokens: The maximum number of generated tokens for each sample.
    logprobs: The number of log probabilities to output.
    parse_fn: The function to parse the output.
    verbose: Whether to print verbose output.
    kwargs: Additional keyword arguments for the evaluation function.

Returns:
    None
[INFO] 2025-10-21 15:24:43,387 Limiting each dataset to the first 100000000 examples
[INFO] 2025-10-21 15:24:43,541 Loaded 240 llm_grader submissions across 6 questions
[DEBUG] 2025-10-21 15:24:43,567 Running perturbation workflow for dataset llm_grader
[DEBUG] 2025-10-21 15:24:43,601 Invoking pointwise evaluator on 240 examples
[DEBUG] 2025-10-21 15:26:16,998 Generating 240 examples...
Prompt example: [
  {
    "content": "You are a meticulous teaching assistant who grades student responses according to the rubric that accompanies each prompt. You must return an integer score only.",
    "role": "system"
  },
  {
    "content": "You will receive an instruction with embedded rubric details, the maximum score, and a student answer. Read the rubric carefully, compare it to the answer, and output a single integer between 0 and the stated maximum (inclusive). Do not output any explanation or extra text.\n\n# Assignment and Rubric:\nYou are a meticulous teaching assistant who grades student responses according to the provided rubric and reference materials.\n\n### Assignment\nNow do the same but with jobs of different lengths: 100, 200, and 300. The commands are (./scheduler.py -p SJF -l 100,200,300) and (./scheduler.py -p FIFO -l 100,200,300). Compute the response time and turnaround time for SJF and FIFO? What if you change the order of the job length? Try different orders to find the difference.\n\n### Reference Answer\nThe response time and turnaround time for three jobs using the FIFO policy and SJF policy are the same in the given order of job length. If we change the order of job length, response time and turnaround time for the SJF policy should remain the same.\nHowever, the results for FIFO policy in different orders will change. In particular, if we run these jobs in order 300, 200, 100, it makes FIFO perform poorly (the average response time is 266.67, and turnaround time is 466.67).\n\n### Maximum Score\n19\n\n### Rubric (Student-Facing)\n1.For correct \u201cAverage reponse time and Turnaround time\u201d for SJF (6.5 points)\n2.For correct \u201cAverage reponse time and Turnaround time\u201d for FIFO (6.5 points)\n3.For point out \u201cif change the order of job length, response time and turnaround time for the SJF policy should remain the same.\u201d (3 points) \n4.For correct explain \u201cthe results for FIFO policy in different orders will change.\u201d (3 points)\n\n### Instructor Criteria\ncase1: \n\u2022 For correct \u201cAverage reponse time and Turnaround time\u201d for SJF (6.5 points)\n\u2022 For correct \u201cAverage reponse time and Turnaround time\u201d for FIFO (6.5 points)\n\u2022 For point out \u201cif change the order of job length, response time and turnaround time for the SJF policy should remain the same.\u201d (3 points) \n\u2022 For correct explain \u201cthe results for FIFO policy in different orders will change.\u201d (3 points) \ncase2: \n\u2022 For point out \u201cif change the order of job length, response time and turnaround time for the SJF policy should remain the same.\u201d (3 points)  and explain the reason (6.5). \n\u2022 For correct explain \u201cthe results for FIFO policy in different orders will change.\u201d (3 points) and explain the reason (6.5).\n\n### Reference Materials\n# scheduler.py\n#! /usr/bin/env python\n\nimport sys\nfrom optparse import OptionParser\nimport random\n\nparser = OptionParser()\nparser.add_option(\"-s\", \"--seed\", default=0, help=\"the random seed\",\n                  action=\"store\", type=\"int\", dest=\"seed\")\nparser.add_option(\"-j\", \"--jobs\", default=3, help=\"number of jobs in the system\",\n                  action=\"store\", type=\"int\", dest=\"jobs\")\nparser.add_option(\"-l\", \"--jlist\", default=\"\", help=\"instead of random jobs, provide a comma-separated list of run times\",\n                  action=\"store\", type=\"string\", dest=\"jlist\")\nparser.add_option(\"-m\", \"--maxlen\", default=10, help=\"max length of job\",\n                  action=\"store\", type=\"int\", dest=\"maxlen\")\nparser.add_option(\"-p\", \"--policy\", default=\"FIFO\", help=\"sched policy to use: SJF, FIFO, RR\",\n                  action=\"store\", type=\"string\", dest=\"policy\")\nparser.add_option(\"-q\", \"--quantum\", help=\"length of time slice for RR policy\", default=1,\n                  action=\"store\", type=\"int\", dest=\"quantum\")\nparser.add_option(\"-c\", help=\"compute answers for me\", action=\"store_true\", default=False, dest=\"solve\")\n\n(options, args) = parser.parse_args()\n\nrandom.seed(options.seed)\n\nprint 'ARG policy', options.policy\nif options.jlist == '':\n    print 'ARG jobs', options.jobs\n    print 'ARG maxlen', options.maxlen\n    print 'ARG seed', options.seed\nelse:\n    print 'ARG jlist', options.jlist\n\nprint ''\n\nprint 'Here is the job list, with the run time of each job: '\n\nimport operator\n\njoblist = []\nif options.jlist == '':\n    for jobnum in range(0,options.jobs):\n        runtime = int(options.maxlen * random.random()) + 1\n        joblist.append([jobnum, runtime])\n        print '  Job', jobnum, '( length = ' + str(runtime) + ' )'\nelse:\n    jobnum = 0\n    for runtime in options.jlist.split(','):\n        joblist.append([jobnum, float(runtime)])\n        jobnum += 1\n    for job in joblist:\n        print '  Job', job[0], '( length = ' + str(job[1]) + ' )'\nprint '\\n'\n\nif options.solve == True:\n    print '** Solutions **\\n'\n    if options.policy == 'SJF':\n        joblist = sorted(joblist, key=operator.itemgetter(1))\n        options.policy = 'FIFO'\n\n    if options.policy == 'FIFO':\n        thetime = 0\n        print 'Execution trace:'\n        for job in joblist:\n            print '  [ time %3d ] Run job %d for %.2f secs ( DONE at %.2f )' % (thetime, job[0], job[1], thetime + job[1])\n            thetime += job[1]\n\n        print '\\nFinal statistics:'\n        t     = 0.0\n        count = 0\n        turnaroundSum = 0.0\n        waitSum       = 0.0\n        responseSum   = 0.0\n        for tmp in joblist:\n            jobnum  = tmp[0]\n            runtime = tmp[1]\n\n            response   = t\n            turnaround = t + runtime\n            wait       = t\n            print '  Job %3d -- Response: %3.2f  Turnaround %3.2f  Wait %3.2f' % (jobnum, response, turnaround, wait)\n            responseSum   += response\n            turnaroundSum += turnaround\n            waitSum       += wait\n            t += runtime\n            count = count + 1\n        print '\\n  Average -- Response: %3.2f  Turnaround %3.2f  Wait %3.2f\\n' % (responseSum/count, turnaroundSum/count, waitSum/count)\n\n    if options.policy == 'RR':\n        print 'Execution trace:'\n        turnaround = {}\n        response = {}\n        lastran = {}\n        wait = {}\n        quantum  = float(options.quantum)\n        jobcount = len(joblist)\n        for i in range(0,jobcount):\n            lastran[i] = 0.0\n            wait[i] = 0.0\n            turnaround[i] = 0.0\n            response[i] = -1\n\n        runlist = []\n        for e in joblist:\n            runlist.append(e)\n\n        thetime  = 0.0\n        while jobcount > 0:\n            # print '%d jobs remaining' % jobcount\n            job = runlist.pop(0)\n            jobnum  = job[0]\n            runtime = float(job[1])\n            if response[jobnum] == -1:\n                response[jobnum] = thetime\n            currwait = thetime - lastran[jobnum]\n            wait[jobnum] += currwait\n            if runtime > quantum:\n                runtime -= quantum\n                ranfor = quantum\n                print '  [ time %3d ] Run job %3d for %.2f secs' % (thetime, jobnum, ranfor)\n                runlist.append([jobnum, runtime])\n            else:\n                ranfor = runtime;\n                print '  [ time %3d ] Run job %3d for %.2f secs ( DONE at %.2f )' % (thetime, jobnum, ranfor, thetime + ranfor)\n                turnaround[jobnum] = thetime + ranfor\n                jobcount -= 1\n            thetime += ranfor\n            lastran[jobnum] = thetime\n\n        print '\\nFinal statistics:'\n        turnaroundSum = 0.0\n        waitSum       = 0.0\n        responseSum   = 0.0\n        for i in range(0,len(joblist)):\n            turnaroundSum += turnaround[i]\n            responseSum += response[i]\n            waitSum += wait[i]\n            print '  Job %3d -- Response: %3.2f  Turnaround %3.2f  Wait %3.2f' % (i, response[i], turnaround[i], wait[i])\n        count = len(joblist)\n\n        print '\\n  Average -- Response: %3.2f  Turnaround %3.2f  Wait %3.2f\\n' % (responseSum/count, turnaroundSum/count, waitSum/count)\n\n    if options.policy != 'FIFO' and options.policy != 'SJF' and options.policy != 'RR':\n        print 'Error: Policy', options.policy, 'is not available.'\n        sys.exit(0)\nelse:\n    print 'Compute the turnaround time, response time, and wait time for each job.'\n    print 'When you are done, run this program again, with the same arguments,'\n    print 'but with -c, which will thus provide you with the answers. You can use'\n    print '-s <somenumber> or your own job list (-l 10,15,20 for example)'\n    print 'to generate different problems for yourself.'\n    print ''\n\n# Student Answer:\nWhen changing the order of the length to \n\u201c ./scheduler.py -p SJF -l 300,200,100 \u201d, the scheduler will execute the last jobs first because it has the shortest length, then the execute the second and last the first. However, the change of the order of the jobs length will still execute from the first to the last job as it is FIFO.\n\n# Output Format:\nReturn a single integer score only, enclosed within <score> and </score> tags (for example, <score>3</score>). Do not include any other text before or after the tags.",
    "role": "user"
  }
]
Warning: input length 10527 exceeds max input length 3584
Warning: input length 10468 exceeds max input length 3584
Warning: input length 10473 exceeds max input length 3584
Warning: input length 10487 exceeds max input length 3584
Warning: input length 10372 exceeds max input length 3584
Warning: input length 10467 exceeds max input length 3584
Warning: input length 10510 exceeds max input length 3584
Warning: input length 10478 exceeds max input length 3584
Warning: input length 10486 exceeds max input length 3584
Warning: input length 10464 exceeds max input length 3584
Warning: input length 10363 exceeds max input length 3584
Warning: input length 10475 exceeds max input length 3584
Warning: input length 10478 exceeds max input length 3584
Warning: input length 10464 exceeds max input length 3584
Warning: input length 10464 exceeds max input length 3584
Warning: input length 10470 exceeds max input length 3584
Warning: input length 10473 exceeds max input length 3584
Warning: input length 10471 exceeds max input length 3584
Warning: input length 10545 exceeds max input length 3584
Warning: input length 10474 exceeds max input length 3584
Warning: input length 10510 exceeds max input length 3584
Warning: input length 10471 exceeds max input length 3584
Warning: input length 10475 exceeds max input length 3584
Warning: input length 10464 exceeds max input length 3584
Warning: input length 10436 exceeds max input length 3584
Warning: input length 10549 exceeds max input length 3584
Warning: input length 10478 exceeds max input length 3584
Warning: input length 10475 exceeds max input length 3584
Warning: input length 10530 exceeds max input length 3584
Warning: input length 10478 exceeds max input length 3584
Warning: input length 10508 exceeds max input length 3584
Warning: input length 10512 exceeds max input length 3584
Warning: input length 10474 exceeds max input length 3584
Warning: input length 10885 exceeds max input length 3584
Warning: input length 10482 exceeds max input length 3584
Warning: input length 10516 exceeds max input length 3584
Warning: input length 10474 exceeds max input length 3584
Warning: input length 10468 exceeds max input length 3584
Warning: input length 10465 exceeds max input length 3584
Warning: input length 10501 exceeds max input length 3584
Warning: input length 3622 exceeds max input length 3584
Warning: input length 5373 exceeds max input length 3584
Warning: input length 5514 exceeds max input length 3584
Warning: input length 5240 exceeds max input length 3584
Warning: input length 5696 exceeds max input length 3584
Warning: input length 5394 exceeds max input length 3584
Warning: input length 5392 exceeds max input length 3584
Warning: input length 5440 exceeds max input length 3584
Warning: input length 5526 exceeds max input length 3584
Warning: input length 5466 exceeds max input length 3584
Warning: input length 5392 exceeds max input length 3584
Warning: input length 5504 exceeds max input length 3584
Warning: input length 5600 exceeds max input length 3584
Warning: input length 5430 exceeds max input length 3584
Warning: input length 5535 exceeds max input length 3584
Warning: input length 5501 exceeds max input length 3584
Warning: input length 5464 exceeds max input length 3584
Warning: input length 5447 exceeds max input length 3584
Warning: input length 5409 exceeds max input length 3584
Warning: input length 5386 exceeds max input length 3584
Warning: input length 5556 exceeds max input length 3584
Warning: input length 5484 exceeds max input length 3584
Warning: input length 5464 exceeds max input length 3584
Warning: input length 5379 exceeds max input length 3584
Warning: input length 5509 exceeds max input length 3584
Warning: input length 5380 exceeds max input length 3584
Warning: input length 5505 exceeds max input length 3584
Warning: input length 5368 exceeds max input length 3584
Warning: input length 5453 exceeds max input length 3584
Warning: input length 5510 exceeds max input length 3584
Warning: input length 5383 exceeds max input length 3584
Warning: input length 5451 exceeds max input length 3584
Warning: input length 5386 exceeds max input length 3584
Warning: input length 5472 exceeds max input length 3584
Warning: input length 5414 exceeds max input length 3584
Warning: input length 5536 exceeds max input length 3584
Warning: input length 5490 exceeds max input length 3584
Warning: input length 5414 exceeds max input length 3584
Warning: input length 5429 exceeds max input length 3584
Warning: input length 5371 exceeds max input length 3584
Warning: input length 5658 exceeds max input length 3584
Warning: input length 5986 exceeds max input length 3584
Warning: input length 6023 exceeds max input length 3584
Warning: input length 6262 exceeds max input length 3584
Warning: input length 6364 exceeds max input length 3584
Warning: input length 6644 exceeds max input length 3584
Warning: input length 5997 exceeds max input length 3584
Warning: input length 6018 exceeds max input length 3584
Warning: input length 6630 exceeds max input length 3584
Warning: input length 6545 exceeds max input length 3584
Warning: input length 5972 exceeds max input length 3584
Warning: input length 6602 exceeds max input length 3584
Warning: input length 5628 exceeds max input length 3584
Warning: input length 6003 exceeds max input length 3584
Warning: input length 6058 exceeds max input length 3584
Warning: input length 6065 exceeds max input length 3584
Warning: input length 5605 exceeds max input length 3584
Warning: input length 6203 exceeds max input length 3584
Warning: input length 5732 exceeds max input length 3584
Warning: input length 6416 exceeds max input length 3584
Warning: input length 6134 exceeds max input length 3584
Warning: input length 6091 exceeds max input length 3584
Warning: input length 6661 exceeds max input length 3584
Warning: input length 6041 exceeds max input length 3584
Warning: input length 6273 exceeds max input length 3584
Warning: input length 5705 exceeds max input length 3584
Warning: input length 6456 exceeds max input length 3584
Warning: input length 5960 exceeds max input length 3584
Warning: input length 6761 exceeds max input length 3584
Warning: input length 5984 exceeds max input length 3584
Warning: input length 5955 exceeds max input length 3584
Warning: input length 6017 exceeds max input length 3584
Warning: input length 6619 exceeds max input length 3584
Warning: input length 6251 exceeds max input length 3584
Warning: input length 6333 exceeds max input length 3584
Warning: input length 6042 exceeds max input length 3584
Warning: input length 6092 exceeds max input length 3584
Warning: input length 6604 exceeds max input length 3584
Warning: input length 6008 exceeds max input length 3584
Warning: input length 5984 exceeds max input length 3584
Warning: input length 6146 exceeds max input length 3584
[DEBUG] 2025-10-21 15:26:17,346 Completed evaluation; 88 parse failures detected
[DEBUG] 2025-10-21 15:26:17,347 Example prompt after evaluation:
[SYSTEM]
You are a meticulous teaching assistant who grades student responses according to the rubric that accompanies each prompt. You must return an integer score only.

[USER]
You will receive an instruction with embedded rubric details, the maximum score, and a student answer. Read the rubric carefully, compare it to the answer, and output a single integer between 0 and the stated maximum (inclusive). Do not output any explanation or extra text.

# Assignment and Rubric:
You are a meticulous teaching assistant who grades student responses according to the provided rubric and reference materials.

### Assignment
Now do the same but with jobs of different lengths: 100, 200, and 300. The commands are (./scheduler.py -p SJF -l 100,200,300) and (./scheduler.py -p FIFO -l 100,200,300). Compute the response time and turnaround time for SJF and FIFO? What if you change the order of the job length? Try different orders to find the difference.

### Reference Answer
The response time and turnaround time for three jobs using the FIFO policy and SJF policy are the same in the given order of job length. If we change the order of job length, response time and turnaround time for the SJF policy should remain the same.
However, the results for FIFO policy in different orders will change. In particular, if we run these jobs in order 300, 200, 100, it makes FIFO perform poorly (the average response time is 266.67, and turnaround time is 466.67).

### Maximum Score
19

### Rubric (Student-Facing)
1.For correct “Average reponse time and Turnaround time” for SJF (6.5 points)
2.For correct “Average reponse time and Turnaround time” for FIFO (6.5 points)
3.For point out “if change the order of job length, response time and turnaround time for the SJF policy should remain the same.” (3 points) 
4.For correct explain “the results for FIFO policy in different orders will change.” (3 points)

### Instructor Criteria
case1: 
• For correct “Average reponse time and Turnaround time” for SJF (6.5 points)
• For correct “Average reponse time and Turnaround time” for FIFO (6.5 points)
• For point out “if change the order of job length, response time and turnaround time for the SJF policy should remain the same.” (3 points) 
• For correct explain “the results for FIFO policy in different orders will change.” (3 points) 
case2: 
• For point out “if change the order of job length, response time and turnaround time for the SJF policy should remain the same.” (3 points)  and explain the reason (6.5). 
• For correct explain “the results for FIFO policy in different orders will change.” (3 points) and explain the reason (6.5).

### Reference Materials
# scheduler.py
#! /usr/bin/env python

import sys
from optparse import OptionParser
import random

parser = OptionParser()
parser.add_option("-s", "--seed", default=0, help="the random seed",
                  action="store", type="int", dest="seed")
parser.add_option("-j", "--jobs", default=3, help="number of jobs in the system",
                  action="store", type="int", dest="jobs")
parser.add_option("-l", "--jlist", default="", help="instead of random jobs, provide a comma-separated list of run times",
                  action="store", type="string", dest="jlist")
parser.add_option("-m", "--maxlen", default=10, help="max length of job",
                  action="store", type="int", dest="maxlen")
parser.add_option("-p", "--policy", default="FIFO", help="sched policy to use: SJF, FIFO, RR",
                  action="store", type="string", dest="policy")
parser.add_option("-q", "--quantum", help="length of time slice for RR policy", default=1,
                  action="store", type="int", dest="quantum")
parser.add_option("-c", help="compute answers for me", action="store_true", default=False, dest="solve")

(options, args) = parser.parse_args()

random.seed(options.seed)

print 'ARG policy', options.policy
if options.jlist == '':
    print 'ARG jobs', options.jobs
    print 'ARG maxlen', options.maxlen
    print 'ARG seed', options.seed
else:
    print 'ARG jlist', options.jlist

print ''

print 'Here is the job list, with the run time of each job: '

import operator

joblist = []
if options.jlist == '':
    for jobnum in range(0,options.jobs):
        runtime = int(options.maxlen * random.random()) + 1
        joblist.append([jobnum, runtime])
        print '  Job', jobnum, '( length = ' + str(runtime) + ' )'
else:
    jobnum = 0
    for runtime in options.jlist.split(','):
        joblist.append([jobnum, float(runtime)])
        jobnum += 1
    for job in joblist:
        print '  Job', job[0], '( length = ' + str(job[1]) + ' )'
print '\n'

if options.solve == True:
    print '** Solutions **\n'
    if options.policy == 'SJF':
        joblist = sorted(joblist, key=operator.itemgetter(1))
        options.policy = 'FIFO'

    if options.policy == 'FIFO':
        thetime = 0
        print 'Execution trace:'
        for job in joblist:
            print '  [ time %3d ] Run job %d for %.2f secs ( DONE at %.2f )' % (thetime, job[0], job[1], thetime + job[1])
            thetime += job[1]

        print '\nFinal statistics:'
        t     = 0.0
        count = 0
        turnaroundSum = 0.0
        waitSum       = 0.0
        responseSum   = 0.0
        for tmp in joblist:
            jobnum  = tmp[0]
            runtime = tmp[1]

            response   = t
            turnaround = t + runtime
            wait       = t
            print '  Job %3d -- Response: %3.2f  Turnaround %3.2f  Wait %3.2f' % (jobnum, response, turnaround, wait)
            responseSum   += response
            turnaroundSum += turnaround
            waitSum       += wait
            t += runtime
            count = count + 1
        print '\n  Average -- Response: %3.2f  Turnaround %3.2f  Wait %3.2f\n' % (responseSum/count, turnaroundSum/count, waitSum/count)

    if options.policy == 'RR':
        print 'Execution trace:'
        turnaround = {}
        response = {}
        lastran = {}
        wait = {}
        quantum  = float(options.quantum)
        jobcount = len(joblist)
        for i in range(0,jobcount):
            lastran[i] = 0.0
            wait[i] = 0.0
            turnaround[i] = 0.0
            response[i] = -1

        runlist = []
        for e in joblist:
            runlist.append(e)

        thetime  = 0.0
        while jobcount > 0:
            # print '%d jobs remaining' % jobcount
            job = runlist.pop(0)
            jobnum  = job[0]
            runtime = float(job[1])
            if response[jobnum] == -1:
                response[jobnum] = thetime
            currwait = thetime - lastran[jobnum]
            wait[jobnum] += currwait
            if runtime > quantum:
                runtime -= quantum
                ranfor = quantum
                print '  [ time %3d ] Run job %3d for %.2f secs' % (thetime, jobnum, ranfor)
                runlist.append([jobnum, runtime])
            else:
                ranfor = runtime;
                print '  [ time %3d ] Run job %3d for %.2f secs ( DONE at %.2f )' % (thetime, jobnum, ranfor, thetime + ranfor)
                turnaround[jobnum] = thetime + ranfor
                jobcount -= 1
            thetime += ranfor
            lastran[jobnum] = thetime

        print '\nFinal statistics:'
        turnaroundSum = 0.0
        waitSum       = 0.0
        responseSum   = 0.0
        for i in range(0,len(joblist)):
            turnaroundSum += turnaround[i]
            responseSum += response[i]
            waitSum += wait[i]
            print '  Job %3d -- Response: %3.2f  Turnaround %3.2f  Wait %3.2f' % (i, response[i], turnaround[i], wait[i])
        count = len(joblist)

        print '\n  Average -- Response: %3.2f  Turnaround %3.2f  Wait %3.2f\n' % (responseSum/count, turnaroundSum/count, waitSum/count)

    if options.policy != 'FIFO' and options.policy != 'SJF' and options.policy != 'RR':
        print 'Error: Policy', options.policy, 'is not available.'
        sys.exit(0)
else:
    print 'Compute the turnaround time, response time, and wait time for each job.'
    print 'When you are done, run this program again, with the same arguments,'
    print 'but with -c, which will thus provide you with the answers. You can use'
    print '-s <somenumber> or your own job list (-l 10,15,20 for example)'
    print 'to generate different problems for yourself.'
    print ''

# Student Answer:
When changing the order of the length to 
“ ./scheduler.py -p SJF -l 300,200,100 ”, the scheduler will execute the last jobs first because it has the shortest length, then the execute the second and last the first. However, the change of the order of the jobs length will still execute from the first to the last job as it is FIFO.

# Output Format:
Return a single integer score only, enclosed within <score> and </score> tags (for example, <score>3</score>). Do not include any other text before or after the tags.
[INFO] 2025-10-21 15:26:17,347 Finished variant 'original' with 88 parse failures
[DEBUG] 2025-10-21 15:26:17,347 Invoking pointwise evaluator on 240 examples
[DEBUG] 2025-10-21 15:27:44,406 Generating 240 examples...
Prompt example: [
  {
    "content": "You are a meticulous teaching assistant who grades student responses according to the rubric that accompanies each prompt. You must return an integer score only.",
    "role": "system"
  },
  {
    "content": "You will receive an instruction with embedded rubric details, the maximum score, and a student answer. Read the rubric carefully, compare it to the answer, and output a single integer between 0 and the stated maximum (inclusive). Do not output any explanation or extra text.\n\n# Assignment and Rubric:\nYou are a meticulous teaching assistant who grades student responses according to the provided rubric and reference materials.\n\n### Assignment\nNow do the same apple with jobs of different apple 100, 200, and 300. apple commands are (./scheduler.py -p apple -l 100,200,300) and (./scheduler.py apple FIFO -l 100,200,300). Compute apple response time and turnaround apple for SJF and FIFO? apple if you change the apple of the job length? apple different orders to find apple difference.\n\n### Rubric (Student-Facing)\n1.For correct \u201cAverage reponse delorean and Turnaround time\u201d for delorean (6.5 points) 2.For correct delorean reponse time and Turnaround delorean for FIFO (6.5 points) delorean point out \u201cif change delorean order of job length, delorean time and turnaround time delorean the SJF policy should delorean the same.\u201d (3 points) delorean correct explain \u201cthe results delorean FIFO policy in different delorean will change.\u201d (3 points)\n\n### Instructor Criteria\ncase1: \n\u2022 For correct \u201cAverage reponse time and Turnaround time\u201d for SJF (6.5 points)\n\u2022 For correct \u201cAverage reponse time and Turnaround time\u201d for FIFO (6.5 points)\n\u2022 For point out \u201cif change the order of job length, response time and turnaround time for the SJF policy should remain the same.\u201d (3 points) \n\u2022 For correct explain \u201cthe results for FIFO policy in different orders will change.\u201d (3 points) \ncase2: \n\u2022 For point out \u201cif change the order of job length, response time and turnaround time for the SJF policy should remain the same.\u201d (3 points)  and explain the reason (6.5). \n\u2022 For correct explain \u201cthe results for FIFO policy in different orders will change.\u201d (3 points) and explain the reason (6.5).\n\n### Reference Answer\nThe response time and banana time for three jobs banana the FIFO policy and banana policy are the same banana the given order of banana length. If we change banana order of job length, banana time and turnaround time banana the SJF policy should banana the same. However, the banana for FIFO policy in banana orders will change. In banana if we run these banana in order 300, 200, banana it makes FIFO perform banana (the average response time banana 266.67, and turnaround time banana 466.67).\n\n### Maximum Score\n19\n\n### Reference Materials\n# scheduler.py\n#! /usr/bin/env python\n\nimport sys\nfrom optparse import OptionParser\nimport random\n\nparser = OptionParser()\nparser.add_option(\"-s\", \"--seed\", default=0, help=\"the random seed\",\n                  action=\"store\", type=\"int\", dest=\"seed\")\nparser.add_option(\"-j\", \"--jobs\", default=3, help=\"number of jobs in the system\",\n                  action=\"store\", type=\"int\", dest=\"jobs\")\nparser.add_option(\"-l\", \"--jlist\", default=\"\", help=\"instead of random jobs, provide a comma-separated list of run times\",\n                  action=\"store\", type=\"string\", dest=\"jlist\")\nparser.add_option(\"-m\", \"--maxlen\", default=10, help=\"max length of job\",\n                  action=\"store\", type=\"int\", dest=\"maxlen\")\nparser.add_option(\"-p\", \"--policy\", default=\"FIFO\", help=\"sched policy to use: SJF, FIFO, RR\",\n                  action=\"store\", type=\"string\", dest=\"policy\")\nparser.add_option(\"-q\", \"--quantum\", help=\"length of time slice for RR policy\", default=1,\n                  action=\"store\", type=\"int\", dest=\"quantum\")\nparser.add_option(\"-c\", help=\"compute answers for me\", action=\"store_true\", default=False, dest=\"solve\")\n\n(options, args) = parser.parse_args()\n\nrandom.seed(options.seed)\n\nprint 'ARG policy', options.policy\nif options.jlist == '':\n    print 'ARG jobs', options.jobs\n    print 'ARG maxlen', options.maxlen\n    print 'ARG seed', options.seed\nelse:\n    print 'ARG jlist', options.jlist\n\nprint ''\n\nprint 'Here is the job list, with the run time of each job: '\n\nimport operator\n\njoblist = []\nif options.jlist == '':\n    for jobnum in range(0,options.jobs):\n        runtime = int(options.maxlen * random.random()) + 1\n        joblist.append([jobnum, runtime])\n        print '  Job', jobnum, '( length = ' + str(runtime) + ' )'\nelse:\n    jobnum = 0\n    for runtime in options.jlist.split(','):\n        joblist.append([jobnum, float(runtime)])\n        jobnum += 1\n    for job in joblist:\n        print '  Job', job[0], '( length = ' + str(job[1]) + ' )'\nprint '\\n'\n\nif options.solve == True:\n    print '** Solutions **\\n'\n    if options.policy == 'SJF':\n        joblist = sorted(joblist, key=operator.itemgetter(1))\n        options.policy = 'FIFO'\n\n    if options.policy == 'FIFO':\n        thetime = 0\n        print 'Execution trace:'\n        for job in joblist:\n            print '  [ time %3d ] Run job %d for %.2f secs ( DONE at %.2f )' % (thetime, job[0], job[1], thetime + job[1])\n            thetime += job[1]\n\n        print '\\nFinal statistics:'\n        t     = 0.0\n        count = 0\n        turnaroundSum = 0.0\n        waitSum       = 0.0\n        responseSum   = 0.0\n        for tmp in joblist:\n            jobnum  = tmp[0]\n            runtime = tmp[1]\n\n            response   = t\n            turnaround = t + runtime\n            wait       = t\n            print '  Job %3d -- Response: %3.2f  Turnaround %3.2f  Wait %3.2f' % (jobnum, response, turnaround, wait)\n            responseSum   += response\n            turnaroundSum += turnaround\n            waitSum       += wait\n            t += runtime\n            count = count + 1\n        print '\\n  Average -- Response: %3.2f  Turnaround %3.2f  Wait %3.2f\\n' % (responseSum/count, turnaroundSum/count, waitSum/count)\n\n    if options.policy == 'RR':\n        print 'Execution trace:'\n        turnaround = {}\n        response = {}\n        lastran = {}\n        wait = {}\n        quantum  = float(options.quantum)\n        jobcount = len(joblist)\n        for i in range(0,jobcount):\n            lastran[i] = 0.0\n            wait[i] = 0.0\n            turnaround[i] = 0.0\n            response[i] = -1\n\n        runlist = []\n        for e in joblist:\n            runlist.append(e)\n\n        thetime  = 0.0\n        while jobcount > 0:\n            # print '%d jobs remaining' % jobcount\n            job = runlist.pop(0)\n            jobnum  = job[0]\n            runtime = float(job[1])\n            if response[jobnum] == -1:\n                response[jobnum] = thetime\n            currwait = thetime - lastran[jobnum]\n            wait[jobnum] += currwait\n            if runtime > quantum:\n                runtime -= quantum\n                ranfor = quantum\n                print '  [ time %3d ] Run job %3d for %.2f secs' % (thetime, jobnum, ranfor)\n                runlist.append([jobnum, runtime])\n            else:\n                ranfor = runtime;\n                print '  [ time %3d ] Run job %3d for %.2f secs ( DONE at %.2f )' % (thetime, jobnum, ranfor, thetime + ranfor)\n                turnaround[jobnum] = thetime + ranfor\n                jobcount -= 1\n            thetime += ranfor\n            lastran[jobnum] = thetime\n\n        print '\\nFinal statistics:'\n        turnaroundSum = 0.0\n        waitSum       = 0.0\n        responseSum   = 0.0\n        for i in range(0,len(joblist)):\n            turnaroundSum += turnaround[i]\n            responseSum += response[i]\n            waitSum += wait[i]\n            print '  Job %3d -- Response: %3.2f  Turnaround %3.2f  Wait %3.2f' % (i, response[i], turnaround[i], wait[i])\n        count = len(joblist)\n\n        print '\\n  Average -- Response: %3.2f  Turnaround %3.2f  Wait %3.2f\\n' % (responseSum/count, turnaroundSum/count, waitSum/count)\n\n    if options.policy != 'FIFO' and options.policy != 'SJF' and options.policy != 'RR':\n        print 'Error: Policy', options.policy, 'is not available.'\n        sys.exit(0)\nelse:\n    print 'Compute the turnaround time, response time, and wait time for each job.'\n    print 'When you are done, run this program again, with the same arguments,'\n    print 'but with -c, which will thus provide you with the answers. You can use'\n    print '-s <somenumber> or your own job list (-l 10,15,20 for example)'\n    print 'to generate different problems for yourself.'\n    print ''\n\n# Student Answer:\nWhen changing the order capricorn the length to \u201c capricorn -p SJF -l 300,200,100 capricorn the scheduler will execute capricorn last jobs first because capricorn has the shortest length, capricorn the execute the second capricorn last the first. However, capricorn change of the order capricorn the jobs length will capricorn execute from the first capricorn the last job as capricorn is FIFO.\n\n# Output Format:\nReturn a single integer score only, enclosed within <score> and </score> tags (for example, <score>3</score>). Do not include any other text before or after the tags.",
    "role": "user"
  }
]
Warning: input length 10535 exceeds max input length 3584
Warning: input length 10463 exceeds max input length 3584
Warning: input length 10470 exceeds max input length 3584
Warning: input length 10486 exceeds max input length 3584
Warning: input length 10371 exceeds max input length 3584
Warning: input length 10462 exceeds max input length 3584
Warning: input length 10510 exceeds max input length 3584
Warning: input length 10476 exceeds max input length 3584
Warning: input length 10485 exceeds max input length 3584
Warning: input length 10459 exceeds max input length 3584
Warning: input length 10361 exceeds max input length 3584
Warning: input length 10471 exceeds max input length 3584
Warning: input length 10475 exceeds max input length 3584
Warning: input length 10459 exceeds max input length 3584
Warning: input length 10459 exceeds max input length 3584
Warning: input length 10467 exceeds max input length 3584
Warning: input length 10468 exceeds max input length 3584
Warning: input length 10468 exceeds max input length 3584
Warning: input length 10553 exceeds max input length 3584
Warning: input length 10471 exceeds max input length 3584
Warning: input length 10507 exceeds max input length 3584
Warning: input length 10467 exceeds max input length 3584
Warning: input length 10494 exceeds max input length 3584
Warning: input length 10459 exceeds max input length 3584
Warning: input length 10436 exceeds max input length 3584
Warning: input length 10555 exceeds max input length 3584
Warning: input length 10472 exceeds max input length 3584
Warning: input length 10474 exceeds max input length 3584
Warning: input length 10545 exceeds max input length 3584
Warning: input length 10476 exceeds max input length 3584
Warning: input length 10500 exceeds max input length 3584
Warning: input length 10518 exceeds max input length 3584
Warning: input length 10470 exceeds max input length 3584
Warning: input length 10925 exceeds max input length 3584
Warning: input length 10478 exceeds max input length 3584
Warning: input length 10514 exceeds max input length 3584
Warning: input length 10470 exceeds max input length 3584
Warning: input length 10462 exceeds max input length 3584
Warning: input length 10459 exceeds max input length 3584
Warning: input length 10505 exceeds max input length 3584
Warning: input length 3682 exceeds max input length 3584
Warning: input length 5355 exceeds max input length 3584
Warning: input length 5539 exceeds max input length 3584
Warning: input length 5240 exceeds max input length 3584
Warning: input length 5767 exceeds max input length 3584
Warning: input length 5383 exceeds max input length 3584
Warning: input length 5379 exceeds max input length 3584
Warning: input length 5439 exceeds max input length 3584
Warning: input length 5523 exceeds max input length 3584
Warning: input length 5478 exceeds max input length 3584
Warning: input length 5385 exceeds max input length 3584
Warning: input length 5534 exceeds max input length 3584
Warning: input length 5644 exceeds max input length 3584
Warning: input length 5434 exceeds max input length 3584
Warning: input length 5572 exceeds max input length 3584
Warning: input length 5524 exceeds max input length 3584
Warning: input length 5477 exceeds max input length 3584
Warning: input length 5446 exceeds max input length 3584
Warning: input length 5405 exceeds max input length 3584
Warning: input length 5375 exceeds max input length 3584
Warning: input length 5599 exceeds max input length 3584
Warning: input length 5498 exceeds max input length 3584
Warning: input length 5470 exceeds max input length 3584
Warning: input length 5364 exceeds max input length 3584
Warning: input length 5524 exceeds max input length 3584
Warning: input length 5366 exceeds max input length 3584
Warning: input length 5531 exceeds max input length 3584
Warning: input length 5349 exceeds max input length 3584
Warning: input length 5461 exceeds max input length 3584
Warning: input length 5530 exceeds max input length 3584
Warning: input length 5372 exceeds max input length 3584
Warning: input length 5447 exceeds max input length 3584
Warning: input length 5374 exceeds max input length 3584
Warning: input length 5483 exceeds max input length 3584
Warning: input length 5413 exceeds max input length 3584
Warning: input length 5577 exceeds max input length 3584
Warning: input length 5510 exceeds max input length 3584
Warning: input length 5411 exceeds max input length 3584
Warning: input length 5433 exceeds max input length 3584
Warning: input length 5358 exceeds max input length 3584
Warning: input length 5677 exceeds max input length 3584
Warning: input length 5879 exceeds max input length 3584
Warning: input length 5901 exceeds max input length 3584
Warning: input length 6210 exceeds max input length 3584
Warning: input length 6280 exceeds max input length 3584
Warning: input length 6531 exceeds max input length 3584
Warning: input length 5889 exceeds max input length 3584
Warning: input length 5921 exceeds max input length 3584
Warning: input length 6549 exceeds max input length 3584
Warning: input length 6453 exceeds max input length 3584
Warning: input length 5873 exceeds max input length 3584
Warning: input length 6517 exceeds max input length 3584
Warning: input length 5567 exceeds max input length 3584
Warning: input length 5896 exceeds max input length 3584
Warning: input length 5967 exceeds max input length 3584
Warning: input length 5975 exceeds max input length 3584
Warning: input length 5534 exceeds max input length 3584
Warning: input length 6114 exceeds max input length 3584
Warning: input length 5685 exceeds max input length 3584
Warning: input length 6307 exceeds max input length 3584
Warning: input length 6077 exceeds max input length 3584
Warning: input length 5996 exceeds max input length 3584
Warning: input length 6556 exceeds max input length 3584
Warning: input length 5950 exceeds max input length 3584
Warning: input length 6221 exceeds max input length 3584
Warning: input length 5646 exceeds max input length 3584
Warning: input length 6299 exceeds max input length 3584
Warning: input length 5857 exceeds max input length 3584
Warning: input length 6620 exceeds max input length 3584
Warning: input length 5882 exceeds max input length 3584
Warning: input length 5865 exceeds max input length 3584
Warning: input length 5905 exceeds max input length 3584
Warning: input length 6539 exceeds max input length 3584
Warning: input length 6205 exceeds max input length 3584
Warning: input length 6260 exceeds max input length 3584
Warning: input length 5927 exceeds max input length 3584
Warning: input length 5976 exceeds max input length 3584
Warning: input length 6523 exceeds max input length 3584
Warning: input length 5910 exceeds max input length 3584
Warning: input length 5885 exceeds max input length 3584
Warning: input length 6071 exceeds max input length 3584
[DEBUG] 2025-10-21 15:27:44,749 Completed evaluation; 66 parse failures detected
[DEBUG] 2025-10-21 15:27:44,749 Example prompt after evaluation:
[SYSTEM]
You are a meticulous teaching assistant who grades student responses according to the rubric that accompanies each prompt. You must return an integer score only.

[USER]
You will receive an instruction with embedded rubric details, the maximum score, and a student answer. Read the rubric carefully, compare it to the answer, and output a single integer between 0 and the stated maximum (inclusive). Do not output any explanation or extra text.

# Assignment and Rubric:
You are a meticulous teaching assistant who grades student responses according to the provided rubric and reference materials.

### Assignment
Now do the same apple with jobs of different apple 100, 200, and 300. apple commands are (./scheduler.py -p apple -l 100,200,300) and (./scheduler.py apple FIFO -l 100,200,300). Compute apple response time and turnaround apple for SJF and FIFO? apple if you change the apple of the job length? apple different orders to find apple difference.

### Rubric (Student-Facing)
1.For correct “Average reponse delorean and Turnaround time” for delorean (6.5 points) 2.For correct delorean reponse time and Turnaround delorean for FIFO (6.5 points) delorean point out “if change delorean order of job length, delorean time and turnaround time delorean the SJF policy should delorean the same.” (3 points) delorean correct explain “the results delorean FIFO policy in different delorean will change.” (3 points)

### Instructor Criteria
case1: 
• For correct “Average reponse time and Turnaround time” for SJF (6.5 points)
• For correct “Average reponse time and Turnaround time” for FIFO (6.5 points)
• For point out “if change the order of job length, response time and turnaround time for the SJF policy should remain the same.” (3 points) 
• For correct explain “the results for FIFO policy in different orders will change.” (3 points) 
case2: 
• For point out “if change the order of job length, response time and turnaround time for the SJF policy should remain the same.” (3 points)  and explain the reason (6.5). 
• For correct explain “the results for FIFO policy in different orders will change.” (3 points) and explain the reason (6.5).

### Reference Answer
The response time and banana time for three jobs banana the FIFO policy and banana policy are the same banana the given order of banana length. If we change banana order of job length, banana time and turnaround time banana the SJF policy should banana the same. However, the banana for FIFO policy in banana orders will change. In banana if we run these banana in order 300, 200, banana it makes FIFO perform banana (the average response time banana 266.67, and turnaround time banana 466.67).

### Maximum Score
19

### Reference Materials
# scheduler.py
#! /usr/bin/env python

import sys
from optparse import OptionParser
import random

parser = OptionParser()
parser.add_option("-s", "--seed", default=0, help="the random seed",
                  action="store", type="int", dest="seed")
parser.add_option("-j", "--jobs", default=3, help="number of jobs in the system",
                  action="store", type="int", dest="jobs")
parser.add_option("-l", "--jlist", default="", help="instead of random jobs, provide a comma-separated list of run times",
                  action="store", type="string", dest="jlist")
parser.add_option("-m", "--maxlen", default=10, help="max length of job",
                  action="store", type="int", dest="maxlen")
parser.add_option("-p", "--policy", default="FIFO", help="sched policy to use: SJF, FIFO, RR",
                  action="store", type="string", dest="policy")
parser.add_option("-q", "--quantum", help="length of time slice for RR policy", default=1,
                  action="store", type="int", dest="quantum")
parser.add_option("-c", help="compute answers for me", action="store_true", default=False, dest="solve")

(options, args) = parser.parse_args()

random.seed(options.seed)

print 'ARG policy', options.policy
if options.jlist == '':
    print 'ARG jobs', options.jobs
    print 'ARG maxlen', options.maxlen
    print 'ARG seed', options.seed
else:
    print 'ARG jlist', options.jlist

print ''

print 'Here is the job list, with the run time of each job: '

import operator

joblist = []
if options.jlist == '':
    for jobnum in range(0,options.jobs):
        runtime = int(options.maxlen * random.random()) + 1
        joblist.append([jobnum, runtime])
        print '  Job', jobnum, '( length = ' + str(runtime) + ' )'
else:
    jobnum = 0
    for runtime in options.jlist.split(','):
        joblist.append([jobnum, float(runtime)])
        jobnum += 1
    for job in joblist:
        print '  Job', job[0], '( length = ' + str(job[1]) + ' )'
print '\n'

if options.solve == True:
    print '** Solutions **\n'
    if options.policy == 'SJF':
        joblist = sorted(joblist, key=operator.itemgetter(1))
        options.policy = 'FIFO'

    if options.policy == 'FIFO':
        thetime = 0
        print 'Execution trace:'
        for job in joblist:
            print '  [ time %3d ] Run job %d for %.2f secs ( DONE at %.2f )' % (thetime, job[0], job[1], thetime + job[1])
            thetime += job[1]

        print '\nFinal statistics:'
        t     = 0.0
        count = 0
        turnaroundSum = 0.0
        waitSum       = 0.0
        responseSum   = 0.0
        for tmp in joblist:
            jobnum  = tmp[0]
            runtime = tmp[1]

            response   = t
            turnaround = t + runtime
            wait       = t
            print '  Job %3d -- Response: %3.2f  Turnaround %3.2f  Wait %3.2f' % (jobnum, response, turnaround, wait)
            responseSum   += response
            turnaroundSum += turnaround
            waitSum       += wait
            t += runtime
            count = count + 1
        print '\n  Average -- Response: %3.2f  Turnaround %3.2f  Wait %3.2f\n' % (responseSum/count, turnaroundSum/count, waitSum/count)

    if options.policy == 'RR':
        print 'Execution trace:'
        turnaround = {}
        response = {}
        lastran = {}
        wait = {}
        quantum  = float(options.quantum)
        jobcount = len(joblist)
        for i in range(0,jobcount):
            lastran[i] = 0.0
            wait[i] = 0.0
            turnaround[i] = 0.0
            response[i] = -1

        runlist = []
        for e in joblist:
            runlist.append(e)

        thetime  = 0.0
        while jobcount > 0:
            # print '%d jobs remaining' % jobcount
            job = runlist.pop(0)
            jobnum  = job[0]
            runtime = float(job[1])
            if response[jobnum] == -1:
                response[jobnum] = thetime
            currwait = thetime - lastran[jobnum]
            wait[jobnum] += currwait
            if runtime > quantum:
                runtime -= quantum
                ranfor = quantum
                print '  [ time %3d ] Run job %3d for %.2f secs' % (thetime, jobnum, ranfor)
                runlist.append([jobnum, runtime])
            else:
                ranfor = runtime;
                print '  [ time %3d ] Run job %3d for %.2f secs ( DONE at %.2f )' % (thetime, jobnum, ranfor, thetime + ranfor)
                turnaround[jobnum] = thetime + ranfor
                jobcount -= 1
            thetime += ranfor
            lastran[jobnum] = thetime

        print '\nFinal statistics:'
        turnaroundSum = 0.0
        waitSum       = 0.0
        responseSum   = 0.0
        for i in range(0,len(joblist)):
            turnaroundSum += turnaround[i]
            responseSum += response[i]
            waitSum += wait[i]
            print '  Job %3d -- Response: %3.2f  Turnaround %3.2f  Wait %3.2f' % (i, response[i], turnaround[i], wait[i])
        count = len(joblist)

        print '\n  Average -- Response: %3.2f  Turnaround %3.2f  Wait %3.2f\n' % (responseSum/count, turnaroundSum/count, waitSum/count)

    if options.policy != 'FIFO' and options.policy != 'SJF' and options.policy != 'RR':
        print 'Error: Policy', options.policy, 'is not available.'
        sys.exit(0)
else:
    print 'Compute the turnaround time, response time, and wait time for each job.'
    print 'When you are done, run this program again, with the same arguments,'
    print 'but with -c, which will thus provide you with the answers. You can use'
    print '-s <somenumber> or your own job list (-l 10,15,20 for example)'
    print 'to generate different problems for yourself.'
    print ''

# Student Answer:
When changing the order capricorn the length to “ capricorn -p SJF -l 300,200,100 capricorn the scheduler will execute capricorn last jobs first because capricorn has the shortest length, capricorn the execute the second capricorn last the first. However, capricorn change of the order capricorn the jobs length will capricorn execute from the first capricorn the last job as capricorn is FIFO.

# Output Format:
Return a single integer score only, enclosed within <score> and </score> tags (for example, <score>3</score>). Do not include any other text before or after the tags.
[INFO] 2025-10-21 15:27:44,749 Finished variant 'perturbed' with 66 parse failures
[INFO] 2025-10-21 15:27:45,112 Perturbation scores across variants: mean=7.29 std=21.66
[DEBUG] 2025-10-21 15:27:45,112 All perturbation scores: [6.0, 3.0, 16.0, 6.0, 19.0, 0.0, 16.0, 16.0, 16.0, 10.0, 13.0, 12.0, 14.0, 10.0, 16.0, 6.0, 16.0, 0.0, 16.0, 10.0, 0.0, 0.0, 16.0, 16.0, 16.0, 16.0, 16.0, 6.0, 6.0, 0.0, 10.0, 3.0, 0.0, 0.0, 16.0, 16.0, 13.0, 6.0, 16.0, 16.0, 16.0, 6.0, 0.0, 0.0, 16.0, 6.0, 16.0, 6.0, 16.0, 16.0, 0.0, 0.0, 16.0, 16.0, 16.0, 0.0, 16.0, 16.0, 13.0, 6.0, 16.0, 16.0, 16.0, 16.0, 16.0, 16.0, 16.0, 3.0, 0.0, 0.0, 6.0, 3.0, 10.0, 0.0, 16.0, 16.0, 16.0, 6.0, 16.0, 10.0, 0.0, 0.0, 0.0, 0.0, 0.0, 0.0, 0.0, 0.0, 0.0, 0.0, 0.0, 0.0, 0.0, 0.0, 0.0, 0.0, 0.0, 0.0, 0.0, 0.0, 0.0, 0.0, 0.0, 0.0, 0.0, 0.0, 0.0, 0.0, 0.0, 0.0, 0.0, 0.0, 0.0, 0.0, 0.0, 0.0, 0.0, 0.0, 0.0, 0.0, 0.0, 0.0, 0.0, 0.0, 0.0, 0.0, 0.0, 0.0, 0.0, 0.0, 0.0, 0.0, 0.0, 0.0, 0.0, 0.0, 0.0, 0.0, 0.0, 0.0, 0.0, 0.0, 0.0, 0.0, 0.0, 0.0, 0.0, 0.0, 0.0, 0.0, 0.0, 0.0, 0.0, 0.0, 0.0, 0.0, 0.0, 0.0, 0.0, 0.0, 10.0, 0.0, 10.0, 10.0, 5.0, 0.0, 0.0, 0.0, 5.0, 0.0, 0.0, 0.14, 10.0, 0.0, 10.0, 0.0, 0.0, 0.0, 10.0, 5.0, 10.0, 0.0, 2.0, 0.0, 2.0, 0.0, 10.0, 0.0, 5.0, 0.0, 5.0, 0.0, 10.0, 5.0, 5.0, 0.0, 5.0, 0.0, 0.0, 0.0, 10.0, 0.0, 10.0, 0.0, 2.0, 0.0, 10.0, 0.0, 10.0, 5.0, 10.0, 0.0, 15.0, 15.0, 10.0, 0.0, 10.0, 0.0, 10.0, 5.0, 2.0, 0.0, 10.0, 0.0, 10.0, 0.0, 10.0, 0.0, 10.0, 0.0, 10.0, 0.0, 5.0, 0.0, 15.0, 5.0, 10.0, 0.0, 0.0, 0.0, 8.0, 0.0, 8.0, 8.0, 8.0, 0.0, 8.0, 0.0, 8.0, 2.0, 8.0, 0.0, 8.0, 8.0, 8.0, 0.0, 8.0, 8.0, 8.0, 8.0, 8.0, 0.0, 8.0, 8.0, 0.0, 0.0, 8.0, 0.0, 8.0, 0.0, 8.0, 0.0, 8.0, 0.0, 8.0, 0.0, 8.0, 8.0, 8.0, 0.0, 8.0, 8.0, 8.0, 8.0, 0.0, 0.0, 8.0, 0.0, 8.0, 0.0, 8.0, 8.0, 8.0, 8.0, 0.0, 0.0, 8.0, 0.0, 8.0, 8.0, 8.0, 8.0, 8.0, 0.0, 8.0, 8.0, 8.0, 8.0, 8.0, 0.0, 8.0, 0.0, 8.0, 0.0, 0.0, 8.0, 8.0, 8.0, 8.0, 0.0, 0.0, 0.0, 0.0, 0.0, 0.0, 0.0, 0.0, 0.0, 0.0, 0.0, 0.0, 0.0, 0.0, 0.0, 0.0, 0.0, 0.0, 0.0, 0.0, 0.0, 0.0, 0.0, 0.0, 0.0, 0.0, 0.0, 0.0, 0.0, 0.0, 0.0, 0.0, 0.0, 0.0, 0.0, 0.0, 0.0, 0.0, 0.0, 0.0, 0.0, 0.0, 0.0, 0.0, 0.0, 0.0, 0.0, 0.0, 0.0, 0.0, 0.0, 0.0, 0.0, 0.0, 0.0, 0.0, 0.0, 0.0, 0.0, 0.0, 0.0, 0.0, 0.0, 0.0, 0.0, 0.0, 0.0, 0.0, 0.0, 0.0, 0.0, 0.0, 0.0, 0.0, 0.0, 0.0, 0.0, 0.0, 0.0, 0.0, 0.0, 128.0, 0.0, 4.0, 0.0, 15.0, 0.0, 0.0, 0.0, 4.0, 0.0, 4.0, 0.0, 128.0, 0.0, 4.0, 0.0, 0.0, 0.0, 0.0, 0.0, 32.0, 0.0, 0.0, 0.0, 128.0, 0.0, 128.0, 0.0, 4.0, 0.0, 1.0, 0.0, 128.0, 0.0, 0.0, 0.0, 128.0, 0.0, 1.0, 1.0, 4.0, 0.0, 32.0, 0.0, 4.0, 0.0, 0.0, 0.0, 1.0, 1.0, 4.0, 0.0, 128.0, 0.0, 128.0, 0.0, 128.0, 0.0, 0.0, 0.0, 128.0, 0.0, 128.0, 0.0, 0.0, 0.0, 0.0, 0.0, 4.0, 0.0, 4.0, 0.0, 128.0, 0.0, 128.0, 0.0, 128.0, 0.0, 0.0, 1.0]
[INFO] 2025-10-21 15:27:45,120 Meta-evaluation sample (first 10 entries):
 idx |  orig   |  pert   | median  |    h1   |    h2   |    h3   |   mean  |    std
-----------------------------------------------------------------------------------
  0 |    6.00 |    3.00 |    4.50 |    7.00 |    7.00 |    7.00 |    7.00 |    0.00
  1 |   16.00 |    6.00 |   11.00 |   19.00 |   19.00 |   19.00 |   19.00 |    0.00
  2 |   19.00 |    0.00 |    9.50 |   13.00 |   13.00 |   19.00 |   15.00 |    3.46
  3 |   16.00 |   16.00 |   16.00 |   13.00 |   13.00 |   13.00 |   13.00 |    0.00
  4 |   16.00 |   10.00 |   13.00 |   11.00 |   15.00 |   13.00 |   13.00 |    2.00
  5 |   13.00 |   12.00 |   12.50 |   19.00 |   19.00 |   19.00 |   19.00 |    0.00
  6 |   14.00 |   10.00 |   12.00 |    8.00 |    4.00 |    6.00 |    6.00 |    2.00
  7 |   16.00 |    6.00 |   11.00 |   19.00 |   19.00 |   19.00 |   19.00 |    0.00
  8 |   16.00 |    0.00 |    8.00 |   13.00 |   13.00 |   13.00 |   13.00 |    0.00
  9 |   16.00 |   10.00 |   13.00 |   19.00 |   19.00 |   19.00 |   19.00 |    0.00
[DEBUG] 2025-10-21 15:27:45,125 Full meta-evaluation summary:
{
  "pearson_corr": 0.4027415675252548,
  "model_scores": [
    4.5,
    11.0,
    9.5,
    16.0,
    13.0,
    12.5,
    12.0,
    11.0,
    8.0,
    13.0,
    0.0,
    16.0,
    16.0,
    11.0,
    3.0,
    6.5,
    0.0,
    16.0,
    9.5,
    16.0,
    11.0,
    0.0,
    11.0,
    11.0,
    16.0,
    0.0,
    16.0,
    8.0,
    16.0,
    9.5,
    16.0,
    16.0,
    16.0,
    9.5,
    0.0,
    4.5,
    5.0,
    16.0,
    11.0,
    13.0,
    0.0,
    0.0,
    0.0,
    0.0,
    0.0,
    0.0,
    0.0,
    0.0,
    0.0,
    0.0,
    0.0,
    0.0,
    0.0,
    0.0,
    0.0,
    0.0,
    0.0,
    0.0,
    0.0,
    0.0,
    0.0,
    0.0,
    0.0,
    0.0,
    0.0,
    0.0,
    0.0,
    0.0,
    0.0,
    0.0,
    0.0,
    0.0,
    0.0,
    0.0,
    0.0,
    0.0,
    0.0,
    0.0,
    0.0,
    0.0,
    5.0,
    10.0,
    2.5,
    0.0,
    2.5,
    0.07,
    5.0,
    5.0,
    0.0,
    7.5,
    5.0,
    1.0,
    1.0,
    5.0,
    2.5,
    2.5,
    7.5,
    2.5,
    2.5,
    0.0,
    5.0,
    5.0,
    1.0,
    5.0,
    7.5,
    5.0,
    15.0,
    5.0,
    5.0,
    7.5,
    1.0,
    5.0,
    5.0,
    5.0,
    5.0,
    5.0,
    2.5,
    10.0,
    5.0,
    0.0,
    4.0,
    8.0,
    4.0,
    4.0,
    5.0,
    4.0,
    8.0,
    4.0,
    8.0,
    8.0,
    4.0,
    8.0,
    0.0,
    4.0,
    4.0,
    4.0,
    4.0,
    4.0,
    8.0,
    4.0,
    8.0,
    8.0,
    0.0,
    4.0,
    4.0,
    8.0,
    8.0,
    0.0,
    4.0,
    8.0,
    8.0,
    4.0,
    8.0,
    8.0,
    4.0,
    4.0,
    4.0,
    4.0,
    8.0,
    4.0,
    0.0,
    0.0,
    0.0,
    0.0,
    0.0,
    0.0,
    0.0,
    0.0,
    0.0,
    0.0,
    0.0,
    0.0,
    0.0,
    0.0,
    0.0,
    0.0,
    0.0,
    0.0,
    0.0,
    0.0,
    0.0,
    0.0,
    0.0,
    0.0,
    0.0,
    0.0,
    0.0,
    0.0,
    0.0,
    0.0,
    0.0,
    0.0,
    0.0,
    0.0,
    0.0,
    0.0,
    0.0,
    0.0,
    0.0,
    0.0,
    64.0,
    2.0,
    7.5,
    0.0,
    2.0,
    2.0,
    64.0,
    2.0,
    0.0,
    0.0,
    16.0,
    0.0,
    64.0,
    64.0,
    2.0,
    0.5,
    64.0,
    0.0,
    64.0,
    1.0,
    2.0,
    16.0,
    2.0,
    0.0,
    1.0,
    2.0,
    64.0,
    64.0,
    64.0,
    0.0,
    64.0,
    64.0,
    0.0,
    0.0,
    2.0,
    2.0,
    64.0,
    64.0,
    64.0,
    0.5
  ],
  "human_means": [
    7.0,
    19.0,
    15.0,
    13.0,
    13.0,
    19.0,
    6.0,
    19.0,
    13.0,
    19.0,
    3.0,
    13.0,
    19.0,
    19.0,
    0.0,
    6.666666666666667,
    0.3333333333333333,
    19.0,
    6.333333333333333,
    19.0,
    6.0,
    7.333333333333333,
    6.666666666666667,
    19.0,
    13.0,
    0.0,
    19.0,
    6.666666666666667,
    19.0,
    6.666666666666667,
    13.0,
    19.0,
    19.0,
    6.0,
    0.0,
    5.0,
    6.0,
    17.0,
    19.0,
    19.0,
    16.0,
    5.333333333333333,
    8.0,
    8.0,
    12.0,
    4.0,
    16.0,
    8.0,
    16.0,
    16.0,
    5.333333333333333,
    14.666666666666666,
    13.333333333333334,
    4.0,
    4.0,
    4.0,
    4.0,
    4.0,
    16.0,
    9.333333333333334,
    16.0,
    0.0,
    16.0,
    4.0,
    16.0,
    16.0,
    16.0,
    4.0,
    16.0,
    8.0,
    14.666666666666666,
    16.0,
    0.0,
    16.0,
    14.666666666666666,
    0.0,
    8.0,
    4.0,
    4.0,
    16.0,
    15.0,
    13.333333333333334,
    5.666666666666667,
    10.0,
    9.666666666666666,
    15.0,
    15.0,
    15.0,
    10.666666666666666,
    5.0,
    15.0,
    10.666666666666666,
    5.0,
    15.0,
    7.333333333333333,
    7.666666666666667,
    5.666666666666667,
    4.666666666666667,
    8.0,
    5.0,
    15.0,
    10.666666666666666,
    7.333333333333333,
    11.0,
    10.333333333333334,
    7.0,
    14.333333333333334,
    6.666666666666667,
    9.0,
    10.666666666666666,
    5.666666666666667,
    13.666666666666666,
    8.0,
    10.666666666666666,
    12.666666666666666,
    15.0,
    10.0,
    14.333333333333334,
    13.333333333333334,
    0.3333333333333333,
    8.0,
    16.0,
    8.0,
    10.666666666666666,
    8.0,
    8.0,
    16.0,
    16.0,
    8.0,
    16.0,
    8.0,
    16.0,
    8.0,
    8.0,
    8.0,
    16.0,
    8.0,
    16.0,
    16.0,
    16.0,
    16.0,
    8.0,
    0.6666666666666666,
    16.0,
    16.0,
    0.0,
    16.0,
    0.6666666666666666,
    16.0,
    0.0,
    8.0,
    8.0,
    16.0,
    16.0,
    10.666666666666666,
    8.0,
    8.0,
    3.3333333333333335,
    16.0,
    8.0,
    13.666666666666666,
    27.0,
    0.3333333333333333,
    3.3333333333333335,
    3.0,
    3.0,
    3.3333333333333335,
    12.666666666666666,
    12.0,
    19.666666666666668,
    27.0,
    12.666666666666666,
    13.333333333333334,
    26.333333333333332,
    27.0,
    15.0,
    6.0,
    18.0,
    9.666666666666666,
    27.0,
    12.333333333333334,
    19.0,
    5.0,
    22.666666666666668,
    5.666666666666667,
    27.0,
    0.3333333333333333,
    27.0,
    12.0,
    9.333333333333334,
    11.333333333333334,
    2.3333333333333335,
    13.666666666666666,
    12.666666666666666,
    4.0,
    27.0,
    10.0,
    0.6666666666666666,
    8.666666666666666,
    4.0,
    30.0,
    4.0,
    22.5,
    33.0,
    33.0,
    24.5,
    30.0,
    40.0,
    30.0,
    5.0,
    17.5,
    12.5,
    35.5,
    21.0,
    21.0,
    37.5,
    17.5,
    37.5,
    25.5,
    37.5,
    37.5,
    20.0,
    5.0,
    37.5,
    37.5,
    32.5,
    37.5,
    32.5,
    26.0,
    32.5,
    37.5,
    37.5,
    35.0,
    24.5,
    0.0,
    0.0,
    37.5,
    17.5,
    17.5,
    37.5
  ],
  "per_example_stats": [
    {
      "id": "q1-1",
      "question_id": "q1",
      "human_scores": [
        7.0,
        7.0,
        7.0
      ],
      "mean": 7.0,
      "std": 0.0,
      "model_score": 4.5,
      "perturbation_scores": {
        "original": 6.0,
        "perturbed": 3.0
      },
      "perturbation_stats": {
        "median": 4.5,
        "mean": 4.5,
        "std": 2.1213203435596424
      }
    },
    {
      "id": "q1-2",
      "question_id": "q1",
      "human_scores": [
        19.0,
        19.0,
        19.0
      ],
      "mean": 19.0,
      "std": 0.0,
      "model_score": 11.0,
      "perturbation_scores": {
        "original": 16.0,
        "perturbed": 6.0
      },
      "perturbation_stats": {
        "median": 11.0,
        "mean": 11.0,
        "std": 7.0710678118654755
      }
    },
    {
      "id": "q1-3",
      "question_id": "q1",
      "human_scores": [
        13.0,
        13.0,
        19.0
      ],
      "mean": 15.0,
      "std": 3.4641016151377544,
      "model_score": 9.5,
      "perturbation_scores": {
        "original": 19.0,
        "perturbed": 0.0
      },
      "perturbation_stats": {
        "median": 9.5,
        "mean": 9.5,
        "std": 13.435028842544403
      }
    },
    {
      "id": "q1-4",
      "question_id": "q1",
      "human_scores": [
        13.0,
        13.0,
        13.0
      ],
      "mean": 13.0,
      "std": 0.0,
      "model_score": 16.0,
      "perturbation_scores": {
        "original": 16.0,
        "perturbed": 16.0
      },
      "perturbation_stats": {
        "median": 16.0,
        "mean": 16.0,
        "std": 0.0
      }
    },
    {
      "id": "q1-5",
      "question_id": "q1",
      "human_scores": [
        11.0,
        15.0,
        13.0
      ],
      "mean": 13.0,
      "std": 2.0,
      "model_score": 13.0,
      "perturbation_scores": {
        "original": 16.0,
        "perturbed": 10.0
      },
      "perturbation_stats": {
        "median": 13.0,
        "mean": 13.0,
        "std": 4.242640687119285
      }
    },
    {
      "id": "q1-6",
      "question_id": "q1",
      "human_scores": [
        19.0,
        19.0,
        19.0
      ],
      "mean": 19.0,
      "std": 0.0,
      "model_score": 12.5,
      "perturbation_scores": {
        "original": 13.0,
        "perturbed": 12.0
      },
      "perturbation_stats": {
        "median": 12.5,
        "mean": 12.5,
        "std": 0.7071067811865476
      }
    },
    {
      "id": "q1-7",
      "question_id": "q1",
      "human_scores": [
        8.0,
        4.0,
        6.0
      ],
      "mean": 6.0,
      "std": 2.0,
      "model_score": 12.0,
      "perturbation_scores": {
        "original": 14.0,
        "perturbed": 10.0
      },
      "perturbation_stats": {
        "median": 12.0,
        "mean": 12.0,
        "std": 2.8284271247461903
      }
    },
    {
      "id": "q1-8",
      "question_id": "q1",
      "human_scores": [
        19.0,
        19.0,
        19.0
      ],
      "mean": 19.0,
      "std": 0.0,
      "model_score": 11.0,
      "perturbation_scores": {
        "original": 16.0,
        "perturbed": 6.0
      },
      "perturbation_stats": {
        "median": 11.0,
        "mean": 11.0,
        "std": 7.0710678118654755
      }
    },
    {
      "id": "q1-9",
      "question_id": "q1",
      "human_scores": [
        13.0,
        13.0,
        13.0
      ],
      "mean": 13.0,
      "std": 0.0,
      "model_score": 8.0,
      "perturbation_scores": {
        "original": 16.0,
        "perturbed": 0.0
      },
      "perturbation_stats": {
        "median": 8.0,
        "mean": 8.0,
        "std": 11.313708498984761
      }
    },
    {
      "id": "q1-10",
      "question_id": "q1",
      "human_scores": [
        19.0,
        19.0,
        19.0
      ],
      "mean": 19.0,
      "std": 0.0,
      "model_score": 13.0,
      "perturbation_scores": {
        "original": 16.0,
        "perturbed": 10.0
      },
      "perturbation_stats": {
        "median": 13.0,
        "mean": 13.0,
        "std": 4.242640687119285
      }
    },
    {
      "id": "q1-11",
      "question_id": "q1",
      "human_scores": [
        3.0,
        3.0,
        3.0
      ],
      "mean": 3.0,
      "std": 0.0,
      "model_score": 0.0,
      "perturbation_scores": {
        "original": 0.0,
        "perturbed": 0.0
      },
      "perturbation_stats": {
        "median": 0.0,
        "mean": 0.0,
        "std": 0.0
      }
    },
    {
      "id": "q1-12",
      "question_id": "q1",
      "human_scores": [
        13.0,
        13.0,
        13.0
      ],
      "mean": 13.0,
      "std": 0.0,
      "model_score": 16.0,
      "perturbation_scores": {
        "original": 16.0,
        "perturbed": 16.0
      },
      "perturbation_stats": {
        "median": 16.0,
        "mean": 16.0,
        "std": 0.0
      }
    },
    {
      "id": "q1-13",
      "question_id": "q1",
      "human_scores": [
        19.0,
        19.0,
        19.0
      ],
      "mean": 19.0,
      "std": 0.0,
      "model_score": 16.0,
      "perturbation_scores": {
        "original": 16.0,
        "perturbed": 16.0
      },
      "perturbation_stats": {
        "median": 16.0,
        "mean": 16.0,
        "std": 0.0
      }
    },
    {
      "id": "q1-14",
      "question_id": "q1",
      "human_scores": [
        19.0,
        19.0,
        19.0
      ],
      "mean": 19.0,
      "std": 0.0,
      "model_score": 11.0,
      "perturbation_scores": {
        "original": 16.0,
        "perturbed": 6.0
      },
      "perturbation_stats": {
        "median": 11.0,
        "mean": 11.0,
        "std": 7.0710678118654755
      }
    },
    {
      "id": "q1-15",
      "question_id": "q1",
      "human_scores": [
        0.0,
        0.0,
        0.0
      ],
      "mean": 0.0,
      "std": 0.0,
      "model_score": 3.0,
      "perturbation_scores": {
        "original": 6.0,
        "perturbed": 0.0
      },
      "perturbation_stats": {
        "median": 3.0,
        "mean": 3.0,
        "std": 4.242640687119285
      }
    },
    {
      "id": "q1-16",
      "question_id": "q1",
      "human_scores": [
        7.0,
        7.0,
        6.0
      ],
      "mean": 6.666666666666667,
      "std": 0.5773502691896257,
      "model_score": 6.5,
      "perturbation_scores": {
        "original": 10.0,
        "perturbed": 3.0
      },
      "perturbation_stats": {
        "median": 6.5,
        "mean": 6.5,
        "std": 4.949747468305833
      }
    },
    {
      "id": "q1-17",
      "question_id": "q1",
      "human_scores": [
        1.0,
        0.0,
        0.0
      ],
      "mean": 0.3333333333333333,
      "std": 0.5773502691896257,
      "model_score": 0.0,
      "perturbation_scores": {
        "original": 0.0,
        "perturbed": 0.0
      },
      "perturbation_stats": {
        "median": 0.0,
        "mean": 0.0,
        "std": 0.0
      }
    },
    {
      "id": "q1-18",
      "question_id": "q1",
      "human_scores": [
        19.0,
        19.0,
        19.0
      ],
      "mean": 19.0,
      "std": 0.0,
      "model_score": 16.0,
      "perturbation_scores": {
        "original": 16.0,
        "perturbed": 16.0
      },
      "perturbation_stats": {
        "median": 16.0,
        "mean": 16.0,
        "std": 0.0
      }
    },
    {
      "id": "q1-19",
      "question_id": "q1",
      "human_scores": [
        6.5,
        6.5,
        6.0
      ],
      "mean": 6.333333333333333,
      "std": 0.28867513459481287,
      "model_score": 9.5,
      "perturbation_scores": {
        "original": 13.0,
        "perturbed": 6.0
      },
      "perturbation_stats": {
        "median": 9.5,
        "mean": 9.5,
        "std": 4.949747468305833
      }
    },
    {
      "id": "q1-20",
      "question_id": "q1",
      "human_scores": [
        19.0,
        19.0,
        19.0
      ],
      "mean": 19.0,
      "std": 0.0,
      "model_score": 16.0,
      "perturbation_scores": {
        "original": 16.0,
        "perturbed": 16.0
      },
      "perturbation_stats": {
        "median": 16.0,
        "mean": 16.0,
        "std": 0.0
      }
    },
    {
      "id": "q1-21",
      "question_id": "q1",
      "human_scores": [
        6.0,
        6.0,
        6.0
      ],
      "mean": 6.0,
      "std": 0.0,
      "model_score": 11.0,
      "perturbation_scores": {
        "original": 16.0,
        "perturbed": 6.0
      },
      "perturbation_stats": {
        "median": 11.0,
        "mean": 11.0,
        "std": 7.0710678118654755
      }
    },
    {
      "id": "q1-22",
      "question_id": "q1",
      "human_scores": [
        7.0,
        7.0,
        8.0
      ],
      "mean": 7.333333333333333,
      "std": 0.5773502691896257,
      "model_score": 0.0,
      "perturbation_scores": {
        "original": 0.0,
        "perturbed": 0.0
      },
      "perturbation_stats": {
        "median": 0.0,
        "mean": 0.0,
        "std": 0.0
      }
    },
    {
      "id": "q1-23",
      "question_id": "q1",
      "human_scores": [
        8.0,
        6.0,
        6.0
      ],
      "mean": 6.666666666666667,
      "std": 1.1547005383792515,
      "model_score": 11.0,
      "perturbation_scores": {
        "original": 16.0,
        "perturbed": 6.0
      },
      "perturbation_stats": {
        "median": 11.0,
        "mean": 11.0,
        "std": 7.0710678118654755
      }
    },
    {
      "id": "q1-24",
      "question_id": "q1",
      "human_scores": [
        19.0,
        19.0,
        19.0
      ],
      "mean": 19.0,
      "std": 0.0,
      "model_score": 11.0,
      "perturbation_scores": {
        "original": 16.0,
        "perturbed": 6.0
      },
      "perturbation_stats": {
        "median": 11.0,
        "mean": 11.0,
        "std": 7.0710678118654755
      }
    },
    {
      "id": "q1-25",
      "question_id": "q1",
      "human_scores": [
        13.0,
        13.0,
        13.0
      ],
      "mean": 13.0,
      "std": 0.0,
      "model_score": 16.0,
      "perturbation_scores": {
        "original": 16.0,
        "perturbed": 16.0
      },
      "perturbation_stats": {
        "median": 16.0,
        "mean": 16.0,
        "std": 0.0
      }
    },
    {
      "id": "q1-26",
      "question_id": "q1",
      "human_scores": [
        0.0,
        0.0,
        0.0
      ],
      "mean": 0.0,
      "std": 0.0,
      "model_score": 0.0,
      "perturbation_scores": {
        "original": 0.0,
        "perturbed": 0.0
      },
      "perturbation_stats": {
        "median": 0.0,
        "mean": 0.0,
        "std": 0.0
      }
    },
    {
      "id": "q1-27",
      "question_id": "q1",
      "human_scores": [
        19.0,
        19.0,
        19.0
      ],
      "mean": 19.0,
      "std": 0.0,
      "model_score": 16.0,
      "perturbation_scores": {
        "original": 16.0,
        "perturbed": 16.0
      },
      "perturbation_stats": {
        "median": 16.0,
        "mean": 16.0,
        "std": 0.0
      }
    },
    {
      "id": "q1-28",
      "question_id": "q1",
      "human_scores": [
        8.0,
        6.0,
        6.0
      ],
      "mean": 6.666666666666667,
      "std": 1.1547005383792515,
      "model_score": 8.0,
      "perturbation_scores": {
        "original": 16.0,
        "perturbed": 0.0
      },
      "perturbation_stats": {
        "median": 8.0,
        "mean": 8.0,
        "std": 11.313708498984761
      }
    },
    {
      "id": "q1-29",
      "question_id": "q1",
      "human_scores": [
        19.0,
        19.0,
        19.0
      ],
      "mean": 19.0,
      "std": 0.0,
      "model_score": 16.0,
      "perturbation_scores": {
        "original": 16.0,
        "perturbed": 16.0
      },
      "perturbation_stats": {
        "median": 16.0,
        "mean": 16.0,
        "std": 0.0
      }
    },
    {
      "id": "q1-30",
      "question_id": "q1",
      "human_scores": [
        7.0,
        7.0,
        6.0
      ],
      "mean": 6.666666666666667,
      "std": 0.5773502691896257,
      "model_score": 9.5,
      "perturbation_scores": {
        "original": 13.0,
        "perturbed": 6.0
      },
      "perturbation_stats": {
        "median": 9.5,
        "mean": 9.5,
        "std": 4.949747468305833
      }
    },
    {
      "id": "q1-31",
      "question_id": "q1",
      "human_scores": [
        13.0,
        13.0,
        13.0
      ],
      "mean": 13.0,
      "std": 0.0,
      "model_score": 16.0,
      "perturbation_scores": {
        "original": 16.0,
        "perturbed": 16.0
      },
      "perturbation_stats": {
        "median": 16.0,
        "mean": 16.0,
        "std": 0.0
      }
    },
    {
      "id": "q1-32",
      "question_id": "q1",
      "human_scores": [
        19.0,
        19.0,
        19.0
      ],
      "mean": 19.0,
      "std": 0.0,
      "model_score": 16.0,
      "perturbation_scores": {
        "original": 16.0,
        "perturbed": 16.0
      },
      "perturbation_stats": {
        "median": 16.0,
        "mean": 16.0,
        "std": 0.0
      }
    },
    {
      "id": "q1-33",
      "question_id": "q1",
      "human_scores": [
        19.0,
        19.0,
        19.0
      ],
      "mean": 19.0,
      "std": 0.0,
      "model_score": 16.0,
      "perturbation_scores": {
        "original": 16.0,
        "perturbed": 16.0
      },
      "perturbation_stats": {
        "median": 16.0,
        "mean": 16.0,
        "std": 0.0
      }
    },
    {
      "id": "q1-34",
      "question_id": "q1",
      "human_scores": [
        6.0,
        6.0,
        6.0
      ],
      "mean": 6.0,
      "std": 0.0,
      "model_score": 9.5,
      "perturbation_scores": {
        "original": 16.0,
        "perturbed": 3.0
      },
      "perturbation_stats": {
        "median": 9.5,
        "mean": 9.5,
        "std": 9.192388155425117
      }
    },
    {
      "id": "q1-35",
      "question_id": "q1",
      "human_scores": [
        0.0,
        0.0,
        0.0
      ],
      "mean": 0.0,
      "std": 0.0,
      "model_score": 0.0,
      "perturbation_scores": {
        "original": 0.0,
        "perturbed": 0.0
      },
      "perturbation_stats": {
        "median": 0.0,
        "mean": 0.0,
        "std": 0.0
      }
    },
    {
      "id": "q1-36",
      "question_id": "q1",
      "human_scores": [
        6.0,
        6.0,
        3.0
      ],
      "mean": 5.0,
      "std": 1.7320508075688772,
      "model_score": 4.5,
      "perturbation_scores": {
        "original": 6.0,
        "perturbed": 3.0
      },
      "perturbation_stats": {
        "median": 4.5,
        "mean": 4.5,
        "std": 2.1213203435596424
      }
    },
    {
      "id": "q1-37",
      "question_id": "q1",
      "human_scores": [
        6.0,
        6.0,
        6.0
      ],
      "mean": 6.0,
      "std": 0.0,
      "model_score": 5.0,
      "perturbation_scores": {
        "original": 10.0,
        "perturbed": 0.0
      },
      "perturbation_stats": {
        "median": 5.0,
        "mean": 5.0,
        "std": 7.0710678118654755
      }
    },
    {
      "id": "q1-38",
      "question_id": "q1",
      "human_scores": [
        19.0,
        19.0,
        13.0
      ],
      "mean": 17.0,
      "std": 3.4641016151377544,
      "model_score": 16.0,
      "perturbation_scores": {
        "original": 16.0,
        "perturbed": 16.0
      },
      "perturbation_stats": {
        "median": 16.0,
        "mean": 16.0,
        "std": 0.0
      }
    },
    {
      "id": "q1-39",
      "question_id": "q1",
      "human_scores": [
        19.0,
        19.0,
        19.0
      ],
      "mean": 19.0,
      "std": 0.0,
      "model_score": 11.0,
      "perturbation_scores": {
        "original": 16.0,
        "perturbed": 6.0
      },
      "perturbation_stats": {
        "median": 11.0,
        "mean": 11.0,
        "std": 7.0710678118654755
      }
    },
    {
      "id": "q1-40",
      "question_id": "q1",
      "human_scores": [
        19.0,
        19.0,
        19.0
      ],
      "mean": 19.0,
      "std": 0.0,
      "model_score": 13.0,
      "perturbation_scores": {
        "original": 16.0,
        "perturbed": 10.0
      },
      "perturbation_stats": {
        "median": 13.0,
        "mean": 13.0,
        "std": 4.242640687119285
      }
    },
    {
      "id": "q2-1",
      "question_id": "q2",
      "human_scores": [
        16.0,
        16.0,
        16.0
      ],
      "mean": 16.0,
      "std": 0.0,
      "model_score": 0.0,
      "perturbation_scores": {
        "original": 0.0,
        "perturbed": 0.0
      },
      "perturbation_stats": {
        "median": 0.0,
        "mean": 0.0,
        "std": 0.0
      }
    },
    {
      "id": "q2-2",
      "question_id": "q2",
      "human_scores": [
        8.0,
        4.0,
        4.0
      ],
      "mean": 5.333333333333333,
      "std": 2.309401076758503,
      "model_score": 0.0,
      "perturbation_scores": {
        "original": 0.0,
        "perturbed": 0.0
      },
      "perturbation_stats": {
        "median": 0.0,
        "mean": 0.0,
        "std": 0.0
      }
    },
    {
      "id": "q2-3",
      "question_id": "q2",
      "human_scores": [
        8.0,
        8.0,
        8.0
      ],
      "mean": 8.0,
      "std": 0.0,
      "model_score": 0.0,
      "perturbation_scores": {
        "original": 0.0,
        "perturbed": 0.0
      },
      "perturbation_stats": {
        "median": 0.0,
        "mean": 0.0,
        "std": 0.0
      }
    },
    {
      "id": "q2-4",
      "question_id": "q2",
      "human_scores": [
        8.0,
        8.0,
        8.0
      ],
      "mean": 8.0,
      "std": 0.0,
      "model_score": 0.0,
      "perturbation_scores": {
        "original": 0.0,
        "perturbed": 0.0
      },
      "perturbation_stats": {
        "median": 0.0,
        "mean": 0.0,
        "std": 0.0
      }
    },
    {
      "id": "q2-5",
      "question_id": "q2",
      "human_scores": [
        12.0,
        12.0,
        12.0
      ],
      "mean": 12.0,
      "std": 0.0,
      "model_score": 0.0,
      "perturbation_scores": {
        "original": 0.0,
        "perturbed": 0.0
      },
      "perturbation_stats": {
        "median": 0.0,
        "mean": 0.0,
        "std": 0.0
      }
    },
    {
      "id": "q2-6",
      "question_id": "q2",
      "human_scores": [
        4.0,
        4.0,
        4.0
      ],
      "mean": 4.0,
      "std": 0.0,
      "model_score": 0.0,
      "perturbation_scores": {
        "original": 0.0,
        "perturbed": 0.0
      },
      "perturbation_stats": {
        "median": 0.0,
        "mean": 0.0,
        "std": 0.0
      }
    },
    {
      "id": "q2-7",
      "question_id": "q2",
      "human_scores": [
        16.0,
        16.0,
        16.0
      ],
      "mean": 16.0,
      "std": 0.0,
      "model_score": 0.0,
      "perturbation_scores": {
        "original": 0.0,
        "perturbed": 0.0
      },
      "perturbation_stats": {
        "median": 0.0,
        "mean": 0.0,
        "std": 0.0
      }
    },
    {
      "id": "q2-8",
      "question_id": "q2",
      "human_scores": [
        8.0,
        8.0,
        8.0
      ],
      "mean": 8.0,
      "std": 0.0,
      "model_score": 0.0,
      "perturbation_scores": {
        "original": 0.0,
        "perturbed": 0.0
      },
      "perturbation_stats": {
        "median": 0.0,
        "mean": 0.0,
        "std": 0.0
      }
    },
    {
      "id": "q2-9",
      "question_id": "q2",
      "human_scores": [
        16.0,
        16.0,
        16.0
      ],
      "mean": 16.0,
      "std": 0.0,
      "model_score": 0.0,
      "perturbation_scores": {
        "original": 0.0,
        "perturbed": 0.0
      },
      "perturbation_stats": {
        "median": 0.0,
        "mean": 0.0,
        "std": 0.0
      }
    },
    {
      "id": "q2-10",
      "question_id": "q2",
      "human_scores": [
        16.0,
        16.0,
        16.0
      ],
      "mean": 16.0,
      "std": 0.0,
      "model_score": 0.0,
      "perturbation_scores": {
        "original": 0.0,
        "perturbed": 0.0
      },
      "perturbation_stats": {
        "median": 0.0,
        "mean": 0.0,
        "std": 0.0
      }
    },
    {
      "id": "q2-11",
      "question_id": "q2",
      "human_scores": [
        8.0,
        4.0,
        4.0
      ],
      "mean": 5.333333333333333,
      "std": 2.309401076758503,
      "model_score": 0.0,
      "perturbation_scores": {
        "original": 0.0,
        "perturbed": 0.0
      },
      "perturbation_stats": {
        "median": 0.0,
        "mean": 0.0,
        "std": 0.0
      }
    },
    {
      "id": "q2-12",
      "question_id": "q2",
      "human_scores": [
        16.0,
        16.0,
        12.0
      ],
      "mean": 14.666666666666666,
      "std": 2.309401076758503,
      "model_score": 0.0,
      "perturbation_scores": {
        "original": 0.0,
        "perturbed": 0.0
      },
      "perturbation_stats": {
        "median": 0.0,
        "mean": 0.0,
        "std": 0.0
      }
    },
    {
      "id": "q2-13",
      "question_id": "q2",
      "human_scores": [
        16.0,
        16.0,
        8.0
      ],
      "mean": 13.333333333333334,
      "std": 4.618802153517006,
      "model_score": 0.0,
      "perturbation_scores": {
        "original": 0.0,
        "perturbed": 0.0
      },
      "perturbation_stats": {
        "median": 0.0,
        "mean": 0.0,
        "std": 0.0
      }
    },
    {
      "id": "q2-14",
      "question_id": "q2",
      "human_scores": [
        4.0,
        4.0,
        4.0
      ],
      "mean": 4.0,
      "std": 0.0,
      "model_score": 0.0,
      "perturbation_scores": {
        "original": 0.0,
        "perturbed": 0.0
      },
      "perturbation_stats": {
        "median": 0.0,
        "mean": 0.0,
        "std": 0.0
      }
    },
    {
      "id": "q2-15",
      "question_id": "q2",
      "human_scores": [
        4.0,
        4.0,
        4.0
      ],
      "mean": 4.0,
      "std": 0.0,
      "model_score": 0.0,
      "perturbation_scores": {
        "original": 0.0,
        "perturbed": 0.0
      },
      "perturbation_stats": {
        "median": 0.0,
        "mean": 0.0,
        "std": 0.0
      }
    },
    {
      "id": "q2-16",
      "question_id": "q2",
      "human_scores": [
        4.0,
        4.0,
        4.0
      ],
      "mean": 4.0,
      "std": 0.0,
      "model_score": 0.0,
      "perturbation_scores": {
        "original": 0.0,
        "perturbed": 0.0
      },
      "perturbation_stats": {
        "median": 0.0,
        "mean": 0.0,
        "std": 0.0
      }
    },
    {
      "id": "q2-17",
      "question_id": "q2",
      "human_scores": [
        4.0,
        4.0,
        4.0
      ],
      "mean": 4.0,
      "std": 0.0,
      "model_score": 0.0,
      "perturbation_scores": {
        "original": 0.0,
        "perturbed": 0.0
      },
      "perturbation_stats": {
        "median": 0.0,
        "mean": 0.0,
        "std": 0.0
      }
    },
    {
      "id": "q2-18",
      "question_id": "q2",
      "human_scores": [
        4.0,
        4.0,
        4.0
      ],
      "mean": 4.0,
      "std": 0.0,
      "model_score": 0.0,
      "perturbation_scores": {
        "original": 0.0,
        "perturbed": 0.0
      },
      "perturbation_stats": {
        "median": 0.0,
        "mean": 0.0,
        "std": 0.0
      }
    },
    {
      "id": "q2-19",
      "question_id": "q2",
      "human_scores": [
        16.0,
        16.0,
        16.0
      ],
      "mean": 16.0,
      "std": 0.0,
      "model_score": 0.0,
      "perturbation_scores": {
        "original": 0.0,
        "perturbed": 0.0
      },
      "perturbation_stats": {
        "median": 0.0,
        "mean": 0.0,
        "std": 0.0
      }
    },
    {
      "id": "q2-20",
      "question_id": "q2",
      "human_scores": [
        12.0,
        8.0,
        8.0
      ],
      "mean": 9.333333333333334,
      "std": 2.309401076758503,
      "model_score": 0.0,
      "perturbation_scores": {
        "original": 0.0,
        "perturbed": 0.0
      },
      "perturbation_stats": {
        "median": 0.0,
        "mean": 0.0,
        "std": 0.0
      }
    },
    {
      "id": "q2-21",
      "question_id": "q2",
      "human_scores": [
        16.0,
        16.0,
        16.0
      ],
      "mean": 16.0,
      "std": 0.0,
      "model_score": 0.0,
      "perturbation_scores": {
        "original": 0.0,
        "perturbed": 0.0
      },
      "perturbation_stats": {
        "median": 0.0,
        "mean": 0.0,
        "std": 0.0
      }
    },
    {
      "id": "q2-22",
      "question_id": "q2",
      "human_scores": [
        0.0,
        0.0,
        0.0
      ],
      "mean": 0.0,
      "std": 0.0,
      "model_score": 0.0,
      "perturbation_scores": {
        "original": 0.0,
        "perturbed": 0.0
      },
      "perturbation_stats": {
        "median": 0.0,
        "mean": 0.0,
        "std": 0.0
      }
    },
    {
      "id": "q2-23",
      "question_id": "q2",
      "human_scores": [
        16.0,
        16.0,
        16.0
      ],
      "mean": 16.0,
      "std": 0.0,
      "model_score": 0.0,
      "perturbation_scores": {
        "original": 0.0,
        "perturbed": 0.0
      },
      "perturbation_stats": {
        "median": 0.0,
        "mean": 0.0,
        "std": 0.0
      }
    },
    {
      "id": "q2-24",
      "question_id": "q2",
      "human_scores": [
        4.0,
        4.0,
        4.0
      ],
      "mean": 4.0,
      "std": 0.0,
      "model_score": 0.0,
      "perturbation_scores": {
        "original": 0.0,
        "perturbed": 0.0
      },
      "perturbation_stats": {
        "median": 0.0,
        "mean": 0.0,
        "std": 0.0
      }
    },
    {
      "id": "q2-25",
      "question_id": "q2",
      "human_scores": [
        16.0,
        16.0,
        16.0
      ],
      "mean": 16.0,
      "std": 0.0,
      "model_score": 0.0,
      "perturbation_scores": {
        "original": 0.0,
        "perturbed": 0.0
      },
      "perturbation_stats": {
        "median": 0.0,
        "mean": 0.0,
        "std": 0.0
      }
    },
    {
      "id": "q2-26",
      "question_id": "q2",
      "human_scores": [
        16.0,
        16.0,
        16.0
      ],
      "mean": 16.0,
      "std": 0.0,
      "model_score": 0.0,
      "perturbation_scores": {
        "original": 0.0,
        "perturbed": 0.0
      },
      "perturbation_stats": {
        "median": 0.0,
        "mean": 0.0,
        "std": 0.0
      }
    },
    {
      "id": "q2-27",
      "question_id": "q2",
      "human_scores": [
        16.0,
        16.0,
        16.0
      ],
      "mean": 16.0,
      "std": 0.0,
      "model_score": 0.0,
      "perturbation_scores": {
        "original": 0.0,
        "perturbed": 0.0
      },
      "perturbation_stats": {
        "median": 0.0,
        "mean": 0.0,
        "std": 0.0
      }
    },
    {
      "id": "q2-28",
      "question_id": "q2",
      "human_scores": [
        4.0,
        4.0,
        4.0
      ],
      "mean": 4.0,
      "std": 0.0,
      "model_score": 0.0,
      "perturbation_scores": {
        "original": 0.0,
        "perturbed": 0.0
      },
      "perturbation_stats": {
        "median": 0.0,
        "mean": 0.0,
        "std": 0.0
      }
    },
    {
      "id": "q2-29",
      "question_id": "q2",
      "human_scores": [
        16.0,
        16.0,
        16.0
      ],
      "mean": 16.0,
      "std": 0.0,
      "model_score": 0.0,
      "perturbation_scores": {
        "original": 0.0,
        "perturbed": 0.0
      },
      "perturbation_stats": {
        "median": 0.0,
        "mean": 0.0,
        "std": 0.0
      }
    },
    {
      "id": "q2-30",
      "question_id": "q2",
      "human_scores": [
        8.0,
        8.0,
        8.0
      ],
      "mean": 8.0,
      "std": 0.0,
      "model_score": 0.0,
      "perturbation_scores": {
        "original": 0.0,
        "perturbed": 0.0
      },
      "perturbation_stats": {
        "median": 0.0,
        "mean": 0.0,
        "std": 0.0
      }
    },
    {
      "id": "q2-31",
      "question_id": "q2",
      "human_scores": [
        12.0,
        16.0,
        16.0
      ],
      "mean": 14.666666666666666,
      "std": 2.309401076758503,
      "model_score": 0.0,
      "perturbation_scores": {
        "original": 0.0,
        "perturbed": 0.0
      },
      "perturbation_stats": {
        "median": 0.0,
        "mean": 0.0,
        "std": 0.0
      }
    },
    {
      "id": "q2-32",
      "question_id": "q2",
      "human_scores": [
        16.0,
        16.0,
        16.0
      ],
      "mean": 16.0,
      "std": 0.0,
      "model_score": 0.0,
      "perturbation_scores": {
        "original": 0.0,
        "perturbed": 0.0
      },
      "perturbation_stats": {
        "median": 0.0,
        "mean": 0.0,
        "std": 0.0
      }
    },
    {
      "id": "q2-33",
      "question_id": "q2",
      "human_scores": [
        0.0,
        0.0,
        0.0
      ],
      "mean": 0.0,
      "std": 0.0,
      "model_score": 0.0,
      "perturbation_scores": {
        "original": 0.0,
        "perturbed": 0.0
      },
      "perturbation_stats": {
        "median": 0.0,
        "mean": 0.0,
        "std": 0.0
      }
    },
    {
      "id": "q2-34",
      "question_id": "q2",
      "human_scores": [
        16.0,
        16.0,
        16.0
      ],
      "mean": 16.0,
      "std": 0.0,
      "model_score": 0.0,
      "perturbation_scores": {
        "original": 0.0,
        "perturbed": 0.0
      },
      "perturbation_stats": {
        "median": 0.0,
        "mean": 0.0,
        "std": 0.0
      }
    },
    {
      "id": "q2-35",
      "question_id": "q2",
      "human_scores": [
        16.0,
        16.0,
        12.0
      ],
      "mean": 14.666666666666666,
      "std": 2.309401076758503,
      "model_score": 0.0,
      "perturbation_scores": {
        "original": 0.0,
        "perturbed": 0.0
      },
      "perturbation_stats": {
        "median": 0.0,
        "mean": 0.0,
        "std": 0.0
      }
    },
    {
      "id": "q2-36",
      "question_id": "q2",
      "human_scores": [
        0.0,
        0.0,
        0.0
      ],
      "mean": 0.0,
      "std": 0.0,
      "model_score": 0.0,
      "perturbation_scores": {
        "original": 0.0,
        "perturbed": 0.0
      },
      "perturbation_stats": {
        "median": 0.0,
        "mean": 0.0,
        "std": 0.0
      }
    },
    {
      "id": "q2-37",
      "question_id": "q2",
      "human_scores": [
        8.0,
        8.0,
        8.0
      ],
      "mean": 8.0,
      "std": 0.0,
      "model_score": 0.0,
      "perturbation_scores": {
        "original": 0.0,
        "perturbed": 0.0
      },
      "perturbation_stats": {
        "median": 0.0,
        "mean": 0.0,
        "std": 0.0
      }
    },
    {
      "id": "q2-38",
      "question_id": "q2",
      "human_scores": [
        4.0,
        4.0,
        4.0
      ],
      "mean": 4.0,
      "std": 0.0,
      "model_score": 0.0,
      "perturbation_scores": {
        "original": 0.0,
        "perturbed": 0.0
      },
      "perturbation_stats": {
        "median": 0.0,
        "mean": 0.0,
        "std": 0.0
      }
    },
    {
      "id": "q2-39",
      "question_id": "q2",
      "human_scores": [
        4.0,
        4.0,
        4.0
      ],
      "mean": 4.0,
      "std": 0.0,
      "model_score": 0.0,
      "perturbation_scores": {
        "original": 0.0,
        "perturbed": 0.0
      },
      "perturbation_stats": {
        "median": 0.0,
        "mean": 0.0,
        "std": 0.0
      }
    },
    {
      "id": "q2-40",
      "question_id": "q2",
      "human_scores": [
        16.0,
        16.0,
        16.0
      ],
      "mean": 16.0,
      "std": 0.0,
      "model_score": 0.0,
      "perturbation_scores": {
        "original": 0.0,
        "perturbed": 0.0
      },
      "perturbation_stats": {
        "median": 0.0,
        "mean": 0.0,
        "std": 0.0
      }
    },
    {
      "id": "q3-1",
      "question_id": "q3",
      "human_scores": [
        15.0,
        15.0,
        15.0
      ],
      "mean": 15.0,
      "std": 0.0,
      "model_score": 5.0,
      "perturbation_scores": {
        "original": 10.0,
        "perturbed": 0.0
      },
      "perturbation_stats": {
        "median": 5.0,
        "mean": 5.0,
        "std": 7.0710678118654755
      }
    },
    {
      "id": "q3-2",
      "question_id": "q3",
      "human_scores": [
        10.0,
        15.0,
        15.0
      ],
      "mean": 13.333333333333334,
      "std": 2.8867513459481287,
      "model_score": 10.0,
      "perturbation_scores": {
        "original": 10.0,
        "perturbed": 10.0
      },
      "perturbation_stats": {
        "median": 10.0,
        "mean": 10.0,
        "std": 0.0
      }
    },
    {
      "id": "q3-3",
      "question_id": "q3",
      "human_scores": [
        5.0,
        7.0,
        5.0
      ],
      "mean": 5.666666666666667,
      "std": 1.1547005383792515,
      "model_score": 2.5,
      "perturbation_scores": {
        "original": 5.0,
        "perturbed": 0.0
      },
      "perturbation_stats": {
        "median": 2.5,
        "mean": 2.5,
        "std": 3.5355339059327378
      }
    },
    {
      "id": "q3-4",
      "question_id": "q3",
      "human_scores": [
        10.0,
        10.0,
        10.0
      ],
      "mean": 10.0,
      "std": 0.0,
      "model_score": 0.0,
      "perturbation_scores": {
        "original": 0.0,
        "perturbed": 0.0
      },
      "perturbation_stats": {
        "median": 0.0,
        "mean": 0.0,
        "std": 0.0
      }
    },
    {
      "id": "q3-5",
      "question_id": "q3",
      "human_scores": [
        12.0,
        8.0,
        9.0
      ],
      "mean": 9.666666666666666,
      "std": 2.0816659994661326,
      "model_score": 2.5,
      "perturbation_scores": {
        "original": 5.0,
        "perturbed": 0.0
      },
      "perturbation_stats": {
        "median": 2.5,
        "mean": 2.5,
        "std": 3.5355339059327378
      }
    },
    {
      "id": "q3-6",
      "question_id": "q3",
      "human_scores": [
        15.0,
        15.0,
        15.0
      ],
      "mean": 15.0,
      "std": 0.0,
      "model_score": 0.07,
      "perturbation_scores": {
        "original": 0.0,
        "perturbed": 0.14
      },
      "perturbation_stats": {
        "median": 0.07,
        "mean": 0.07,
        "std": 0.09899494936611666
      }
    },
    {
      "id": "q3-7",
      "question_id": "q3",
      "human_scores": [
        15.0,
        15.0,
        15.0
      ],
      "mean": 15.0,
      "std": 0.0,
      "model_score": 5.0,
      "perturbation_scores": {
        "original": 10.0,
        "perturbed": 0.0
      },
      "perturbation_stats": {
        "median": 5.0,
        "mean": 5.0,
        "std": 7.0710678118654755
      }
    },
    {
      "id": "q3-8",
      "question_id": "q3",
      "human_scores": [
        15.0,
        15.0,
        15.0
      ],
      "mean": 15.0,
      "std": 0.0,
      "model_score": 5.0,
      "perturbation_scores": {
        "original": 10.0,
        "perturbed": 0.0
      },
      "perturbation_stats": {
        "median": 5.0,
        "mean": 5.0,
        "std": 7.0710678118654755
      }
    },
    {
      "id": "q3-9",
      "question_id": "q3",
      "human_scores": [
        12.0,
        10.0,
        10.0
      ],
      "mean": 10.666666666666666,
      "std": 1.1547005383792515,
      "model_score": 0.0,
      "perturbation_scores": {
        "original": 0.0,
        "perturbed": 0.0
      },
      "perturbation_stats": {
        "median": 0.0,
        "mean": 0.0,
        "std": 0.0
      }
    },
    {
      "id": "q3-10",
      "question_id": "q3",
      "human_scores": [
        5.0,
        5.0,
        5.0
      ],
      "mean": 5.0,
      "std": 0.0,
      "model_score": 7.5,
      "perturbation_scores": {
        "original": 10.0,
        "perturbed": 5.0
      },
      "perturbation_stats": {
        "median": 7.5,
        "mean": 7.5,
        "std": 3.5355339059327378
      }
    },
    {
      "id": "q3-11",
      "question_id": "q3",
      "human_scores": [
        15.0,
        15.0,
        15.0
      ],
      "mean": 15.0,
      "std": 0.0,
      "model_score": 5.0,
      "perturbation_scores": {
        "original": 10.0,
        "perturbed": 0.0
      },
      "perturbation_stats": {
        "median": 5.0,
        "mean": 5.0,
        "std": 7.0710678118654755
      }
    },
    {
      "id": "q3-12",
      "question_id": "q3",
      "human_scores": [
        10.0,
        12.0,
        10.0
      ],
      "mean": 10.666666666666666,
      "std": 1.1547005383792515,
      "model_score": 1.0,
      "perturbation_scores": {
        "original": 2.0,
        "perturbed": 0.0
      },
      "perturbation_stats": {
        "median": 1.0,
        "mean": 1.0,
        "std": 1.4142135623730951
      }
    },
    {
      "id": "q3-13",
      "question_id": "q3",
      "human_scores": [
        7.0,
        5.0,
        3.0
      ],
      "mean": 5.0,
      "std": 2.0,
      "model_score": 1.0,
      "perturbation_scores": {
        "original": 2.0,
        "perturbed": 0.0
      },
      "perturbation_stats": {
        "median": 1.0,
        "mean": 1.0,
        "std": 1.4142135623730951
      }
    },
    {
      "id": "q3-14",
      "question_id": "q3",
      "human_scores": [
        15.0,
        15.0,
        15.0
      ],
      "mean": 15.0,
      "std": 0.0,
      "model_score": 5.0,
      "perturbation_scores": {
        "original": 10.0,
        "perturbed": 0.0
      },
      "perturbation_stats": {
        "median": 5.0,
        "mean": 5.0,
        "std": 7.0710678118654755
      }
    },
    {
      "id": "q3-15",
      "question_id": "q3",
      "human_scores": [
        10.0,
        5.0,
        7.0
      ],
      "mean": 7.333333333333333,
      "std": 2.516611478423583,
      "model_score": 2.5,
      "perturbation_scores": {
        "original": 5.0,
        "perturbed": 0.0
      },
      "perturbation_stats": {
        "median": 2.5,
        "mean": 2.5,
        "std": 3.5355339059327378
      }
    },
    {
      "id": "q3-16",
      "question_id": "q3",
      "human_scores": [
        10.0,
        5.0,
        8.0
      ],
      "mean": 7.666666666666667,
      "std": 2.516611478423583,
      "model_score": 2.5,
      "perturbation_scores": {
        "original": 5.0,
        "perturbed": 0.0
      },
      "perturbation_stats": {
        "median": 2.5,
        "mean": 2.5,
        "std": 3.5355339059327378
      }
    },
    {
      "id": "q3-17",
      "question_id": "q3",
      "human_scores": [
        7.0,
        5.0,
        5.0
      ],
      "mean": 5.666666666666667,
      "std": 1.1547005383792515,
      "model_score": 7.5,
      "perturbation_scores": {
        "original": 10.0,
        "perturbed": 5.0
      },
      "perturbation_stats": {
        "median": 7.5,
        "mean": 7.5,
        "std": 3.5355339059327378
      }
    },
    {
      "id": "q3-18",
      "question_id": "q3",
      "human_scores": [
        5.0,
        5.0,
        4.0
      ],
      "mean": 4.666666666666667,
      "std": 0.5773502691896257,
      "model_score": 2.5,
      "perturbation_scores": {
        "original": 5.0,
        "perturbed": 0.0
      },
      "perturbation_stats": {
        "median": 2.5,
        "mean": 2.5,
        "std": 3.5355339059327378
      }
    },
    {
      "id": "q3-19",
      "question_id": "q3",
      "human_scores": [
        8.0,
        9.0,
        7.0
      ],
      "mean": 8.0,
      "std": 1.0,
      "model_score": 2.5,
      "perturbation_scores": {
        "original": 5.0,
        "perturbed": 0.0
      },
      "perturbation_stats": {
        "median": 2.5,
        "mean": 2.5,
        "std": 3.5355339059327378
      }
    },
    {
      "id": "q3-20",
      "question_id": "q3",
      "human_scores": [
        5.0,
        5.0,
        5.0
      ],
      "mean": 5.0,
      "std": 0.0,
      "model_score": 0.0,
      "perturbation_scores": {
        "original": 0.0,
        "perturbed": 0.0
      },
      "perturbation_stats": {
        "median": 0.0,
        "mean": 0.0,
        "std": 0.0
      }
    },
    {
      "id": "q3-21",
      "question_id": "q3",
      "human_scores": [
        15.0,
        15.0,
        15.0
      ],
      "mean": 15.0,
      "std": 0.0,
      "model_score": 5.0,
      "perturbation_scores": {
        "original": 10.0,
        "perturbed": 0.0
      },
      "perturbation_stats": {
        "median": 5.0,
        "mean": 5.0,
        "std": 7.0710678118654755
      }
    },
    {
      "id": "q3-22",
      "question_id": "q3",
      "human_scores": [
        10.0,
        12.0,
        10.0
      ],
      "mean": 10.666666666666666,
      "std": 1.1547005383792515,
      "model_score": 5.0,
      "perturbation_scores": {
        "original": 10.0,
        "perturbed": 0.0
      },
      "perturbation_stats": {
        "median": 5.0,
        "mean": 5.0,
        "std": 7.0710678118654755
      }
    },
    {
      "id": "q3-23",
      "question_id": "q3",
      "human_scores": [
        10.0,
        5.0,
        7.0
      ],
      "mean": 7.333333333333333,
      "std": 2.516611478423583,
      "model_score": 1.0,
      "perturbation_scores": {
        "original": 2.0,
        "perturbed": 0.0
      },
      "perturbation_stats": {
        "median": 1.0,
        "mean": 1.0,
        "std": 1.4142135623730951
      }
    },
    {
      "id": "q3-24",
      "question_id": "q3",
      "human_scores": [
        13.0,
        10.0,
        10.0
      ],
      "mean": 11.0,
      "std": 1.7320508075688772,
      "model_score": 5.0,
      "perturbation_scores": {
        "original": 10.0,
        "perturbed": 0.0
      },
      "perturbation_stats": {
        "median": 5.0,
        "mean": 5.0,
        "std": 7.0710678118654755
      }
    },
    {
      "id": "q3-25",
      "question_id": "q3",
      "human_scores": [
        11.0,
        10.0,
        10.0
      ],
      "mean": 10.333333333333334,
      "std": 0.5773502691896257,
      "model_score": 7.5,
      "perturbation_scores": {
        "original": 10.0,
        "perturbed": 5.0
      },
      "perturbation_stats": {
        "median": 7.5,
        "mean": 7.5,
        "std": 3.5355339059327378
      }
    },
    {
      "id": "q3-26",
      "question_id": "q3",
      "human_scores": [
        5.0,
        9.0,
        7.0
      ],
      "mean": 7.0,
      "std": 2.0,
      "model_score": 5.0,
      "perturbation_scores": {
        "original": 10.0,
        "perturbed": 0.0
      },
      "perturbation_stats": {
        "median": 5.0,
        "mean": 5.0,
        "std": 7.0710678118654755
      }
    },
    {
      "id": "q3-27",
      "question_id": "q3",
      "human_scores": [
        15.0,
        13.0,
        15.0
      ],
      "mean": 14.333333333333334,
      "std": 1.1547005383792515,
      "model_score": 15.0,
      "perturbation_scores": {
        "original": 15.0,
        "perturbed": 15.0
      },
      "perturbation_stats": {
        "median": 15.0,
        "mean": 15.0,
        "std": 0.0
      }
    },
    {
      "id": "q3-28",
      "question_id": "q3",
      "human_scores": [
        8.0,
        7.0,
        5.0
      ],
      "mean": 6.666666666666667,
      "std": 1.5275252316519468,
      "model_score": 5.0,
      "perturbation_scores": {
        "original": 10.0,
        "perturbed": 0.0
      },
      "perturbation_stats": {
        "median": 5.0,
        "mean": 5.0,
        "std": 7.0710678118654755
      }
    },
    {
      "id": "q3-29",
      "question_id": "q3",
      "human_scores": [
        8.0,
        10.0,
        9.0
      ],
      "mean": 9.0,
      "std": 1.0,
      "model_score": 5.0,
      "perturbation_scores": {
        "original": 10.0,
        "perturbed": 0.0
      },
      "perturbation_stats": {
        "median": 5.0,
        "mean": 5.0,
        "std": 7.0710678118654755
      }
    },
    {
      "id": "q3-30",
      "question_id": "q3",
      "human_scores": [
        10.0,
        12.0,
        10.0
      ],
      "mean": 10.666666666666666,
      "std": 1.1547005383792515,
      "model_score": 7.5,
      "perturbation_scores": {
        "original": 10.0,
        "perturbed": 5.0
      },
      "perturbation_stats": {
        "median": 7.5,
        "mean": 7.5,
        "std": 3.5355339059327378
      }
    },
    {
      "id": "q3-31",
      "question_id": "q3",
      "human_scores": [
        5.0,
        7.0,
        5.0
      ],
      "mean": 5.666666666666667,
      "std": 1.1547005383792515,
      "model_score": 1.0,
      "perturbation_scores": {
        "original": 2.0,
        "perturbed": 0.0
      },
      "perturbation_stats": {
        "median": 1.0,
        "mean": 1.0,
        "std": 1.4142135623730951
      }
    },
    {
      "id": "q3-32",
      "question_id": "q3",
      "human_scores": [
        13.0,
        15.0,
        13.0
      ],
      "mean": 13.666666666666666,
      "std": 1.1547005383792515,
      "model_score": 5.0,
      "perturbation_scores": {
        "original": 10.0,
        "perturbed": 0.0
      },
      "perturbation_stats": {
        "median": 5.0,
        "mean": 5.0,
        "std": 7.0710678118654755
      }
    },
    {
      "id": "q3-33",
      "question_id": "q3",
      "human_scores": [
        10.0,
        7.0,
        7.0
      ],
      "mean": 8.0,
      "std": 1.7320508075688772,
      "model_score": 5.0,
      "perturbation_scores": {
        "original": 10.0,
        "perturbed": 0.0
      },
      "perturbation_stats": {
        "median": 5.0,
        "mean": 5.0,
        "std": 7.0710678118654755
      }
    },
    {
      "id": "q3-34",
      "question_id": "q3",
      "human_scores": [
        10.0,
        12.0,
        10.0
      ],
      "mean": 10.666666666666666,
      "std": 1.1547005383792515,
      "model_score": 5.0,
      "perturbation_scores": {
        "original": 10.0,
        "perturbed": 0.0
      },
      "perturbation_stats": {
        "median": 5.0,
        "mean": 5.0,
        "std": 7.0710678118654755
      }
    },
    {
      "id": "q3-35",
      "question_id": "q3",
      "human_scores": [
        15.0,
        10.0,
        13.0
      ],
      "mean": 12.666666666666666,
      "std": 2.516611478423583,
      "model_score": 5.0,
      "perturbation_scores": {
        "original": 10.0,
        "perturbed": 0.0
      },
      "perturbation_stats": {
        "median": 5.0,
        "mean": 5.0,
        "std": 7.0710678118654755
      }
    },
    {
      "id": "q3-36",
      "question_id": "q3",
      "human_scores": [
        15.0,
        15.0,
        15.0
      ],
      "mean": 15.0,
      "std": 0.0,
      "model_score": 5.0,
      "perturbation_scores": {
        "original": 10.0,
        "perturbed": 0.0
      },
      "perturbation_stats": {
        "median": 5.0,
        "mean": 5.0,
        "std": 7.0710678118654755
      }
    },
    {
      "id": "q3-37",
      "question_id": "q3",
      "human_scores": [
        10.0,
        10.0,
        10.0
      ],
      "mean": 10.0,
      "std": 0.0,
      "model_score": 2.5,
      "perturbation_scores": {
        "original": 5.0,
        "perturbed": 0.0
      },
      "perturbation_stats": {
        "median": 2.5,
        "mean": 2.5,
        "std": 3.5355339059327378
      }
    },
    {
      "id": "q3-38",
      "question_id": "q3",
      "human_scores": [
        15.0,
        13.0,
        15.0
      ],
      "mean": 14.333333333333334,
      "std": 1.1547005383792515,
      "model_score": 10.0,
      "perturbation_scores": {
        "original": 15.0,
        "perturbed": 5.0
      },
      "perturbation_stats": {
        "median": 10.0,
        "mean": 10.0,
        "std": 7.0710678118654755
      }
    },
    {
      "id": "q3-39",
      "question_id": "q3",
      "human_scores": [
        10.0,
        15.0,
        15.0
      ],
      "mean": 13.333333333333334,
      "std": 2.8867513459481287,
      "model_score": 5.0,
      "perturbation_scores": {
        "original": 10.0,
        "perturbed": 0.0
      },
      "perturbation_stats": {
        "median": 5.0,
        "mean": 5.0,
        "std": 7.0710678118654755
      }
    },
    {
      "id": "q3-40",
      "question_id": "q3",
      "human_scores": [
        1.0,
        0.0,
        0.0
      ],
      "mean": 0.3333333333333333,
      "std": 0.5773502691896257,
      "model_score": 0.0,
      "perturbation_scores": {
        "original": 0.0,
        "perturbed": 0.0
      },
      "perturbation_stats": {
        "median": 0.0,
        "mean": 0.0,
        "std": 0.0
      }
    },
    {
      "id": "q4-1",
      "question_id": "q4",
      "human_scores": [
        8.0,
        8.0,
        8.0
      ],
      "mean": 8.0,
      "std": 0.0,
      "model_score": 4.0,
      "perturbation_scores": {
        "original": 8.0,
        "perturbed": 0.0
      },
      "perturbation_stats": {
        "median": 4.0,
        "mean": 4.0,
        "std": 5.656854249492381
      }
    },
    {
      "id": "q4-2",
      "question_id": "q4",
      "human_scores": [
        16.0,
        16.0,
        16.0
      ],
      "mean": 16.0,
      "std": 0.0,
      "model_score": 8.0,
      "perturbation_scores": {
        "original": 8.0,
        "perturbed": 8.0
      },
      "perturbation_stats": {
        "median": 8.0,
        "mean": 8.0,
        "std": 0.0
      }
    },
    {
      "id": "q4-3",
      "question_id": "q4",
      "human_scores": [
        8.0,
        8.0,
        8.0
      ],
      "mean": 8.0,
      "std": 0.0,
      "model_score": 4.0,
      "perturbation_scores": {
        "original": 8.0,
        "perturbed": 0.0
      },
      "perturbation_stats": {
        "median": 4.0,
        "mean": 4.0,
        "std": 5.656854249492381
      }
    },
    {
      "id": "q4-4",
      "question_id": "q4",
      "human_scores": [
        16.0,
        8.0,
        8.0
      ],
      "mean": 10.666666666666666,
      "std": 4.618802153517006,
      "model_score": 4.0,
      "perturbation_scores": {
        "original": 8.0,
        "perturbed": 0.0
      },
      "perturbation_stats": {
        "median": 4.0,
        "mean": 4.0,
        "std": 5.656854249492381
      }
    },
    {
      "id": "q4-5",
      "question_id": "q4",
      "human_scores": [
        8.0,
        8.0,
        8.0
      ],
      "mean": 8.0,
      "std": 0.0,
      "model_score": 5.0,
      "perturbation_scores": {
        "original": 8.0,
        "perturbed": 2.0
      },
      "perturbation_stats": {
        "median": 5.0,
        "mean": 5.0,
        "std": 4.242640687119285
      }
    },
    {
      "id": "q4-6",
      "question_id": "q4",
      "human_scores": [
        8.0,
        8.0,
        8.0
      ],
      "mean": 8.0,
      "std": 0.0,
      "model_score": 4.0,
      "perturbation_scores": {
        "original": 8.0,
        "perturbed": 0.0
      },
      "perturbation_stats": {
        "median": 4.0,
        "mean": 4.0,
        "std": 5.656854249492381
      }
    },
    {
      "id": "q4-7",
      "question_id": "q4",
      "human_scores": [
        16.0,
        16.0,
        16.0
      ],
      "mean": 16.0,
      "std": 0.0,
      "model_score": 8.0,
      "perturbation_scores": {
        "original": 8.0,
        "perturbed": 8.0
      },
      "perturbation_stats": {
        "median": 8.0,
        "mean": 8.0,
        "std": 0.0
      }
    },
    {
      "id": "q4-8",
      "question_id": "q4",
      "human_scores": [
        16.0,
        16.0,
        16.0
      ],
      "mean": 16.0,
      "std": 0.0,
      "model_score": 4.0,
      "perturbation_scores": {
        "original": 8.0,
        "perturbed": 0.0
      },
      "perturbation_stats": {
        "median": 4.0,
        "mean": 4.0,
        "std": 5.656854249492381
      }
    },
    {
      "id": "q4-9",
      "question_id": "q4",
      "human_scores": [
        8.0,
        8.0,
        8.0
      ],
      "mean": 8.0,
      "std": 0.0,
      "model_score": 8.0,
      "perturbation_scores": {
        "original": 8.0,
        "perturbed": 8.0
      },
      "perturbation_stats": {
        "median": 8.0,
        "mean": 8.0,
        "std": 0.0
      }
    },
    {
      "id": "q4-10",
      "question_id": "q4",
      "human_scores": [
        16.0,
        16.0,
        16.0
      ],
      "mean": 16.0,
      "std": 0.0,
      "model_score": 8.0,
      "perturbation_scores": {
        "original": 8.0,
        "perturbed": 8.0
      },
      "perturbation_stats": {
        "median": 8.0,
        "mean": 8.0,
        "std": 0.0
      }
    },
    {
      "id": "q4-11",
      "question_id": "q4",
      "human_scores": [
        8.0,
        8.0,
        8.0
      ],
      "mean": 8.0,
      "std": 0.0,
      "model_score": 4.0,
      "perturbation_scores": {
        "original": 8.0,
        "perturbed": 0.0
      },
      "perturbation_stats": {
        "median": 4.0,
        "mean": 4.0,
        "std": 5.656854249492381
      }
    },
    {
      "id": "q4-12",
      "question_id": "q4",
      "human_scores": [
        16.0,
        16.0,
        16.0
      ],
      "mean": 16.0,
      "std": 0.0,
      "model_score": 8.0,
      "perturbation_scores": {
        "original": 8.0,
        "perturbed": 8.0
      },
      "perturbation_stats": {
        "median": 8.0,
        "mean": 8.0,
        "std": 0.0
      }
    },
    {
      "id": "q4-13",
      "question_id": "q4",
      "human_scores": [
        8.0,
        8.0,
        8.0
      ],
      "mean": 8.0,
      "std": 0.0,
      "model_score": 0.0,
      "perturbation_scores": {
        "original": 0.0,
        "perturbed": 0.0
      },
      "perturbation_stats": {
        "median": 0.0,
        "mean": 0.0,
        "std": 0.0
      }
    },
    {
      "id": "q4-14",
      "question_id": "q4",
      "human_scores": [
        8.0,
        8.0,
        8.0
      ],
      "mean": 8.0,
      "std": 0.0,
      "model_score": 4.0,
      "perturbation_scores": {
        "original": 8.0,
        "perturbed": 0.0
      },
      "perturbation_stats": {
        "median": 4.0,
        "mean": 4.0,
        "std": 5.656854249492381
      }
    },
    {
      "id": "q4-15",
      "question_id": "q4",
      "human_scores": [
        8.0,
        8.0,
        8.0
      ],
      "mean": 8.0,
      "std": 0.0,
      "model_score": 4.0,
      "perturbation_scores": {
        "original": 8.0,
        "perturbed": 0.0
      },
      "perturbation_stats": {
        "median": 4.0,
        "mean": 4.0,
        "std": 5.656854249492381
      }
    },
    {
      "id": "q4-16",
      "question_id": "q4",
      "human_scores": [
        16.0,
        16.0,
        16.0
      ],
      "mean": 16.0,
      "std": 0.0,
      "model_score": 4.0,
      "perturbation_scores": {
        "original": 8.0,
        "perturbed": 0.0
      },
      "perturbation_stats": {
        "median": 4.0,
        "mean": 4.0,
        "std": 5.656854249492381
      }
    },
    {
      "id": "q4-17",
      "question_id": "q4",
      "human_scores": [
        8.0,
        8.0,
        8.0
      ],
      "mean": 8.0,
      "std": 0.0,
      "model_score": 4.0,
      "perturbation_scores": {
        "original": 8.0,
        "perturbed": 0.0
      },
      "perturbation_stats": {
        "median": 4.0,
        "mean": 4.0,
        "std": 5.656854249492381
      }
    },
    {
      "id": "q4-18",
      "question_id": "q4",
      "human_scores": [
        16.0,
        16.0,
        16.0
      ],
      "mean": 16.0,
      "std": 0.0,
      "model_score": 4.0,
      "perturbation_scores": {
        "original": 8.0,
        "perturbed": 0.0
      },
      "perturbation_stats": {
        "median": 4.0,
        "mean": 4.0,
        "std": 5.656854249492381
      }
    },
    {
      "id": "q4-19",
      "question_id": "q4",
      "human_scores": [
        16.0,
        16.0,
        16.0
      ],
      "mean": 16.0,
      "std": 0.0,
      "model_score": 8.0,
      "perturbation_scores": {
        "original": 8.0,
        "perturbed": 8.0
      },
      "perturbation_stats": {
        "median": 8.0,
        "mean": 8.0,
        "std": 0.0
      }
    },
    {
      "id": "q4-20",
      "question_id": "q4",
      "human_scores": [
        16.0,
        16.0,
        16.0
      ],
      "mean": 16.0,
      "std": 0.0,
      "model_score": 4.0,
      "perturbation_scores": {
        "original": 8.0,
        "perturbed": 0.0
      },
      "perturbation_stats": {
        "median": 4.0,
        "mean": 4.0,
        "std": 5.656854249492381
      }
    },
    {
      "id": "q4-21",
      "question_id": "q4",
      "human_scores": [
        16.0,
        16.0,
        16.0
      ],
      "mean": 16.0,
      "std": 0.0,
      "model_score": 8.0,
      "perturbation_scores": {
        "original": 8.0,
        "perturbed": 8.0
      },
      "perturbation_stats": {
        "median": 8.0,
        "mean": 8.0,
        "std": 0.0
      }
    },
    {
      "id": "q4-22",
      "question_id": "q4",
      "human_scores": [
        8.0,
        8.0,
        8.0
      ],
      "mean": 8.0,
      "std": 0.0,
      "model_score": 8.0,
      "perturbation_scores": {
        "original": 8.0,
        "perturbed": 8.0
      },
      "perturbation_stats": {
        "median": 8.0,
        "mean": 8.0,
        "std": 0.0
      }
    },
    {
      "id": "q4-23",
      "question_id": "q4",
      "human_scores": [
        2.0,
        0.0,
        0.0
      ],
      "mean": 0.6666666666666666,
      "std": 1.1547005383792515,
      "model_score": 0.0,
      "perturbation_scores": {
        "original": 0.0,
        "perturbed": 0.0
      },
      "perturbation_stats": {
        "median": 0.0,
        "mean": 0.0,
        "std": 0.0
      }
    },
    {
      "id": "q4-24",
      "question_id": "q4",
      "human_scores": [
        16.0,
        16.0,
        16.0
      ],
      "mean": 16.0,
      "std": 0.0,
      "model_score": 4.0,
      "perturbation_scores": {
        "original": 8.0,
        "perturbed": 0.0
      },
      "perturbation_stats": {
        "median": 4.0,
        "mean": 4.0,
        "std": 5.656854249492381
      }
    },
    {
      "id": "q4-25",
      "question_id": "q4",
      "human_scores": [
        16.0,
        16.0,
        16.0
      ],
      "mean": 16.0,
      "std": 0.0,
      "model_score": 4.0,
      "perturbation_scores": {
        "original": 8.0,
        "perturbed": 0.0
      },
      "perturbation_stats": {
        "median": 4.0,
        "mean": 4.0,
        "std": 5.656854249492381
      }
    },
    {
      "id": "q4-26",
      "question_id": "q4",
      "human_scores": [
        0.0,
        0.0,
        0.0
      ],
      "mean": 0.0,
      "std": 0.0,
      "model_score": 8.0,
      "perturbation_scores": {
        "original": 8.0,
        "perturbed": 8.0
      },
      "perturbation_stats": {
        "median": 8.0,
        "mean": 8.0,
        "std": 0.0
      }
    },
    {
      "id": "q4-27",
      "question_id": "q4",
      "human_scores": [
        16.0,
        16.0,
        16.0
      ],
      "mean": 16.0,
      "std": 0.0,
      "model_score": 8.0,
      "perturbation_scores": {
        "original": 8.0,
        "perturbed": 8.0
      },
      "perturbation_stats": {
        "median": 8.0,
        "mean": 8.0,
        "std": 0.0
      }
    },
    {
      "id": "q4-28",
      "question_id": "q4",
      "human_scores": [
        2.0,
        0.0,
        0.0
      ],
      "mean": 0.6666666666666666,
      "std": 1.1547005383792515,
      "model_score": 0.0,
      "perturbation_scores": {
        "original": 0.0,
        "perturbed": 0.0
      },
      "perturbation_stats": {
        "median": 0.0,
        "mean": 0.0,
        "std": 0.0
      }
    },
    {
      "id": "q4-29",
      "question_id": "q4",
      "human_scores": [
        16.0,
        16.0,
        16.0
      ],
      "mean": 16.0,
      "std": 0.0,
      "model_score": 4.0,
      "perturbation_scores": {
        "original": 8.0,
        "perturbed": 0.0
      },
      "perturbation_stats": {
        "median": 4.0,
        "mean": 4.0,
        "std": 5.656854249492381
      }
    },
    {
      "id": "q4-30",
      "question_id": "q4",
      "human_scores": [
        0.0,
        0.0,
        0.0
      ],
      "mean": 0.0,
      "std": 0.0,
      "model_score": 8.0,
      "perturbation_scores": {
        "original": 8.0,
        "perturbed": 8.0
      },
      "perturbation_stats": {
        "median": 8.0,
        "mean": 8.0,
        "std": 0.0
      }
    },
    {
      "id": "q4-31",
      "question_id": "q4",
      "human_scores": [
        8.0,
        8.0,
        8.0
      ],
      "mean": 8.0,
      "std": 0.0,
      "model_score": 8.0,
      "perturbation_scores": {
        "original": 8.0,
        "perturbed": 8.0
      },
      "perturbation_stats": {
        "median": 8.0,
        "mean": 8.0,
        "std": 0.0
      }
    },
    {
      "id": "q4-32",
      "question_id": "q4",
      "human_scores": [
        8.0,
        8.0,
        8.0
      ],
      "mean": 8.0,
      "std": 0.0,
      "model_score": 4.0,
      "perturbation_scores": {
        "original": 8.0,
        "perturbed": 0.0
      },
      "perturbation_stats": {
        "median": 4.0,
        "mean": 4.0,
        "std": 5.656854249492381
      }
    },
    {
      "id": "q4-33",
      "question_id": "q4",
      "human_scores": [
        16.0,
        16.0,
        16.0
      ],
      "mean": 16.0,
      "std": 0.0,
      "model_score": 8.0,
      "perturbation_scores": {
        "original": 8.0,
        "perturbed": 8.0
      },
      "perturbation_stats": {
        "median": 8.0,
        "mean": 8.0,
        "std": 0.0
      }
    },
    {
      "id": "q4-34",
      "question_id": "q4",
      "human_scores": [
        16.0,
        16.0,
        16.0
      ],
      "mean": 16.0,
      "std": 0.0,
      "model_score": 8.0,
      "perturbation_scores": {
        "original": 8.0,
        "perturbed": 8.0
      },
      "perturbation_stats": {
        "median": 8.0,
        "mean": 8.0,
        "std": 0.0
      }
    },
    {
      "id": "q4-35",
      "question_id": "q4",
      "human_scores": [
        16.0,
        8.0,
        8.0
      ],
      "mean": 10.666666666666666,
      "std": 4.618802153517006,
      "model_score": 4.0,
      "perturbation_scores": {
        "original": 8.0,
        "perturbed": 0.0
      },
      "perturbation_stats": {
        "median": 4.0,
        "mean": 4.0,
        "std": 5.656854249492381
      }
    },
    {
      "id": "q4-36",
      "question_id": "q4",
      "human_scores": [
        8.0,
        8.0,
        8.0
      ],
      "mean": 8.0,
      "std": 0.0,
      "model_score": 4.0,
      "perturbation_scores": {
        "original": 8.0,
        "perturbed": 0.0
      },
      "perturbation_stats": {
        "median": 4.0,
        "mean": 4.0,
        "std": 5.656854249492381
      }
    },
    {
      "id": "q4-37",
      "question_id": "q4",
      "human_scores": [
        8.0,
        8.0,
        8.0
      ],
      "mean": 8.0,
      "std": 0.0,
      "model_score": 4.0,
      "perturbation_scores": {
        "original": 8.0,
        "perturbed": 0.0
      },
      "perturbation_stats": {
        "median": 4.0,
        "mean": 4.0,
        "std": 5.656854249492381
      }
    },
    {
      "id": "q4-38",
      "question_id": "q4",
      "human_scores": [
        10.0,
        0.0,
        0.0
      ],
      "mean": 3.3333333333333335,
      "std": 5.773502691896257,
      "model_score": 4.0,
      "perturbation_scores": {
        "original": 0.0,
        "perturbed": 8.0
      },
      "perturbation_stats": {
        "median": 4.0,
        "mean": 4.0,
        "std": 5.656854249492381
      }
    },
    {
      "id": "q4-39",
      "question_id": "q4",
      "human_scores": [
        16.0,
        16.0,
        16.0
      ],
      "mean": 16.0,
      "std": 0.0,
      "model_score": 8.0,
      "perturbation_scores": {
        "original": 8.0,
        "perturbed": 8.0
      },
      "perturbation_stats": {
        "median": 8.0,
        "mean": 8.0,
        "std": 0.0
      }
    },
    {
      "id": "q4-40",
      "question_id": "q4",
      "human_scores": [
        8.0,
        8.0,
        8.0
      ],
      "mean": 8.0,
      "std": 0.0,
      "model_score": 4.0,
      "perturbation_scores": {
        "original": 8.0,
        "perturbed": 0.0
      },
      "perturbation_stats": {
        "median": 4.0,
        "mean": 4.0,
        "std": 5.656854249492381
      }
    },
    {
      "id": "q5-1",
      "question_id": "q5",
      "human_scores": [
        13.0,
        15.0,
        13.0
      ],
      "mean": 13.666666666666666,
      "std": 1.1547005383792515,
      "model_score": 0.0,
      "perturbation_scores": {
        "original": 0.0,
        "perturbed": 0.0
      },
      "perturbation_stats": {
        "median": 0.0,
        "mean": 0.0,
        "std": 0.0
      }
    },
    {
      "id": "q5-2",
      "question_id": "q5",
      "human_scores": [
        27.0,
        27.0,
        27.0
      ],
      "mean": 27.0,
      "std": 0.0,
      "model_score": 0.0,
      "perturbation_scores": {
        "original": 0.0,
        "perturbed": 0.0
      },
      "perturbation_stats": {
        "median": 0.0,
        "mean": 0.0,
        "std": 0.0
      }
    },
    {
      "id": "q5-3",
      "question_id": "q5",
      "human_scores": [
        1.0,
        0.0,
        0.0
      ],
      "mean": 0.3333333333333333,
      "std": 0.5773502691896257,
      "model_score": 0.0,
      "perturbation_scores": {
        "original": 0.0,
        "perturbed": 0.0
      },
      "perturbation_stats": {
        "median": 0.0,
        "mean": 0.0,
        "std": 0.0
      }
    },
    {
      "id": "q5-4",
      "question_id": "q5",
      "human_scores": [
        2.0,
        5.0,
        3.0
      ],
      "mean": 3.3333333333333335,
      "std": 1.5275252316519468,
      "model_score": 0.0,
      "perturbation_scores": {
        "original": 0.0,
        "perturbed": 0.0
      },
      "perturbation_stats": {
        "median": 0.0,
        "mean": 0.0,
        "std": 0.0
      }
    },
    {
      "id": "q5-5",
      "question_id": "q5",
      "human_scores": [
        2.0,
        4.0,
        3.0
      ],
      "mean": 3.0,
      "std": 1.0,
      "model_score": 0.0,
      "perturbation_scores": {
        "original": 0.0,
        "perturbed": 0.0
      },
      "perturbation_stats": {
        "median": 0.0,
        "mean": 0.0,
        "std": 0.0
      }
    },
    {
      "id": "q5-6",
      "question_id": "q5",
      "human_scores": [
        3.0,
        3.0,
        3.0
      ],
      "mean": 3.0,
      "std": 0.0,
      "model_score": 0.0,
      "perturbation_scores": {
        "original": 0.0,
        "perturbed": 0.0
      },
      "perturbation_stats": {
        "median": 0.0,
        "mean": 0.0,
        "std": 0.0
      }
    },
    {
      "id": "q5-7",
      "question_id": "q5",
      "human_scores": [
        4.0,
        3.0,
        3.0
      ],
      "mean": 3.3333333333333335,
      "std": 0.5773502691896257,
      "model_score": 0.0,
      "perturbation_scores": {
        "original": 0.0,
        "perturbed": 0.0
      },
      "perturbation_stats": {
        "median": 0.0,
        "mean": 0.0,
        "std": 0.0
      }
    },
    {
      "id": "q5-8",
      "question_id": "q5",
      "human_scores": [
        11.0,
        15.0,
        12.0
      ],
      "mean": 12.666666666666666,
      "std": 2.0816659994661326,
      "model_score": 0.0,
      "perturbation_scores": {
        "original": 0.0,
        "perturbed": 0.0
      },
      "perturbation_stats": {
        "median": 0.0,
        "mean": 0.0,
        "std": 0.0
      }
    },
    {
      "id": "q5-9",
      "question_id": "q5",
      "human_scores": [
        8.0,
        16.0,
        12.0
      ],
      "mean": 12.0,
      "std": 4.0,
      "model_score": 0.0,
      "perturbation_scores": {
        "original": 0.0,
        "perturbed": 0.0
      },
      "perturbation_stats": {
        "median": 0.0,
        "mean": 0.0,
        "std": 0.0
      }
    },
    {
      "id": "q5-10",
      "question_id": "q5",
      "human_scores": [
        18.0,
        20.0,
        21.0
      ],
      "mean": 19.666666666666668,
      "std": 1.5275252316519468,
      "model_score": 0.0,
      "perturbation_scores": {
        "original": 0.0,
        "perturbed": 0.0
      },
      "perturbation_stats": {
        "median": 0.0,
        "mean": 0.0,
        "std": 0.0
      }
    },
    {
      "id": "q5-11",
      "question_id": "q5",
      "human_scores": [
        27.0,
        27.0,
        27.0
      ],
      "mean": 27.0,
      "std": 0.0,
      "model_score": 0.0,
      "perturbation_scores": {
        "original": 0.0,
        "perturbed": 0.0
      },
      "perturbation_stats": {
        "median": 0.0,
        "mean": 0.0,
        "std": 0.0
      }
    },
    {
      "id": "q5-12",
      "question_id": "q5",
      "human_scores": [
        11.0,
        15.0,
        12.0
      ],
      "mean": 12.666666666666666,
      "std": 2.0816659994661326,
      "model_score": 0.0,
      "perturbation_scores": {
        "original": 0.0,
        "perturbed": 0.0
      },
      "perturbation_stats": {
        "median": 0.0,
        "mean": 0.0,
        "std": 0.0
      }
    },
    {
      "id": "q5-13",
      "question_id": "q5",
      "human_scores": [
        15.0,
        13.0,
        12.0
      ],
      "mean": 13.333333333333334,
      "std": 1.5275252316519468,
      "model_score": 0.0,
      "perturbation_scores": {
        "original": 0.0,
        "perturbed": 0.0
      },
      "perturbation_stats": {
        "median": 0.0,
        "mean": 0.0,
        "std": 0.0
      }
    },
    {
      "id": "q5-14",
      "question_id": "q5",
      "human_scores": [
        27.0,
        25.0,
        27.0
      ],
      "mean": 26.333333333333332,
      "std": 1.1547005383792515,
      "model_score": 0.0,
      "perturbation_scores": {
        "original": 0.0,
        "perturbed": 0.0
      },
      "perturbation_stats": {
        "median": 0.0,
        "mean": 0.0,
        "std": 0.0
      }
    },
    {
      "id": "q5-15",
      "question_id": "q5",
      "human_scores": [
        27.0,
        27.0,
        27.0
      ],
      "mean": 27.0,
      "std": 0.0,
      "model_score": 0.0,
      "perturbation_scores": {
        "original": 0.0,
        "perturbed": 0.0
      },
      "perturbation_stats": {
        "median": 0.0,
        "mean": 0.0,
        "std": 0.0
      }
    },
    {
      "id": "q5-16",
      "question_id": "q5",
      "human_scores": [
        12.0,
        18.0,
        15.0
      ],
      "mean": 15.0,
      "std": 3.0,
      "model_score": 0.0,
      "perturbation_scores": {
        "original": 0.0,
        "perturbed": 0.0
      },
      "perturbation_stats": {
        "median": 0.0,
        "mean": 0.0,
        "std": 0.0
      }
    },
    {
      "id": "q5-17",
      "question_id": "q5",
      "human_scores": [
        7.0,
        5.0,
        6.0
      ],
      "mean": 6.0,
      "std": 1.0,
      "model_score": 0.0,
      "perturbation_scores": {
        "original": 0.0,
        "perturbed": 0.0
      },
      "perturbation_stats": {
        "median": 0.0,
        "mean": 0.0,
        "std": 0.0
      }
    },
    {
      "id": "q5-18",
      "question_id": "q5",
      "human_scores": [
        20.0,
        16.0,
        18.0
      ],
      "mean": 18.0,
      "std": 2.0,
      "model_score": 0.0,
      "perturbation_scores": {
        "original": 0.0,
        "perturbed": 0.0
      },
      "perturbation_stats": {
        "median": 0.0,
        "mean": 0.0,
        "std": 0.0
      }
    },
    {
      "id": "q5-19",
      "question_id": "q5",
      "human_scores": [
        9.0,
        11.0,
        9.0
      ],
      "mean": 9.666666666666666,
      "std": 1.1547005383792515,
      "model_score": 0.0,
      "perturbation_scores": {
        "original": 0.0,
        "perturbed": 0.0
      },
      "perturbation_stats": {
        "median": 0.0,
        "mean": 0.0,
        "std": 0.0
      }
    },
    {
      "id": "q5-20",
      "question_id": "q5",
      "human_scores": [
        27.0,
        27.0,
        27.0
      ],
      "mean": 27.0,
      "std": 0.0,
      "model_score": 0.0,
      "perturbation_scores": {
        "original": 0.0,
        "perturbed": 0.0
      },
      "perturbation_stats": {
        "median": 0.0,
        "mean": 0.0,
        "std": 0.0
      }
    },
    {
      "id": "q5-21",
      "question_id": "q5",
      "human_scores": [
        15.0,
        10.0,
        12.0
      ],
      "mean": 12.333333333333334,
      "std": 2.516611478423583,
      "model_score": 0.0,
      "perturbation_scores": {
        "original": 0.0,
        "perturbed": 0.0
      },
      "perturbation_stats": {
        "median": 0.0,
        "mean": 0.0,
        "std": 0.0
      }
    },
    {
      "id": "q5-22",
      "question_id": "q5",
      "human_scores": [
        23.0,
        16.0,
        18.0
      ],
      "mean": 19.0,
      "std": 3.605551275463989,
      "model_score": 0.0,
      "perturbation_scores": {
        "original": 0.0,
        "perturbed": 0.0
      },
      "perturbation_stats": {
        "median": 0.0,
        "mean": 0.0,
        "std": 0.0
      }
    },
    {
      "id": "q5-23",
      "question_id": "q5",
      "human_scores": [
        6.0,
        6.0,
        3.0
      ],
      "mean": 5.0,
      "std": 1.7320508075688772,
      "model_score": 0.0,
      "perturbation_scores": {
        "original": 0.0,
        "perturbed": 0.0
      },
      "perturbation_stats": {
        "median": 0.0,
        "mean": 0.0,
        "std": 0.0
      }
    },
    {
      "id": "q5-24",
      "question_id": "q5",
      "human_scores": [
        20.0,
        27.0,
        21.0
      ],
      "mean": 22.666666666666668,
      "std": 3.7859388972001824,
      "model_score": 0.0,
      "perturbation_scores": {
        "original": 0.0,
        "perturbed": 0.0
      },
      "perturbation_stats": {
        "median": 0.0,
        "mean": 0.0,
        "std": 0.0
      }
    },
    {
      "id": "q5-25",
      "question_id": "q5",
      "human_scores": [
        5.0,
        9.0,
        3.0
      ],
      "mean": 5.666666666666667,
      "std": 3.0550504633038935,
      "model_score": 0.0,
      "perturbation_scores": {
        "original": 0.0,
        "perturbed": 0.0
      },
      "perturbation_stats": {
        "median": 0.0,
        "mean": 0.0,
        "std": 0.0
      }
    },
    {
      "id": "q5-26",
      "question_id": "q5",
      "human_scores": [
        27.0,
        27.0,
        27.0
      ],
      "mean": 27.0,
      "std": 0.0,
      "model_score": 0.0,
      "perturbation_scores": {
        "original": 0.0,
        "perturbed": 0.0
      },
      "perturbation_stats": {
        "median": 0.0,
        "mean": 0.0,
        "std": 0.0
      }
    },
    {
      "id": "q5-27",
      "question_id": "q5",
      "human_scores": [
        0.0,
        1.0,
        0.0
      ],
      "mean": 0.3333333333333333,
      "std": 0.5773502691896257,
      "model_score": 0.0,
      "perturbation_scores": {
        "original": 0.0,
        "perturbed": 0.0
      },
      "perturbation_stats": {
        "median": 0.0,
        "mean": 0.0,
        "std": 0.0
      }
    },
    {
      "id": "q5-28",
      "question_id": "q5",
      "human_scores": [
        27.0,
        27.0,
        27.0
      ],
      "mean": 27.0,
      "std": 0.0,
      "model_score": 0.0,
      "perturbation_scores": {
        "original": 0.0,
        "perturbed": 0.0
      },
      "perturbation_stats": {
        "median": 0.0,
        "mean": 0.0,
        "std": 0.0
      }
    },
    {
      "id": "q5-29",
      "question_id": "q5",
      "human_scores": [
        12.0,
        12.0,
        12.0
      ],
      "mean": 12.0,
      "std": 0.0,
      "model_score": 0.0,
      "perturbation_scores": {
        "original": 0.0,
        "perturbed": 0.0
      },
      "perturbation_stats": {
        "median": 0.0,
        "mean": 0.0,
        "std": 0.0
      }
    },
    {
      "id": "q5-30",
      "question_id": "q5",
      "human_scores": [
        9.0,
        10.0,
        9.0
      ],
      "mean": 9.333333333333334,
      "std": 0.5773502691896257,
      "model_score": 0.0,
      "perturbation_scores": {
        "original": 0.0,
        "perturbed": 0.0
      },
      "perturbation_stats": {
        "median": 0.0,
        "mean": 0.0,
        "std": 0.0
      }
    },
    {
      "id": "q5-31",
      "question_id": "q5",
      "human_scores": [
        10.0,
        12.0,
        12.0
      ],
      "mean": 11.333333333333334,
      "std": 1.1547005383792515,
      "model_score": 0.0,
      "perturbation_scores": {
        "original": 0.0,
        "perturbed": 0.0
      },
      "perturbation_stats": {
        "median": 0.0,
        "mean": 0.0,
        "std": 0.0
      }
    },
    {
      "id": "q5-32",
      "question_id": "q5",
      "human_scores": [
        4.0,
        3.0,
        0.0
      ],
      "mean": 2.3333333333333335,
      "std": 2.0816659994661326,
      "model_score": 0.0,
      "perturbation_scores": {
        "original": 0.0,
        "perturbed": 0.0
      },
      "perturbation_stats": {
        "median": 0.0,
        "mean": 0.0,
        "std": 0.0
      }
    },
    {
      "id": "q5-33",
      "question_id": "q5",
      "human_scores": [
        13.0,
        15.0,
        13.0
      ],
      "mean": 13.666666666666666,
      "std": 1.1547005383792515,
      "model_score": 0.0,
      "perturbation_scores": {
        "original": 0.0,
        "perturbed": 0.0
      },
      "perturbation_stats": {
        "median": 0.0,
        "mean": 0.0,
        "std": 0.0
      }
    },
    {
      "id": "q5-34",
      "question_id": "q5",
      "human_scores": [
        16.0,
        10.0,
        12.0
      ],
      "mean": 12.666666666666666,
      "std": 3.0550504633038935,
      "model_score": 0.0,
      "perturbation_scores": {
        "original": 0.0,
        "perturbed": 0.0
      },
      "perturbation_stats": {
        "median": 0.0,
        "mean": 0.0,
        "std": 0.0
      }
    },
    {
      "id": "q5-35",
      "question_id": "q5",
      "human_scores": [
        5.0,
        5.0,
        2.0
      ],
      "mean": 4.0,
      "std": 1.7320508075688772,
      "model_score": 0.0,
      "perturbation_scores": {
        "original": 0.0,
        "perturbed": 0.0
      },
      "perturbation_stats": {
        "median": 0.0,
        "mean": 0.0,
        "std": 0.0
      }
    },
    {
      "id": "q5-36",
      "question_id": "q5",
      "human_scores": [
        27.0,
        27.0,
        27.0
      ],
      "mean": 27.0,
      "std": 0.0,
      "model_score": 0.0,
      "perturbation_scores": {
        "original": 0.0,
        "perturbed": 0.0
      },
      "perturbation_stats": {
        "median": 0.0,
        "mean": 0.0,
        "std": 0.0
      }
    },
    {
      "id": "q5-37",
      "question_id": "q5",
      "human_scores": [
        9.0,
        12.0,
        9.0
      ],
      "mean": 10.0,
      "std": 1.7320508075688772,
      "model_score": 0.0,
      "perturbation_scores": {
        "original": 0.0,
        "perturbed": 0.0
      },
      "perturbation_stats": {
        "median": 0.0,
        "mean": 0.0,
        "std": 0.0
      }
    },
    {
      "id": "q5-38",
      "question_id": "q5",
      "human_scores": [
        2.0,
        0.0,
        0.0
      ],
      "mean": 0.6666666666666666,
      "std": 1.1547005383792515,
      "model_score": 0.0,
      "perturbation_scores": {
        "original": 0.0,
        "perturbed": 0.0
      },
      "perturbation_stats": {
        "median": 0.0,
        "mean": 0.0,
        "std": 0.0
      }
    },
    {
      "id": "q5-39",
      "question_id": "q5",
      "human_scores": [
        9.0,
        8.0,
        9.0
      ],
      "mean": 8.666666666666666,
      "std": 0.5773502691896257,
      "model_score": 0.0,
      "perturbation_scores": {
        "original": 0.0,
        "perturbed": 0.0
      },
      "perturbation_stats": {
        "median": 0.0,
        "mean": 0.0,
        "std": 0.0
      }
    },
    {
      "id": "q5-40",
      "question_id": "q5",
      "human_scores": [
        5.0,
        4.0,
        3.0
      ],
      "mean": 4.0,
      "std": 1.0,
      "model_score": 0.0,
      "perturbation_scores": {
        "original": 0.0,
        "perturbed": 0.0
      },
      "perturbation_stats": {
        "median": 0.0,
        "mean": 0.0,
        "std": 0.0
      }
    },
    {
      "id": "q6-1",
      "question_id": "q6",
      "human_scores": [
        30.0,
        30.0
      ],
      "mean": 30.0,
      "std": 0.0,
      "model_score": 64.0,
      "perturbation_scores": {
        "original": 128.0,
        "perturbed": 0.0
      },
      "perturbation_stats": {
        "median": 64.0,
        "mean": 64.0,
        "std": 90.50966799187809
      }
    },
    {
      "id": "q6-2",
      "question_id": "q6",
      "human_scores": [
        0.0,
        8.0
      ],
      "mean": 4.0,
      "std": 5.656854249492381,
      "model_score": 2.0,
      "perturbation_scores": {
        "original": 4.0,
        "perturbed": 0.0
      },
      "perturbation_stats": {
        "median": 2.0,
        "mean": 2.0,
        "std": 2.8284271247461903
      }
    },
    {
      "id": "q6-3",
      "question_id": "q6",
      "human_scores": [
        25.0,
        20.0
      ],
      "mean": 22.5,
      "std": 3.5355339059327378,
      "model_score": 7.5,
      "perturbation_scores": {
        "original": 15.0,
        "perturbed": 0.0
      },
      "perturbation_stats": {
        "median": 7.5,
        "mean": 7.5,
        "std": 10.606601717798213
      }
    },
    {
      "id": "q6-4",
      "question_id": "q6",
      "human_scores": [
        33.0,
        33.0
      ],
      "mean": 33.0,
      "std": 0.0,
      "model_score": 0.0,
      "perturbation_scores": {
        "original": 0.0,
        "perturbed": 0.0
      },
      "perturbation_stats": {
        "median": 0.0,
        "mean": 0.0,
        "std": 0.0
      }
    },
    {
      "id": "q6-5",
      "question_id": "q6",
      "human_scores": [
        33.0,
        33.0
      ],
      "mean": 33.0,
      "std": 0.0,
      "model_score": 2.0,
      "perturbation_scores": {
        "original": 4.0,
        "perturbed": 0.0
      },
      "perturbation_stats": {
        "median": 2.0,
        "mean": 2.0,
        "std": 2.8284271247461903
      }
    },
    {
      "id": "q6-6",
      "question_id": "q6",
      "human_scores": [
        25.0,
        24.0
      ],
      "mean": 24.5,
      "std": 0.7071067811865476,
      "model_score": 2.0,
      "perturbation_scores": {
        "original": 4.0,
        "perturbed": 0.0
      },
      "perturbation_stats": {
        "median": 2.0,
        "mean": 2.0,
        "std": 2.8284271247461903
      }
    },
    {
      "id": "q6-7",
      "question_id": "q6",
      "human_scores": [
        30.0,
        30.0
      ],
      "mean": 30.0,
      "std": 0.0,
      "model_score": 64.0,
      "perturbation_scores": {
        "original": 128.0,
        "perturbed": 0.0
      },
      "perturbation_stats": {
        "median": 64.0,
        "mean": 64.0,
        "std": 90.50966799187809
      }
    },
    {
      "id": "q6-8",
      "question_id": "q6",
      "human_scores": [
        40.0,
        40.0
      ],
      "mean": 40.0,
      "std": 0.0,
      "model_score": 2.0,
      "perturbation_scores": {
        "original": 4.0,
        "perturbed": 0.0
      },
      "perturbation_stats": {
        "median": 2.0,
        "mean": 2.0,
        "std": 2.8284271247461903
      }
    },
    {
      "id": "q6-9",
      "question_id": "q6",
      "human_scores": [
        30.0,
        30.0
      ],
      "mean": 30.0,
      "std": 0.0,
      "model_score": 0.0,
      "perturbation_scores": {
        "original": 0.0,
        "perturbed": 0.0
      },
      "perturbation_stats": {
        "median": 0.0,
        "mean": 0.0,
        "std": 0.0
      }
    },
    {
      "id": "q6-10",
      "question_id": "q6",
      "human_scores": [
        0.0,
        10.0
      ],
      "mean": 5.0,
      "std": 7.0710678118654755,
      "model_score": 0.0,
      "perturbation_scores": {
        "original": 0.0,
        "perturbed": 0.0
      },
      "perturbation_stats": {
        "median": 0.0,
        "mean": 0.0,
        "std": 0.0
      }
    },
    {
      "id": "q6-11",
      "question_id": "q6",
      "human_scores": [
        25.0,
        10.0
      ],
      "mean": 17.5,
      "std": 10.606601717798213,
      "model_score": 16.0,
      "perturbation_scores": {
        "original": 32.0,
        "perturbed": 0.0
      },
      "perturbation_stats": {
        "median": 16.0,
        "mean": 16.0,
        "std": 22.627416997969522
      }
    },
    {
      "id": "q6-12",
      "question_id": "q6",
      "human_scores": [
        10.0,
        15.0
      ],
      "mean": 12.5,
      "std": 3.5355339059327378,
      "model_score": 0.0,
      "perturbation_scores": {
        "original": 0.0,
        "perturbed": 0.0
      },
      "perturbation_stats": {
        "median": 0.0,
        "mean": 0.0,
        "std": 0.0
      }
    },
    {
      "id": "q6-13",
      "question_id": "q6",
      "human_scores": [
        33.0,
        38.0
      ],
      "mean": 35.5,
      "std": 3.5355339059327378,
      "model_score": 64.0,
      "perturbation_scores": {
        "original": 128.0,
        "perturbed": 0.0
      },
      "perturbation_stats": {
        "median": 64.0,
        "mean": 64.0,
        "std": 90.50966799187809
      }
    },
    {
      "id": "q6-14",
      "question_id": "q6",
      "human_scores": [
        25.0,
        17.0
      ],
      "mean": 21.0,
      "std": 5.656854249492381,
      "model_score": 64.0,
      "perturbation_scores": {
        "original": 128.0,
        "perturbed": 0.0
      },
      "perturbation_stats": {
        "median": 64.0,
        "mean": 64.0,
        "std": 90.50966799187809
      }
    },
    {
      "id": "q6-15",
      "question_id": "q6",
      "human_scores": [
        25.0,
        17.0
      ],
      "mean": 21.0,
      "std": 5.656854249492381,
      "model_score": 2.0,
      "perturbation_scores": {
        "original": 4.0,
        "perturbed": 0.0
      },
      "perturbation_stats": {
        "median": 2.0,
        "mean": 2.0,
        "std": 2.8284271247461903
      }
    },
    {
      "id": "q6-16",
      "question_id": "q6",
      "human_scores": [
        35.0,
        40.0
      ],
      "mean": 37.5,
      "std": 3.5355339059327378,
      "model_score": 0.5,
      "perturbation_scores": {
        "original": 1.0,
        "perturbed": 0.0
      },
      "perturbation_stats": {
        "median": 0.5,
        "mean": 0.5,
        "std": 0.7071067811865476
      }
    },
    {
      "id": "q6-17",
      "question_id": "q6",
      "human_scores": [
        15.0,
        20.0
      ],
      "mean": 17.5,
      "std": 3.5355339059327378,
      "model_score": 64.0,
      "perturbation_scores": {
        "original": 128.0,
        "perturbed": 0.0
      },
      "perturbation_stats": {
        "median": 64.0,
        "mean": 64.0,
        "std": 90.50966799187809
      }
    },
    {
      "id": "q6-18",
      "question_id": "q6",
      "human_scores": [
        35.0,
        40.0
      ],
      "mean": 37.5,
      "std": 3.5355339059327378,
      "model_score": 0.0,
      "perturbation_scores": {
        "original": 0.0,
        "perturbed": 0.0
      },
      "perturbation_stats": {
        "median": 0.0,
        "mean": 0.0,
        "std": 0.0
      }
    },
    {
      "id": "q6-19",
      "question_id": "q6",
      "human_scores": [
        23.0,
        28.0
      ],
      "mean": 25.5,
      "std": 3.5355339059327378,
      "model_score": 64.0,
      "perturbation_scores": {
        "original": 128.0,
        "perturbed": 0.0
      },
      "perturbation_stats": {
        "median": 64.0,
        "mean": 64.0,
        "std": 90.50966799187809
      }
    },
    {
      "id": "q6-20",
      "question_id": "q6",
      "human_scores": [
        35.0,
        40.0
      ],
      "mean": 37.5,
      "std": 3.5355339059327378,
      "model_score": 1.0,
      "perturbation_scores": {
        "original": 1.0,
        "perturbed": 1.0
      },
      "perturbation_stats": {
        "median": 1.0,
        "mean": 1.0,
        "std": 0.0
      }
    },
    {
      "id": "q6-21",
      "question_id": "q6",
      "human_scores": [
        35.0,
        40.0
      ],
      "mean": 37.5,
      "std": 3.5355339059327378,
      "model_score": 2.0,
      "perturbation_scores": {
        "original": 4.0,
        "perturbed": 0.0
      },
      "perturbation_stats": {
        "median": 2.0,
        "mean": 2.0,
        "std": 2.8284271247461903
      }
    },
    {
      "id": "q6-22",
      "question_id": "q6",
      "human_scores": [
        25.0,
        15.0
      ],
      "mean": 20.0,
      "std": 7.0710678118654755,
      "model_score": 16.0,
      "perturbation_scores": {
        "original": 32.0,
        "perturbed": 0.0
      },
      "perturbation_stats": {
        "median": 16.0,
        "mean": 16.0,
        "std": 22.627416997969522
      }
    },
    {
      "id": "q6-23",
      "question_id": "q6",
      "human_scores": [
        5.0,
        5.0
      ],
      "mean": 5.0,
      "std": 0.0,
      "model_score": 2.0,
      "perturbation_scores": {
        "original": 4.0,
        "perturbed": 0.0
      },
      "perturbation_stats": {
        "median": 2.0,
        "mean": 2.0,
        "std": 2.8284271247461903
      }
    },
    {
      "id": "q6-24",
      "question_id": "q6",
      "human_scores": [
        35.0,
        40.0
      ],
      "mean": 37.5,
      "std": 3.5355339059327378,
      "model_score": 0.0,
      "perturbation_scores": {
        "original": 0.0,
        "perturbed": 0.0
      },
      "perturbation_stats": {
        "median": 0.0,
        "mean": 0.0,
        "std": 0.0
      }
    },
    {
      "id": "q6-25",
      "question_id": "q6",
      "human_scores": [
        35.0,
        40.0
      ],
      "mean": 37.5,
      "std": 3.5355339059327378,
      "model_score": 1.0,
      "perturbation_scores": {
        "original": 1.0,
        "perturbed": 1.0
      },
      "perturbation_stats": {
        "median": 1.0,
        "mean": 1.0,
        "std": 0.0
      }
    },
    {
      "id": "q6-26",
      "question_id": "q6",
      "human_scores": [
        30.0,
        35.0
      ],
      "mean": 32.5,
      "std": 3.5355339059327378,
      "model_score": 2.0,
      "perturbation_scores": {
        "original": 4.0,
        "perturbed": 0.0
      },
      "perturbation_stats": {
        "median": 2.0,
        "mean": 2.0,
        "std": 2.8284271247461903
      }
    },
    {
      "id": "q6-27",
      "question_id": "q6",
      "human_scores": [
        35.0,
        40.0
      ],
      "mean": 37.5,
      "std": 3.5355339059327378,
      "model_score": 64.0,
      "perturbation_scores": {
        "original": 128.0,
        "perturbed": 0.0
      },
      "perturbation_stats": {
        "median": 64.0,
        "mean": 64.0,
        "std": 90.50966799187809
      }
    },
    {
      "id": "q6-28",
      "question_id": "q6",
      "human_scores": [
        30.0,
        35.0
      ],
      "mean": 32.5,
      "std": 3.5355339059327378,
      "model_score": 64.0,
      "perturbation_scores": {
        "original": 128.0,
        "perturbed": 0.0
      },
      "perturbation_stats": {
        "median": 64.0,
        "mean": 64.0,
        "std": 90.50966799187809
      }
    },
    {
      "id": "q6-29",
      "question_id": "q6",
      "human_scores": [
        25.0,
        27.0
      ],
      "mean": 26.0,
      "std": 1.4142135623730951,
      "model_score": 64.0,
      "perturbation_scores": {
        "original": 128.0,
        "perturbed": 0.0
      },
      "perturbation_stats": {
        "median": 64.0,
        "mean": 64.0,
        "std": 90.50966799187809
      }
    },
    {
      "id": "q6-30",
      "question_id": "q6",
      "human_scores": [
        30.0,
        35.0
      ],
      "mean": 32.5,
      "std": 3.5355339059327378,
      "model_score": 0.0,
      "perturbation_scores": {
        "original": 0.0,
        "perturbed": 0.0
      },
      "perturbation_stats": {
        "median": 0.0,
        "mean": 0.0,
        "std": 0.0
      }
    },
    {
      "id": "q6-31",
      "question_id": "q6",
      "human_scores": [
        35.0,
        40.0
      ],
      "mean": 37.5,
      "std": 3.5355339059327378,
      "model_score": 64.0,
      "perturbation_scores": {
        "original": 128.0,
        "perturbed": 0.0
      },
      "perturbation_stats": {
        "median": 64.0,
        "mean": 64.0,
        "std": 90.50966799187809
      }
    },
    {
      "id": "q6-32",
      "question_id": "q6",
      "human_scores": [
        35.0,
        40.0
      ],
      "mean": 37.5,
      "std": 3.5355339059327378,
      "model_score": 64.0,
      "perturbation_scores": {
        "original": 128.0,
        "perturbed": 0.0
      },
      "perturbation_stats": {
        "median": 64.0,
        "mean": 64.0,
        "std": 90.50966799187809
      }
    },
    {
      "id": "q6-33",
      "question_id": "q6",
      "human_scores": [
        30.0,
        40.0
      ],
      "mean": 35.0,
      "std": 7.0710678118654755,
      "model_score": 0.0,
      "perturbation_scores": {
        "original": 0.0,
        "perturbed": 0.0
      },
      "perturbation_stats": {
        "median": 0.0,
        "mean": 0.0,
        "std": 0.0
      }
    },
    {
      "id": "q6-34",
      "question_id": "q6",
      "human_scores": [
        25.0,
        24.0
      ],
      "mean": 24.5,
      "std": 0.7071067811865476,
      "model_score": 0.0,
      "perturbation_scores": {
        "original": 0.0,
        "perturbed": 0.0
      },
      "perturbation_stats": {
        "median": 0.0,
        "mean": 0.0,
        "std": 0.0
      }
    },
    {
      "id": "q6-35",
      "question_id": "q6",
      "human_scores": [
        0.0,
        0.0
      ],
      "mean": 0.0,
      "std": 0.0,
      "model_score": 2.0,
      "perturbation_scores": {
        "original": 4.0,
        "perturbed": 0.0
      },
      "perturbation_stats": {
        "median": 2.0,
        "mean": 2.0,
        "std": 2.8284271247461903
      }
    },
    {
      "id": "q6-36",
      "question_id": "q6",
      "human_scores": [
        0.0,
        0.0
      ],
      "mean": 0.0,
      "std": 0.0,
      "model_score": 2.0,
      "perturbation_scores": {
        "original": 4.0,
        "perturbed": 0.0
      },
      "perturbation_stats": {
        "median": 2.0,
        "mean": 2.0,
        "std": 2.8284271247461903
      }
    },
    {
      "id": "q6-37",
      "question_id": "q6",
      "human_scores": [
        35.0,
        40.0
      ],
      "mean": 37.5,
      "std": 3.5355339059327378,
      "model_score": 64.0,
      "perturbation_scores": {
        "original": 128.0,
        "perturbed": 0.0
      },
      "perturbation_stats": {
        "median": 64.0,
        "mean": 64.0,
        "std": 90.50966799187809
      }
    },
    {
      "id": "q6-38",
      "question_id": "q6",
      "human_scores": [
        15.0,
        20.0
      ],
      "mean": 17.5,
      "std": 3.5355339059327378,
      "model_score": 64.0,
      "perturbation_scores": {
        "original": 128.0,
        "perturbed": 0.0
      },
      "perturbation_stats": {
        "median": 64.0,
        "mean": 64.0,
        "std": 90.50966799187809
      }
    },
    {
      "id": "q6-39",
      "question_id": "q6",
      "human_scores": [
        15.0,
        20.0
      ],
      "mean": 17.5,
      "std": 3.5355339059327378,
      "model_score": 64.0,
      "perturbation_scores": {
        "original": 128.0,
        "perturbed": 0.0
      },
      "perturbation_stats": {
        "median": 64.0,
        "mean": 64.0,
        "std": 90.50966799187809
      }
    },
    {
      "id": "q6-40",
      "question_id": "q6",
      "human_scores": [
        35.0,
        40.0
      ],
      "mean": 37.5,
      "std": 3.5355339059327378,
      "model_score": 0.5,
      "perturbation_scores": {
        "original": 0.0,
        "perturbed": 1.0
      },
      "perturbation_stats": {
        "median": 0.5,
        "mean": 0.5,
        "std": 0.7071067811865476
      }
    }
  ]
}
[INFO] 2025-10-21 15:27:45,138 System prompt: You are a meticulous teaching assistant who grades student responses according to the rubric that accompanies each prompt. You must return an integer score only.
[DEBUG] 2025-10-21 15:27:45,138 Full System prompt:
You are a meticulous teaching assistant who grades student responses according to the rubric that accompanies each prompt. You must return an integer score only.
[INFO] 2025-10-21 15:27:45,138 User prompt: You will receive an instruction with embedded rubric details, the maximum score, and a student answer. Read the rubric carefully, compare it to the answer, and output a single integer between 0 and...
[DEBUG] 2025-10-21 15:27:45,138 Full User prompt:
You will receive an instruction with embedded rubric details, the maximum score, and a student answer. Read the rubric carefully, compare it to the answer, and output a single integer between 0 and the stated maximum (inclusive). Do not output any explanation or extra text.

# Assignment and Rubric:
You are a meticulous teaching assistant who grades student responses according to the provided rubric and reference materials.

### Assignment
Let's examine a simple program, 'loop.s'. First, just read and understand it. Then, run it with these arguments (./x86.py -p loop.s -t 1 -i 100 -R dx). This specifies a single thread, an interrupt every 100 instructions, and tracing of register %dx. What will %dx be during the run? Use the -c flag to check your answers; the answers, on the left, show the value of the register (or memory value) after the instruction on the right has run.

### Reference Answer
dx Thread 0 
0 
-1 1000 sub $1,%dx
-1 1001 test $0,%dx
-1 1002 jgte .top
-1 1003 halt

### Maximum Score
16

### Rubric (Student-Facing)
The program code or text explanation can explain the process of value changing from 0 to -1. Correct (16 points);
If only answer the final value is -1 . Partically correct (4 points); If only asnser the "change range is from 0 to -1 (8 points); If answer list all values, Partically correct (12 points)

### Instructor Criteria
The program code or text explanation can explain the process of value changing from 0 to -1. Correct (16 points)

### Reference Materials
# Makefile
FLAGS = -Wall -pthread

all: t0 t1

clean:
	rm -f t0 t1

t0: t0.c
	gcc -o t0 t0.c $(FLAGS)

t1: t1.c
	gcc -o t1 t1.c $(FLAGS)

# loop.s
.main
.top
sub  $1,%dx
test $0,%dx
jgte .top
halt

# looping-race-nolock.s
# assumes %bx has loop count in it

.main
.top
# critical section
mov 2000, %ax  # get 'value' at address 2000
add $1, %ax    # increment it
mov %ax, 2000  # store it back

# see if we're still looping
sub  $1, %bx
test $0, %bx
jgt .top

halt

# simple-race.s
.main
# this is a critical section
mov 2000, %ax   # get the value at the address
add $1, %ax 	# increment it
mov %ax, 2000   # store it back
halt

# t0.c
#include <stdio.h>
#include <stdlib.h>
#include <pthread.h>

void *mythread(void *arg) {
    printf("%s\n", (char *) arg);
    return NULL;
}

int main(int argc, char *argv[]) {
    if (argc != 1) {
	fprintf(stderr, "usage: main\n");
	exit(1);
    }

    pthread_t p1, p2;
    printf("main: begin\n");
    pthread_create(&p1, NULL, mythread, "A");
    pthread_create(&p2, NULL, mythread, "B");
    // join waits for the threads to finish
    pthread_join(p1, NULL);
    pthread_join(p2, NULL);
    printf("main: end\n");
    return 0;
}

# t1.c
#include <stdio.h>
#include <stdlib.h>
#include <pthread.h>

int max;
volatile int counter = 0; // shared global variable

void *mythread(void *arg) {
    char *letter = arg;
    int i; // stack (private per thread)
    printf("%s: begin [addr of i: %p]\n", letter, &i);
    for (i = 0; i < max; i++) {
	counter = counter + 1; // shared: only one
    }
    printf("%s: done\n", letter);
    return NULL;
}

int main(int argc, char *argv[]) {
    if (argc != 2) {
	fprintf(stderr, "usage: ./t1 <loopcount>\n");
	exit(1);
    }
    max = atoi(argv[1]);

    pthread_t p1, p2;
    printf("main: begin [counter = %d] [%p]\n", counter, &counter);
    pthread_create(&p1, NULL, mythread, "A");
    pthread_create(&p2, NULL, mythread, "B");
    // join waits for the threads to finish
    pthread_join(p1, NULL);
    pthread_join(p2, NULL);
    printf("main: done\n [counter: %d]\n [should: %d]\n",
	   counter, max*2);
    return 0;
}

# x86.py
#! /usr/bin/env python

import sys
import time
import random
from optparse import OptionParser

#
# HELPER
#
def dospace(howmuch):
    for i in range(howmuch):
        print '%24s' % ' ',

# useful instead of assert
def zassert(cond, str):
    if cond == False:
        print 'ABORT::', str
        exit(1)
    return

class cpu:
    #
    # INIT: how much memory?
    #
    def __init__(self, memory, memtrace, regtrace, cctrace, compute, verbose):
        #
        # CONSTANTS
        #

        # conditions
        self.COND_GT        = 0
        self.COND_GTE       = 1
        self.COND_LT        = 2
        self.COND_LTE       = 3
        self.COND_EQ        = 4
        self.COND_NEQ       = 5

        # registers in system
        self.REG_ZERO       = 0
        self.REG_AX         = 1
        self.REG_BX         = 2
        self.REG_CX         = 3
        self.REG_DX         = 4
        self.REG_SP         = 5
        self.REG_BP         = 6

        # system memory: in KB
        self.max_memory     = memory * 1024

        # which memory addrs and registers to trace?
        self.memtrace       = memtrace
        self.regtrace       = regtrace
        self.cctrace        = cctrace
        self.compute        = compute
        self.verbose        = verbose

        self.PC             = 0
        self.registers      = {}
        self.conditions     = {}
        self.labels         = {}
        self.vars           = {}
        self.memory         = {}
        self.pmemory        = {}  # for printable version of what's in memory (instructions)

        self.condlist       = [self.COND_GTE, self.COND_GT, self.COND_LTE, self.COND_LT, self.COND_NEQ, self.COND_EQ]
        self.regnums        = [self.REG_ZERO, self.REG_AX,  self.REG_BX,   self.REG_CX,  self.REG_DX,   self.REG_SP,  self.REG_BP]

        self.regnames         = {}
        self.regnames['zero'] = self.REG_ZERO # hidden zero-valued register
        self.regnames['ax']   = self.REG_AX
        self.regnames['bx']   = self.REG_BX
        self.regnames['cx']   = self.REG_CX
        self.regnames['dx']   = self.REG_DX
        self.regnames['sp']   = self.REG_SP
        self.regnames['bp']   = self.REG_BP

        tmplist = []
        for r in self.regtrace:
            zassert(r in self.regnames, 'Register %s cannot be traced because it does not exist' % r)
            tmplist.append(self.regnames[r])
        self.regtrace = tmplist

        self.init_memory()
        self.init_registers()
        self.init_condition_codes()

    #
    # BEFORE MACHINE RUNS
    #
    def init_condition_codes(self):
        for c in self.condlist:
            self.conditions[c] = False

    def init_memory(self):
        for i in range(self.max_memory):
            self.memory[i] = 0

    def init_registers(self):
        for i in self.regnums:
            self.registers[i] = 0

    def dump_memory(self):
        print 'MEMORY DUMP'
        for i in range(self.max_memory):
            if i not in self.pmemory and i in self.memory and self.memory[i] != 0:
                print '  m[%d]' % i, self.memory[i]

    #
    # INFORMING ABOUT THE HARDWARE
    #
    def get_regnum(self, name):
        assert(name in self.regnames)
        return self.regnames[name]

    def get_regname(self, num):
        assert(num in self.regnums)
        for rname in self.regnames:
            if self.regnames[rname] == num:
                return rname
        return ''

    def get_regnums(self):
        return self.regnums

    def get_condlist(self):
        return self.condlist

    def get_reg(self, reg):
        assert(reg in self.regnums)
        return self.registers[reg]

    def get_cond(self, cond):
        assert(cond in self.condlist)
        return self.conditions[cond]

    def get_pc(self):
        return self.PC

    def set_reg(self, reg, value):
        assert(reg in self.regnums)
        self.registers[reg] = value

    def set_cond(self, cond, value):
        assert(cond in self.condlist)
        self.conditions[cond] = value

    def set_pc(self, pc):
        self.PC = pc

    #
    # INSTRUCTIONS
    #
    def halt(self):
        return -1

    def iyield(self):
        return -2

    def nop(self):
        return 0

    def rdump(self):
        print 'REGISTERS::',
        print 'ax:', self.registers[self.REG_AX],
        print 'bx:', self.registers[self.REG_BX],
        print 'cx:', self.registers[self.REG_CX],
        print 'dx:', self.registers[self.REG_DX],

    def mdump(self, index):
        print 'm[%d] ' % index, self.memory[index]

    def move_i_to_r(self, src, dst):
        self.registers[dst] = src
        return 0

    # memory: value, register, register
    def move_i_to_m(self, src, value, reg1, reg2):
        tmp = value + self.registers[reg1] + self.registers[reg2]
        self.memory[tmp] = src
        return 0

    def move_m_to_r(self, value, reg1, reg2, dst):
        tmp = value + self.registers[reg1] + self.registers[reg2]
        # print 'doing mov', 'val:', value, 'r1:', self.get_regname(reg1), self.registers[reg1], 'r2:', self.get_regname(reg2), self.registers[reg2], 'dst', self.get_regname(dst), 'tmp', tmp, 'reg[dst]', self.registers[dst], 'mem', self.memory[tmp]
        self.registers[dst] = self.memory[tmp]

    def move_r_to_m(self, src, value, reg1, reg2):
        tmp = value + self.registers[reg1] + self.registers[reg2]
        self.memory[tmp] = self.registers[src]
        return 0

    def move_r_to_r(self, src, dst):
        self.registers[dst] = self.registers[src]
        return 0

    def add_i_to_r(self, src, dst):
        self.registers[dst] += src
        return 0

    def add_r_to_r(self, src, dst):
        self.registers[dst] += self.registers[src]
        return 0

    def sub_i_to_r(self, src, dst):
        self.registers[dst] -= src
        return 0

    def sub_r_to_r(self, src, dst):
        self.registers[dst] -= self.registers[src]
        return 0


    #
    # SUPPORT FOR LOCKS
    #
    def atomic_exchange(self, src, value, reg1, reg2):
        tmp                 = value + self.registers[reg1] + self.registers[reg2]
        old                 = self.memory[tmp]
        self.memory[tmp]    = self.registers[src]
        self.registers[src] = old
        return 0

    def fetchadd(self, src, value, reg1, reg2):
        tmp                 = value + self.registers[reg1] + self.registers[reg2]
        old                 = self.memory[tmp]
        self.memory[tmp]    = self.memory[tmp] + self.registers[src]
        self.registers[src] = old

    #
    # TEST for conditions
    #
    def test_all(self, src, dst):
        self.init_condition_codes()
        if dst > src:
            self.conditions[self.COND_GT]  = True
        if dst >= src:
            self.conditions[self.COND_GTE] = True
        if dst < src:
            self.conditions[self.COND_LT]  = True
        if dst <= src:
            self.conditions[self.COND_LTE] = True
        if dst == src:
            self.conditions[self.COND_EQ]  = True
        if dst != src:
            self.conditions[self.COND_NEQ] = True
        return 0

    def test_i_r(self, src, dst):
        self.init_condition_codes()
        return self.test_all(src, self.registers[dst])

    def test_r_i(self, src, dst):
        self.init_condition_codes()
        return self.test_all(self.registers[src], dst)

    def test_r_r(self, src, dst):
        self.init_condition_codes()
        return self.test_all(self.registers[src], self.registers[dst])

    #
    # JUMPS
    #
    def jump(self, targ):
        self.PC = targ
        return 0

    def jump_notequal(self, targ):
        if self.conditions[self.COND_NEQ] == True:
            self.PC = targ
        return 0

    def jump_equal(self, targ):
        if self.conditions[self.COND_EQ] == True:
            self.PC = targ
        return 0

    def jump_lessthan(self, targ):
        if self.conditions[self.COND_LT] == True:
            self.PC = targ
        return 0

    def jump_lessthanorequal(self, targ):
        if self.conditions[self.COND_LTE] == True:
            self.PC = targ
        return 0

    def jump_greaterthan(self, targ):
        if self.conditions[self.COND_GT] == True:
            self.PC = targ
        return 0

    def jump_greaterthanorequal(self, targ):
        if self.conditions[self.COND_GTE] == True:
            self.PC = targ
        return 0

    #
    # CALL and RETURN
    #
    def call(self, targ):
        self.registers[self.REG_SP] -= 4
        self.memory[self.registers[self.REG_SP]] = self.PC
        self.PC = targ

    def ret(self):
        self.PC = self.memory[self.registers[self.REG_SP]]
        self.registers[self.REG_SP] += 4

    #
    # STACK and related
    #
    def push_r(self, reg):
        self.registers[self.REG_SP] -= 4
        self.memory[self.registers[self.REG_SP]] = self.registers[reg]
        return 0

    def push_m(self, value, reg1, reg2):
        # print 'push_m', value, reg1, reg2
        self.registers[self.REG_SP] -= 4
        tmp = value + self.registers[reg1] + self.registers[reg2]
        # push address onto stack, not memory value itself
        self.memory[self.registers[self.REG_SP]] = tmp
        return 0

    def pop(self):
        self.registers[self.REG_SP] += 4

    def pop_r(self, dst):
        self.registers[dst] = self.registers[self.REG_SP]
        self.registers[self.REG_SP] += 4

    #
    # HELPER func for getarg
    #
    def register_translate(self, r):
        if r in self.regnames:
            return self.regnames[r]
        zassert(False, 'Register %s is not a valid register' % r)
        return

    #
    # HELPER in parsing mov (quite primitive) and other ops
    # returns: (value, type)
    # where type is (TYPE_REGISTER, TYPE_IMMEDIATE, TYPE_MEMORY)
    #
    # FORMATS
    #    %ax           - register
    #    $10           - immediate
    #    10            - direct memory
    #    10(%ax)       - memory + reg indirect
    #    10(%ax,%bx)   - memory + 2 reg indirect
    #    10(%ax,%bx,4) - XXX (not handled)
    #
    def getarg(self, arg):
        tmp1 = arg.replace(',', '')
        tmp  = tmp1.replace(' \t', '')

        if tmp[0] == '$':
            zassert(len(tmp) == 2, 'correct form is $number (not %s)' % tmp)
            value = tmp.split('$')[1]
            zassert(value.isdigit(), 'value [%s] must be a digit' % value)
            return int(value), 'TYPE_IMMEDIATE'
        elif tmp[0] == '%':
            register = tmp.split('%')[1]
            return self.register_translate(register), 'TYPE_REGISTER'
        elif tmp[0] == '(':
            register = tmp.split('(')[1].split(')')[0].split('%')[1]
            return '%d,%d,%d' % (0, self.register_translate(register), self.register_translate('zero')), 'TYPE_MEMORY'
        elif tmp[0] == '.':
            targ = tmp
            return targ, 'TYPE_LABEL'
        elif tmp[0].isalpha() and not tmp[0].isdigit():
            zassert(tmp in self.vars, 'Variable %s is not declared' % tmp)
            # print '%d,%d,%d' % (self.vars[tmp], self.register_translate('zero'), self.register_translate('zero')), 'TYPE_MEMORY'
            return '%d,%d,%d' % (self.vars[tmp], self.register_translate('zero'), self.register_translate('zero')), 'TYPE_MEMORY'
        elif tmp[0].isdigit() or tmp[0] == '-':
            # MOST GENERAL CASE: number(reg,reg) or number(reg)
            # we ignore the common x86 number(reg,reg,constant) for now
            neg = 1
            if tmp[0] == '-':
                tmp = tmp[1:]
                neg = -1
            s = tmp.split('(')
            if len(s) == 1:
                value = neg * int(tmp)
                # print '%d,%d,%d' % (int(value), self.register_translate('zero'), self.register_translate('zero')), 'TYPE_MEMORY'
                return '%d,%d,%d' % (int(value), self.register_translate('zero'), self.register_translate('zero')), 'TYPE_MEMORY'
            elif len(s) == 2:
                value = neg * int(s[0])
                t = s[1].split(')')[0].split(',')
                if len(t) == 1:
                    register = t[0].split('%')[1]
                    # print '%d,%d,%d' % (int(value), self.register_translate(register), self.register_translate('zero')), 'TYPE_MEMORY'
                    return '%d,%d,%d' % (int(value), self.register_translate(register), self.register_translate('zero')), 'TYPE_MEMORY'
                elif len(t) == 2:
                    register1 = t[0].split('%')[1]
                    register2 = t[1].split('%')[1]
                    # print '%d,%d,%d' % (int(value), self.register_translate(register1), self.register_translate(register2)), 'TYPE_MEMORY'
                    return '%d,%d,%d' % (int(value), self.register_translate(register1), self.register_translate(register2)), 'TYPE_MEMORY'
            else:
                print 'mov: bad argument [%s]' % tmp
                exit(1)
                return
        zassert(True, 'mov: bad argument [%s]' % arg)
        return

    #
    # LOAD a program into memory
    # make it ready to execute
    #
    def load(self, infile, loadaddr):
        pc   = int(loadaddr)
        fd   = open(infile)

        bpc  = loadaddr
        data = 100

        for line in fd:
            cline = line.rstrip()
            # print 'PASS 1', cline

            # remove everything after the comment marker
            ctmp = cline.split('#')
            assert(len(ctmp) == 1 or len(ctmp) == 2)
            if len(ctmp) == 2:
                cline = ctmp[0]

            # remove empty lines, and split line by spaces
            tmp = cline.split()
            if len(tmp) == 0:
                continue

            # only pay attention to labels and variables
            if tmp[0] == '.var':
                assert(len(tmp) == 2)
                assert(tmp[0] not in self.vars)
                self.vars[tmp[1]] = data
                data += 4
                zassert(data < bpc, 'Load address overrun by static data')
                if self.verbose: print 'ASSIGN VAR', tmp[0], "-->", tmp[1], self.vars[tmp[1]]
            elif tmp[0][0] == '.':
                assert(len(tmp) == 1)
                self.labels[tmp[0]] = int(pc)
                if self.verbose: print 'ASSIGN LABEL', tmp[0], "-->", pc
            else:
                pc += 1
        fd.close()

        if self.verbose: print ''

        # second pass: do everything else
        pc = int(loadaddr)
        fd = open(infile)
        for line in fd:
            cline = line.rstrip()
            # print 'PASS 2', cline

            # remove everything after the comment marker
            ctmp = cline.split('#')
            assert(len(ctmp) == 1 or len(ctmp) == 2)
            if len(ctmp) == 2:
                cline = ctmp[0]

            # remove empty lines, and split line by spaces
            tmp = cline.split()
            if len(tmp) == 0:
                continue

            # skip labels: all else must be instructions
            if cline[0] != '.':
                tmp              = cline.split(None, 1)
                opcode           = tmp[0]
                self.pmemory[pc] = cline.strip()

                # MAIN OPCODE LOOP
                if opcode == 'mov':
                    rtmp = tmp[1].split(',', 1)
                    zassert(len(tmp) == 2 and len(rtmp) == 2, 'mov: needs two args, separated by commas [%s]' % cline)
                    arg1 = rtmp[0].strip()
                    arg2 = rtmp[1].strip()
                    (src, stype) = self.getarg(arg1)
                    (dst, dtype) = self.getarg(arg2)
                    # print 'MOV', src, stype, dst, dtype
                    if stype == 'TYPE_MEMORY' and dtype == 'TYPE_MEMORY':
                        print 'bad mov: two memory arguments'
                        exit(1)
                    elif stype == 'TYPE_IMMEDIATE' and dtype == 'TYPE_IMMEDIATE':
                        print 'bad mov: two immediate arguments'
                        exit(1)
                    elif stype == 'TYPE_IMMEDIATE' and dtype == 'TYPE_REGISTER':
                        self.memory[pc]  = 'self.move_i_to_r(%d, %d)' % (int(src), dst)
                    elif stype == 'TYPE_IMMEDIATE' and dtype == 'TYPE_REGISTER':
                        self.memory[pc]  = 'self.move_i_to_r(%d, %d)' % (int(src), dst)
                    elif stype == 'TYPE_MEMORY'    and dtype == 'TYPE_REGISTER':
                        tmp = src.split(',')
                        assert(len(tmp) == 3)
                        self.memory[pc] = 'self.move_m_to_r(%d, %d, %d, %d)' % (int(tmp[0]), int(tmp[1]), int(tmp[2]), dst)
                    elif stype == 'TYPE_REGISTER'  and dtype == 'TYPE_MEMORY':
                        tmp = dst.split(',')
                        assert(len(tmp) == 3)
                        self.memory[pc] = 'self.move_r_to_m(%d, %d, %d, %d)' % (src, int(tmp[0]), int(tmp[1]), int(tmp[2]))
                    elif stype == 'TYPE_REGISTER'  and dtype == 'TYPE_REGISTER':
                        self.memory[pc] = 'self.move_r_to_r(%d, %d)' % (src, dst)
                    elif stype == 'TYPE_IMMEDIATE'  and dtype == 'TYPE_MEMORY':
                        tmp = dst.split(',')
                        assert(len(tmp) == 3)
                        self.memory[pc] = 'self.move_i_to_m(%d, %d, %d, %d)' % (src, int(tmp[0]), int(tmp[1]), int(tmp[2]))
                    else:
                        zassert(False, 'malformed mov instruction')
                elif opcode == 'pop':
                    if len(tmp) == 1:
                        self.memory[pc] = 'self.pop()'
                    elif len(tmp) == 2:
                        arg = tmp[1].strip()
                        (dst, dtype) = self.getarg(arg)
                        zassert(dtype == 'TYPE_REGISTER', 'Can only pop into a register')
                        self.memory[pc] = 'self.pop_r(%d)' % dst
                    else:
                        zassert(False, 'pop instruction must take zero/one args')
                elif opcode == 'push':
                    (src, stype) = self.getarg(tmp[1].strip())
                    if stype == 'TYPE_REGISTER':
                        self.memory[pc] = 'self.push_r(%d)' % (int(src))
                    elif stype == 'TYPE_MEMORY':
                        tmp = src.split(',')
                        assert(len(tmp) == 3)
                        self.memory[pc] = 'self.push_m(%d,%d,%d)' % (int(tmp[0]), int(tmp[1]), int(tmp[2]))
                    else:
                        zassert(False, 'Cannot push anything but registers')
                elif opcode == 'call':
                    (targ, ttype) = self.getarg(tmp[1].strip())
                    if ttype == 'TYPE_LABEL':
                        self.memory[pc] = 'self.call(%d)' % (int(self.labels[targ]))
                    else:
                        zassert(False, 'Cannot call anything but a label')
                elif opcode == 'ret':
                    assert(len(tmp) == 1)
                    self.memory[pc] = 'self.ret()'
                elif opcode == 'add':
                    rtmp = tmp[1].split(',', 1)
                    zassert(len(tmp) == 2 and len(rtmp) == 2, 'add: needs two args, separated by commas [%s]' % cline)
                    arg1 = rtmp[0].strip()
                    arg2 = rtmp[1].strip()
                    (src, stype) = self.getarg(arg1)
                    (dst, dtype) = self.getarg(arg2)
                    if stype == 'TYPE_IMMEDIATE' and dtype == 'TYPE_REGISTER':
                        self.memory[pc] = 'self.add_i_to_r(%d, %d)' % (int(src), dst)
                    elif stype == 'TYPE_REGISTER' and dtype == 'TYPE_REGISTER':
                        self.memory[pc] = 'self.add_r_to_r(%d, %d)' % (int(src), dst)
                    else:
                        zassert(False, 'malformed usage of add instruction')
                elif opcode == 'sub':
                    rtmp = tmp[1].split(',', 1)
                    zassert(len(tmp) == 2 and len(rtmp) == 2, 'sub: needs two args, separated by commas [%s]' % cline)
                    arg1 = rtmp[0].strip()
                    arg2 = rtmp[1].strip()
                    (src, stype) = self.getarg(arg1)
                    (dst, dtype) = self.getarg(arg2)
                    if stype == 'TYPE_IMMEDIATE' and dtype == 'TYPE_REGISTER':
                        self.memory[pc] = 'self.sub_i_to_r(%d, %d)' % (int(src), dst)
                    elif stype == 'TYPE_REGISTER' and dtype == 'TYPE_REGISTER':
                        self.memory[pc] = 'self.sub_r_to_r(%d, %d)' % (int(src), dst)
                    else:
                        zassert(False, 'malformed usage of sub instruction')
                elif opcode == 'fetchadd':
                    rtmp = tmp[1].split(',', 1)
                    zassert(len(tmp) == 2 and len(rtmp) == 2, 'fetchadd: needs two args, separated by commas [%s]' % cline)
                    arg1 = rtmp[0].strip()
                    arg2 = rtmp[1].strip()
                    (src, stype) = self.getarg(arg1)
                    (dst, dtype) = self.getarg(arg2)
                    tmp = dst.split(',')
                    assert(len(tmp) == 3)
                    if stype == 'TYPE_REGISTER' and dtype == 'TYPE_MEMORY':
                        self.memory[pc] = 'self.fetchadd(%d, %d, %d, %d)' % (src, int(tmp[0]), int(tmp[1]), int(tmp[2]))
                    else:
                        zassert(False, 'poorly specified fetch and add')
                elif opcode == 'xchg':
                    rtmp = tmp[1].split(',', 1)
                    zassert(len(tmp) == 2 and len(rtmp) == 2, 'xchg: needs two args, separated by commas [%s]' % cline)
                    arg1 = rtmp[0].strip()
                    arg2 = rtmp[1].strip()
                    (src, stype) = self.getarg(arg1)
                    (dst, dtype) = self.getarg(arg2)
                    tmp = dst.split(',')
                    assert(len(tmp) == 3)
                    if stype == 'TYPE_REGISTER' and dtype == 'TYPE_MEMORY':
                        self.memory[pc] = 'self.atomic_exchange(%d, %d, %d, %d)' % (src, int(tmp[0]), int(tmp[1]), int(tmp[2]))
                    else:
                        zassert(False, 'poorly specified atomic exchange')
                elif opcode == 'test':
                    rtmp = tmp[1].split(',', 1)
                    zassert(len(tmp) == 2 and len(rtmp) == 2, 'test: needs two args, separated by commas [%s]' % cline)
                    arg1 = rtmp[0].strip()
                    arg2 = rtmp[1].strip()
                    (src, stype) = self.getarg(arg1)
                    (dst, dtype) = self.getarg(arg2)
                    if stype == 'TYPE_IMMEDIATE' and dtype == 'TYPE_REGISTER':
                        self.memory[pc] = 'self.test_i_r(%d, %d)' % (int(src), dst)
                    elif stype == 'TYPE_REGISTER' and dtype == 'TYPE_REGISTER':
                        self.memory[pc] = 'self.test_r_r(%d, %d)' % (int(src), dst)
                    elif stype == 'TYPE_REGISTER' and dtype == 'TYPE_IMMEDIATE':
                        self.memory[pc] = 'self.test_r_i(%d, %d)' % (int(src), dst)
                    else:
                        zassert(False, 'malformed usage of test instruction')
                elif opcode == 'j':
                    (targ, ttype) = self.getarg(tmp[1].strip())
                    zassert(ttype == 'TYPE_LABEL', 'bad jump target [%s]' % tmp[1].strip())
                    self.memory[pc] = 'self.jump(%d)' % int(self.labels[targ])
                elif opcode == 'jne':
                    (targ, ttype) = self.getarg(tmp[1].strip())
                    zassert(ttype == 'TYPE_LABEL', 'bad jump target [%s]' % tmp[1].strip())
                    self.memory[pc] = 'self.jump_notequal(%d)' % int(self.labels[targ])
                elif opcode == 'je':
                    (targ, ttype) = self.getarg(tmp[1].strip())
                    zassert(ttype == 'TYPE_LABEL', 'bad jump target [%s]' % tmp[1].strip())
                    self.memory[pc] = 'self.jump_equal(%d)' % self.labels[targ]
                elif opcode == 'jlt':
                    (targ, ttype) = self.getarg(tmp[1].strip())
                    zassert(ttype == 'TYPE_LABEL', 'bad jump target [%s]' % tmp[1].strip())
                    self.memory[pc] = 'self.jump_lessthan(%d)' % int(self.labels[targ])
                elif opcode == 'jlte':
                    (targ, ttype) = self.getarg(tmp[1].strip())
                    zassert(ttype == 'TYPE_LABEL', 'bad jump target [%s]' % tmp[1].strip())
                    self.memory[pc] = 'self.jump_lessthanorequal(%s)' % self.labels[targ]
                elif opcode == 'jgt':
                    (targ, ttype) = self.getarg(tmp[1].strip())
                    zassert(ttype == 'TYPE_LABEL', 'bad jump target [%s]' % tmp[1].strip())
                    self.memory[pc] = 'self.jump_greaterthan(%d)' % int(self.labels[targ])
                elif opcode == 'jgte':
                    (targ, ttype) = self.getarg(tmp[1].strip())
                    zassert(ttype == 'TYPE_LABEL', 'bad jump target [%s]' % tmp[1].strip())
                    self.memory[pc] = 'self.jump_greaterthanorequal(%s)' % self.labels[targ]
                elif opcode == 'nop':
                    self.memory[pc] = 'self.nop()'
                elif opcode == 'halt':
                    self.memory[pc] = 'self.halt()'
                elif opcode == 'yield':
                    self.memory[pc] = 'self.iyield()'
                elif opcode == 'rdump':
                    self.memory[pc] = 'self.rdump()'
                elif opcode == 'mdump':
                    self.memory[pc] = 'self.mdump(%s)' % tmp[1]
                else:
                    print 'illegal opcode: ', opcode
                    exit(1)

                if self.verbose: print 'pc:%d LOADING %20s --> %s' % (pc, self.pmemory[pc], self.memory[pc])

                # INCREMENT PC for loader
                pc += 1
        # END: loop over file
        fd.close()
        if self.verbose: print ''
        return
    # END: load

    def print_headers(self, procs):
        # print some headers
        if len(self.memtrace) > 0:
            for m in self.memtrace:
                if m[0].isdigit():
                    print '%5d' % int(m),
                else:
                    zassert(m in self.vars, 'Traced variable %s not declared' % m)
                    print '%5s' % m,
            print ' ',
        if len(self.regtrace) > 0:
            for r in self.regtrace:
                print '%5s' % self.get_regname(r),
            print ' ',
        if cctrace == True:
            print '>= >  <= <  != ==',

        # and per thread
        for i in range(procs.getnum()):
            print '       Thread %d        ' % i,
        print ''
        return

    def print_trace(self, newline):
        if len(self.memtrace) > 0:
            for m in self.memtrace:
                if self.compute:
                    if m[0].isdigit():
                        print '%5d' % self.memory[int(m)],
                    else:
                        zassert(m in self.vars, 'Traced variable %s not declared' % m)
                        print '%5d' % self.memory[self.vars[m]],
                else:
                    print '%5s' % '?',
            print ' ',
        if len(self.regtrace) > 0:
            for r in self.regtrace:
                if self.compute:
                    print '%5d' % self.registers[r],
                else:
                    print '%5s' % '?',
            print ' ',
        if cctrace == True:
            for c in self.condlist:
                if self.compute:
                    if self.conditions[c]:
                        print '1 ',
                    else:
                        print '0 ',
                else:
                    print '? ',
        if (len(self.memtrace) > 0 or len(self.regtrace) > 0 or cctrace == True) and newline == True:
            print ''
        return

    def setint(self, intfreq, intrand):
        if intrand == False:
            return intfreq
        return int(random.random() * intfreq) + 1

    def run(self, procs, intfreq, intrand):
        # hw init: cc's, interrupt frequency, etc.
        interrupt = self.setint(intfreq, intrand)
        icount    = 0

        self.print_headers(procs)
        self.print_trace(True)

        while True:
            # need thread ID of current process
            tid = procs.getcurr().gettid()

            # FETCH
            prevPC       = self.PC
            instruction  = self.memory[self.PC]
            self.PC     += 1

            # DECODE and EXECUTE
            # key: self.PC may be changed during eval; thus MUST be incremented BEFORE eval
            rc = eval(instruction)

            # tracing details: ALWAYS AFTER EXECUTION OF INSTRUCTION
            self.print_trace(False)

            # output: thread-proportional spacing followed by PC and instruction
            dospace(tid)
            print prevPC, self.pmemory[prevPC]
            icount += 1

            # halt instruction issued
            if rc == -1:
                procs.done()
                if procs.numdone() == procs.getnum():
                    return icount
                procs.next()
                procs.restore()

                self.print_trace(False)
                for i in range(procs.getnum()):
                    print '----- Halt;Switch ----- ',
                print ''

            # do interrupt processing
            interrupt -= 1
            if interrupt == 0 or rc == -2:
                interrupt = self.setint(intfreq, intrand)
                procs.save()
                procs.next()
                procs.restore()

                self.print_trace(False)
                for i in range(procs.getnum()):
                    print '------ Interrupt ------ ',
                print ''
        # END: while
        return

#
# END: class cpu
#


#
# PROCESS LIST class
#
class proclist:
    def __init__(self):
        self.plist  = []
        self.curr   = 0
        self.active = 0

    def done(self):
        self.plist[self.curr].setdone()
        self.active -= 1

    def numdone(self):
        return len(self.plist) - self.active

    def getnum(self):
        return len(self.plist)

    def add(self, p):
        self.active += 1
        self.plist.append(p)

    def getcurr(self):
        return self.plist[self.curr]

    def save(self):
        self.plist[self.curr].save()

    def restore(self):
        self.plist[self.curr].restore()

    def next(self):
        for i in range(self.curr+1, len(self.plist)):
            if self.plist[i].isdone() == False:
                self.curr = i
                return
        for i in range(0, self.curr+1):
            if self.plist[i].isdone() == False:
                self.curr = i
                return

#
# PROCESS class
#
class process:
    def __init__(self, cpu, tid, pc, stackbottom, reginit):
        self.cpu   = cpu  # object reference
        self.tid   = tid
        self.pc    = pc
        self.regs  = {}
        self.cc    = {}
        self.done  = False
        self.stack = stackbottom

        # init regs: all 0 or specially set to something
        for r in self.cpu.get_regnums():
            self.regs[r] = 0
        if reginit != '':
            # form: ax=1,bx=2 (for some subset of registers)
            for r in reginit.split(':'):
                tmp = r.split('=')
                assert(len(tmp) == 2)
                self.regs[self.cpu.get_regnum(tmp[0])] = int(tmp[1])

        # init CCs
        for c in self.cpu.get_condlist():
            self.cc[c] = False

        # stack
        self.regs[self.cpu.get_regnum('sp')] = stackbottom
        # print 'REG', self.cpu.get_regnum('sp'), self.regs[self.cpu.get_regnum('sp')]

        return

    def gettid(self):
        return self.tid

    def save(self):
        self.pc = self.cpu.get_pc()
        for c in self.cpu.get_condlist():
            self.cc[c] = self.cpu.get_cond(c)
        for r in self.cpu.get_regnums():
            self.regs[r] = self.cpu.get_reg(r)

    def restore(self):
        self.cpu.set_pc(self.pc)
        for c in self.cpu.get_condlist():
            self.cpu.set_cond(c, self.cc[c])
        for r in self.cpu.get_regnums():
            self.cpu.set_reg(r, self.regs[r])

    def setdone(self):
        self.done = True

    def isdone(self):
        return self.done == True

#
# main program
#
parser = OptionParser()
parser.add_option('-s', '--seed',      default=0,          help='the random seed',                  action='store',      type='int',    dest='seed')
parser.add_option('-t', '--threads',   default=2,          help='number of threads',                action='store',      type='int',    dest='numthreads')
parser.add_option('-p', '--program',   default='',         help='source program (in .s)',           action='store',      type='string', dest='progfile')
parser.add_option('-i', '--interrupt', default=50,         help='interrupt frequency',              action='store',      type='int',    dest='intfreq')
parser.add_option('-r', '--randints',  default=False,      help='if interrupts are random',         action='store_true',                dest='intrand')
parser.add_option('-a', '--argv',      default='',
                  help='comma-separated per-thread args (e.g., ax=1,ax=2 sets thread 0 ax reg to 1 and thread 1 ax reg to 2); specify multiple regs per thread via colon-separated list (e.g., ax=1:bx=2,cx=3 sets thread 0 ax and bx and just cx for thread 1)',
                  action='store',      type='string', dest='argv')
parser.add_option('-L', '--loadaddr',  default=1000,       help='address where to load code',       action='store',      type='int',    dest='loadaddr')
parser.add_option('-m', '--memsize',   default=128,        help='size of address space (KB)',       action='store',      type='int',    dest='memsize')
parser.add_option('-M', '--memtrace',  default='',         help='comma-separated list of addrs to trace (e.g., 20000,20001)', action='store',
                  type='string', dest='memtrace')
parser.add_option('-R', '--regtrace',  default='',         help='comma-separated list of regs to trace (e.g., ax,bx,cx,dx)',  action='store',
                  type='string', dest='regtrace')
parser.add_option('-C', '--cctrace',   default=False,      help='should we trace condition codes',  action='store_true', dest='cctrace')
parser.add_option('-S', '--printstats',default=False,      help='print some extra stats',           action='store_true', dest='printstats')
parser.add_option('-v', '--verbose',   default=False,      help='print some extra info',            action='store_true', dest='verbose')
parser.add_option('-c', '--compute',   default=False,      help='compute answers for me',           action='store_true', dest='solve')
(options, args) = parser.parse_args()

print 'ARG seed',                options.seed
print 'ARG numthreads',          options.numthreads
print 'ARG program',             options.progfile
print 'ARG interrupt frequency', options.intfreq
print 'ARG interrupt randomness',options.intrand
print 'ARG argv',                options.argv
print 'ARG load address',        options.loadaddr
print 'ARG memsize',             options.memsize
print 'ARG memtrace',            options.memtrace
print 'ARG regtrace',            options.regtrace
print 'ARG cctrace',             options.cctrace
print 'ARG printstats',          options.printstats
print 'ARG verbose',             options.verbose
print ''

seed       = int(options.seed)
numthreads = int(options.numthreads)
intfreq    = int(options.intfreq)
zassert(intfreq > 0, 'Interrupt frequency must be greater than 0')
intrand    = int(options.intrand)
progfile   = options.progfile
zassert(progfile != '', 'Program file must be specified')
argv       = options.argv.split(',')
zassert(len(argv) == numthreads or len(argv) == 1, 'argv: must be one per-thread or just one set of values for all threads')

loadaddr   = options.loadaddr
memsize    = options.memsize
random.seed(seed)

memtrace   = []
if options.memtrace != '':
    for m in options.memtrace.split(','):
        memtrace.append(m)

regtrace   = []
if options.regtrace != '':
    for r in options.regtrace.split(','):
        regtrace.append(r)

cctrace    = options.cctrace

printstats = options.printstats
verbose    = options.verbose

#
# MAIN program
#
debug = False
debug = False

cpu = cpu(memsize, memtrace, regtrace, cctrace, options.solve, verbose)

# load a program
cpu.load(progfile, loadaddr)

# process list
procs = proclist()
pid   = 0
stack = memsize * 1000
for t in range(numthreads):
    if len(argv) > 1:
        arg = argv[pid]
    else:
        arg = argv[0]
    procs.add(process(cpu, pid, loadaddr, stack, arg))
    stack -= 1000
    pid += 1

# get first one ready!
procs.restore()

# run it
t1 = time.clock()
ic = cpu.run(procs, intfreq, intrand)
t2 = time.clock()

if printstats:
    print ''
    print 'STATS:: Instructions    %d' % ic
    print 'STATS:: Emulation Rate  %.2f kinst/sec' % (float(ic) / float(t2 - t1) / 1000.0)

# use this for profiling
# import cProfile
# cProfile.run('run()')

# Student Answer:
dx Thread 0 0 -1 1000 sub $1,%dx -1 1001 test $0,%dx -1 1002 jgte .top -1 1003 halt Sub instruction substitutes 1 from the initial value of %dx (0), so that it becomes -1. Test instruction checks the %dx value, since it is smaller than 0, jump doesn’t happen and program halts.

# Output Format:
Return a single integer score only, enclosed within <score> and </score> tags (for example, <score>3</score>). Do not include any other text before or after the tags.
[INFO] 2025-10-21 15:27:45,139 Assignment:
Assignment         |                   original                   |                  perturbed                  
----------------------------------------------------------------------------------------------------------------
                   | Let's examine a simple program, 'loop.s'.    | Let's examine a simple apple 'loop.s'.      
                   | First, just read and understand it. Then,    | First, just read apple understand it. Then, 
                   | run it with these arguments (./x86.py -p     | run apple with these arguments (./x86.py    
                   | loop.s -t 1 -i 100 -R dx). This specifies a  | apple loop.s -t 1 -i apple -R dx). This     
                   | single thread, an interrupt every 100        | specifies apple single thread, an interrupt 
                   | instructions, and tracing of register %dx.   | apple 100 instructions, and tracing apple   
                   | What will %dx be during the run? Use the -c  | register %dx. What will apple be during the 
                   | flag to check your answers; the answers, on  | run? apple the -c flag to apple your        
                   | the left, show the value of the register (or | answers; the answers, apple the left, show  
                   | memory value) after the instruction on the   | the apple of the register (or apple value)  
                   | right has run.                               | after the instruction apple the right has   
                   |                                              | run.                                        
[DEBUG] 2025-10-21 15:27:45,139 Assignment (original):
Let's examine a simple program, 'loop.s'. First, just read and understand it. Then, run it with these arguments (./x86.py -p loop.s -t 1 -i 100 -R dx). This specifies a single thread, an interrupt every 100 instructions, and tracing of register %dx. What will %dx be during the run? Use the -c flag to check your answers; the answers, on the left, show the value of the register (or memory value) after the instruction on the right has run.
Assignment (perturbed):
Let's examine a simple apple 'loop.s'. First, just read apple understand it. Then, run apple with these arguments (./x86.py apple loop.s -t 1 -i apple -R dx). This specifies apple single thread, an interrupt apple 100 instructions, and tracing apple register %dx. What will apple be during the run? apple the -c flag to apple your answers; the answers, apple the left, show the apple of the register (or apple value) after the instruction apple the right has run.
[INFO] 2025-10-21 15:27:45,139 Rubric:
Rubric             |                   original                   |                  perturbed                  
----------------------------------------------------------------------------------------------------------------
                   | The program code or text explanation can     | The program code or delorean explanation can
                   | explain the process of value changing from 0 | explain the delorean of value changing from 
                   | to -1. Correct (16 points);                  | delorean to -1. Correct (16 delorean If only
                   | If only answer the final value is -1 .       | answer the delorean value is -1 . delorean  
                   | Partically correct (4 points); If only       | correct (4 points); If delorean asnser the  
                   | asnser the "change range is from 0 to -1 (8  | "change range delorean from 0 to -1 delorean
                   | points); If answer list all values,          | points); If answer list delorean values,    
                   | Partically correct (12 points)               | Partically correct (12 delorean             
[DEBUG] 2025-10-21 15:27:45,139 Rubric (original):
The program code or text explanation can explain the process of value changing from 0 to -1. Correct (16 points);
If only answer the final value is -1 . Partically correct (4 points); If only asnser the "change range is from 0 to -1 (8 points); If answer list all values, Partically correct (12 points)
Rubric (perturbed):
The program code or delorean explanation can explain the delorean of value changing from delorean to -1. Correct (16 delorean If only answer the delorean value is -1 . delorean correct (4 points); If delorean asnser the "change range delorean from 0 to -1 delorean points); If answer list delorean values, Partically correct (12 delorean
[INFO] 2025-10-21 15:27:45,139 Instructor criteria: The program code or text explanation can explain the process of value changing from 0 to -1. Correct (16 points)
[DEBUG] 2025-10-21 15:27:45,139 Full Instructor criteria:
The program code or text explanation can explain the process of value changing from 0 to -1. Correct (16 points)
[INFO] 2025-10-21 15:27:45,139 Reference answer:
Reference answer   |                   original                   |                  perturbed                  
----------------------------------------------------------------------------------------------------------------
                   | dx Thread 0                                  | dx Thread 0 0 banana 1000 sub $1,%dx -1     
                   | 0                                            | banana test $0,%dx -1 1002 banana .top -1   
                   | -1 1000 sub $1,%dx                           | 1003 halt                                   
                   | -1 1001 test $0,%dx                          |                                             
                   | -1 1002 jgte .top                            |                                             
                   | -1 1003 halt                                 |                                             
[DEBUG] 2025-10-21 15:27:45,139 Reference answer (original):
dx Thread 0 
0 
-1 1000 sub $1,%dx
-1 1001 test $0,%dx
-1 1002 jgte .top
-1 1003 halt
Reference answer (perturbed):
dx Thread 0 0 banana 1000 sub $1,%dx -1 banana test $0,%dx -1 1002 banana .top -1 1003 halt
[INFO] 2025-10-21 15:27:45,139 Student answer:
Student answer     |                   original                   |                  perturbed                  
----------------------------------------------------------------------------------------------------------------
                   | dx Thread 0 0 -1 1000 sub $1,%dx -1 1001     | dx Thread 0 0 capricorn 1000 sub $1,%dx -1  
                   | test $0,%dx -1 1002 jgte .top -1 1003 halt   | capricorn test $0,%dx -1 1002 capricorn .top
                   | Sub instruction substitutes 1 from the       | -1 1003 halt capricorn instruction          
                   | initial value of %dx (0), so that it becomes | substitutes 1 from capricorn initial value  
                   | -1. Test instruction checks the %dx value,   | of %dx capricorn so that it becomes         
                   | since it is smaller than 0, jump doesn’t     | capricorn Test instruction checks the       
                   | happen and program halts.                    | capricorn value, since it is capricorn than 
                   |                                              | 0, jump doesn’t capricorn and program halts.
[DEBUG] 2025-10-21 15:27:45,140 Student answer (original):
dx Thread 0 0 -1 1000 sub $1,%dx -1 1001 test $0,%dx -1 1002 jgte .top -1 1003 halt Sub instruction substitutes 1 from the initial value of %dx (0), so that it becomes -1. Test instruction checks the %dx value, since it is smaller than 0, jump doesn’t happen and program halts.
Student answer (perturbed):
dx Thread 0 0 capricorn 1000 sub $1,%dx -1 capricorn test $0,%dx -1 1002 capricorn .top -1 1003 halt capricorn instruction substitutes 1 from capricorn initial value of %dx capricorn so that it becomes capricorn Test instruction checks the capricorn value, since it is capricorn than 0, jump doesn’t capricorn and program halts.
[INFO] 2025-10-21 15:27:45,140 Reference materials:
Reference materials |                   original                   |                  perturbed                  
-----------------------------------------------------------------------------------------------------------------
                   | Makefile, loop.s, looping-race-nolock.s,     | Makefile, loop.s, looping-race-nolock.s,    
                   | simple-race.s, t0.c, t1.c, x86.py            | simple-race.s, t0.c, t1.c, x86.py           
[DEBUG] 2025-10-21 15:27:45,140 Reference materials (original):
Makefile, loop.s, looping-race-nolock.s, simple-race.s, t0.c, t1.c, x86.py
Reference materials (perturbed):
Makefile, loop.s, looping-race-nolock.s, simple-race.s, t0.c, t1.c, x86.py
[INFO] 2025-10-21 15:27:45,140 Output format: Return a single integer score only, enclosed within <score> and </score> tags (for example, <score>3</score>). Do not include any other text before or after the tags.
[DEBUG] 2025-10-21 15:27:45,140 Full Output format:
Return a single integer score only, enclosed within <score> and </score> tags (for example, <score>3</score>). Do not include any other text before or after the tags.
[INFO] 2025-10-21 15:27:45,140 Maximum score: 16
[INFO] 2025-10-21 15:27:45,140 Model score (random example): 0.0
[INFO] 2025-10-21 15:27:45,140 Variant scores (random example): original=0.0, perturbed=0.0
[INFO] 2025-10-21 15:27:45,141 Model outputs: Response #1:
isters[self.REG_SP]] = tmp
[DEBUG] 2025-10-21 15:27:45,141 Full model outputs:
Response #1:
isters[self.REG_SP]] = tmp
[DEBUG] 2025-10-21 15:27:45,141 Full prompt (ChatML):
[SYSTEM]
You are a meticulous teaching assistant who grades student responses according to the rubric that accompanies each prompt. You must return an integer score only.

[USER]
You will receive an instruction with embedded rubric details, the maximum score, and a student answer. Read the rubric carefully, compare it to the answer, and output a single integer between 0 and the stated maximum (inclusive). Do not output any explanation or extra text.

# Assignment and Rubric:
You are a meticulous teaching assistant who grades student responses according to the provided rubric and reference materials.

### Assignment
Let's examine a simple program, 'loop.s'. First, just read and understand it. Then, run it with these arguments (./x86.py -p loop.s -t 1 -i 100 -R dx). This specifies a single thread, an interrupt every 100 instructions, and tracing of register %dx. What will %dx be during the run? Use the -c flag to check your answers; the answers, on the left, show the value of the register (or memory value) after the instruction on the right has run.

### Reference Answer
dx Thread 0 
0 
-1 1000 sub $1,%dx
-1 1001 test $0,%dx
-1 1002 jgte .top
-1 1003 halt

### Maximum Score
16

### Rubric (Student-Facing)
The program code or text explanation can explain the process of value changing from 0 to -1. Correct (16 points);
If only answer the final value is -1 . Partically correct (4 points); If only asnser the "change range is from 0 to -1 (8 points); If answer list all values, Partically correct (12 points)

### Instructor Criteria
The program code or text explanation can explain the process of value changing from 0 to -1. Correct (16 points)

### Reference Materials
# Makefile
FLAGS = -Wall -pthread

all: t0 t1

clean:
	rm -f t0 t1

t0: t0.c
	gcc -o t0 t0.c $(FLAGS)

t1: t1.c
	gcc -o t1 t1.c $(FLAGS)

# loop.s
.main
.top
sub  $1,%dx
test $0,%dx
jgte .top
halt

# looping-race-nolock.s
# assumes %bx has loop count in it

.main
.top
# critical section
mov 2000, %ax  # get 'value' at address 2000
add $1, %ax    # increment it
mov %ax, 2000  # store it back

# see if we're still looping
sub  $1, %bx
test $0, %bx
jgt .top

halt

# simple-race.s
.main
# this is a critical section
mov 2000, %ax   # get the value at the address
add $1, %ax 	# increment it
mov %ax, 2000   # store it back
halt

# t0.c
#include <stdio.h>
#include <stdlib.h>
#include <pthread.h>

void *mythread(void *arg) {
    printf("%s\n", (char *) arg);
    return NULL;
}

int main(int argc, char *argv[]) {
    if (argc != 1) {
	fprintf(stderr, "usage: main\n");
	exit(1);
    }

    pthread_t p1, p2;
    printf("main: begin\n");
    pthread_create(&p1, NULL, mythread, "A");
    pthread_create(&p2, NULL, mythread, "B");
    // join waits for the threads to finish
    pthread_join(p1, NULL);
    pthread_join(p2, NULL);
    printf("main: end\n");
    return 0;
}

# t1.c
#include <stdio.h>
#include <stdlib.h>
#include <pthread.h>

int max;
volatile int counter = 0; // shared global variable

void *mythread(void *arg) {
    char *letter = arg;
    int i; // stack (private per thread)
    printf("%s: begin [addr of i: %p]\n", letter, &i);
    for (i = 0; i < max; i++) {
	counter = counter + 1; // shared: only one
    }
    printf("%s: done\n", letter);
    return NULL;
}

int main(int argc, char *argv[]) {
    if (argc != 2) {
	fprintf(stderr, "usage: ./t1 <loopcount>\n");
	exit(1);
    }
    max = atoi(argv[1]);

    pthread_t p1, p2;
    printf("main: begin [counter = %d] [%p]\n", counter, &counter);
    pthread_create(&p1, NULL, mythread, "A");
    pthread_create(&p2, NULL, mythread, "B");
    // join waits for the threads to finish
    pthread_join(p1, NULL);
    pthread_join(p2, NULL);
    printf("main: done\n [counter: %d]\n [should: %d]\n",
	   counter, max*2);
    return 0;
}

# x86.py
#! /usr/bin/env python

import sys
import time
import random
from optparse import OptionParser

#
# HELPER
#
def dospace(howmuch):
    for i in range(howmuch):
        print '%24s' % ' ',

# useful instead of assert
def zassert(cond, str):
    if cond == False:
        print 'ABORT::', str
        exit(1)
    return

class cpu:
    #
    # INIT: how much memory?
    #
    def __init__(self, memory, memtrace, regtrace, cctrace, compute, verbose):
        #
        # CONSTANTS
        #

        # conditions
        self.COND_GT        = 0
        self.COND_GTE       = 1
        self.COND_LT        = 2
        self.COND_LTE       = 3
        self.COND_EQ        = 4
        self.COND_NEQ       = 5

        # registers in system
        self.REG_ZERO       = 0
        self.REG_AX         = 1
        self.REG_BX         = 2
        self.REG_CX         = 3
        self.REG_DX         = 4
        self.REG_SP         = 5
        self.REG_BP         = 6

        # system memory: in KB
        self.max_memory     = memory * 1024

        # which memory addrs and registers to trace?
        self.memtrace       = memtrace
        self.regtrace       = regtrace
        self.cctrace        = cctrace
        self.compute        = compute
        self.verbose        = verbose

        self.PC             = 0
        self.registers      = {}
        self.conditions     = {}
        self.labels         = {}
        self.vars           = {}
        self.memory         = {}
        self.pmemory        = {}  # for printable version of what's in memory (instructions)

        self.condlist       = [self.COND_GTE, self.COND_GT, self.COND_LTE, self.COND_LT, self.COND_NEQ, self.COND_EQ]
        self.regnums        = [self.REG_ZERO, self.REG_AX,  self.REG_BX,   self.REG_CX,  self.REG_DX,   self.REG_SP,  self.REG_BP]

        self.regnames         = {}
        self.regnames['zero'] = self.REG_ZERO # hidden zero-valued register
        self.regnames['ax']   = self.REG_AX
        self.regnames['bx']   = self.REG_BX
        self.regnames['cx']   = self.REG_CX
        self.regnames['dx']   = self.REG_DX
        self.regnames['sp']   = self.REG_SP
        self.regnames['bp']   = self.REG_BP

        tmplist = []
        for r in self.regtrace:
            zassert(r in self.regnames, 'Register %s cannot be traced because it does not exist' % r)
            tmplist.append(self.regnames[r])
        self.regtrace = tmplist

        self.init_memory()
        self.init_registers()
        self.init_condition_codes()

    #
    # BEFORE MACHINE RUNS
    #
    def init_condition_codes(self):
        for c in self.condlist:
            self.conditions[c] = False

    def init_memory(self):
        for i in range(self.max_memory):
            self.memory[i] = 0

    def init_registers(self):
        for i in self.regnums:
            self.registers[i] = 0

    def dump_memory(self):
        print 'MEMORY DUMP'
        for i in range(self.max_memory):
            if i not in self.pmemory and i in self.memory and self.memory[i] != 0:
                print '  m[%d]' % i, self.memory[i]

    #
    # INFORMING ABOUT THE HARDWARE
    #
    def get_regnum(self, name):
        assert(name in self.regnames)
        return self.regnames[name]

    def get_regname(self, num):
        assert(num in self.regnums)
        for rname in self.regnames:
            if self.regnames[rname] == num:
                return rname
        return ''

    def get_regnums(self):
        return self.regnums

    def get_condlist(self):
        return self.condlist

    def get_reg(self, reg):
        assert(reg in self.regnums)
        return self.registers[reg]

    def get_cond(self, cond):
        assert(cond in self.condlist)
        return self.conditions[cond]

    def get_pc(self):
        return self.PC

    def set_reg(self, reg, value):
        assert(reg in self.regnums)
        self.registers[reg] = value

    def set_cond(self, cond, value):
        assert(cond in self.condlist)
        self.conditions[cond] = value

    def set_pc(self, pc):
        self.PC = pc

    #
    # INSTRUCTIONS
    #
    def halt(self):
        return -1

    def iyield(self):
        return -2

    def nop(self):
        return 0

    def rdump(self):
        print 'REGISTERS::',
        print 'ax:', self.registers[self.REG_AX],
        print 'bx:', self.registers[self.REG_BX],
        print 'cx:', self.registers[self.REG_CX],
        print 'dx:', self.registers[self.REG_DX],

    def mdump(self, index):
        print 'm[%d] ' % index, self.memory[index]

    def move_i_to_r(self, src, dst):
        self.registers[dst] = src
        return 0

    # memory: value, register, register
    def move_i_to_m(self, src, value, reg1, reg2):
        tmp = value + self.registers[reg1] + self.registers[reg2]
        self.memory[tmp] = src
        return 0

    def move_m_to_r(self, value, reg1, reg2, dst):
        tmp = value + self.registers[reg1] + self.registers[reg2]
        # print 'doing mov', 'val:', value, 'r1:', self.get_regname(reg1), self.registers[reg1], 'r2:', self.get_regname(reg2), self.registers[reg2], 'dst', self.get_regname(dst), 'tmp', tmp, 'reg[dst]', self.registers[dst], 'mem', self.memory[tmp]
        self.registers[dst] = self.memory[tmp]

    def move_r_to_m(self, src, value, reg1, reg2):
        tmp = value + self.registers[reg1] + self.registers[reg2]
        self.memory[tmp] = self.registers[src]
        return 0

    def move_r_to_r(self, src, dst):
        self.registers[dst] = self.registers[src]
        return 0

    def add_i_to_r(self, src, dst):
        self.registers[dst] += src
        return 0

    def add_r_to_r(self, src, dst):
        self.registers[dst] += self.registers[src]
        return 0

    def sub_i_to_r(self, src, dst):
        self.registers[dst] -= src
        return 0

    def sub_r_to_r(self, src, dst):
        self.registers[dst] -= self.registers[src]
        return 0


    #
    # SUPPORT FOR LOCKS
    #
    def atomic_exchange(self, src, value, reg1, reg2):
        tmp                 = value + self.registers[reg1] + self.registers[reg2]
        old                 = self.memory[tmp]
        self.memory[tmp]    = self.registers[src]
        self.registers[src] = old
        return 0

    def fetchadd(self, src, value, reg1, reg2):
        tmp                 = value + self.registers[reg1] + self.registers[reg2]
        old                 = self.memory[tmp]
        self.memory[tmp]    = self.memory[tmp] + self.registers[src]
        self.registers[src] = old

    #
    # TEST for conditions
    #
    def test_all(self, src, dst):
        self.init_condition_codes()
        if dst > src:
            self.conditions[self.COND_GT]  = True
        if dst >= src:
            self.conditions[self.COND_GTE] = True
        if dst < src:
            self.conditions[self.COND_LT]  = True
        if dst <= src:
            self.conditions[self.COND_LTE] = True
        if dst == src:
            self.conditions[self.COND_EQ]  = True
        if dst != src:
            self.conditions[self.COND_NEQ] = True
        return 0

    def test_i_r(self, src, dst):
        self.init_condition_codes()
        return self.test_all(src, self.registers[dst])

    def test_r_i(self, src, dst):
        self.init_condition_codes()
        return self.test_all(self.registers[src], dst)

    def test_r_r(self, src, dst):
        self.init_condition_codes()
        return self.test_all(self.registers[src], self.registers[dst])

    #
    # JUMPS
    #
    def jump(self, targ):
        self.PC = targ
        return 0

    def jump_notequal(self, targ):
        if self.conditions[self.COND_NEQ] == True:
            self.PC = targ
        return 0

    def jump_equal(self, targ):
        if self.conditions[self.COND_EQ] == True:
            self.PC = targ
        return 0

    def jump_lessthan(self, targ):
        if self.conditions[self.COND_LT] == True:
            self.PC = targ
        return 0

    def jump_lessthanorequal(self, targ):
        if self.conditions[self.COND_LTE] == True:
            self.PC = targ
        return 0

    def jump_greaterthan(self, targ):
        if self.conditions[self.COND_GT] == True:
            self.PC = targ
        return 0

    def jump_greaterthanorequal(self, targ):
        if self.conditions[self.COND_GTE] == True:
            self.PC = targ
        return 0

    #
    # CALL and RETURN
    #
    def call(self, targ):
        self.registers[self.REG_SP] -= 4
        self.memory[self.registers[self.REG_SP]] = self.PC
        self.PC = targ

    def ret(self):
        self.PC = self.memory[self.registers[self.REG_SP]]
        self.registers[self.REG_SP] += 4

    #
    # STACK and related
    #
    def push_r(self, reg):
        self.registers[self.REG_SP] -= 4
        self.memory[self.registers[self.REG_SP]] = self.registers[reg]
        return 0

    def push_m(self, value, reg1, reg2):
        # print 'push_m', value, reg1, reg2
        self.registers[self.REG_SP] -= 4
        tmp = value + self.registers[reg1] + self.registers[reg2]
        # push address onto stack, not memory value itself
        self.memory[self.registers[self.REG_SP]] = tmp
        return 0

    def pop(self):
        self.registers[self.REG_SP] += 4

    def pop_r(self, dst):
        self.registers[dst] = self.registers[self.REG_SP]
        self.registers[self.REG_SP] += 4

    #
    # HELPER func for getarg
    #
    def register_translate(self, r):
        if r in self.regnames:
            return self.regnames[r]
        zassert(False, 'Register %s is not a valid register' % r)
        return

    #
    # HELPER in parsing mov (quite primitive) and other ops
    # returns: (value, type)
    # where type is (TYPE_REGISTER, TYPE_IMMEDIATE, TYPE_MEMORY)
    #
    # FORMATS
    #    %ax           - register
    #    $10           - immediate
    #    10            - direct memory
    #    10(%ax)       - memory + reg indirect
    #    10(%ax,%bx)   - memory + 2 reg indirect
    #    10(%ax,%bx,4) - XXX (not handled)
    #
    def getarg(self, arg):
        tmp1 = arg.replace(',', '')
        tmp  = tmp1.replace(' \t', '')

        if tmp[0] == '$':
            zassert(len(tmp) == 2, 'correct form is $number (not %s)' % tmp)
            value = tmp.split('$')[1]
            zassert(value.isdigit(), 'value [%s] must be a digit' % value)
            return int(value), 'TYPE_IMMEDIATE'
        elif tmp[0] == '%':
            register = tmp.split('%')[1]
            return self.register_translate(register), 'TYPE_REGISTER'
        elif tmp[0] == '(':
            register = tmp.split('(')[1].split(')')[0].split('%')[1]
            return '%d,%d,%d' % (0, self.register_translate(register), self.register_translate('zero')), 'TYPE_MEMORY'
        elif tmp[0] == '.':
            targ = tmp
            return targ, 'TYPE_LABEL'
        elif tmp[0].isalpha() and not tmp[0].isdigit():
            zassert(tmp in self.vars, 'Variable %s is not declared' % tmp)
            # print '%d,%d,%d' % (self.vars[tmp], self.register_translate('zero'), self.register_translate('zero')), 'TYPE_MEMORY'
            return '%d,%d,%d' % (self.vars[tmp], self.register_translate('zero'), self.register_translate('zero')), 'TYPE_MEMORY'
        elif tmp[0].isdigit() or tmp[0] == '-':
            # MOST GENERAL CASE: number(reg,reg) or number(reg)
            # we ignore the common x86 number(reg,reg,constant) for now
            neg = 1
            if tmp[0] == '-':
                tmp = tmp[1:]
                neg = -1
            s = tmp.split('(')
            if len(s) == 1:
                value = neg * int(tmp)
                # print '%d,%d,%d' % (int(value), self.register_translate('zero'), self.register_translate('zero')), 'TYPE_MEMORY'
                return '%d,%d,%d' % (int(value), self.register_translate('zero'), self.register_translate('zero')), 'TYPE_MEMORY'
            elif len(s) == 2:
                value = neg * int(s[0])
                t = s[1].split(')')[0].split(',')
                if len(t) == 1:
                    register = t[0].split('%')[1]
                    # print '%d,%d,%d' % (int(value), self.register_translate(register), self.register_translate('zero')), 'TYPE_MEMORY'
                    return '%d,%d,%d' % (int(value), self.register_translate(register), self.register_translate('zero')), 'TYPE_MEMORY'
                elif len(t) == 2:
                    register1 = t[0].split('%')[1]
                    register2 = t[1].split('%')[1]
                    # print '%d,%d,%d' % (int(value), self.register_translate(register1), self.register_translate(register2)), 'TYPE_MEMORY'
                    return '%d,%d,%d' % (int(value), self.register_translate(register1), self.register_translate(register2)), 'TYPE_MEMORY'
            else:
                print 'mov: bad argument [%s]' % tmp
                exit(1)
                return
        zassert(True, 'mov: bad argument [%s]' % arg)
        return

    #
    # LOAD a program into memory
    # make it ready to execute
    #
    def load(self, infile, loadaddr):
        pc   = int(loadaddr)
        fd   = open(infile)

        bpc  = loadaddr
        data = 100

        for line in fd:
            cline = line.rstrip()
            # print 'PASS 1', cline

            # remove everything after the comment marker
            ctmp = cline.split('#')
            assert(len(ctmp) == 1 or len(ctmp) == 2)
            if len(ctmp) == 2:
                cline = ctmp[0]

            # remove empty lines, and split line by spaces
            tmp = cline.split()
            if len(tmp) == 0:
                continue

            # only pay attention to labels and variables
            if tmp[0] == '.var':
                assert(len(tmp) == 2)
                assert(tmp[0] not in self.vars)
                self.vars[tmp[1]] = data
                data += 4
                zassert(data < bpc, 'Load address overrun by static data')
                if self.verbose: print 'ASSIGN VAR', tmp[0], "-->", tmp[1], self.vars[tmp[1]]
            elif tmp[0][0] == '.':
                assert(len(tmp) == 1)
                self.labels[tmp[0]] = int(pc)
                if self.verbose: print 'ASSIGN LABEL', tmp[0], "-->", pc
            else:
                pc += 1
        fd.close()

        if self.verbose: print ''

        # second pass: do everything else
        pc = int(loadaddr)
        fd = open(infile)
        for line in fd:
            cline = line.rstrip()
            # print 'PASS 2', cline

            # remove everything after the comment marker
            ctmp = cline.split('#')
            assert(len(ctmp) == 1 or len(ctmp) == 2)
            if len(ctmp) == 2:
                cline = ctmp[0]

            # remove empty lines, and split line by spaces
            tmp = cline.split()
            if len(tmp) == 0:
                continue

            # skip labels: all else must be instructions
            if cline[0] != '.':
                tmp              = cline.split(None, 1)
                opcode           = tmp[0]
                self.pmemory[pc] = cline.strip()

                # MAIN OPCODE LOOP
                if opcode == 'mov':
                    rtmp = tmp[1].split(',', 1)
                    zassert(len(tmp) == 2 and len(rtmp) == 2, 'mov: needs two args, separated by commas [%s]' % cline)
                    arg1 = rtmp[0].strip()
                    arg2 = rtmp[1].strip()
                    (src, stype) = self.getarg(arg1)
                    (dst, dtype) = self.getarg(arg2)
                    # print 'MOV', src, stype, dst, dtype
                    if stype == 'TYPE_MEMORY' and dtype == 'TYPE_MEMORY':
                        print 'bad mov: two memory arguments'
                        exit(1)
                    elif stype == 'TYPE_IMMEDIATE' and dtype == 'TYPE_IMMEDIATE':
                        print 'bad mov: two immediate arguments'
                        exit(1)
                    elif stype == 'TYPE_IMMEDIATE' and dtype == 'TYPE_REGISTER':
                        self.memory[pc]  = 'self.move_i_to_r(%d, %d)' % (int(src), dst)
                    elif stype == 'TYPE_IMMEDIATE' and dtype == 'TYPE_REGISTER':
                        self.memory[pc]  = 'self.move_i_to_r(%d, %d)' % (int(src), dst)
                    elif stype == 'TYPE_MEMORY'    and dtype == 'TYPE_REGISTER':
                        tmp = src.split(',')
                        assert(len(tmp) == 3)
                        self.memory[pc] = 'self.move_m_to_r(%d, %d, %d, %d)' % (int(tmp[0]), int(tmp[1]), int(tmp[2]), dst)
                    elif stype == 'TYPE_REGISTER'  and dtype == 'TYPE_MEMORY':
                        tmp = dst.split(',')
                        assert(len(tmp) == 3)
                        self.memory[pc] = 'self.move_r_to_m(%d, %d, %d, %d)' % (src, int(tmp[0]), int(tmp[1]), int(tmp[2]))
                    elif stype == 'TYPE_REGISTER'  and dtype == 'TYPE_REGISTER':
                        self.memory[pc] = 'self.move_r_to_r(%d, %d)' % (src, dst)
                    elif stype == 'TYPE_IMMEDIATE'  and dtype == 'TYPE_MEMORY':
                        tmp = dst.split(',')
                        assert(len(tmp) == 3)
                        self.memory[pc] = 'self.move_i_to_m(%d, %d, %d, %d)' % (src, int(tmp[0]), int(tmp[1]), int(tmp[2]))
                    else:
                        zassert(False, 'malformed mov instruction')
                elif opcode == 'pop':
                    if len(tmp) == 1:
                        self.memory[pc] = 'self.pop()'
                    elif len(tmp) == 2:
                        arg = tmp[1].strip()
                        (dst, dtype) = self.getarg(arg)
                        zassert(dtype == 'TYPE_REGISTER', 'Can only pop into a register')
                        self.memory[pc] = 'self.pop_r(%d)' % dst
                    else:
                        zassert(False, 'pop instruction must take zero/one args')
                elif opcode == 'push':
                    (src, stype) = self.getarg(tmp[1].strip())
                    if stype == 'TYPE_REGISTER':
                        self.memory[pc] = 'self.push_r(%d)' % (int(src))
                    elif stype == 'TYPE_MEMORY':
                        tmp = src.split(',')
                        assert(len(tmp) == 3)
                        self.memory[pc] = 'self.push_m(%d,%d,%d)' % (int(tmp[0]), int(tmp[1]), int(tmp[2]))
                    else:
                        zassert(False, 'Cannot push anything but registers')
                elif opcode == 'call':
                    (targ, ttype) = self.getarg(tmp[1].strip())
                    if ttype == 'TYPE_LABEL':
                        self.memory[pc] = 'self.call(%d)' % (int(self.labels[targ]))
                    else:
                        zassert(False, 'Cannot call anything but a label')
                elif opcode == 'ret':
                    assert(len(tmp) == 1)
                    self.memory[pc] = 'self.ret()'
                elif opcode == 'add':
                    rtmp = tmp[1].split(',', 1)
                    zassert(len(tmp) == 2 and len(rtmp) == 2, 'add: needs two args, separated by commas [%s]' % cline)
                    arg1 = rtmp[0].strip()
                    arg2 = rtmp[1].strip()
                    (src, stype) = self.getarg(arg1)
                    (dst, dtype) = self.getarg(arg2)
                    if stype == 'TYPE_IMMEDIATE' and dtype == 'TYPE_REGISTER':
                        self.memory[pc] = 'self.add_i_to_r(%d, %d)' % (int(src), dst)
                    elif stype == 'TYPE_REGISTER' and dtype == 'TYPE_REGISTER':
                        self.memory[pc] = 'self.add_r_to_r(%d, %d)' % (int(src), dst)
                    else:
                        zassert(False, 'malformed usage of add instruction')
                elif opcode == 'sub':
                    rtmp = tmp[1].split(',', 1)
                    zassert(len(tmp) == 2 and len(rtmp) == 2, 'sub: needs two args, separated by commas [%s]' % cline)
                    arg1 = rtmp[0].strip()
                    arg2 = rtmp[1].strip()
                    (src, stype) = self.getarg(arg1)
                    (dst, dtype) = self.getarg(arg2)
                    if stype == 'TYPE_IMMEDIATE' and dtype == 'TYPE_REGISTER':
                        self.memory[pc] = 'self.sub_i_to_r(%d, %d)' % (int(src), dst)
                    elif stype == 'TYPE_REGISTER' and dtype == 'TYPE_REGISTER':
                        self.memory[pc] = 'self.sub_r_to_r(%d, %d)' % (int(src), dst)
                    else:
                        zassert(False, 'malformed usage of sub instruction')
                elif opcode == 'fetchadd':
                    rtmp = tmp[1].split(',', 1)
                    zassert(len(tmp) == 2 and len(rtmp) == 2, 'fetchadd: needs two args, separated by commas [%s]' % cline)
                    arg1 = rtmp[0].strip()
                    arg2 = rtmp[1].strip()
                    (src, stype) = self.getarg(arg1)
                    (dst, dtype) = self.getarg(arg2)
                    tmp = dst.split(',')
                    assert(len(tmp) == 3)
                    if stype == 'TYPE_REGISTER' and dtype == 'TYPE_MEMORY':
                        self.memory[pc] = 'self.fetchadd(%d, %d, %d, %d)' % (src, int(tmp[0]), int(tmp[1]), int(tmp[2]))
                    else:
                        zassert(False, 'poorly specified fetch and add')
                elif opcode == 'xchg':
                    rtmp = tmp[1].split(',', 1)
                    zassert(len(tmp) == 2 and len(rtmp) == 2, 'xchg: needs two args, separated by commas [%s]' % cline)
                    arg1 = rtmp[0].strip()
                    arg2 = rtmp[1].strip()
                    (src, stype) = self.getarg(arg1)
                    (dst, dtype) = self.getarg(arg2)
                    tmp = dst.split(',')
                    assert(len(tmp) == 3)
                    if stype == 'TYPE_REGISTER' and dtype == 'TYPE_MEMORY':
                        self.memory[pc] = 'self.atomic_exchange(%d, %d, %d, %d)' % (src, int(tmp[0]), int(tmp[1]), int(tmp[2]))
                    else:
                        zassert(False, 'poorly specified atomic exchange')
                elif opcode == 'test':
                    rtmp = tmp[1].split(',', 1)
                    zassert(len(tmp) == 2 and len(rtmp) == 2, 'test: needs two args, separated by commas [%s]' % cline)
                    arg1 = rtmp[0].strip()
                    arg2 = rtmp[1].strip()
                    (src, stype) = self.getarg(arg1)
                    (dst, dtype) = self.getarg(arg2)
                    if stype == 'TYPE_IMMEDIATE' and dtype == 'TYPE_REGISTER':
                        self.memory[pc] = 'self.test_i_r(%d, %d)' % (int(src), dst)
                    elif stype == 'TYPE_REGISTER' and dtype == 'TYPE_REGISTER':
                        self.memory[pc] = 'self.test_r_r(%d, %d)' % (int(src), dst)
                    elif stype == 'TYPE_REGISTER' and dtype == 'TYPE_IMMEDIATE':
                        self.memory[pc] = 'self.test_r_i(%d, %d)' % (int(src), dst)
                    else:
                        zassert(False, 'malformed usage of test instruction')
                elif opcode == 'j':
                    (targ, ttype) = self.getarg(tmp[1].strip())
                    zassert(ttype == 'TYPE_LABEL', 'bad jump target [%s]' % tmp[1].strip())
                    self.memory[pc] = 'self.jump(%d)' % int(self.labels[targ])
                elif opcode == 'jne':
                    (targ, ttype) = self.getarg(tmp[1].strip())
                    zassert(ttype == 'TYPE_LABEL', 'bad jump target [%s]' % tmp[1].strip())
                    self.memory[pc] = 'self.jump_notequal(%d)' % int(self.labels[targ])
                elif opcode == 'je':
                    (targ, ttype) = self.getarg(tmp[1].strip())
                    zassert(ttype == 'TYPE_LABEL', 'bad jump target [%s]' % tmp[1].strip())
                    self.memory[pc] = 'self.jump_equal(%d)' % self.labels[targ]
                elif opcode == 'jlt':
                    (targ, ttype) = self.getarg(tmp[1].strip())
                    zassert(ttype == 'TYPE_LABEL', 'bad jump target [%s]' % tmp[1].strip())
                    self.memory[pc] = 'self.jump_lessthan(%d)' % int(self.labels[targ])
                elif opcode == 'jlte':
                    (targ, ttype) = self.getarg(tmp[1].strip())
                    zassert(ttype == 'TYPE_LABEL', 'bad jump target [%s]' % tmp[1].strip())
                    self.memory[pc] = 'self.jump_lessthanorequal(%s)' % self.labels[targ]
                elif opcode == 'jgt':
                    (targ, ttype) = self.getarg(tmp[1].strip())
                    zassert(ttype == 'TYPE_LABEL', 'bad jump target [%s]' % tmp[1].strip())
                    self.memory[pc] = 'self.jump_greaterthan(%d)' % int(self.labels[targ])
                elif opcode == 'jgte':
                    (targ, ttype) = self.getarg(tmp[1].strip())
                    zassert(ttype == 'TYPE_LABEL', 'bad jump target [%s]' % tmp[1].strip())
                    self.memory[pc] = 'self.jump_greaterthanorequal(%s)' % self.labels[targ]
                elif opcode == 'nop':
                    self.memory[pc] = 'self.nop()'
                elif opcode == 'halt':
                    self.memory[pc] = 'self.halt()'
                elif opcode == 'yield':
                    self.memory[pc] = 'self.iyield()'
                elif opcode == 'rdump':
                    self.memory[pc] = 'self.rdump()'
                elif opcode == 'mdump':
                    self.memory[pc] = 'self.mdump(%s)' % tmp[1]
                else:
                    print 'illegal opcode: ', opcode
                    exit(1)

                if self.verbose: print 'pc:%d LOADING %20s --> %s' % (pc, self.pmemory[pc], self.memory[pc])

                # INCREMENT PC for loader
                pc += 1
        # END: loop over file
        fd.close()
        if self.verbose: print ''
        return
    # END: load

    def print_headers(self, procs):
        # print some headers
        if len(self.memtrace) > 0:
            for m in self.memtrace:
                if m[0].isdigit():
                    print '%5d' % int(m),
                else:
                    zassert(m in self.vars, 'Traced variable %s not declared' % m)
                    print '%5s' % m,
            print ' ',
        if len(self.regtrace) > 0:
            for r in self.regtrace:
                print '%5s' % self.get_regname(r),
            print ' ',
        if cctrace == True:
            print '>= >  <= <  != ==',

        # and per thread
        for i in range(procs.getnum()):
            print '       Thread %d        ' % i,
        print ''
        return

    def print_trace(self, newline):
        if len(self.memtrace) > 0:
            for m in self.memtrace:
                if self.compute:
                    if m[0].isdigit():
                        print '%5d' % self.memory[int(m)],
                    else:
                        zassert(m in self.vars, 'Traced variable %s not declared' % m)
                        print '%5d' % self.memory[self.vars[m]],
                else:
                    print '%5s' % '?',
            print ' ',
        if len(self.regtrace) > 0:
            for r in self.regtrace:
                if self.compute:
                    print '%5d' % self.registers[r],
                else:
                    print '%5s' % '?',
            print ' ',
        if cctrace == True:
            for c in self.condlist:
                if self.compute:
                    if self.conditions[c]:
                        print '1 ',
                    else:
                        print '0 ',
                else:
                    print '? ',
        if (len(self.memtrace) > 0 or len(self.regtrace) > 0 or cctrace == True) and newline == True:
            print ''
        return

    def setint(self, intfreq, intrand):
        if intrand == False:
            return intfreq
        return int(random.random() * intfreq) + 1

    def run(self, procs, intfreq, intrand):
        # hw init: cc's, interrupt frequency, etc.
        interrupt = self.setint(intfreq, intrand)
        icount    = 0

        self.print_headers(procs)
        self.print_trace(True)

        while True:
            # need thread ID of current process
            tid = procs.getcurr().gettid()

            # FETCH
            prevPC       = self.PC
            instruction  = self.memory[self.PC]
            self.PC     += 1

            # DECODE and EXECUTE
            # key: self.PC may be changed during eval; thus MUST be incremented BEFORE eval
            rc = eval(instruction)

            # tracing details: ALWAYS AFTER EXECUTION OF INSTRUCTION
            self.print_trace(False)

            # output: thread-proportional spacing followed by PC and instruction
            dospace(tid)
            print prevPC, self.pmemory[prevPC]
            icount += 1

            # halt instruction issued
            if rc == -1:
                procs.done()
                if procs.numdone() == procs.getnum():
                    return icount
                procs.next()
                procs.restore()

                self.print_trace(False)
                for i in range(procs.getnum()):
                    print '----- Halt;Switch ----- ',
                print ''

            # do interrupt processing
            interrupt -= 1
            if interrupt == 0 or rc == -2:
                interrupt = self.setint(intfreq, intrand)
                procs.save()
                procs.next()
                procs.restore()

                self.print_trace(False)
                for i in range(procs.getnum()):
                    print '------ Interrupt ------ ',
                print ''
        # END: while
        return

#
# END: class cpu
#


#
# PROCESS LIST class
#
class proclist:
    def __init__(self):
        self.plist  = []
        self.curr   = 0
        self.active = 0

    def done(self):
        self.plist[self.curr].setdone()
        self.active -= 1

    def numdone(self):
        return len(self.plist) - self.active

    def getnum(self):
        return len(self.plist)

    def add(self, p):
        self.active += 1
        self.plist.append(p)

    def getcurr(self):
        return self.plist[self.curr]

    def save(self):
        self.plist[self.curr].save()

    def restore(self):
        self.plist[self.curr].restore()

    def next(self):
        for i in range(self.curr+1, len(self.plist)):
            if self.plist[i].isdone() == False:
                self.curr = i
                return
        for i in range(0, self.curr+1):
            if self.plist[i].isdone() == False:
                self.curr = i
                return

#
# PROCESS class
#
class process:
    def __init__(self, cpu, tid, pc, stackbottom, reginit):
        self.cpu   = cpu  # object reference
        self.tid   = tid
        self.pc    = pc
        self.regs  = {}
        self.cc    = {}
        self.done  = False
        self.stack = stackbottom

        # init regs: all 0 or specially set to something
        for r in self.cpu.get_regnums():
            self.regs[r] = 0
        if reginit != '':
            # form: ax=1,bx=2 (for some subset of registers)
            for r in reginit.split(':'):
                tmp = r.split('=')
                assert(len(tmp) == 2)
                self.regs[self.cpu.get_regnum(tmp[0])] = int(tmp[1])

        # init CCs
        for c in self.cpu.get_condlist():
            self.cc[c] = False

        # stack
        self.regs[self.cpu.get_regnum('sp')] = stackbottom
        # print 'REG', self.cpu.get_regnum('sp'), self.regs[self.cpu.get_regnum('sp')]

        return

    def gettid(self):
        return self.tid

    def save(self):
        self.pc = self.cpu.get_pc()
        for c in self.cpu.get_condlist():
            self.cc[c] = self.cpu.get_cond(c)
        for r in self.cpu.get_regnums():
            self.regs[r] = self.cpu.get_reg(r)

    def restore(self):
        self.cpu.set_pc(self.pc)
        for c in self.cpu.get_condlist():
            self.cpu.set_cond(c, self.cc[c])
        for r in self.cpu.get_regnums():
            self.cpu.set_reg(r, self.regs[r])

    def setdone(self):
        self.done = True

    def isdone(self):
        return self.done == True

#
# main program
#
parser = OptionParser()
parser.add_option('-s', '--seed',      default=0,          help='the random seed',                  action='store',      type='int',    dest='seed')
parser.add_option('-t', '--threads',   default=2,          help='number of threads',                action='store',      type='int',    dest='numthreads')
parser.add_option('-p', '--program',   default='',         help='source program (in .s)',           action='store',      type='string', dest='progfile')
parser.add_option('-i', '--interrupt', default=50,         help='interrupt frequency',              action='store',      type='int',    dest='intfreq')
parser.add_option('-r', '--randints',  default=False,      help='if interrupts are random',         action='store_true',                dest='intrand')
parser.add_option('-a', '--argv',      default='',
                  help='comma-separated per-thread args (e.g., ax=1,ax=2 sets thread 0 ax reg to 1 and thread 1 ax reg to 2); specify multiple regs per thread via colon-separated list (e.g., ax=1:bx=2,cx=3 sets thread 0 ax and bx and just cx for thread 1)',
                  action='store',      type='string', dest='argv')
parser.add_option('-L', '--loadaddr',  default=1000,       help='address where to load code',       action='store',      type='int',    dest='loadaddr')
parser.add_option('-m', '--memsize',   default=128,        help='size of address space (KB)',       action='store',      type='int',    dest='memsize')
parser.add_option('-M', '--memtrace',  default='',         help='comma-separated list of addrs to trace (e.g., 20000,20001)', action='store',
                  type='string', dest='memtrace')
parser.add_option('-R', '--regtrace',  default='',         help='comma-separated list of regs to trace (e.g., ax,bx,cx,dx)',  action='store',
                  type='string', dest='regtrace')
parser.add_option('-C', '--cctrace',   default=False,      help='should we trace condition codes',  action='store_true', dest='cctrace')
parser.add_option('-S', '--printstats',default=False,      help='print some extra stats',           action='store_true', dest='printstats')
parser.add_option('-v', '--verbose',   default=False,      help='print some extra info',            action='store_true', dest='verbose')
parser.add_option('-c', '--compute',   default=False,      help='compute answers for me',           action='store_true', dest='solve')
(options, args) = parser.parse_args()

print 'ARG seed',                options.seed
print 'ARG numthreads',          options.numthreads
print 'ARG program',             options.progfile
print 'ARG interrupt frequency', options.intfreq
print 'ARG interrupt randomness',options.intrand
print 'ARG argv',                options.argv
print 'ARG load address',        options.loadaddr
print 'ARG memsize',             options.memsize
print 'ARG memtrace',            options.memtrace
print 'ARG regtrace',            options.regtrace
print 'ARG cctrace',             options.cctrace
print 'ARG printstats',          options.printstats
print 'ARG verbose',             options.verbose
print ''

seed       = int(options.seed)
numthreads = int(options.numthreads)
intfreq    = int(options.intfreq)
zassert(intfreq > 0, 'Interrupt frequency must be greater than 0')
intrand    = int(options.intrand)
progfile   = options.progfile
zassert(progfile != '', 'Program file must be specified')
argv       = options.argv.split(',')
zassert(len(argv) == numthreads or len(argv) == 1, 'argv: must be one per-thread or just one set of values for all threads')

loadaddr   = options.loadaddr
memsize    = options.memsize
random.seed(seed)

memtrace   = []
if options.memtrace != '':
    for m in options.memtrace.split(','):
        memtrace.append(m)

regtrace   = []
if options.regtrace != '':
    for r in options.regtrace.split(','):
        regtrace.append(r)

cctrace    = options.cctrace

printstats = options.printstats
verbose    = options.verbose

#
# MAIN program
#
debug = False
debug = False

cpu = cpu(memsize, memtrace, regtrace, cctrace, options.solve, verbose)

# load a program
cpu.load(progfile, loadaddr)

# process list
procs = proclist()
pid   = 0
stack = memsize * 1000
for t in range(numthreads):
    if len(argv) > 1:
        arg = argv[pid]
    else:
        arg = argv[0]
    procs.add(process(cpu, pid, loadaddr, stack, arg))
    stack -= 1000
    pid += 1

# get first one ready!
procs.restore()

# run it
t1 = time.clock()
ic = cpu.run(procs, intfreq, intrand)
t2 = time.clock()

if printstats:
    print ''
    print 'STATS:: Instructions    %d' % ic
    print 'STATS:: Emulation Rate  %.2f kinst/sec' % (float(ic) / float(t2 - t1) / 1000.0)

# use this for profiling
# import cProfile
# cProfile.run('run()')

# Student Answer:
dx Thread 0 0 -1 1000 sub $1,%dx -1 1001 test $0,%dx -1 1002 jgte .top -1 1003 halt Sub instruction substitutes 1 from the initial value of %dx (0), so that it becomes -1. Test instruction checks the %dx value, since it is smaller than 0, jump doesn’t happen and program halts.

# Output Format:
Return a single integer score only, enclosed within <score> and </score> tags (for example, <score>3</score>). Do not include any other text before or after the tags.
[DEBUG] 2025-10-21 15:27:45,142 Metadata detail: {
  "question_id": "q2",
  "max_score": 16,
  "human_scores": [
    16.0,
    16.0,
    16
  ],
  "context_files": [
    {
      "relative_path": "Makefile",
      "content": "\nFLAGS = -Wall -pthread\n\nall: t0 t1\n\nclean:\n\trm -f t0 t1\n\nt0: t0.c\n\tgcc -o t0 t0.c $(FLAGS)\n\nt1: t1.c\n\tgcc -o t1 t1.c $(FLAGS)\n"
    },
    {
      "relative_path": "loop.s",
      "content": ".main\n.top\nsub  $1,%dx\ntest $0,%dx\njgte .top\nhalt\n"
    },
    {
      "relative_path": "looping-race-nolock.s",
      "content": "# assumes %bx has loop count in it\n\n.main\n.top\n# critical section\nmov 2000, %ax  # get 'value' at address 2000\nadd $1, %ax    # increment it\nmov %ax, 2000  # store it back\n\n# see if we're still looping\nsub  $1, %bx\ntest $0, %bx\njgt .top\n\nhalt\n"
    },
    {
      "relative_path": "simple-race.s",
      "content": ".main\n# this is a critical section\nmov 2000, %ax   # get the value at the address\nadd $1, %ax \t# increment it\nmov %ax, 2000   # store it back\nhalt\n"
    },
    {
      "relative_path": "t0.c",
      "content": "#include <stdio.h>\n#include <stdlib.h>\n#include <pthread.h>\n\nvoid *mythread(void *arg) {\n    printf(\"%s\\n\", (char *) arg);\n    return NULL;\n}\n\nint main(int argc, char *argv[]) {\n    if (argc != 1) {\n\tfprintf(stderr, \"usage: main\\n\");\n\texit(1);\n    }\n\n    pthread_t p1, p2;\n    printf(\"main: begin\\n\");\n    pthread_create(&p1, NULL, mythread, \"A\");\n    pthread_create(&p2, NULL, mythread, \"B\");\n    // join waits for the threads to finish\n    pthread_join(p1, NULL);\n    pthread_join(p2, NULL);\n    printf(\"main: end\\n\");\n    return 0;\n}\n\n"
    },
    {
      "relative_path": "t1.c",
      "content": "#include <stdio.h>\n#include <stdlib.h>\n#include <pthread.h>\n\nint max;\nvolatile int counter = 0; // shared global variable\n\nvoid *mythread(void *arg) {\n    char *letter = arg;\n    int i; // stack (private per thread)\n    printf(\"%s: begin [addr of i: %p]\\n\", letter, &i);\n    for (i = 0; i < max; i++) {\n\tcounter = counter + 1; // shared: only one\n    }\n    printf(\"%s: done\\n\", letter);\n    return NULL;\n}\n\nint main(int argc, char *argv[]) {\n    if (argc != 2) {\n\tfprintf(stderr, \"usage: ./t1 <loopcount>\\n\");\n\texit(1);\n    }\n    max = atoi(argv[1]);\n\n    pthread_t p1, p2;\n    printf(\"main: begin [counter = %d] [%p]\\n\", counter, &counter);\n    pthread_create(&p1, NULL, mythread, \"A\");\n    pthread_create(&p2, NULL, mythread, \"B\");\n    // join waits for the threads to finish\n    pthread_join(p1, NULL);\n    pthread_join(p2, NULL);\n    printf(\"main: done\\n [counter: %d]\\n [should: %d]\\n\",\n\t   counter, max*2);\n    return 0;\n}\n\n"
    },
    {
      "relative_path": "x86.py",
      "content": "#! /usr/bin/env python\n\nimport sys\nimport time\nimport random\nfrom optparse import OptionParser\n\n#\n# HELPER\n#\ndef dospace(howmuch):\n    for i in range(howmuch):\n        print '%24s' % ' ',\n\n# useful instead of assert\ndef zassert(cond, str):\n    if cond == False:\n        print 'ABORT::', str\n        exit(1)\n    return\n\nclass cpu:\n    #\n    # INIT: how much memory?\n    #\n    def __init__(self, memory, memtrace, regtrace, cctrace, compute, verbose):\n        #\n        # CONSTANTS\n        #\n\n        # conditions\n        self.COND_GT        = 0\n        self.COND_GTE       = 1\n        self.COND_LT        = 2\n        self.COND_LTE       = 3\n        self.COND_EQ        = 4\n        self.COND_NEQ       = 5\n\n        # registers in system\n        self.REG_ZERO       = 0\n        self.REG_AX         = 1\n        self.REG_BX         = 2\n        self.REG_CX         = 3\n        self.REG_DX         = 4\n        self.REG_SP         = 5\n        self.REG_BP         = 6\n\n        # system memory: in KB\n        self.max_memory     = memory * 1024\n\n        # which memory addrs and registers to trace?\n        self.memtrace       = memtrace\n        self.regtrace       = regtrace\n        self.cctrace        = cctrace\n        self.compute        = compute\n        self.verbose        = verbose\n\n        self.PC             = 0\n        self.registers      = {}\n        self.conditions     = {}\n        self.labels         = {}\n        self.vars           = {}\n        self.memory         = {}\n        self.pmemory        = {}  # for printable version of what's in memory (instructions)\n\n        self.condlist       = [self.COND_GTE, self.COND_GT, self.COND_LTE, self.COND_LT, self.COND_NEQ, self.COND_EQ]\n        self.regnums        = [self.REG_ZERO, self.REG_AX,  self.REG_BX,   self.REG_CX,  self.REG_DX,   self.REG_SP,  self.REG_BP]\n\n        self.regnames         = {}\n        self.regnames['zero'] = self.REG_ZERO # hidden zero-valued register\n        self.regnames['ax']   = self.REG_AX\n        self.regnames['bx']   = self.REG_BX\n        self.regnames['cx']   = self.REG_CX\n        self.regnames['dx']   = self.REG_DX\n        self.regnames['sp']   = self.REG_SP\n        self.regnames['bp']   = self.REG_BP\n\n        tmplist = []\n        for r in self.regtrace:\n            zassert(r in self.regnames, 'Register %s cannot be traced because it does not exist' % r)\n            tmplist.append(self.regnames[r])\n        self.regtrace = tmplist\n\n        self.init_memory()\n        self.init_registers()\n        self.init_condition_codes()\n\n    #\n    # BEFORE MACHINE RUNS\n    #\n    def init_condition_codes(self):\n        for c in self.condlist:\n            self.conditions[c] = False\n\n    def init_memory(self):\n        for i in range(self.max_memory):\n            self.memory[i] = 0\n\n    def init_registers(self):\n        for i in self.regnums:\n            self.registers[i] = 0\n\n    def dump_memory(self):\n        print 'MEMORY DUMP'\n        for i in range(self.max_memory):\n            if i not in self.pmemory and i in self.memory and self.memory[i] != 0:\n                print '  m[%d]' % i, self.memory[i]\n\n    #\n    # INFORMING ABOUT THE HARDWARE\n    #\n    def get_regnum(self, name):\n        assert(name in self.regnames)\n        return self.regnames[name]\n\n    def get_regname(self, num):\n        assert(num in self.regnums)\n        for rname in self.regnames:\n            if self.regnames[rname] == num:\n                return rname\n        return ''\n\n    def get_regnums(self):\n        return self.regnums\n\n    def get_condlist(self):\n        return self.condlist\n\n    def get_reg(self, reg):\n        assert(reg in self.regnums)\n        return self.registers[reg]\n\n    def get_cond(self, cond):\n        assert(cond in self.condlist)\n        return self.conditions[cond]\n\n    def get_pc(self):\n        return self.PC\n\n    def set_reg(self, reg, value):\n        assert(reg in self.regnums)\n        self.registers[reg] = value\n\n    def set_cond(self, cond, value):\n        assert(cond in self.condlist)\n        self.conditions[cond] = value\n\n    def set_pc(self, pc):\n        self.PC = pc\n\n    #\n    # INSTRUCTIONS\n    #\n    def halt(self):\n        return -1\n\n    def iyield(self):\n        return -2\n\n    def nop(self):\n        return 0\n\n    def rdump(self):\n        print 'REGISTERS::',\n        print 'ax:', self.registers[self.REG_AX],\n        print 'bx:', self.registers[self.REG_BX],\n        print 'cx:', self.registers[self.REG_CX],\n        print 'dx:', self.registers[self.REG_DX],\n\n    def mdump(self, index):\n        print 'm[%d] ' % index, self.memory[index]\n\n    def move_i_to_r(self, src, dst):\n        self.registers[dst] = src\n        return 0\n\n    # memory: value, register, register\n    def move_i_to_m(self, src, value, reg1, reg2):\n        tmp = value + self.registers[reg1] + self.registers[reg2]\n        self.memory[tmp] = src\n        return 0\n\n    def move_m_to_r(self, value, reg1, reg2, dst):\n        tmp = value + self.registers[reg1] + self.registers[reg2]\n        # print 'doing mov', 'val:', value, 'r1:', self.get_regname(reg1), self.registers[reg1], 'r2:', self.get_regname(reg2), self.registers[reg2], 'dst', self.get_regname(dst), 'tmp', tmp, 'reg[dst]', self.registers[dst], 'mem', self.memory[tmp]\n        self.registers[dst] = self.memory[tmp]\n\n    def move_r_to_m(self, src, value, reg1, reg2):\n        tmp = value + self.registers[reg1] + self.registers[reg2]\n        self.memory[tmp] = self.registers[src]\n        return 0\n\n    def move_r_to_r(self, src, dst):\n        self.registers[dst] = self.registers[src]\n        return 0\n\n    def add_i_to_r(self, src, dst):\n        self.registers[dst] += src\n        return 0\n\n    def add_r_to_r(self, src, dst):\n        self.registers[dst] += self.registers[src]\n        return 0\n\n    def sub_i_to_r(self, src, dst):\n        self.registers[dst] -= src\n        return 0\n\n    def sub_r_to_r(self, src, dst):\n        self.registers[dst] -= self.registers[src]\n        return 0\n\n\n    #\n    # SUPPORT FOR LOCKS\n    #\n    def atomic_exchange(self, src, value, reg1, reg2):\n        tmp                 = value + self.registers[reg1] + self.registers[reg2]\n        old                 = self.memory[tmp]\n        self.memory[tmp]    = self.registers[src]\n        self.registers[src] = old\n        return 0\n\n    def fetchadd(self, src, value, reg1, reg2):\n        tmp                 = value + self.registers[reg1] + self.registers[reg2]\n        old                 = self.memory[tmp]\n        self.memory[tmp]    = self.memory[tmp] + self.registers[src]\n        self.registers[src] = old\n\n    #\n    # TEST for conditions\n    #\n    def test_all(self, src, dst):\n        self.init_condition_codes()\n        if dst > src:\n            self.conditions[self.COND_GT]  = True\n        if dst >= src:\n            self.conditions[self.COND_GTE] = True\n        if dst < src:\n            self.conditions[self.COND_LT]  = True\n        if dst <= src:\n            self.conditions[self.COND_LTE] = True\n        if dst == src:\n            self.conditions[self.COND_EQ]  = True\n        if dst != src:\n            self.conditions[self.COND_NEQ] = True\n        return 0\n\n    def test_i_r(self, src, dst):\n        self.init_condition_codes()\n        return self.test_all(src, self.registers[dst])\n\n    def test_r_i(self, src, dst):\n        self.init_condition_codes()\n        return self.test_all(self.registers[src], dst)\n\n    def test_r_r(self, src, dst):\n        self.init_condition_codes()\n        return self.test_all(self.registers[src], self.registers[dst])\n\n    #\n    # JUMPS\n    #\n    def jump(self, targ):\n        self.PC = targ\n        return 0\n\n    def jump_notequal(self, targ):\n        if self.conditions[self.COND_NEQ] == True:\n            self.PC = targ\n        return 0\n\n    def jump_equal(self, targ):\n        if self.conditions[self.COND_EQ] == True:\n            self.PC = targ\n        return 0\n\n    def jump_lessthan(self, targ):\n        if self.conditions[self.COND_LT] == True:\n            self.PC = targ\n        return 0\n\n    def jump_lessthanorequal(self, targ):\n        if self.conditions[self.COND_LTE] == True:\n            self.PC = targ\n        return 0\n\n    def jump_greaterthan(self, targ):\n        if self.conditions[self.COND_GT] == True:\n            self.PC = targ\n        return 0\n\n    def jump_greaterthanorequal(self, targ):\n        if self.conditions[self.COND_GTE] == True:\n            self.PC = targ\n        return 0\n\n    #\n    # CALL and RETURN\n    #\n    def call(self, targ):\n        self.registers[self.REG_SP] -= 4\n        self.memory[self.registers[self.REG_SP]] = self.PC\n        self.PC = targ\n\n    def ret(self):\n        self.PC = self.memory[self.registers[self.REG_SP]]\n        self.registers[self.REG_SP] += 4\n\n    #\n    # STACK and related\n    #\n    def push_r(self, reg):\n        self.registers[self.REG_SP] -= 4\n        self.memory[self.registers[self.REG_SP]] = self.registers[reg]\n        return 0\n\n    def push_m(self, value, reg1, reg2):\n        # print 'push_m', value, reg1, reg2\n        self.registers[self.REG_SP] -= 4\n        tmp = value + self.registers[reg1] + self.registers[reg2]\n        # push address onto stack, not memory value itself\n        self.memory[self.registers[self.REG_SP]] = tmp\n        return 0\n\n    def pop(self):\n        self.registers[self.REG_SP] += 4\n\n    def pop_r(self, dst):\n        self.registers[dst] = self.registers[self.REG_SP]\n        self.registers[self.REG_SP] += 4\n\n    #\n    # HELPER func for getarg\n    #\n    def register_translate(self, r):\n        if r in self.regnames:\n            return self.regnames[r]\n        zassert(False, 'Register %s is not a valid register' % r)\n        return\n\n    #\n    # HELPER in parsing mov (quite primitive) and other ops\n    # returns: (value, type)\n    # where type is (TYPE_REGISTER, TYPE_IMMEDIATE, TYPE_MEMORY)\n    #\n    # FORMATS\n    #    %ax           - register\n    #    $10           - immediate\n    #    10            - direct memory\n    #    10(%ax)       - memory + reg indirect\n    #    10(%ax,%bx)   - memory + 2 reg indirect\n    #    10(%ax,%bx,4) - XXX (not handled)\n    #\n    def getarg(self, arg):\n        tmp1 = arg.replace(',', '')\n        tmp  = tmp1.replace(' \\t', '')\n\n        if tmp[0] == '$':\n            zassert(len(tmp) == 2, 'correct form is $number (not %s)' % tmp)\n            value = tmp.split('$')[1]\n            zassert(value.isdigit(), 'value [%s] must be a digit' % value)\n            return int(value), 'TYPE_IMMEDIATE'\n        elif tmp[0] == '%':\n            register = tmp.split('%')[1]\n            return self.register_translate(register), 'TYPE_REGISTER'\n        elif tmp[0] == '(':\n            register = tmp.split('(')[1].split(')')[0].split('%')[1]\n            return '%d,%d,%d' % (0, self.register_translate(register), self.register_translate('zero')), 'TYPE_MEMORY'\n        elif tmp[0] == '.':\n            targ = tmp\n            return targ, 'TYPE_LABEL'\n        elif tmp[0].isalpha() and not tmp[0].isdigit():\n            zassert(tmp in self.vars, 'Variable %s is not declared' % tmp)\n            # print '%d,%d,%d' % (self.vars[tmp], self.register_translate('zero'), self.register_translate('zero')), 'TYPE_MEMORY'\n            return '%d,%d,%d' % (self.vars[tmp], self.register_translate('zero'), self.register_translate('zero')), 'TYPE_MEMORY'\n        elif tmp[0].isdigit() or tmp[0] == '-':\n            # MOST GENERAL CASE: number(reg,reg) or number(reg)\n            # we ignore the common x86 number(reg,reg,constant) for now\n            neg = 1\n            if tmp[0] == '-':\n                tmp = tmp[1:]\n                neg = -1\n            s = tmp.split('(')\n            if len(s) == 1:\n                value = neg * int(tmp)\n                # print '%d,%d,%d' % (int(value), self.register_translate('zero'), self.register_translate('zero')), 'TYPE_MEMORY'\n                return '%d,%d,%d' % (int(value), self.register_translate('zero'), self.register_translate('zero')), 'TYPE_MEMORY'\n            elif len(s) == 2:\n                value = neg * int(s[0])\n                t = s[1].split(')')[0].split(',')\n                if len(t) == 1:\n                    register = t[0].split('%')[1]\n                    # print '%d,%d,%d' % (int(value), self.register_translate(register), self.register_translate('zero')), 'TYPE_MEMORY'\n                    return '%d,%d,%d' % (int(value), self.register_translate(register), self.register_translate('zero')), 'TYPE_MEMORY'\n                elif len(t) == 2:\n                    register1 = t[0].split('%')[1]\n                    register2 = t[1].split('%')[1]\n                    # print '%d,%d,%d' % (int(value), self.register_translate(register1), self.register_translate(register2)), 'TYPE_MEMORY'\n                    return '%d,%d,%d' % (int(value), self.register_translate(register1), self.register_translate(register2)), 'TYPE_MEMORY'\n            else:\n                print 'mov: bad argument [%s]' % tmp\n                exit(1)\n                return\n        zassert(True, 'mov: bad argument [%s]' % arg)\n        return\n\n    #\n    # LOAD a program into memory\n    # make it ready to execute\n    #\n    def load(self, infile, loadaddr):\n        pc   = int(loadaddr)\n        fd   = open(infile)\n\n        bpc  = loadaddr\n        data = 100\n\n        for line in fd:\n            cline = line.rstrip()\n            # print 'PASS 1', cline\n\n            # remove everything after the comment marker\n            ctmp = cline.split('#')\n            assert(len(ctmp) == 1 or len(ctmp) == 2)\n            if len(ctmp) == 2:\n                cline = ctmp[0]\n\n            # remove empty lines, and split line by spaces\n            tmp = cline.split()\n            if len(tmp) == 0:\n                continue\n\n            # only pay attention to labels and variables\n            if tmp[0] == '.var':\n                assert(len(tmp) == 2)\n                assert(tmp[0] not in self.vars)\n                self.vars[tmp[1]] = data\n                data += 4\n                zassert(data < bpc, 'Load address overrun by static data')\n                if self.verbose: print 'ASSIGN VAR', tmp[0], \"-->\", tmp[1], self.vars[tmp[1]]\n            elif tmp[0][0] == '.':\n                assert(len(tmp) == 1)\n                self.labels[tmp[0]] = int(pc)\n                if self.verbose: print 'ASSIGN LABEL', tmp[0], \"-->\", pc\n            else:\n                pc += 1\n        fd.close()\n\n        if self.verbose: print ''\n\n        # second pass: do everything else\n        pc = int(loadaddr)\n        fd = open(infile)\n        for line in fd:\n            cline = line.rstrip()\n            # print 'PASS 2', cline\n\n            # remove everything after the comment marker\n            ctmp = cline.split('#')\n            assert(len(ctmp) == 1 or len(ctmp) == 2)\n            if len(ctmp) == 2:\n                cline = ctmp[0]\n\n            # remove empty lines, and split line by spaces\n            tmp = cline.split()\n            if len(tmp) == 0:\n                continue\n\n            # skip labels: all else must be instructions\n            if cline[0] != '.':\n                tmp              = cline.split(None, 1)\n                opcode           = tmp[0]\n                self.pmemory[pc] = cline.strip()\n\n                # MAIN OPCODE LOOP\n                if opcode == 'mov':\n                    rtmp = tmp[1].split(',', 1)\n                    zassert(len(tmp) == 2 and len(rtmp) == 2, 'mov: needs two args, separated by commas [%s]' % cline)\n                    arg1 = rtmp[0].strip()\n                    arg2 = rtmp[1].strip()\n                    (src, stype) = self.getarg(arg1)\n                    (dst, dtype) = self.getarg(arg2)\n                    # print 'MOV', src, stype, dst, dtype\n                    if stype == 'TYPE_MEMORY' and dtype == 'TYPE_MEMORY':\n                        print 'bad mov: two memory arguments'\n                        exit(1)\n                    elif stype == 'TYPE_IMMEDIATE' and dtype == 'TYPE_IMMEDIATE':\n                        print 'bad mov: two immediate arguments'\n                        exit(1)\n                    elif stype == 'TYPE_IMMEDIATE' and dtype == 'TYPE_REGISTER':\n                        self.memory[pc]  = 'self.move_i_to_r(%d, %d)' % (int(src), dst)\n                    elif stype == 'TYPE_IMMEDIATE' and dtype == 'TYPE_REGISTER':\n                        self.memory[pc]  = 'self.move_i_to_r(%d, %d)' % (int(src), dst)\n                    elif stype == 'TYPE_MEMORY'    and dtype == 'TYPE_REGISTER':\n                        tmp = src.split(',')\n                        assert(len(tmp) == 3)\n                        self.memory[pc] = 'self.move_m_to_r(%d, %d, %d, %d)' % (int(tmp[0]), int(tmp[1]), int(tmp[2]), dst)\n                    elif stype == 'TYPE_REGISTER'  and dtype == 'TYPE_MEMORY':\n                        tmp = dst.split(',')\n                        assert(len(tmp) == 3)\n                        self.memory[pc] = 'self.move_r_to_m(%d, %d, %d, %d)' % (src, int(tmp[0]), int(tmp[1]), int(tmp[2]))\n                    elif stype == 'TYPE_REGISTER'  and dtype == 'TYPE_REGISTER':\n                        self.memory[pc] = 'self.move_r_to_r(%d, %d)' % (src, dst)\n                    elif stype == 'TYPE_IMMEDIATE'  and dtype == 'TYPE_MEMORY':\n                        tmp = dst.split(',')\n                        assert(len(tmp) == 3)\n                        self.memory[pc] = 'self.move_i_to_m(%d, %d, %d, %d)' % (src, int(tmp[0]), int(tmp[1]), int(tmp[2]))\n                    else:\n                        zassert(False, 'malformed mov instruction')\n                elif opcode == 'pop':\n                    if len(tmp) == 1:\n                        self.memory[pc] = 'self.pop()'\n                    elif len(tmp) == 2:\n                        arg = tmp[1].strip()\n                        (dst, dtype) = self.getarg(arg)\n                        zassert(dtype == 'TYPE_REGISTER', 'Can only pop into a register')\n                        self.memory[pc] = 'self.pop_r(%d)' % dst\n                    else:\n                        zassert(False, 'pop instruction must take zero/one args')\n                elif opcode == 'push':\n                    (src, stype) = self.getarg(tmp[1].strip())\n                    if stype == 'TYPE_REGISTER':\n                        self.memory[pc] = 'self.push_r(%d)' % (int(src))\n                    elif stype == 'TYPE_MEMORY':\n                        tmp = src.split(',')\n                        assert(len(tmp) == 3)\n                        self.memory[pc] = 'self.push_m(%d,%d,%d)' % (int(tmp[0]), int(tmp[1]), int(tmp[2]))\n                    else:\n                        zassert(False, 'Cannot push anything but registers')\n                elif opcode == 'call':\n                    (targ, ttype) = self.getarg(tmp[1].strip())\n                    if ttype == 'TYPE_LABEL':\n                        self.memory[pc] = 'self.call(%d)' % (int(self.labels[targ]))\n                    else:\n                        zassert(False, 'Cannot call anything but a label')\n                elif opcode == 'ret':\n                    assert(len(tmp) == 1)\n                    self.memory[pc] = 'self.ret()'\n                elif opcode == 'add':\n                    rtmp = tmp[1].split(',', 1)\n                    zassert(len(tmp) == 2 and len(rtmp) == 2, 'add: needs two args, separated by commas [%s]' % cline)\n                    arg1 = rtmp[0].strip()\n                    arg2 = rtmp[1].strip()\n                    (src, stype) = self.getarg(arg1)\n                    (dst, dtype) = self.getarg(arg2)\n                    if stype == 'TYPE_IMMEDIATE' and dtype == 'TYPE_REGISTER':\n                        self.memory[pc] = 'self.add_i_to_r(%d, %d)' % (int(src), dst)\n                    elif stype == 'TYPE_REGISTER' and dtype == 'TYPE_REGISTER':\n                        self.memory[pc] = 'self.add_r_to_r(%d, %d)' % (int(src), dst)\n                    else:\n                        zassert(False, 'malformed usage of add instruction')\n                elif opcode == 'sub':\n                    rtmp = tmp[1].split(',', 1)\n                    zassert(len(tmp) == 2 and len(rtmp) == 2, 'sub: needs two args, separated by commas [%s]' % cline)\n                    arg1 = rtmp[0].strip()\n                    arg2 = rtmp[1].strip()\n                    (src, stype) = self.getarg(arg1)\n                    (dst, dtype) = self.getarg(arg2)\n                    if stype == 'TYPE_IMMEDIATE' and dtype == 'TYPE_REGISTER':\n                        self.memory[pc] = 'self.sub_i_to_r(%d, %d)' % (int(src), dst)\n                    elif stype == 'TYPE_REGISTER' and dtype == 'TYPE_REGISTER':\n                        self.memory[pc] = 'self.sub_r_to_r(%d, %d)' % (int(src), dst)\n                    else:\n                        zassert(False, 'malformed usage of sub instruction')\n                elif opcode == 'fetchadd':\n                    rtmp = tmp[1].split(',', 1)\n                    zassert(len(tmp) == 2 and len(rtmp) == 2, 'fetchadd: needs two args, separated by commas [%s]' % cline)\n                    arg1 = rtmp[0].strip()\n                    arg2 = rtmp[1].strip()\n                    (src, stype) = self.getarg(arg1)\n                    (dst, dtype) = self.getarg(arg2)\n                    tmp = dst.split(',')\n                    assert(len(tmp) == 3)\n                    if stype == 'TYPE_REGISTER' and dtype == 'TYPE_MEMORY':\n                        self.memory[pc] = 'self.fetchadd(%d, %d, %d, %d)' % (src, int(tmp[0]), int(tmp[1]), int(tmp[2]))\n                    else:\n                        zassert(False, 'poorly specified fetch and add')\n                elif opcode == 'xchg':\n                    rtmp = tmp[1].split(',', 1)\n                    zassert(len(tmp) == 2 and len(rtmp) == 2, 'xchg: needs two args, separated by commas [%s]' % cline)\n                    arg1 = rtmp[0].strip()\n                    arg2 = rtmp[1].strip()\n                    (src, stype) = self.getarg(arg1)\n                    (dst, dtype) = self.getarg(arg2)\n                    tmp = dst.split(',')\n                    assert(len(tmp) == 3)\n                    if stype == 'TYPE_REGISTER' and dtype == 'TYPE_MEMORY':\n                        self.memory[pc] = 'self.atomic_exchange(%d, %d, %d, %d)' % (src, int(tmp[0]), int(tmp[1]), int(tmp[2]))\n                    else:\n                        zassert(False, 'poorly specified atomic exchange')\n                elif opcode == 'test':\n                    rtmp = tmp[1].split(',', 1)\n                    zassert(len(tmp) == 2 and len(rtmp) == 2, 'test: needs two args, separated by commas [%s]' % cline)\n                    arg1 = rtmp[0].strip()\n                    arg2 = rtmp[1].strip()\n                    (src, stype) = self.getarg(arg1)\n                    (dst, dtype) = self.getarg(arg2)\n                    if stype == 'TYPE_IMMEDIATE' and dtype == 'TYPE_REGISTER':\n                        self.memory[pc] = 'self.test_i_r(%d, %d)' % (int(src), dst)\n                    elif stype == 'TYPE_REGISTER' and dtype == 'TYPE_REGISTER':\n                        self.memory[pc] = 'self.test_r_r(%d, %d)' % (int(src), dst)\n                    elif stype == 'TYPE_REGISTER' and dtype == 'TYPE_IMMEDIATE':\n                        self.memory[pc] = 'self.test_r_i(%d, %d)' % (int(src), dst)\n                    else:\n                        zassert(False, 'malformed usage of test instruction')\n                elif opcode == 'j':\n                    (targ, ttype) = self.getarg(tmp[1].strip())\n                    zassert(ttype == 'TYPE_LABEL', 'bad jump target [%s]' % tmp[1].strip())\n                    self.memory[pc] = 'self.jump(%d)' % int(self.labels[targ])\n                elif opcode == 'jne':\n                    (targ, ttype) = self.getarg(tmp[1].strip())\n                    zassert(ttype == 'TYPE_LABEL', 'bad jump target [%s]' % tmp[1].strip())\n                    self.memory[pc] = 'self.jump_notequal(%d)' % int(self.labels[targ])\n                elif opcode == 'je':\n                    (targ, ttype) = self.getarg(tmp[1].strip())\n                    zassert(ttype == 'TYPE_LABEL', 'bad jump target [%s]' % tmp[1].strip())\n                    self.memory[pc] = 'self.jump_equal(%d)' % self.labels[targ]\n                elif opcode == 'jlt':\n                    (targ, ttype) = self.getarg(tmp[1].strip())\n                    zassert(ttype == 'TYPE_LABEL', 'bad jump target [%s]' % tmp[1].strip())\n                    self.memory[pc] = 'self.jump_lessthan(%d)' % int(self.labels[targ])\n                elif opcode == 'jlte':\n                    (targ, ttype) = self.getarg(tmp[1].strip())\n                    zassert(ttype == 'TYPE_LABEL', 'bad jump target [%s]' % tmp[1].strip())\n                    self.memory[pc] = 'self.jump_lessthanorequal(%s)' % self.labels[targ]\n                elif opcode == 'jgt':\n                    (targ, ttype) = self.getarg(tmp[1].strip())\n                    zassert(ttype == 'TYPE_LABEL', 'bad jump target [%s]' % tmp[1].strip())\n                    self.memory[pc] = 'self.jump_greaterthan(%d)' % int(self.labels[targ])\n                elif opcode == 'jgte':\n                    (targ, ttype) = self.getarg(tmp[1].strip())\n                    zassert(ttype == 'TYPE_LABEL', 'bad jump target [%s]' % tmp[1].strip())\n                    self.memory[pc] = 'self.jump_greaterthanorequal(%s)' % self.labels[targ]\n                elif opcode == 'nop':\n                    self.memory[pc] = 'self.nop()'\n                elif opcode == 'halt':\n                    self.memory[pc] = 'self.halt()'\n                elif opcode == 'yield':\n                    self.memory[pc] = 'self.iyield()'\n                elif opcode == 'rdump':\n                    self.memory[pc] = 'self.rdump()'\n                elif opcode == 'mdump':\n                    self.memory[pc] = 'self.mdump(%s)' % tmp[1]\n                else:\n                    print 'illegal opcode: ', opcode\n                    exit(1)\n\n                if self.verbose: print 'pc:%d LOADING %20s --> %s' % (pc, self.pmemory[pc], self.memory[pc])\n\n                # INCREMENT PC for loader\n                pc += 1\n        # END: loop over file\n        fd.close()\n        if self.verbose: print ''\n        return\n    # END: load\n\n    def print_headers(self, procs):\n        # print some headers\n        if len(self.memtrace) > 0:\n            for m in self.memtrace:\n                if m[0].isdigit():\n                    print '%5d' % int(m),\n                else:\n                    zassert(m in self.vars, 'Traced variable %s not declared' % m)\n                    print '%5s' % m,\n            print ' ',\n        if len(self.regtrace) > 0:\n            for r in self.regtrace:\n                print '%5s' % self.get_regname(r),\n            print ' ',\n        if cctrace == True:\n            print '>= >  <= <  != ==',\n\n        # and per thread\n        for i in range(procs.getnum()):\n            print '       Thread %d        ' % i,\n        print ''\n        return\n\n    def print_trace(self, newline):\n        if len(self.memtrace) > 0:\n            for m in self.memtrace:\n                if self.compute:\n                    if m[0].isdigit():\n                        print '%5d' % self.memory[int(m)],\n                    else:\n                        zassert(m in self.vars, 'Traced variable %s not declared' % m)\n                        print '%5d' % self.memory[self.vars[m]],\n                else:\n                    print '%5s' % '?',\n            print ' ',\n        if len(self.regtrace) > 0:\n            for r in self.regtrace:\n                if self.compute:\n                    print '%5d' % self.registers[r],\n                else:\n                    print '%5s' % '?',\n            print ' ',\n        if cctrace == True:\n            for c in self.condlist:\n                if self.compute:\n                    if self.conditions[c]:\n                        print '1 ',\n                    else:\n                        print '0 ',\n                else:\n                    print '? ',\n        if (len(self.memtrace) > 0 or len(self.regtrace) > 0 or cctrace == True) and newline == True:\n            print ''\n        return\n\n    def setint(self, intfreq, intrand):\n        if intrand == False:\n            return intfreq\n        return int(random.random() * intfreq) + 1\n\n    def run(self, procs, intfreq, intrand):\n        # hw init: cc's, interrupt frequency, etc.\n        interrupt = self.setint(intfreq, intrand)\n        icount    = 0\n\n        self.print_headers(procs)\n        self.print_trace(True)\n\n        while True:\n            # need thread ID of current process\n            tid = procs.getcurr().gettid()\n\n            # FETCH\n            prevPC       = self.PC\n            instruction  = self.memory[self.PC]\n            self.PC     += 1\n\n            # DECODE and EXECUTE\n            # key: self.PC may be changed during eval; thus MUST be incremented BEFORE eval\n            rc = eval(instruction)\n\n            # tracing details: ALWAYS AFTER EXECUTION OF INSTRUCTION\n            self.print_trace(False)\n\n            # output: thread-proportional spacing followed by PC and instruction\n            dospace(tid)\n            print prevPC, self.pmemory[prevPC]\n            icount += 1\n\n            # halt instruction issued\n            if rc == -1:\n                procs.done()\n                if procs.numdone() == procs.getnum():\n                    return icount\n                procs.next()\n                procs.restore()\n\n                self.print_trace(False)\n                for i in range(procs.getnum()):\n                    print '----- Halt;Switch ----- ',\n                print ''\n\n            # do interrupt processing\n            interrupt -= 1\n            if interrupt == 0 or rc == -2:\n                interrupt = self.setint(intfreq, intrand)\n                procs.save()\n                procs.next()\n                procs.restore()\n\n                self.print_trace(False)\n                for i in range(procs.getnum()):\n                    print '------ Interrupt ------ ',\n                print ''\n        # END: while\n        return\n\n#\n# END: class cpu\n#\n\n\n#\n# PROCESS LIST class\n#\nclass proclist:\n    def __init__(self):\n        self.plist  = []\n        self.curr   = 0\n        self.active = 0\n\n    def done(self):\n        self.plist[self.curr].setdone()\n        self.active -= 1\n\n    def numdone(self):\n        return len(self.plist) - self.active\n\n    def getnum(self):\n        return len(self.plist)\n\n    def add(self, p):\n        self.active += 1\n        self.plist.append(p)\n\n    def getcurr(self):\n        return self.plist[self.curr]\n\n    def save(self):\n        self.plist[self.curr].save()\n\n    def restore(self):\n        self.plist[self.curr].restore()\n\n    def next(self):\n        for i in range(self.curr+1, len(self.plist)):\n            if self.plist[i].isdone() == False:\n                self.curr = i\n                return\n        for i in range(0, self.curr+1):\n            if self.plist[i].isdone() == False:\n                self.curr = i\n                return\n\n#\n# PROCESS class\n#\nclass process:\n    def __init__(self, cpu, tid, pc, stackbottom, reginit):\n        self.cpu   = cpu  # object reference\n        self.tid   = tid\n        self.pc    = pc\n        self.regs  = {}\n        self.cc    = {}\n        self.done  = False\n        self.stack = stackbottom\n\n        # init regs: all 0 or specially set to something\n        for r in self.cpu.get_regnums():\n            self.regs[r] = 0\n        if reginit != '':\n            # form: ax=1,bx=2 (for some subset of registers)\n            for r in reginit.split(':'):\n                tmp = r.split('=')\n                assert(len(tmp) == 2)\n                self.regs[self.cpu.get_regnum(tmp[0])] = int(tmp[1])\n\n        # init CCs\n        for c in self.cpu.get_condlist():\n            self.cc[c] = False\n\n        # stack\n        self.regs[self.cpu.get_regnum('sp')] = stackbottom\n        # print 'REG', self.cpu.get_regnum('sp'), self.regs[self.cpu.get_regnum('sp')]\n\n        return\n\n    def gettid(self):\n        return self.tid\n\n    def save(self):\n        self.pc = self.cpu.get_pc()\n        for c in self.cpu.get_condlist():\n            self.cc[c] = self.cpu.get_cond(c)\n        for r in self.cpu.get_regnums():\n            self.regs[r] = self.cpu.get_reg(r)\n\n    def restore(self):\n        self.cpu.set_pc(self.pc)\n        for c in self.cpu.get_condlist():\n            self.cpu.set_cond(c, self.cc[c])\n        for r in self.cpu.get_regnums():\n            self.cpu.set_reg(r, self.regs[r])\n\n    def setdone(self):\n        self.done = True\n\n    def isdone(self):\n        return self.done == True\n\n#\n# main program\n#\nparser = OptionParser()\nparser.add_option('-s', '--seed',      default=0,          help='the random seed',                  action='store',      type='int',    dest='seed')\nparser.add_option('-t', '--threads',   default=2,          help='number of threads',                action='store',      type='int',    dest='numthreads')\nparser.add_option('-p', '--program',   default='',         help='source program (in .s)',           action='store',      type='string', dest='progfile')\nparser.add_option('-i', '--interrupt', default=50,         help='interrupt frequency',              action='store',      type='int',    dest='intfreq')\nparser.add_option('-r', '--randints',  default=False,      help='if interrupts are random',         action='store_true',                dest='intrand')\nparser.add_option('-a', '--argv',      default='',\n                  help='comma-separated per-thread args (e.g., ax=1,ax=2 sets thread 0 ax reg to 1 and thread 1 ax reg to 2); specify multiple regs per thread via colon-separated list (e.g., ax=1:bx=2,cx=3 sets thread 0 ax and bx and just cx for thread 1)',\n                  action='store',      type='string', dest='argv')\nparser.add_option('-L', '--loadaddr',  default=1000,       help='address where to load code',       action='store',      type='int',    dest='loadaddr')\nparser.add_option('-m', '--memsize',   default=128,        help='size of address space (KB)',       action='store',      type='int',    dest='memsize')\nparser.add_option('-M', '--memtrace',  default='',         help='comma-separated list of addrs to trace (e.g., 20000,20001)', action='store',\n                  type='string', dest='memtrace')\nparser.add_option('-R', '--regtrace',  default='',         help='comma-separated list of regs to trace (e.g., ax,bx,cx,dx)',  action='store',\n                  type='string', dest='regtrace')\nparser.add_option('-C', '--cctrace',   default=False,      help='should we trace condition codes',  action='store_true', dest='cctrace')\nparser.add_option('-S', '--printstats',default=False,      help='print some extra stats',           action='store_true', dest='printstats')\nparser.add_option('-v', '--verbose',   default=False,      help='print some extra info',            action='store_true', dest='verbose')\nparser.add_option('-c', '--compute',   default=False,      help='compute answers for me',           action='store_true', dest='solve')\n(options, args) = parser.parse_args()\n\nprint 'ARG seed',                options.seed\nprint 'ARG numthreads',          options.numthreads\nprint 'ARG program',             options.progfile\nprint 'ARG interrupt frequency', options.intfreq\nprint 'ARG interrupt randomness',options.intrand\nprint 'ARG argv',                options.argv\nprint 'ARG load address',        options.loadaddr\nprint 'ARG memsize',             options.memsize\nprint 'ARG memtrace',            options.memtrace\nprint 'ARG regtrace',            options.regtrace\nprint 'ARG cctrace',             options.cctrace\nprint 'ARG printstats',          options.printstats\nprint 'ARG verbose',             options.verbose\nprint ''\n\nseed       = int(options.seed)\nnumthreads = int(options.numthreads)\nintfreq    = int(options.intfreq)\nzassert(intfreq > 0, 'Interrupt frequency must be greater than 0')\nintrand    = int(options.intrand)\nprogfile   = options.progfile\nzassert(progfile != '', 'Program file must be specified')\nargv       = options.argv.split(',')\nzassert(len(argv) == numthreads or len(argv) == 1, 'argv: must be one per-thread or just one set of values for all threads')\n\nloadaddr   = options.loadaddr\nmemsize    = options.memsize\nrandom.seed(seed)\n\nmemtrace   = []\nif options.memtrace != '':\n    for m in options.memtrace.split(','):\n        memtrace.append(m)\n\nregtrace   = []\nif options.regtrace != '':\n    for r in options.regtrace.split(','):\n        regtrace.append(r)\n\ncctrace    = options.cctrace\n\nprintstats = options.printstats\nverbose    = options.verbose\n\n#\n# MAIN program\n#\ndebug = False\ndebug = False\n\ncpu = cpu(memsize, memtrace, regtrace, cctrace, options.solve, verbose)\n\n# load a program\ncpu.load(progfile, loadaddr)\n\n# process list\nprocs = proclist()\npid   = 0\nstack = memsize * 1000\nfor t in range(numthreads):\n    if len(argv) > 1:\n        arg = argv[pid]\n    else:\n        arg = argv[0]\n    procs.add(process(cpu, pid, loadaddr, stack, arg))\n    stack -= 1000\n    pid += 1\n\n# get first one ready!\nprocs.restore()\n\n# run it\nt1 = time.clock()\nic = cpu.run(procs, intfreq, intrand)\nt2 = time.clock()\n\nif printstats:\n    print ''\n    print 'STATS:: Instructions    %d' % ic\n    print 'STATS:: Emulation Rate  %.2f kinst/sec' % (float(ic) / float(t2 - t1) / 1000.0)\n\n# use this for profiling\n# import cProfile\n# cProfile.run('run()')\n\n"
    }
  ],
  "sections": {
    "assignment": "Let's examine a simple program, 'loop.s'. First, just read and understand it. Then, run it with these arguments (./x86.py -p loop.s -t 1 -i 100 -R dx). This specifies a single thread, an interrupt every 100 instructions, and tracing of register %dx. What will %dx be during the run? Use the -c flag to check your answers; the answers, on the left, show the value of the register (or memory value) after the instruction on the right has run.",
    "reference_answer": "dx Thread 0 \n0 \n-1 1000 sub $1,%dx\n-1 1001 test $0,%dx\n-1 1002 jgte .top\n-1 1003 halt",
    "max_score": 16,
    "rubric": "The program code or text explanation can explain the process of value changing from 0 to -1. Correct (16 points);\nIf only answer the final value is -1 . Partically correct (4 points); If only asnser the \"change range is from 0 to -1 (8 points); If answer list all values, Partically correct (12 points)",
    "instructor_criteria": "The program code or text explanation can explain the process of value changing from 0 to -1. Correct (16 points)",
    "reference_materials": [
      {
        "relative_path": "Makefile",
        "content": "FLAGS = -Wall -pthread\n\nall: t0 t1\n\nclean:\n\trm -f t0 t1\n\nt0: t0.c\n\tgcc -o t0 t0.c $(FLAGS)\n\nt1: t1.c\n\tgcc -o t1 t1.c $(FLAGS)"
      },
      {
        "relative_path": "loop.s",
        "content": ".main\n.top\nsub  $1,%dx\ntest $0,%dx\njgte .top\nhalt"
      },
      {
        "relative_path": "looping-race-nolock.s",
        "content": "# assumes %bx has loop count in it\n\n.main\n.top\n# critical section\nmov 2000, %ax  # get 'value' at address 2000\nadd $1, %ax    # increment it\nmov %ax, 2000  # store it back\n\n# see if we're still looping\nsub  $1, %bx\ntest $0, %bx\njgt .top\n\nhalt"
      },
      {
        "relative_path": "simple-race.s",
        "content": ".main\n# this is a critical section\nmov 2000, %ax   # get the value at the address\nadd $1, %ax \t# increment it\nmov %ax, 2000   # store it back\nhalt"
      },
      {
        "relative_path": "t0.c",
        "content": "#include <stdio.h>\n#include <stdlib.h>\n#include <pthread.h>\n\nvoid *mythread(void *arg) {\n    printf(\"%s\\n\", (char *) arg);\n    return NULL;\n}\n\nint main(int argc, char *argv[]) {\n    if (argc != 1) {\n\tfprintf(stderr, \"usage: main\\n\");\n\texit(1);\n    }\n\n    pthread_t p1, p2;\n    printf(\"main: begin\\n\");\n    pthread_create(&p1, NULL, mythread, \"A\");\n    pthread_create(&p2, NULL, mythread, \"B\");\n    // join waits for the threads to finish\n    pthread_join(p1, NULL);\n    pthread_join(p2, NULL);\n    printf(\"main: end\\n\");\n    return 0;\n}"
      },
      {
        "relative_path": "t1.c",
        "content": "#include <stdio.h>\n#include <stdlib.h>\n#include <pthread.h>\n\nint max;\nvolatile int counter = 0; // shared global variable\n\nvoid *mythread(void *arg) {\n    char *letter = arg;\n    int i; // stack (private per thread)\n    printf(\"%s: begin [addr of i: %p]\\n\", letter, &i);\n    for (i = 0; i < max; i++) {\n\tcounter = counter + 1; // shared: only one\n    }\n    printf(\"%s: done\\n\", letter);\n    return NULL;\n}\n\nint main(int argc, char *argv[]) {\n    if (argc != 2) {\n\tfprintf(stderr, \"usage: ./t1 <loopcount>\\n\");\n\texit(1);\n    }\n    max = atoi(argv[1]);\n\n    pthread_t p1, p2;\n    printf(\"main: begin [counter = %d] [%p]\\n\", counter, &counter);\n    pthread_create(&p1, NULL, mythread, \"A\");\n    pthread_create(&p2, NULL, mythread, \"B\");\n    // join waits for the threads to finish\n    pthread_join(p1, NULL);\n    pthread_join(p2, NULL);\n    printf(\"main: done\\n [counter: %d]\\n [should: %d]\\n\",\n\t   counter, max*2);\n    return 0;\n}"
      },
      {
        "relative_path": "x86.py",
        "content": "#! /usr/bin/env python\n\nimport sys\nimport time\nimport random\nfrom optparse import OptionParser\n\n#\n# HELPER\n#\ndef dospace(howmuch):\n    for i in range(howmuch):\n        print '%24s' % ' ',\n\n# useful instead of assert\ndef zassert(cond, str):\n    if cond == False:\n        print 'ABORT::', str\n        exit(1)\n    return\n\nclass cpu:\n    #\n    # INIT: how much memory?\n    #\n    def __init__(self, memory, memtrace, regtrace, cctrace, compute, verbose):\n        #\n        # CONSTANTS\n        #\n\n        # conditions\n        self.COND_GT        = 0\n        self.COND_GTE       = 1\n        self.COND_LT        = 2\n        self.COND_LTE       = 3\n        self.COND_EQ        = 4\n        self.COND_NEQ       = 5\n\n        # registers in system\n        self.REG_ZERO       = 0\n        self.REG_AX         = 1\n        self.REG_BX         = 2\n        self.REG_CX         = 3\n        self.REG_DX         = 4\n        self.REG_SP         = 5\n        self.REG_BP         = 6\n\n        # system memory: in KB\n        self.max_memory     = memory * 1024\n\n        # which memory addrs and registers to trace?\n        self.memtrace       = memtrace\n        self.regtrace       = regtrace\n        self.cctrace        = cctrace\n        self.compute        = compute\n        self.verbose        = verbose\n\n        self.PC             = 0\n        self.registers      = {}\n        self.conditions     = {}\n        self.labels         = {}\n        self.vars           = {}\n        self.memory         = {}\n        self.pmemory        = {}  # for printable version of what's in memory (instructions)\n\n        self.condlist       = [self.COND_GTE, self.COND_GT, self.COND_LTE, self.COND_LT, self.COND_NEQ, self.COND_EQ]\n        self.regnums        = [self.REG_ZERO, self.REG_AX,  self.REG_BX,   self.REG_CX,  self.REG_DX,   self.REG_SP,  self.REG_BP]\n\n        self.regnames         = {}\n        self.regnames['zero'] = self.REG_ZERO # hidden zero-valued register\n        self.regnames['ax']   = self.REG_AX\n        self.regnames['bx']   = self.REG_BX\n        self.regnames['cx']   = self.REG_CX\n        self.regnames['dx']   = self.REG_DX\n        self.regnames['sp']   = self.REG_SP\n        self.regnames['bp']   = self.REG_BP\n\n        tmplist = []\n        for r in self.regtrace:\n            zassert(r in self.regnames, 'Register %s cannot be traced because it does not exist' % r)\n            tmplist.append(self.regnames[r])\n        self.regtrace = tmplist\n\n        self.init_memory()\n        self.init_registers()\n        self.init_condition_codes()\n\n    #\n    # BEFORE MACHINE RUNS\n    #\n    def init_condition_codes(self):\n        for c in self.condlist:\n            self.conditions[c] = False\n\n    def init_memory(self):\n        for i in range(self.max_memory):\n            self.memory[i] = 0\n\n    def init_registers(self):\n        for i in self.regnums:\n            self.registers[i] = 0\n\n    def dump_memory(self):\n        print 'MEMORY DUMP'\n        for i in range(self.max_memory):\n            if i not in self.pmemory and i in self.memory and self.memory[i] != 0:\n                print '  m[%d]' % i, self.memory[i]\n\n    #\n    # INFORMING ABOUT THE HARDWARE\n    #\n    def get_regnum(self, name):\n        assert(name in self.regnames)\n        return self.regnames[name]\n\n    def get_regname(self, num):\n        assert(num in self.regnums)\n        for rname in self.regnames:\n            if self.regnames[rname] == num:\n                return rname\n        return ''\n\n    def get_regnums(self):\n        return self.regnums\n\n    def get_condlist(self):\n        return self.condlist\n\n    def get_reg(self, reg):\n        assert(reg in self.regnums)\n        return self.registers[reg]\n\n    def get_cond(self, cond):\n        assert(cond in self.condlist)\n        return self.conditions[cond]\n\n    def get_pc(self):\n        return self.PC\n\n    def set_reg(self, reg, value):\n        assert(reg in self.regnums)\n        self.registers[reg] = value\n\n    def set_cond(self, cond, value):\n        assert(cond in self.condlist)\n        self.conditions[cond] = value\n\n    def set_pc(self, pc):\n        self.PC = pc\n\n    #\n    # INSTRUCTIONS\n    #\n    def halt(self):\n        return -1\n\n    def iyield(self):\n        return -2\n\n    def nop(self):\n        return 0\n\n    def rdump(self):\n        print 'REGISTERS::',\n        print 'ax:', self.registers[self.REG_AX],\n        print 'bx:', self.registers[self.REG_BX],\n        print 'cx:', self.registers[self.REG_CX],\n        print 'dx:', self.registers[self.REG_DX],\n\n    def mdump(self, index):\n        print 'm[%d] ' % index, self.memory[index]\n\n    def move_i_to_r(self, src, dst):\n        self.registers[dst] = src\n        return 0\n\n    # memory: value, register, register\n    def move_i_to_m(self, src, value, reg1, reg2):\n        tmp = value + self.registers[reg1] + self.registers[reg2]\n        self.memory[tmp] = src\n        return 0\n\n    def move_m_to_r(self, value, reg1, reg2, dst):\n        tmp = value + self.registers[reg1] + self.registers[reg2]\n        # print 'doing mov', 'val:', value, 'r1:', self.get_regname(reg1), self.registers[reg1], 'r2:', self.get_regname(reg2), self.registers[reg2], 'dst', self.get_regname(dst), 'tmp', tmp, 'reg[dst]', self.registers[dst], 'mem', self.memory[tmp]\n        self.registers[dst] = self.memory[tmp]\n\n    def move_r_to_m(self, src, value, reg1, reg2):\n        tmp = value + self.registers[reg1] + self.registers[reg2]\n        self.memory[tmp] = self.registers[src]\n        return 0\n\n    def move_r_to_r(self, src, dst):\n        self.registers[dst] = self.registers[src]\n        return 0\n\n    def add_i_to_r(self, src, dst):\n        self.registers[dst] += src\n        return 0\n\n    def add_r_to_r(self, src, dst):\n        self.registers[dst] += self.registers[src]\n        return 0\n\n    def sub_i_to_r(self, src, dst):\n        self.registers[dst] -= src\n        return 0\n\n    def sub_r_to_r(self, src, dst):\n        self.registers[dst] -= self.registers[src]\n        return 0\n\n\n    #\n    # SUPPORT FOR LOCKS\n    #\n    def atomic_exchange(self, src, value, reg1, reg2):\n        tmp                 = value + self.registers[reg1] + self.registers[reg2]\n        old                 = self.memory[tmp]\n        self.memory[tmp]    = self.registers[src]\n        self.registers[src] = old\n        return 0\n\n    def fetchadd(self, src, value, reg1, reg2):\n        tmp                 = value + self.registers[reg1] + self.registers[reg2]\n        old                 = self.memory[tmp]\n        self.memory[tmp]    = self.memory[tmp] + self.registers[src]\n        self.registers[src] = old\n\n    #\n    # TEST for conditions\n    #\n    def test_all(self, src, dst):\n        self.init_condition_codes()\n        if dst > src:\n            self.conditions[self.COND_GT]  = True\n        if dst >= src:\n            self.conditions[self.COND_GTE] = True\n        if dst < src:\n            self.conditions[self.COND_LT]  = True\n        if dst <= src:\n            self.conditions[self.COND_LTE] = True\n        if dst == src:\n            self.conditions[self.COND_EQ]  = True\n        if dst != src:\n            self.conditions[self.COND_NEQ] = True\n        return 0\n\n    def test_i_r(self, src, dst):\n        self.init_condition_codes()\n        return self.test_all(src, self.registers[dst])\n\n    def test_r_i(self, src, dst):\n        self.init_condition_codes()\n        return self.test_all(self.registers[src], dst)\n\n    def test_r_r(self, src, dst):\n        self.init_condition_codes()\n        return self.test_all(self.registers[src], self.registers[dst])\n\n    #\n    # JUMPS\n    #\n    def jump(self, targ):\n        self.PC = targ\n        return 0\n\n    def jump_notequal(self, targ):\n        if self.conditions[self.COND_NEQ] == True:\n            self.PC = targ\n        return 0\n\n    def jump_equal(self, targ):\n        if self.conditions[self.COND_EQ] == True:\n            self.PC = targ\n        return 0\n\n    def jump_lessthan(self, targ):\n        if self.conditions[self.COND_LT] == True:\n            self.PC = targ\n        return 0\n\n    def jump_lessthanorequal(self, targ):\n        if self.conditions[self.COND_LTE] == True:\n            self.PC = targ\n        return 0\n\n    def jump_greaterthan(self, targ):\n        if self.conditions[self.COND_GT] == True:\n            self.PC = targ\n        return 0\n\n    def jump_greaterthanorequal(self, targ):\n        if self.conditions[self.COND_GTE] == True:\n            self.PC = targ\n        return 0\n\n    #\n    # CALL and RETURN\n    #\n    def call(self, targ):\n        self.registers[self.REG_SP] -= 4\n        self.memory[self.registers[self.REG_SP]] = self.PC\n        self.PC = targ\n\n    def ret(self):\n        self.PC = self.memory[self.registers[self.REG_SP]]\n        self.registers[self.REG_SP] += 4\n\n    #\n    # STACK and related\n    #\n    def push_r(self, reg):\n        self.registers[self.REG_SP] -= 4\n        self.memory[self.registers[self.REG_SP]] = self.registers[reg]\n        return 0\n\n    def push_m(self, value, reg1, reg2):\n        # print 'push_m', value, reg1, reg2\n        self.registers[self.REG_SP] -= 4\n        tmp = value + self.registers[reg1] + self.registers[reg2]\n        # push address onto stack, not memory value itself\n        self.memory[self.registers[self.REG_SP]] = tmp\n        return 0\n\n    def pop(self):\n        self.registers[self.REG_SP] += 4\n\n    def pop_r(self, dst):\n        self.registers[dst] = self.registers[self.REG_SP]\n        self.registers[self.REG_SP] += 4\n\n    #\n    # HELPER func for getarg\n    #\n    def register_translate(self, r):\n        if r in self.regnames:\n            return self.regnames[r]\n        zassert(False, 'Register %s is not a valid register' % r)\n        return\n\n    #\n    # HELPER in parsing mov (quite primitive) and other ops\n    # returns: (value, type)\n    # where type is (TYPE_REGISTER, TYPE_IMMEDIATE, TYPE_MEMORY)\n    #\n    # FORMATS\n    #    %ax           - register\n    #    $10           - immediate\n    #    10            - direct memory\n    #    10(%ax)       - memory + reg indirect\n    #    10(%ax,%bx)   - memory + 2 reg indirect\n    #    10(%ax,%bx,4) - XXX (not handled)\n    #\n    def getarg(self, arg):\n        tmp1 = arg.replace(',', '')\n        tmp  = tmp1.replace(' \\t', '')\n\n        if tmp[0] == '$':\n            zassert(len(tmp) == 2, 'correct form is $number (not %s)' % tmp)\n            value = tmp.split('$')[1]\n            zassert(value.isdigit(), 'value [%s] must be a digit' % value)\n            return int(value), 'TYPE_IMMEDIATE'\n        elif tmp[0] == '%':\n            register = tmp.split('%')[1]\n            return self.register_translate(register), 'TYPE_REGISTER'\n        elif tmp[0] == '(':\n            register = tmp.split('(')[1].split(')')[0].split('%')[1]\n            return '%d,%d,%d' % (0, self.register_translate(register), self.register_translate('zero')), 'TYPE_MEMORY'\n        elif tmp[0] == '.':\n            targ = tmp\n            return targ, 'TYPE_LABEL'\n        elif tmp[0].isalpha() and not tmp[0].isdigit():\n            zassert(tmp in self.vars, 'Variable %s is not declared' % tmp)\n            # print '%d,%d,%d' % (self.vars[tmp], self.register_translate('zero'), self.register_translate('zero')), 'TYPE_MEMORY'\n            return '%d,%d,%d' % (self.vars[tmp], self.register_translate('zero'), self.register_translate('zero')), 'TYPE_MEMORY'\n        elif tmp[0].isdigit() or tmp[0] == '-':\n            # MOST GENERAL CASE: number(reg,reg) or number(reg)\n            # we ignore the common x86 number(reg,reg,constant) for now\n            neg = 1\n            if tmp[0] == '-':\n                tmp = tmp[1:]\n                neg = -1\n            s = tmp.split('(')\n            if len(s) == 1:\n                value = neg * int(tmp)\n                # print '%d,%d,%d' % (int(value), self.register_translate('zero'), self.register_translate('zero')), 'TYPE_MEMORY'\n                return '%d,%d,%d' % (int(value), self.register_translate('zero'), self.register_translate('zero')), 'TYPE_MEMORY'\n            elif len(s) == 2:\n                value = neg * int(s[0])\n                t = s[1].split(')')[0].split(',')\n                if len(t) == 1:\n                    register = t[0].split('%')[1]\n                    # print '%d,%d,%d' % (int(value), self.register_translate(register), self.register_translate('zero')), 'TYPE_MEMORY'\n                    return '%d,%d,%d' % (int(value), self.register_translate(register), self.register_translate('zero')), 'TYPE_MEMORY'\n                elif len(t) == 2:\n                    register1 = t[0].split('%')[1]\n                    register2 = t[1].split('%')[1]\n                    # print '%d,%d,%d' % (int(value), self.register_translate(register1), self.register_translate(register2)), 'TYPE_MEMORY'\n                    return '%d,%d,%d' % (int(value), self.register_translate(register1), self.register_translate(register2)), 'TYPE_MEMORY'\n            else:\n                print 'mov: bad argument [%s]' % tmp\n                exit(1)\n                return\n        zassert(True, 'mov: bad argument [%s]' % arg)\n        return\n\n    #\n    # LOAD a program into memory\n    # make it ready to execute\n    #\n    def load(self, infile, loadaddr):\n        pc   = int(loadaddr)\n        fd   = open(infile)\n\n        bpc  = loadaddr\n        data = 100\n\n        for line in fd:\n            cline = line.rstrip()\n            # print 'PASS 1', cline\n\n            # remove everything after the comment marker\n            ctmp = cline.split('#')\n            assert(len(ctmp) == 1 or len(ctmp) == 2)\n            if len(ctmp) == 2:\n                cline = ctmp[0]\n\n            # remove empty lines, and split line by spaces\n            tmp = cline.split()\n            if len(tmp) == 0:\n                continue\n\n            # only pay attention to labels and variables\n            if tmp[0] == '.var':\n                assert(len(tmp) == 2)\n                assert(tmp[0] not in self.vars)\n                self.vars[tmp[1]] = data\n                data += 4\n                zassert(data < bpc, 'Load address overrun by static data')\n                if self.verbose: print 'ASSIGN VAR', tmp[0], \"-->\", tmp[1], self.vars[tmp[1]]\n            elif tmp[0][0] == '.':\n                assert(len(tmp) == 1)\n                self.labels[tmp[0]] = int(pc)\n                if self.verbose: print 'ASSIGN LABEL', tmp[0], \"-->\", pc\n            else:\n                pc += 1\n        fd.close()\n\n        if self.verbose: print ''\n\n        # second pass: do everything else\n        pc = int(loadaddr)\n        fd = open(infile)\n        for line in fd:\n            cline = line.rstrip()\n            # print 'PASS 2', cline\n\n            # remove everything after the comment marker\n            ctmp = cline.split('#')\n            assert(len(ctmp) == 1 or len(ctmp) == 2)\n            if len(ctmp) == 2:\n                cline = ctmp[0]\n\n            # remove empty lines, and split line by spaces\n            tmp = cline.split()\n            if len(tmp) == 0:\n                continue\n\n            # skip labels: all else must be instructions\n            if cline[0] != '.':\n                tmp              = cline.split(None, 1)\n                opcode           = tmp[0]\n                self.pmemory[pc] = cline.strip()\n\n                # MAIN OPCODE LOOP\n                if opcode == 'mov':\n                    rtmp = tmp[1].split(',', 1)\n                    zassert(len(tmp) == 2 and len(rtmp) == 2, 'mov: needs two args, separated by commas [%s]' % cline)\n                    arg1 = rtmp[0].strip()\n                    arg2 = rtmp[1].strip()\n                    (src, stype) = self.getarg(arg1)\n                    (dst, dtype) = self.getarg(arg2)\n                    # print 'MOV', src, stype, dst, dtype\n                    if stype == 'TYPE_MEMORY' and dtype == 'TYPE_MEMORY':\n                        print 'bad mov: two memory arguments'\n                        exit(1)\n                    elif stype == 'TYPE_IMMEDIATE' and dtype == 'TYPE_IMMEDIATE':\n                        print 'bad mov: two immediate arguments'\n                        exit(1)\n                    elif stype == 'TYPE_IMMEDIATE' and dtype == 'TYPE_REGISTER':\n                        self.memory[pc]  = 'self.move_i_to_r(%d, %d)' % (int(src), dst)\n                    elif stype == 'TYPE_IMMEDIATE' and dtype == 'TYPE_REGISTER':\n                        self.memory[pc]  = 'self.move_i_to_r(%d, %d)' % (int(src), dst)\n                    elif stype == 'TYPE_MEMORY'    and dtype == 'TYPE_REGISTER':\n                        tmp = src.split(',')\n                        assert(len(tmp) == 3)\n                        self.memory[pc] = 'self.move_m_to_r(%d, %d, %d, %d)' % (int(tmp[0]), int(tmp[1]), int(tmp[2]), dst)\n                    elif stype == 'TYPE_REGISTER'  and dtype == 'TYPE_MEMORY':\n                        tmp = dst.split(',')\n                        assert(len(tmp) == 3)\n                        self.memory[pc] = 'self.move_r_to_m(%d, %d, %d, %d)' % (src, int(tmp[0]), int(tmp[1]), int(tmp[2]))\n                    elif stype == 'TYPE_REGISTER'  and dtype == 'TYPE_REGISTER':\n                        self.memory[pc] = 'self.move_r_to_r(%d, %d)' % (src, dst)\n                    elif stype == 'TYPE_IMMEDIATE'  and dtype == 'TYPE_MEMORY':\n                        tmp = dst.split(',')\n                        assert(len(tmp) == 3)\n                        self.memory[pc] = 'self.move_i_to_m(%d, %d, %d, %d)' % (src, int(tmp[0]), int(tmp[1]), int(tmp[2]))\n                    else:\n                        zassert(False, 'malformed mov instruction')\n                elif opcode == 'pop':\n                    if len(tmp) == 1:\n                        self.memory[pc] = 'self.pop()'\n                    elif len(tmp) == 2:\n                        arg = tmp[1].strip()\n                        (dst, dtype) = self.getarg(arg)\n                        zassert(dtype == 'TYPE_REGISTER', 'Can only pop into a register')\n                        self.memory[pc] = 'self.pop_r(%d)' % dst\n                    else:\n                        zassert(False, 'pop instruction must take zero/one args')\n                elif opcode == 'push':\n                    (src, stype) = self.getarg(tmp[1].strip())\n                    if stype == 'TYPE_REGISTER':\n                        self.memory[pc] = 'self.push_r(%d)' % (int(src))\n                    elif stype == 'TYPE_MEMORY':\n                        tmp = src.split(',')\n                        assert(len(tmp) == 3)\n                        self.memory[pc] = 'self.push_m(%d,%d,%d)' % (int(tmp[0]), int(tmp[1]), int(tmp[2]))\n                    else:\n                        zassert(False, 'Cannot push anything but registers')\n                elif opcode == 'call':\n                    (targ, ttype) = self.getarg(tmp[1].strip())\n                    if ttype == 'TYPE_LABEL':\n                        self.memory[pc] = 'self.call(%d)' % (int(self.labels[targ]))\n                    else:\n                        zassert(False, 'Cannot call anything but a label')\n                elif opcode == 'ret':\n                    assert(len(tmp) == 1)\n                    self.memory[pc] = 'self.ret()'\n                elif opcode == 'add':\n                    rtmp = tmp[1].split(',', 1)\n                    zassert(len(tmp) == 2 and len(rtmp) == 2, 'add: needs two args, separated by commas [%s]' % cline)\n                    arg1 = rtmp[0].strip()\n                    arg2 = rtmp[1].strip()\n                    (src, stype) = self.getarg(arg1)\n                    (dst, dtype) = self.getarg(arg2)\n                    if stype == 'TYPE_IMMEDIATE' and dtype == 'TYPE_REGISTER':\n                        self.memory[pc] = 'self.add_i_to_r(%d, %d)' % (int(src), dst)\n                    elif stype == 'TYPE_REGISTER' and dtype == 'TYPE_REGISTER':\n                        self.memory[pc] = 'self.add_r_to_r(%d, %d)' % (int(src), dst)\n                    else:\n                        zassert(False, 'malformed usage of add instruction')\n                elif opcode == 'sub':\n                    rtmp = tmp[1].split(',', 1)\n                    zassert(len(tmp) == 2 and len(rtmp) == 2, 'sub: needs two args, separated by commas [%s]' % cline)\n                    arg1 = rtmp[0].strip()\n                    arg2 = rtmp[1].strip()\n                    (src, stype) = self.getarg(arg1)\n                    (dst, dtype) = self.getarg(arg2)\n                    if stype == 'TYPE_IMMEDIATE' and dtype == 'TYPE_REGISTER':\n                        self.memory[pc] = 'self.sub_i_to_r(%d, %d)' % (int(src), dst)\n                    elif stype == 'TYPE_REGISTER' and dtype == 'TYPE_REGISTER':\n                        self.memory[pc] = 'self.sub_r_to_r(%d, %d)' % (int(src), dst)\n                    else:\n                        zassert(False, 'malformed usage of sub instruction')\n                elif opcode == 'fetchadd':\n                    rtmp = tmp[1].split(',', 1)\n                    zassert(len(tmp) == 2 and len(rtmp) == 2, 'fetchadd: needs two args, separated by commas [%s]' % cline)\n                    arg1 = rtmp[0].strip()\n                    arg2 = rtmp[1].strip()\n                    (src, stype) = self.getarg(arg1)\n                    (dst, dtype) = self.getarg(arg2)\n                    tmp = dst.split(',')\n                    assert(len(tmp) == 3)\n                    if stype == 'TYPE_REGISTER' and dtype == 'TYPE_MEMORY':\n                        self.memory[pc] = 'self.fetchadd(%d, %d, %d, %d)' % (src, int(tmp[0]), int(tmp[1]), int(tmp[2]))\n                    else:\n                        zassert(False, 'poorly specified fetch and add')\n                elif opcode == 'xchg':\n                    rtmp = tmp[1].split(',', 1)\n                    zassert(len(tmp) == 2 and len(rtmp) == 2, 'xchg: needs two args, separated by commas [%s]' % cline)\n                    arg1 = rtmp[0].strip()\n                    arg2 = rtmp[1].strip()\n                    (src, stype) = self.getarg(arg1)\n                    (dst, dtype) = self.getarg(arg2)\n                    tmp = dst.split(',')\n                    assert(len(tmp) == 3)\n                    if stype == 'TYPE_REGISTER' and dtype == 'TYPE_MEMORY':\n                        self.memory[pc] = 'self.atomic_exchange(%d, %d, %d, %d)' % (src, int(tmp[0]), int(tmp[1]), int(tmp[2]))\n                    else:\n                        zassert(False, 'poorly specified atomic exchange')\n                elif opcode == 'test':\n                    rtmp = tmp[1].split(',', 1)\n                    zassert(len(tmp) == 2 and len(rtmp) == 2, 'test: needs two args, separated by commas [%s]' % cline)\n                    arg1 = rtmp[0].strip()\n                    arg2 = rtmp[1].strip()\n                    (src, stype) = self.getarg(arg1)\n                    (dst, dtype) = self.getarg(arg2)\n                    if stype == 'TYPE_IMMEDIATE' and dtype == 'TYPE_REGISTER':\n                        self.memory[pc] = 'self.test_i_r(%d, %d)' % (int(src), dst)\n                    elif stype == 'TYPE_REGISTER' and dtype == 'TYPE_REGISTER':\n                        self.memory[pc] = 'self.test_r_r(%d, %d)' % (int(src), dst)\n                    elif stype == 'TYPE_REGISTER' and dtype == 'TYPE_IMMEDIATE':\n                        self.memory[pc] = 'self.test_r_i(%d, %d)' % (int(src), dst)\n                    else:\n                        zassert(False, 'malformed usage of test instruction')\n                elif opcode == 'j':\n                    (targ, ttype) = self.getarg(tmp[1].strip())\n                    zassert(ttype == 'TYPE_LABEL', 'bad jump target [%s]' % tmp[1].strip())\n                    self.memory[pc] = 'self.jump(%d)' % int(self.labels[targ])\n                elif opcode == 'jne':\n                    (targ, ttype) = self.getarg(tmp[1].strip())\n                    zassert(ttype == 'TYPE_LABEL', 'bad jump target [%s]' % tmp[1].strip())\n                    self.memory[pc] = 'self.jump_notequal(%d)' % int(self.labels[targ])\n                elif opcode == 'je':\n                    (targ, ttype) = self.getarg(tmp[1].strip())\n                    zassert(ttype == 'TYPE_LABEL', 'bad jump target [%s]' % tmp[1].strip())\n                    self.memory[pc] = 'self.jump_equal(%d)' % self.labels[targ]\n                elif opcode == 'jlt':\n                    (targ, ttype) = self.getarg(tmp[1].strip())\n                    zassert(ttype == 'TYPE_LABEL', 'bad jump target [%s]' % tmp[1].strip())\n                    self.memory[pc] = 'self.jump_lessthan(%d)' % int(self.labels[targ])\n                elif opcode == 'jlte':\n                    (targ, ttype) = self.getarg(tmp[1].strip())\n                    zassert(ttype == 'TYPE_LABEL', 'bad jump target [%s]' % tmp[1].strip())\n                    self.memory[pc] = 'self.jump_lessthanorequal(%s)' % self.labels[targ]\n                elif opcode == 'jgt':\n                    (targ, ttype) = self.getarg(tmp[1].strip())\n                    zassert(ttype == 'TYPE_LABEL', 'bad jump target [%s]' % tmp[1].strip())\n                    self.memory[pc] = 'self.jump_greaterthan(%d)' % int(self.labels[targ])\n                elif opcode == 'jgte':\n                    (targ, ttype) = self.getarg(tmp[1].strip())\n                    zassert(ttype == 'TYPE_LABEL', 'bad jump target [%s]' % tmp[1].strip())\n                    self.memory[pc] = 'self.jump_greaterthanorequal(%s)' % self.labels[targ]\n                elif opcode == 'nop':\n                    self.memory[pc] = 'self.nop()'\n                elif opcode == 'halt':\n                    self.memory[pc] = 'self.halt()'\n                elif opcode == 'yield':\n                    self.memory[pc] = 'self.iyield()'\n                elif opcode == 'rdump':\n                    self.memory[pc] = 'self.rdump()'\n                elif opcode == 'mdump':\n                    self.memory[pc] = 'self.mdump(%s)' % tmp[1]\n                else:\n                    print 'illegal opcode: ', opcode\n                    exit(1)\n\n                if self.verbose: print 'pc:%d LOADING %20s --> %s' % (pc, self.pmemory[pc], self.memory[pc])\n\n                # INCREMENT PC for loader\n                pc += 1\n        # END: loop over file\n        fd.close()\n        if self.verbose: print ''\n        return\n    # END: load\n\n    def print_headers(self, procs):\n        # print some headers\n        if len(self.memtrace) > 0:\n            for m in self.memtrace:\n                if m[0].isdigit():\n                    print '%5d' % int(m),\n                else:\n                    zassert(m in self.vars, 'Traced variable %s not declared' % m)\n                    print '%5s' % m,\n            print ' ',\n        if len(self.regtrace) > 0:\n            for r in self.regtrace:\n                print '%5s' % self.get_regname(r),\n            print ' ',\n        if cctrace == True:\n            print '>= >  <= <  != ==',\n\n        # and per thread\n        for i in range(procs.getnum()):\n            print '       Thread %d        ' % i,\n        print ''\n        return\n\n    def print_trace(self, newline):\n        if len(self.memtrace) > 0:\n            for m in self.memtrace:\n                if self.compute:\n                    if m[0].isdigit():\n                        print '%5d' % self.memory[int(m)],\n                    else:\n                        zassert(m in self.vars, 'Traced variable %s not declared' % m)\n                        print '%5d' % self.memory[self.vars[m]],\n                else:\n                    print '%5s' % '?',\n            print ' ',\n        if len(self.regtrace) > 0:\n            for r in self.regtrace:\n                if self.compute:\n                    print '%5d' % self.registers[r],\n                else:\n                    print '%5s' % '?',\n            print ' ',\n        if cctrace == True:\n            for c in self.condlist:\n                if self.compute:\n                    if self.conditions[c]:\n                        print '1 ',\n                    else:\n                        print '0 ',\n                else:\n                    print '? ',\n        if (len(self.memtrace) > 0 or len(self.regtrace) > 0 or cctrace == True) and newline == True:\n            print ''\n        return\n\n    def setint(self, intfreq, intrand):\n        if intrand == False:\n            return intfreq\n        return int(random.random() * intfreq) + 1\n\n    def run(self, procs, intfreq, intrand):\n        # hw init: cc's, interrupt frequency, etc.\n        interrupt = self.setint(intfreq, intrand)\n        icount    = 0\n\n        self.print_headers(procs)\n        self.print_trace(True)\n\n        while True:\n            # need thread ID of current process\n            tid = procs.getcurr().gettid()\n\n            # FETCH\n            prevPC       = self.PC\n            instruction  = self.memory[self.PC]\n            self.PC     += 1\n\n            # DECODE and EXECUTE\n            # key: self.PC may be changed during eval; thus MUST be incremented BEFORE eval\n            rc = eval(instruction)\n\n            # tracing details: ALWAYS AFTER EXECUTION OF INSTRUCTION\n            self.print_trace(False)\n\n            # output: thread-proportional spacing followed by PC and instruction\n            dospace(tid)\n            print prevPC, self.pmemory[prevPC]\n            icount += 1\n\n            # halt instruction issued\n            if rc == -1:\n                procs.done()\n                if procs.numdone() == procs.getnum():\n                    return icount\n                procs.next()\n                procs.restore()\n\n                self.print_trace(False)\n                for i in range(procs.getnum()):\n                    print '----- Halt;Switch ----- ',\n                print ''\n\n            # do interrupt processing\n            interrupt -= 1\n            if interrupt == 0 or rc == -2:\n                interrupt = self.setint(intfreq, intrand)\n                procs.save()\n                procs.next()\n                procs.restore()\n\n                self.print_trace(False)\n                for i in range(procs.getnum()):\n                    print '------ Interrupt ------ ',\n                print ''\n        # END: while\n        return\n\n#\n# END: class cpu\n#\n\n\n#\n# PROCESS LIST class\n#\nclass proclist:\n    def __init__(self):\n        self.plist  = []\n        self.curr   = 0\n        self.active = 0\n\n    def done(self):\n        self.plist[self.curr].setdone()\n        self.active -= 1\n\n    def numdone(self):\n        return len(self.plist) - self.active\n\n    def getnum(self):\n        return len(self.plist)\n\n    def add(self, p):\n        self.active += 1\n        self.plist.append(p)\n\n    def getcurr(self):\n        return self.plist[self.curr]\n\n    def save(self):\n        self.plist[self.curr].save()\n\n    def restore(self):\n        self.plist[self.curr].restore()\n\n    def next(self):\n        for i in range(self.curr+1, len(self.plist)):\n            if self.plist[i].isdone() == False:\n                self.curr = i\n                return\n        for i in range(0, self.curr+1):\n            if self.plist[i].isdone() == False:\n                self.curr = i\n                return\n\n#\n# PROCESS class\n#\nclass process:\n    def __init__(self, cpu, tid, pc, stackbottom, reginit):\n        self.cpu   = cpu  # object reference\n        self.tid   = tid\n        self.pc    = pc\n        self.regs  = {}\n        self.cc    = {}\n        self.done  = False\n        self.stack = stackbottom\n\n        # init regs: all 0 or specially set to something\n        for r in self.cpu.get_regnums():\n            self.regs[r] = 0\n        if reginit != '':\n            # form: ax=1,bx=2 (for some subset of registers)\n            for r in reginit.split(':'):\n                tmp = r.split('=')\n                assert(len(tmp) == 2)\n                self.regs[self.cpu.get_regnum(tmp[0])] = int(tmp[1])\n\n        # init CCs\n        for c in self.cpu.get_condlist():\n            self.cc[c] = False\n\n        # stack\n        self.regs[self.cpu.get_regnum('sp')] = stackbottom\n        # print 'REG', self.cpu.get_regnum('sp'), self.regs[self.cpu.get_regnum('sp')]\n\n        return\n\n    def gettid(self):\n        return self.tid\n\n    def save(self):\n        self.pc = self.cpu.get_pc()\n        for c in self.cpu.get_condlist():\n            self.cc[c] = self.cpu.get_cond(c)\n        for r in self.cpu.get_regnums():\n            self.regs[r] = self.cpu.get_reg(r)\n\n    def restore(self):\n        self.cpu.set_pc(self.pc)\n        for c in self.cpu.get_condlist():\n            self.cpu.set_cond(c, self.cc[c])\n        for r in self.cpu.get_regnums():\n            self.cpu.set_reg(r, self.regs[r])\n\n    def setdone(self):\n        self.done = True\n\n    def isdone(self):\n        return self.done == True\n\n#\n# main program\n#\nparser = OptionParser()\nparser.add_option('-s', '--seed',      default=0,          help='the random seed',                  action='store',      type='int',    dest='seed')\nparser.add_option('-t', '--threads',   default=2,          help='number of threads',                action='store',      type='int',    dest='numthreads')\nparser.add_option('-p', '--program',   default='',         help='source program (in .s)',           action='store',      type='string', dest='progfile')\nparser.add_option('-i', '--interrupt', default=50,         help='interrupt frequency',              action='store',      type='int',    dest='intfreq')\nparser.add_option('-r', '--randints',  default=False,      help='if interrupts are random',         action='store_true',                dest='intrand')\nparser.add_option('-a', '--argv',      default='',\n                  help='comma-separated per-thread args (e.g., ax=1,ax=2 sets thread 0 ax reg to 1 and thread 1 ax reg to 2); specify multiple regs per thread via colon-separated list (e.g., ax=1:bx=2,cx=3 sets thread 0 ax and bx and just cx for thread 1)',\n                  action='store',      type='string', dest='argv')\nparser.add_option('-L', '--loadaddr',  default=1000,       help='address where to load code',       action='store',      type='int',    dest='loadaddr')\nparser.add_option('-m', '--memsize',   default=128,        help='size of address space (KB)',       action='store',      type='int',    dest='memsize')\nparser.add_option('-M', '--memtrace',  default='',         help='comma-separated list of addrs to trace (e.g., 20000,20001)', action='store',\n                  type='string', dest='memtrace')\nparser.add_option('-R', '--regtrace',  default='',         help='comma-separated list of regs to trace (e.g., ax,bx,cx,dx)',  action='store',\n                  type='string', dest='regtrace')\nparser.add_option('-C', '--cctrace',   default=False,      help='should we trace condition codes',  action='store_true', dest='cctrace')\nparser.add_option('-S', '--printstats',default=False,      help='print some extra stats',           action='store_true', dest='printstats')\nparser.add_option('-v', '--verbose',   default=False,      help='print some extra info',            action='store_true', dest='verbose')\nparser.add_option('-c', '--compute',   default=False,      help='compute answers for me',           action='store_true', dest='solve')\n(options, args) = parser.parse_args()\n\nprint 'ARG seed',                options.seed\nprint 'ARG numthreads',          options.numthreads\nprint 'ARG program',             options.progfile\nprint 'ARG interrupt frequency', options.intfreq\nprint 'ARG interrupt randomness',options.intrand\nprint 'ARG argv',                options.argv\nprint 'ARG load address',        options.loadaddr\nprint 'ARG memsize',             options.memsize\nprint 'ARG memtrace',            options.memtrace\nprint 'ARG regtrace',            options.regtrace\nprint 'ARG cctrace',             options.cctrace\nprint 'ARG printstats',          options.printstats\nprint 'ARG verbose',             options.verbose\nprint ''\n\nseed       = int(options.seed)\nnumthreads = int(options.numthreads)\nintfreq    = int(options.intfreq)\nzassert(intfreq > 0, 'Interrupt frequency must be greater than 0')\nintrand    = int(options.intrand)\nprogfile   = options.progfile\nzassert(progfile != '', 'Program file must be specified')\nargv       = options.argv.split(',')\nzassert(len(argv) == numthreads or len(argv) == 1, 'argv: must be one per-thread or just one set of values for all threads')\n\nloadaddr   = options.loadaddr\nmemsize    = options.memsize\nrandom.seed(seed)\n\nmemtrace   = []\nif options.memtrace != '':\n    for m in options.memtrace.split(','):\n        memtrace.append(m)\n\nregtrace   = []\nif options.regtrace != '':\n    for r in options.regtrace.split(','):\n        regtrace.append(r)\n\ncctrace    = options.cctrace\n\nprintstats = options.printstats\nverbose    = options.verbose\n\n#\n# MAIN program\n#\ndebug = False\ndebug = False\n\ncpu = cpu(memsize, memtrace, regtrace, cctrace, options.solve, verbose)\n\n# load a program\ncpu.load(progfile, loadaddr)\n\n# process list\nprocs = proclist()\npid   = 0\nstack = memsize * 1000\nfor t in range(numthreads):\n    if len(argv) > 1:\n        arg = argv[pid]\n    else:\n        arg = argv[0]\n    procs.add(process(cpu, pid, loadaddr, stack, arg))\n    stack -= 1000\n    pid += 1\n\n# get first one ready!\nprocs.restore()\n\n# run it\nt1 = time.clock()\nic = cpu.run(procs, intfreq, intrand)\nt2 = time.clock()\n\nif printstats:\n    print ''\n    print 'STATS:: Instructions    %d' % ic\n    print 'STATS:: Emulation Rate  %.2f kinst/sec' % (float(ic) / float(t2 - t1) / 1000.0)\n\n# use this for profiling\n# import cProfile\n# cProfile.run('run()')"
      }
    ]
  },
  "student_answer": "dx Thread 0 0 -1 1000 sub $1,%dx -1 1001 test $0,%dx -1 1002 jgte .top -1 1003 halt Sub instruction substitutes 1 from the initial value of %dx (0), so that it becomes -1. Test instruction checks the %dx value, since it is smaller than 0, jump doesn’t happen and program halts.",
  "perturbation_label": "original",
  "perturbation_scores": {
    "original": 0.0,
    "perturbed": 0.0
  },
  "perturbation_stats": {
    "median": 0.0,
    "mean": 0.0,
    "std": 0.0
  },
  "perturbations": [
    {
      "label": "original",
      "sections": {
        "assignment": "Let's examine a simple program, 'loop.s'. First, just read and understand it. Then, run it with these arguments (./x86.py -p loop.s -t 1 -i 100 -R dx). This specifies a single thread, an interrupt every 100 instructions, and tracing of register %dx. What will %dx be during the run? Use the -c flag to check your answers; the answers, on the left, show the value of the register (or memory value) after the instruction on the right has run.",
        "reference_answer": "dx Thread 0 \n0 \n-1 1000 sub $1,%dx\n-1 1001 test $0,%dx\n-1 1002 jgte .top\n-1 1003 halt",
        "max_score": 16,
        "rubric": "The program code or text explanation can explain the process of value changing from 0 to -1. Correct (16 points);\nIf only answer the final value is -1 . Partically correct (4 points); If only asnser the \"change range is from 0 to -1 (8 points); If answer list all values, Partically correct (12 points)",
        "instructor_criteria": "The program code or text explanation can explain the process of value changing from 0 to -1. Correct (16 points)",
        "reference_materials": [
          {
            "relative_path": "Makefile",
            "content": "FLAGS = -Wall -pthread\n\nall: t0 t1\n\nclean:\n\trm -f t0 t1\n\nt0: t0.c\n\tgcc -o t0 t0.c $(FLAGS)\n\nt1: t1.c\n\tgcc -o t1 t1.c $(FLAGS)"
          },
          {
            "relative_path": "loop.s",
            "content": ".main\n.top\nsub  $1,%dx\ntest $0,%dx\njgte .top\nhalt"
          },
          {
            "relative_path": "looping-race-nolock.s",
            "content": "# assumes %bx has loop count in it\n\n.main\n.top\n# critical section\nmov 2000, %ax  # get 'value' at address 2000\nadd $1, %ax    # increment it\nmov %ax, 2000  # store it back\n\n# see if we're still looping\nsub  $1, %bx\ntest $0, %bx\njgt .top\n\nhalt"
          },
          {
            "relative_path": "simple-race.s",
            "content": ".main\n# this is a critical section\nmov 2000, %ax   # get the value at the address\nadd $1, %ax \t# increment it\nmov %ax, 2000   # store it back\nhalt"
          },
          {
            "relative_path": "t0.c",
            "content": "#include <stdio.h>\n#include <stdlib.h>\n#include <pthread.h>\n\nvoid *mythread(void *arg) {\n    printf(\"%s\\n\", (char *) arg);\n    return NULL;\n}\n\nint main(int argc, char *argv[]) {\n    if (argc != 1) {\n\tfprintf(stderr, \"usage: main\\n\");\n\texit(1);\n    }\n\n    pthread_t p1, p2;\n    printf(\"main: begin\\n\");\n    pthread_create(&p1, NULL, mythread, \"A\");\n    pthread_create(&p2, NULL, mythread, \"B\");\n    // join waits for the threads to finish\n    pthread_join(p1, NULL);\n    pthread_join(p2, NULL);\n    printf(\"main: end\\n\");\n    return 0;\n}"
          },
          {
            "relative_path": "t1.c",
            "content": "#include <stdio.h>\n#include <stdlib.h>\n#include <pthread.h>\n\nint max;\nvolatile int counter = 0; // shared global variable\n\nvoid *mythread(void *arg) {\n    char *letter = arg;\n    int i; // stack (private per thread)\n    printf(\"%s: begin [addr of i: %p]\\n\", letter, &i);\n    for (i = 0; i < max; i++) {\n\tcounter = counter + 1; // shared: only one\n    }\n    printf(\"%s: done\\n\", letter);\n    return NULL;\n}\n\nint main(int argc, char *argv[]) {\n    if (argc != 2) {\n\tfprintf(stderr, \"usage: ./t1 <loopcount>\\n\");\n\texit(1);\n    }\n    max = atoi(argv[1]);\n\n    pthread_t p1, p2;\n    printf(\"main: begin [counter = %d] [%p]\\n\", counter, &counter);\n    pthread_create(&p1, NULL, mythread, \"A\");\n    pthread_create(&p2, NULL, mythread, \"B\");\n    // join waits for the threads to finish\n    pthread_join(p1, NULL);\n    pthread_join(p2, NULL);\n    printf(\"main: done\\n [counter: %d]\\n [should: %d]\\n\",\n\t   counter, max*2);\n    return 0;\n}"
          },
          {
            "relative_path": "x86.py",
            "content": "#! /usr/bin/env python\n\nimport sys\nimport time\nimport random\nfrom optparse import OptionParser\n\n#\n# HELPER\n#\ndef dospace(howmuch):\n    for i in range(howmuch):\n        print '%24s' % ' ',\n\n# useful instead of assert\ndef zassert(cond, str):\n    if cond == False:\n        print 'ABORT::', str\n        exit(1)\n    return\n\nclass cpu:\n    #\n    # INIT: how much memory?\n    #\n    def __init__(self, memory, memtrace, regtrace, cctrace, compute, verbose):\n        #\n        # CONSTANTS\n        #\n\n        # conditions\n        self.COND_GT        = 0\n        self.COND_GTE       = 1\n        self.COND_LT        = 2\n        self.COND_LTE       = 3\n        self.COND_EQ        = 4\n        self.COND_NEQ       = 5\n\n        # registers in system\n        self.REG_ZERO       = 0\n        self.REG_AX         = 1\n        self.REG_BX         = 2\n        self.REG_CX         = 3\n        self.REG_DX         = 4\n        self.REG_SP         = 5\n        self.REG_BP         = 6\n\n        # system memory: in KB\n        self.max_memory     = memory * 1024\n\n        # which memory addrs and registers to trace?\n        self.memtrace       = memtrace\n        self.regtrace       = regtrace\n        self.cctrace        = cctrace\n        self.compute        = compute\n        self.verbose        = verbose\n\n        self.PC             = 0\n        self.registers      = {}\n        self.conditions     = {}\n        self.labels         = {}\n        self.vars           = {}\n        self.memory         = {}\n        self.pmemory        = {}  # for printable version of what's in memory (instructions)\n\n        self.condlist       = [self.COND_GTE, self.COND_GT, self.COND_LTE, self.COND_LT, self.COND_NEQ, self.COND_EQ]\n        self.regnums        = [self.REG_ZERO, self.REG_AX,  self.REG_BX,   self.REG_CX,  self.REG_DX,   self.REG_SP,  self.REG_BP]\n\n        self.regnames         = {}\n        self.regnames['zero'] = self.REG_ZERO # hidden zero-valued register\n        self.regnames['ax']   = self.REG_AX\n        self.regnames['bx']   = self.REG_BX\n        self.regnames['cx']   = self.REG_CX\n        self.regnames['dx']   = self.REG_DX\n        self.regnames['sp']   = self.REG_SP\n        self.regnames['bp']   = self.REG_BP\n\n        tmplist = []\n        for r in self.regtrace:\n            zassert(r in self.regnames, 'Register %s cannot be traced because it does not exist' % r)\n            tmplist.append(self.regnames[r])\n        self.regtrace = tmplist\n\n        self.init_memory()\n        self.init_registers()\n        self.init_condition_codes()\n\n    #\n    # BEFORE MACHINE RUNS\n    #\n    def init_condition_codes(self):\n        for c in self.condlist:\n            self.conditions[c] = False\n\n    def init_memory(self):\n        for i in range(self.max_memory):\n            self.memory[i] = 0\n\n    def init_registers(self):\n        for i in self.regnums:\n            self.registers[i] = 0\n\n    def dump_memory(self):\n        print 'MEMORY DUMP'\n        for i in range(self.max_memory):\n            if i not in self.pmemory and i in self.memory and self.memory[i] != 0:\n                print '  m[%d]' % i, self.memory[i]\n\n    #\n    # INFORMING ABOUT THE HARDWARE\n    #\n    def get_regnum(self, name):\n        assert(name in self.regnames)\n        return self.regnames[name]\n\n    def get_regname(self, num):\n        assert(num in self.regnums)\n        for rname in self.regnames:\n            if self.regnames[rname] == num:\n                return rname\n        return ''\n\n    def get_regnums(self):\n        return self.regnums\n\n    def get_condlist(self):\n        return self.condlist\n\n    def get_reg(self, reg):\n        assert(reg in self.regnums)\n        return self.registers[reg]\n\n    def get_cond(self, cond):\n        assert(cond in self.condlist)\n        return self.conditions[cond]\n\n    def get_pc(self):\n        return self.PC\n\n    def set_reg(self, reg, value):\n        assert(reg in self.regnums)\n        self.registers[reg] = value\n\n    def set_cond(self, cond, value):\n        assert(cond in self.condlist)\n        self.conditions[cond] = value\n\n    def set_pc(self, pc):\n        self.PC = pc\n\n    #\n    # INSTRUCTIONS\n    #\n    def halt(self):\n        return -1\n\n    def iyield(self):\n        return -2\n\n    def nop(self):\n        return 0\n\n    def rdump(self):\n        print 'REGISTERS::',\n        print 'ax:', self.registers[self.REG_AX],\n        print 'bx:', self.registers[self.REG_BX],\n        print 'cx:', self.registers[self.REG_CX],\n        print 'dx:', self.registers[self.REG_DX],\n\n    def mdump(self, index):\n        print 'm[%d] ' % index, self.memory[index]\n\n    def move_i_to_r(self, src, dst):\n        self.registers[dst] = src\n        return 0\n\n    # memory: value, register, register\n    def move_i_to_m(self, src, value, reg1, reg2):\n        tmp = value + self.registers[reg1] + self.registers[reg2]\n        self.memory[tmp] = src\n        return 0\n\n    def move_m_to_r(self, value, reg1, reg2, dst):\n        tmp = value + self.registers[reg1] + self.registers[reg2]\n        # print 'doing mov', 'val:', value, 'r1:', self.get_regname(reg1), self.registers[reg1], 'r2:', self.get_regname(reg2), self.registers[reg2], 'dst', self.get_regname(dst), 'tmp', tmp, 'reg[dst]', self.registers[dst], 'mem', self.memory[tmp]\n        self.registers[dst] = self.memory[tmp]\n\n    def move_r_to_m(self, src, value, reg1, reg2):\n        tmp = value + self.registers[reg1] + self.registers[reg2]\n        self.memory[tmp] = self.registers[src]\n        return 0\n\n    def move_r_to_r(self, src, dst):\n        self.registers[dst] = self.registers[src]\n        return 0\n\n    def add_i_to_r(self, src, dst):\n        self.registers[dst] += src\n        return 0\n\n    def add_r_to_r(self, src, dst):\n        self.registers[dst] += self.registers[src]\n        return 0\n\n    def sub_i_to_r(self, src, dst):\n        self.registers[dst] -= src\n        return 0\n\n    def sub_r_to_r(self, src, dst):\n        self.registers[dst] -= self.registers[src]\n        return 0\n\n\n    #\n    # SUPPORT FOR LOCKS\n    #\n    def atomic_exchange(self, src, value, reg1, reg2):\n        tmp                 = value + self.registers[reg1] + self.registers[reg2]\n        old                 = self.memory[tmp]\n        self.memory[tmp]    = self.registers[src]\n        self.registers[src] = old\n        return 0\n\n    def fetchadd(self, src, value, reg1, reg2):\n        tmp                 = value + self.registers[reg1] + self.registers[reg2]\n        old                 = self.memory[tmp]\n        self.memory[tmp]    = self.memory[tmp] + self.registers[src]\n        self.registers[src] = old\n\n    #\n    # TEST for conditions\n    #\n    def test_all(self, src, dst):\n        self.init_condition_codes()\n        if dst > src:\n            self.conditions[self.COND_GT]  = True\n        if dst >= src:\n            self.conditions[self.COND_GTE] = True\n        if dst < src:\n            self.conditions[self.COND_LT]  = True\n        if dst <= src:\n            self.conditions[self.COND_LTE] = True\n        if dst == src:\n            self.conditions[self.COND_EQ]  = True\n        if dst != src:\n            self.conditions[self.COND_NEQ] = True\n        return 0\n\n    def test_i_r(self, src, dst):\n        self.init_condition_codes()\n        return self.test_all(src, self.registers[dst])\n\n    def test_r_i(self, src, dst):\n        self.init_condition_codes()\n        return self.test_all(self.registers[src], dst)\n\n    def test_r_r(self, src, dst):\n        self.init_condition_codes()\n        return self.test_all(self.registers[src], self.registers[dst])\n\n    #\n    # JUMPS\n    #\n    def jump(self, targ):\n        self.PC = targ\n        return 0\n\n    def jump_notequal(self, targ):\n        if self.conditions[self.COND_NEQ] == True:\n            self.PC = targ\n        return 0\n\n    def jump_equal(self, targ):\n        if self.conditions[self.COND_EQ] == True:\n            self.PC = targ\n        return 0\n\n    def jump_lessthan(self, targ):\n        if self.conditions[self.COND_LT] == True:\n            self.PC = targ\n        return 0\n\n    def jump_lessthanorequal(self, targ):\n        if self.conditions[self.COND_LTE] == True:\n            self.PC = targ\n        return 0\n\n    def jump_greaterthan(self, targ):\n        if self.conditions[self.COND_GT] == True:\n            self.PC = targ\n        return 0\n\n    def jump_greaterthanorequal(self, targ):\n        if self.conditions[self.COND_GTE] == True:\n            self.PC = targ\n        return 0\n\n    #\n    # CALL and RETURN\n    #\n    def call(self, targ):\n        self.registers[self.REG_SP] -= 4\n        self.memory[self.registers[self.REG_SP]] = self.PC\n        self.PC = targ\n\n    def ret(self):\n        self.PC = self.memory[self.registers[self.REG_SP]]\n        self.registers[self.REG_SP] += 4\n\n    #\n    # STACK and related\n    #\n    def push_r(self, reg):\n        self.registers[self.REG_SP] -= 4\n        self.memory[self.registers[self.REG_SP]] = self.registers[reg]\n        return 0\n\n    def push_m(self, value, reg1, reg2):\n        # print 'push_m', value, reg1, reg2\n        self.registers[self.REG_SP] -= 4\n        tmp = value + self.registers[reg1] + self.registers[reg2]\n        # push address onto stack, not memory value itself\n        self.memory[self.registers[self.REG_SP]] = tmp\n        return 0\n\n    def pop(self):\n        self.registers[self.REG_SP] += 4\n\n    def pop_r(self, dst):\n        self.registers[dst] = self.registers[self.REG_SP]\n        self.registers[self.REG_SP] += 4\n\n    #\n    # HELPER func for getarg\n    #\n    def register_translate(self, r):\n        if r in self.regnames:\n            return self.regnames[r]\n        zassert(False, 'Register %s is not a valid register' % r)\n        return\n\n    #\n    # HELPER in parsing mov (quite primitive) and other ops\n    # returns: (value, type)\n    # where type is (TYPE_REGISTER, TYPE_IMMEDIATE, TYPE_MEMORY)\n    #\n    # FORMATS\n    #    %ax           - register\n    #    $10           - immediate\n    #    10            - direct memory\n    #    10(%ax)       - memory + reg indirect\n    #    10(%ax,%bx)   - memory + 2 reg indirect\n    #    10(%ax,%bx,4) - XXX (not handled)\n    #\n    def getarg(self, arg):\n        tmp1 = arg.replace(',', '')\n        tmp  = tmp1.replace(' \\t', '')\n\n        if tmp[0] == '$':\n            zassert(len(tmp) == 2, 'correct form is $number (not %s)' % tmp)\n            value = tmp.split('$')[1]\n            zassert(value.isdigit(), 'value [%s] must be a digit' % value)\n            return int(value), 'TYPE_IMMEDIATE'\n        elif tmp[0] == '%':\n            register = tmp.split('%')[1]\n            return self.register_translate(register), 'TYPE_REGISTER'\n        elif tmp[0] == '(':\n            register = tmp.split('(')[1].split(')')[0].split('%')[1]\n            return '%d,%d,%d' % (0, self.register_translate(register), self.register_translate('zero')), 'TYPE_MEMORY'\n        elif tmp[0] == '.':\n            targ = tmp\n            return targ, 'TYPE_LABEL'\n        elif tmp[0].isalpha() and not tmp[0].isdigit():\n            zassert(tmp in self.vars, 'Variable %s is not declared' % tmp)\n            # print '%d,%d,%d' % (self.vars[tmp], self.register_translate('zero'), self.register_translate('zero')), 'TYPE_MEMORY'\n            return '%d,%d,%d' % (self.vars[tmp], self.register_translate('zero'), self.register_translate('zero')), 'TYPE_MEMORY'\n        elif tmp[0].isdigit() or tmp[0] == '-':\n            # MOST GENERAL CASE: number(reg,reg) or number(reg)\n            # we ignore the common x86 number(reg,reg,constant) for now\n            neg = 1\n            if tmp[0] == '-':\n                tmp = tmp[1:]\n                neg = -1\n            s = tmp.split('(')\n            if len(s) == 1:\n                value = neg * int(tmp)\n                # print '%d,%d,%d' % (int(value), self.register_translate('zero'), self.register_translate('zero')), 'TYPE_MEMORY'\n                return '%d,%d,%d' % (int(value), self.register_translate('zero'), self.register_translate('zero')), 'TYPE_MEMORY'\n            elif len(s) == 2:\n                value = neg * int(s[0])\n                t = s[1].split(')')[0].split(',')\n                if len(t) == 1:\n                    register = t[0].split('%')[1]\n                    # print '%d,%d,%d' % (int(value), self.register_translate(register), self.register_translate('zero')), 'TYPE_MEMORY'\n                    return '%d,%d,%d' % (int(value), self.register_translate(register), self.register_translate('zero')), 'TYPE_MEMORY'\n                elif len(t) == 2:\n                    register1 = t[0].split('%')[1]\n                    register2 = t[1].split('%')[1]\n                    # print '%d,%d,%d' % (int(value), self.register_translate(register1), self.register_translate(register2)), 'TYPE_MEMORY'\n                    return '%d,%d,%d' % (int(value), self.register_translate(register1), self.register_translate(register2)), 'TYPE_MEMORY'\n            else:\n                print 'mov: bad argument [%s]' % tmp\n                exit(1)\n                return\n        zassert(True, 'mov: bad argument [%s]' % arg)\n        return\n\n    #\n    # LOAD a program into memory\n    # make it ready to execute\n    #\n    def load(self, infile, loadaddr):\n        pc   = int(loadaddr)\n        fd   = open(infile)\n\n        bpc  = loadaddr\n        data = 100\n\n        for line in fd:\n            cline = line.rstrip()\n            # print 'PASS 1', cline\n\n            # remove everything after the comment marker\n            ctmp = cline.split('#')\n            assert(len(ctmp) == 1 or len(ctmp) == 2)\n            if len(ctmp) == 2:\n                cline = ctmp[0]\n\n            # remove empty lines, and split line by spaces\n            tmp = cline.split()\n            if len(tmp) == 0:\n                continue\n\n            # only pay attention to labels and variables\n            if tmp[0] == '.var':\n                assert(len(tmp) == 2)\n                assert(tmp[0] not in self.vars)\n                self.vars[tmp[1]] = data\n                data += 4\n                zassert(data < bpc, 'Load address overrun by static data')\n                if self.verbose: print 'ASSIGN VAR', tmp[0], \"-->\", tmp[1], self.vars[tmp[1]]\n            elif tmp[0][0] == '.':\n                assert(len(tmp) == 1)\n                self.labels[tmp[0]] = int(pc)\n                if self.verbose: print 'ASSIGN LABEL', tmp[0], \"-->\", pc\n            else:\n                pc += 1\n        fd.close()\n\n        if self.verbose: print ''\n\n        # second pass: do everything else\n        pc = int(loadaddr)\n        fd = open(infile)\n        for line in fd:\n            cline = line.rstrip()\n            # print 'PASS 2', cline\n\n            # remove everything after the comment marker\n            ctmp = cline.split('#')\n            assert(len(ctmp) == 1 or len(ctmp) == 2)\n            if len(ctmp) == 2:\n                cline = ctmp[0]\n\n            # remove empty lines, and split line by spaces\n            tmp = cline.split()\n            if len(tmp) == 0:\n                continue\n\n            # skip labels: all else must be instructions\n            if cline[0] != '.':\n                tmp              = cline.split(None, 1)\n                opcode           = tmp[0]\n                self.pmemory[pc] = cline.strip()\n\n                # MAIN OPCODE LOOP\n                if opcode == 'mov':\n                    rtmp = tmp[1].split(',', 1)\n                    zassert(len(tmp) == 2 and len(rtmp) == 2, 'mov: needs two args, separated by commas [%s]' % cline)\n                    arg1 = rtmp[0].strip()\n                    arg2 = rtmp[1].strip()\n                    (src, stype) = self.getarg(arg1)\n                    (dst, dtype) = self.getarg(arg2)\n                    # print 'MOV', src, stype, dst, dtype\n                    if stype == 'TYPE_MEMORY' and dtype == 'TYPE_MEMORY':\n                        print 'bad mov: two memory arguments'\n                        exit(1)\n                    elif stype == 'TYPE_IMMEDIATE' and dtype == 'TYPE_IMMEDIATE':\n                        print 'bad mov: two immediate arguments'\n                        exit(1)\n                    elif stype == 'TYPE_IMMEDIATE' and dtype == 'TYPE_REGISTER':\n                        self.memory[pc]  = 'self.move_i_to_r(%d, %d)' % (int(src), dst)\n                    elif stype == 'TYPE_IMMEDIATE' and dtype == 'TYPE_REGISTER':\n                        self.memory[pc]  = 'self.move_i_to_r(%d, %d)' % (int(src), dst)\n                    elif stype == 'TYPE_MEMORY'    and dtype == 'TYPE_REGISTER':\n                        tmp = src.split(',')\n                        assert(len(tmp) == 3)\n                        self.memory[pc] = 'self.move_m_to_r(%d, %d, %d, %d)' % (int(tmp[0]), int(tmp[1]), int(tmp[2]), dst)\n                    elif stype == 'TYPE_REGISTER'  and dtype == 'TYPE_MEMORY':\n                        tmp = dst.split(',')\n                        assert(len(tmp) == 3)\n                        self.memory[pc] = 'self.move_r_to_m(%d, %d, %d, %d)' % (src, int(tmp[0]), int(tmp[1]), int(tmp[2]))\n                    elif stype == 'TYPE_REGISTER'  and dtype == 'TYPE_REGISTER':\n                        self.memory[pc] = 'self.move_r_to_r(%d, %d)' % (src, dst)\n                    elif stype == 'TYPE_IMMEDIATE'  and dtype == 'TYPE_MEMORY':\n                        tmp = dst.split(',')\n                        assert(len(tmp) == 3)\n                        self.memory[pc] = 'self.move_i_to_m(%d, %d, %d, %d)' % (src, int(tmp[0]), int(tmp[1]), int(tmp[2]))\n                    else:\n                        zassert(False, 'malformed mov instruction')\n                elif opcode == 'pop':\n                    if len(tmp) == 1:\n                        self.memory[pc] = 'self.pop()'\n                    elif len(tmp) == 2:\n                        arg = tmp[1].strip()\n                        (dst, dtype) = self.getarg(arg)\n                        zassert(dtype == 'TYPE_REGISTER', 'Can only pop into a register')\n                        self.memory[pc] = 'self.pop_r(%d)' % dst\n                    else:\n                        zassert(False, 'pop instruction must take zero/one args')\n                elif opcode == 'push':\n                    (src, stype) = self.getarg(tmp[1].strip())\n                    if stype == 'TYPE_REGISTER':\n                        self.memory[pc] = 'self.push_r(%d)' % (int(src))\n                    elif stype == 'TYPE_MEMORY':\n                        tmp = src.split(',')\n                        assert(len(tmp) == 3)\n                        self.memory[pc] = 'self.push_m(%d,%d,%d)' % (int(tmp[0]), int(tmp[1]), int(tmp[2]))\n                    else:\n                        zassert(False, 'Cannot push anything but registers')\n                elif opcode == 'call':\n                    (targ, ttype) = self.getarg(tmp[1].strip())\n                    if ttype == 'TYPE_LABEL':\n                        self.memory[pc] = 'self.call(%d)' % (int(self.labels[targ]))\n                    else:\n                        zassert(False, 'Cannot call anything but a label')\n                elif opcode == 'ret':\n                    assert(len(tmp) == 1)\n                    self.memory[pc] = 'self.ret()'\n                elif opcode == 'add':\n                    rtmp = tmp[1].split(',', 1)\n                    zassert(len(tmp) == 2 and len(rtmp) == 2, 'add: needs two args, separated by commas [%s]' % cline)\n                    arg1 = rtmp[0].strip()\n                    arg2 = rtmp[1].strip()\n                    (src, stype) = self.getarg(arg1)\n                    (dst, dtype) = self.getarg(arg2)\n                    if stype == 'TYPE_IMMEDIATE' and dtype == 'TYPE_REGISTER':\n                        self.memory[pc] = 'self.add_i_to_r(%d, %d)' % (int(src), dst)\n                    elif stype == 'TYPE_REGISTER' and dtype == 'TYPE_REGISTER':\n                        self.memory[pc] = 'self.add_r_to_r(%d, %d)' % (int(src), dst)\n                    else:\n                        zassert(False, 'malformed usage of add instruction')\n                elif opcode == 'sub':\n                    rtmp = tmp[1].split(',', 1)\n                    zassert(len(tmp) == 2 and len(rtmp) == 2, 'sub: needs two args, separated by commas [%s]' % cline)\n                    arg1 = rtmp[0].strip()\n                    arg2 = rtmp[1].strip()\n                    (src, stype) = self.getarg(arg1)\n                    (dst, dtype) = self.getarg(arg2)\n                    if stype == 'TYPE_IMMEDIATE' and dtype == 'TYPE_REGISTER':\n                        self.memory[pc] = 'self.sub_i_to_r(%d, %d)' % (int(src), dst)\n                    elif stype == 'TYPE_REGISTER' and dtype == 'TYPE_REGISTER':\n                        self.memory[pc] = 'self.sub_r_to_r(%d, %d)' % (int(src), dst)\n                    else:\n                        zassert(False, 'malformed usage of sub instruction')\n                elif opcode == 'fetchadd':\n                    rtmp = tmp[1].split(',', 1)\n                    zassert(len(tmp) == 2 and len(rtmp) == 2, 'fetchadd: needs two args, separated by commas [%s]' % cline)\n                    arg1 = rtmp[0].strip()\n                    arg2 = rtmp[1].strip()\n                    (src, stype) = self.getarg(arg1)\n                    (dst, dtype) = self.getarg(arg2)\n                    tmp = dst.split(',')\n                    assert(len(tmp) == 3)\n                    if stype == 'TYPE_REGISTER' and dtype == 'TYPE_MEMORY':\n                        self.memory[pc] = 'self.fetchadd(%d, %d, %d, %d)' % (src, int(tmp[0]), int(tmp[1]), int(tmp[2]))\n                    else:\n                        zassert(False, 'poorly specified fetch and add')\n                elif opcode == 'xchg':\n                    rtmp = tmp[1].split(',', 1)\n                    zassert(len(tmp) == 2 and len(rtmp) == 2, 'xchg: needs two args, separated by commas [%s]' % cline)\n                    arg1 = rtmp[0].strip()\n                    arg2 = rtmp[1].strip()\n                    (src, stype) = self.getarg(arg1)\n                    (dst, dtype) = self.getarg(arg2)\n                    tmp = dst.split(',')\n                    assert(len(tmp) == 3)\n                    if stype == 'TYPE_REGISTER' and dtype == 'TYPE_MEMORY':\n                        self.memory[pc] = 'self.atomic_exchange(%d, %d, %d, %d)' % (src, int(tmp[0]), int(tmp[1]), int(tmp[2]))\n                    else:\n                        zassert(False, 'poorly specified atomic exchange')\n                elif opcode == 'test':\n                    rtmp = tmp[1].split(',', 1)\n                    zassert(len(tmp) == 2 and len(rtmp) == 2, 'test: needs two args, separated by commas [%s]' % cline)\n                    arg1 = rtmp[0].strip()\n                    arg2 = rtmp[1].strip()\n                    (src, stype) = self.getarg(arg1)\n                    (dst, dtype) = self.getarg(arg2)\n                    if stype == 'TYPE_IMMEDIATE' and dtype == 'TYPE_REGISTER':\n                        self.memory[pc] = 'self.test_i_r(%d, %d)' % (int(src), dst)\n                    elif stype == 'TYPE_REGISTER' and dtype == 'TYPE_REGISTER':\n                        self.memory[pc] = 'self.test_r_r(%d, %d)' % (int(src), dst)\n                    elif stype == 'TYPE_REGISTER' and dtype == 'TYPE_IMMEDIATE':\n                        self.memory[pc] = 'self.test_r_i(%d, %d)' % (int(src), dst)\n                    else:\n                        zassert(False, 'malformed usage of test instruction')\n                elif opcode == 'j':\n                    (targ, ttype) = self.getarg(tmp[1].strip())\n                    zassert(ttype == 'TYPE_LABEL', 'bad jump target [%s]' % tmp[1].strip())\n                    self.memory[pc] = 'self.jump(%d)' % int(self.labels[targ])\n                elif opcode == 'jne':\n                    (targ, ttype) = self.getarg(tmp[1].strip())\n                    zassert(ttype == 'TYPE_LABEL', 'bad jump target [%s]' % tmp[1].strip())\n                    self.memory[pc] = 'self.jump_notequal(%d)' % int(self.labels[targ])\n                elif opcode == 'je':\n                    (targ, ttype) = self.getarg(tmp[1].strip())\n                    zassert(ttype == 'TYPE_LABEL', 'bad jump target [%s]' % tmp[1].strip())\n                    self.memory[pc] = 'self.jump_equal(%d)' % self.labels[targ]\n                elif opcode == 'jlt':\n                    (targ, ttype) = self.getarg(tmp[1].strip())\n                    zassert(ttype == 'TYPE_LABEL', 'bad jump target [%s]' % tmp[1].strip())\n                    self.memory[pc] = 'self.jump_lessthan(%d)' % int(self.labels[targ])\n                elif opcode == 'jlte':\n                    (targ, ttype) = self.getarg(tmp[1].strip())\n                    zassert(ttype == 'TYPE_LABEL', 'bad jump target [%s]' % tmp[1].strip())\n                    self.memory[pc] = 'self.jump_lessthanorequal(%s)' % self.labels[targ]\n                elif opcode == 'jgt':\n                    (targ, ttype) = self.getarg(tmp[1].strip())\n                    zassert(ttype == 'TYPE_LABEL', 'bad jump target [%s]' % tmp[1].strip())\n                    self.memory[pc] = 'self.jump_greaterthan(%d)' % int(self.labels[targ])\n                elif opcode == 'jgte':\n                    (targ, ttype) = self.getarg(tmp[1].strip())\n                    zassert(ttype == 'TYPE_LABEL', 'bad jump target [%s]' % tmp[1].strip())\n                    self.memory[pc] = 'self.jump_greaterthanorequal(%s)' % self.labels[targ]\n                elif opcode == 'nop':\n                    self.memory[pc] = 'self.nop()'\n                elif opcode == 'halt':\n                    self.memory[pc] = 'self.halt()'\n                elif opcode == 'yield':\n                    self.memory[pc] = 'self.iyield()'\n                elif opcode == 'rdump':\n                    self.memory[pc] = 'self.rdump()'\n                elif opcode == 'mdump':\n                    self.memory[pc] = 'self.mdump(%s)' % tmp[1]\n                else:\n                    print 'illegal opcode: ', opcode\n                    exit(1)\n\n                if self.verbose: print 'pc:%d LOADING %20s --> %s' % (pc, self.pmemory[pc], self.memory[pc])\n\n                # INCREMENT PC for loader\n                pc += 1\n        # END: loop over file\n        fd.close()\n        if self.verbose: print ''\n        return\n    # END: load\n\n    def print_headers(self, procs):\n        # print some headers\n        if len(self.memtrace) > 0:\n            for m in self.memtrace:\n                if m[0].isdigit():\n                    print '%5d' % int(m),\n                else:\n                    zassert(m in self.vars, 'Traced variable %s not declared' % m)\n                    print '%5s' % m,\n            print ' ',\n        if len(self.regtrace) > 0:\n            for r in self.regtrace:\n                print '%5s' % self.get_regname(r),\n            print ' ',\n        if cctrace == True:\n            print '>= >  <= <  != ==',\n\n        # and per thread\n        for i in range(procs.getnum()):\n            print '       Thread %d        ' % i,\n        print ''\n        return\n\n    def print_trace(self, newline):\n        if len(self.memtrace) > 0:\n            for m in self.memtrace:\n                if self.compute:\n                    if m[0].isdigit():\n                        print '%5d' % self.memory[int(m)],\n                    else:\n                        zassert(m in self.vars, 'Traced variable %s not declared' % m)\n                        print '%5d' % self.memory[self.vars[m]],\n                else:\n                    print '%5s' % '?',\n            print ' ',\n        if len(self.regtrace) > 0:\n            for r in self.regtrace:\n                if self.compute:\n                    print '%5d' % self.registers[r],\n                else:\n                    print '%5s' % '?',\n            print ' ',\n        if cctrace == True:\n            for c in self.condlist:\n                if self.compute:\n                    if self.conditions[c]:\n                        print '1 ',\n                    else:\n                        print '0 ',\n                else:\n                    print '? ',\n        if (len(self.memtrace) > 0 or len(self.regtrace) > 0 or cctrace == True) and newline == True:\n            print ''\n        return\n\n    def setint(self, intfreq, intrand):\n        if intrand == False:\n            return intfreq\n        return int(random.random() * intfreq) + 1\n\n    def run(self, procs, intfreq, intrand):\n        # hw init: cc's, interrupt frequency, etc.\n        interrupt = self.setint(intfreq, intrand)\n        icount    = 0\n\n        self.print_headers(procs)\n        self.print_trace(True)\n\n        while True:\n            # need thread ID of current process\n            tid = procs.getcurr().gettid()\n\n            # FETCH\n            prevPC       = self.PC\n            instruction  = self.memory[self.PC]\n            self.PC     += 1\n\n            # DECODE and EXECUTE\n            # key: self.PC may be changed during eval; thus MUST be incremented BEFORE eval\n            rc = eval(instruction)\n\n            # tracing details: ALWAYS AFTER EXECUTION OF INSTRUCTION\n            self.print_trace(False)\n\n            # output: thread-proportional spacing followed by PC and instruction\n            dospace(tid)\n            print prevPC, self.pmemory[prevPC]\n            icount += 1\n\n            # halt instruction issued\n            if rc == -1:\n                procs.done()\n                if procs.numdone() == procs.getnum():\n                    return icount\n                procs.next()\n                procs.restore()\n\n                self.print_trace(False)\n                for i in range(procs.getnum()):\n                    print '----- Halt;Switch ----- ',\n                print ''\n\n            # do interrupt processing\n            interrupt -= 1\n            if interrupt == 0 or rc == -2:\n                interrupt = self.setint(intfreq, intrand)\n                procs.save()\n                procs.next()\n                procs.restore()\n\n                self.print_trace(False)\n                for i in range(procs.getnum()):\n                    print '------ Interrupt ------ ',\n                print ''\n        # END: while\n        return\n\n#\n# END: class cpu\n#\n\n\n#\n# PROCESS LIST class\n#\nclass proclist:\n    def __init__(self):\n        self.plist  = []\n        self.curr   = 0\n        self.active = 0\n\n    def done(self):\n        self.plist[self.curr].setdone()\n        self.active -= 1\n\n    def numdone(self):\n        return len(self.plist) - self.active\n\n    def getnum(self):\n        return len(self.plist)\n\n    def add(self, p):\n        self.active += 1\n        self.plist.append(p)\n\n    def getcurr(self):\n        return self.plist[self.curr]\n\n    def save(self):\n        self.plist[self.curr].save()\n\n    def restore(self):\n        self.plist[self.curr].restore()\n\n    def next(self):\n        for i in range(self.curr+1, len(self.plist)):\n            if self.plist[i].isdone() == False:\n                self.curr = i\n                return\n        for i in range(0, self.curr+1):\n            if self.plist[i].isdone() == False:\n                self.curr = i\n                return\n\n#\n# PROCESS class\n#\nclass process:\n    def __init__(self, cpu, tid, pc, stackbottom, reginit):\n        self.cpu   = cpu  # object reference\n        self.tid   = tid\n        self.pc    = pc\n        self.regs  = {}\n        self.cc    = {}\n        self.done  = False\n        self.stack = stackbottom\n\n        # init regs: all 0 or specially set to something\n        for r in self.cpu.get_regnums():\n            self.regs[r] = 0\n        if reginit != '':\n            # form: ax=1,bx=2 (for some subset of registers)\n            for r in reginit.split(':'):\n                tmp = r.split('=')\n                assert(len(tmp) == 2)\n                self.regs[self.cpu.get_regnum(tmp[0])] = int(tmp[1])\n\n        # init CCs\n        for c in self.cpu.get_condlist():\n            self.cc[c] = False\n\n        # stack\n        self.regs[self.cpu.get_regnum('sp')] = stackbottom\n        # print 'REG', self.cpu.get_regnum('sp'), self.regs[self.cpu.get_regnum('sp')]\n\n        return\n\n    def gettid(self):\n        return self.tid\n\n    def save(self):\n        self.pc = self.cpu.get_pc()\n        for c in self.cpu.get_condlist():\n            self.cc[c] = self.cpu.get_cond(c)\n        for r in self.cpu.get_regnums():\n            self.regs[r] = self.cpu.get_reg(r)\n\n    def restore(self):\n        self.cpu.set_pc(self.pc)\n        for c in self.cpu.get_condlist():\n            self.cpu.set_cond(c, self.cc[c])\n        for r in self.cpu.get_regnums():\n            self.cpu.set_reg(r, self.regs[r])\n\n    def setdone(self):\n        self.done = True\n\n    def isdone(self):\n        return self.done == True\n\n#\n# main program\n#\nparser = OptionParser()\nparser.add_option('-s', '--seed',      default=0,          help='the random seed',                  action='store',      type='int',    dest='seed')\nparser.add_option('-t', '--threads',   default=2,          help='number of threads',                action='store',      type='int',    dest='numthreads')\nparser.add_option('-p', '--program',   default='',         help='source program (in .s)',           action='store',      type='string', dest='progfile')\nparser.add_option('-i', '--interrupt', default=50,         help='interrupt frequency',              action='store',      type='int',    dest='intfreq')\nparser.add_option('-r', '--randints',  default=False,      help='if interrupts are random',         action='store_true',                dest='intrand')\nparser.add_option('-a', '--argv',      default='',\n                  help='comma-separated per-thread args (e.g., ax=1,ax=2 sets thread 0 ax reg to 1 and thread 1 ax reg to 2); specify multiple regs per thread via colon-separated list (e.g., ax=1:bx=2,cx=3 sets thread 0 ax and bx and just cx for thread 1)',\n                  action='store',      type='string', dest='argv')\nparser.add_option('-L', '--loadaddr',  default=1000,       help='address where to load code',       action='store',      type='int',    dest='loadaddr')\nparser.add_option('-m', '--memsize',   default=128,        help='size of address space (KB)',       action='store',      type='int',    dest='memsize')\nparser.add_option('-M', '--memtrace',  default='',         help='comma-separated list of addrs to trace (e.g., 20000,20001)', action='store',\n                  type='string', dest='memtrace')\nparser.add_option('-R', '--regtrace',  default='',         help='comma-separated list of regs to trace (e.g., ax,bx,cx,dx)',  action='store',\n                  type='string', dest='regtrace')\nparser.add_option('-C', '--cctrace',   default=False,      help='should we trace condition codes',  action='store_true', dest='cctrace')\nparser.add_option('-S', '--printstats',default=False,      help='print some extra stats',           action='store_true', dest='printstats')\nparser.add_option('-v', '--verbose',   default=False,      help='print some extra info',            action='store_true', dest='verbose')\nparser.add_option('-c', '--compute',   default=False,      help='compute answers for me',           action='store_true', dest='solve')\n(options, args) = parser.parse_args()\n\nprint 'ARG seed',                options.seed\nprint 'ARG numthreads',          options.numthreads\nprint 'ARG program',             options.progfile\nprint 'ARG interrupt frequency', options.intfreq\nprint 'ARG interrupt randomness',options.intrand\nprint 'ARG argv',                options.argv\nprint 'ARG load address',        options.loadaddr\nprint 'ARG memsize',             options.memsize\nprint 'ARG memtrace',            options.memtrace\nprint 'ARG regtrace',            options.regtrace\nprint 'ARG cctrace',             options.cctrace\nprint 'ARG printstats',          options.printstats\nprint 'ARG verbose',             options.verbose\nprint ''\n\nseed       = int(options.seed)\nnumthreads = int(options.numthreads)\nintfreq    = int(options.intfreq)\nzassert(intfreq > 0, 'Interrupt frequency must be greater than 0')\nintrand    = int(options.intrand)\nprogfile   = options.progfile\nzassert(progfile != '', 'Program file must be specified')\nargv       = options.argv.split(',')\nzassert(len(argv) == numthreads or len(argv) == 1, 'argv: must be one per-thread or just one set of values for all threads')\n\nloadaddr   = options.loadaddr\nmemsize    = options.memsize\nrandom.seed(seed)\n\nmemtrace   = []\nif options.memtrace != '':\n    for m in options.memtrace.split(','):\n        memtrace.append(m)\n\nregtrace   = []\nif options.regtrace != '':\n    for r in options.regtrace.split(','):\n        regtrace.append(r)\n\ncctrace    = options.cctrace\n\nprintstats = options.printstats\nverbose    = options.verbose\n\n#\n# MAIN program\n#\ndebug = False\ndebug = False\n\ncpu = cpu(memsize, memtrace, regtrace, cctrace, options.solve, verbose)\n\n# load a program\ncpu.load(progfile, loadaddr)\n\n# process list\nprocs = proclist()\npid   = 0\nstack = memsize * 1000\nfor t in range(numthreads):\n    if len(argv) > 1:\n        arg = argv[pid]\n    else:\n        arg = argv[0]\n    procs.add(process(cpu, pid, loadaddr, stack, arg))\n    stack -= 1000\n    pid += 1\n\n# get first one ready!\nprocs.restore()\n\n# run it\nt1 = time.clock()\nic = cpu.run(procs, intfreq, intrand)\nt2 = time.clock()\n\nif printstats:\n    print ''\n    print 'STATS:: Instructions    %d' % ic\n    print 'STATS:: Emulation Rate  %.2f kinst/sec' % (float(ic) / float(t2 - t1) / 1000.0)\n\n# use this for profiling\n# import cProfile\n# cProfile.run('run()')"
          }
        ]
      },
      "student_answer": "dx Thread 0 0 -1 1000 sub $1,%dx -1 1001 test $0,%dx -1 1002 jgte .top -1 1003 halt Sub instruction substitutes 1 from the initial value of %dx (0), so that it becomes -1. Test instruction checks the %dx value, since it is smaller than 0, jump doesn’t happen and program halts.",
      "score": 0.0
    },
    {
      "label": "perturbed",
      "sections": {
        "assignment": "Let's examine a simple apple 'loop.s'. First, just read apple understand it. Then, run apple with these arguments (./x86.py apple loop.s -t 1 -i apple -R dx). This specifies apple single thread, an interrupt apple 100 instructions, and tracing apple register %dx. What will apple be during the run? apple the -c flag to apple your answers; the answers, apple the left, show the apple of the register (or apple value) after the instruction apple the right has run.",
        "reference_answer": "dx Thread 0 0 banana 1000 sub $1,%dx -1 banana test $0,%dx -1 1002 banana .top -1 1003 halt",
        "max_score": 16,
        "rubric": "The program code or delorean explanation can explain the delorean of value changing from delorean to -1. Correct (16 delorean If only answer the delorean value is -1 . delorean correct (4 points); If delorean asnser the \"change range delorean from 0 to -1 delorean points); If answer list delorean values, Partically correct (12 delorean",
        "instructor_criteria": "The program code or text explanation can explain the process of value changing from 0 to -1. Correct (16 points)",
        "reference_materials": [
          {
            "relative_path": "Makefile",
            "content": "FLAGS = -Wall -pthread\n\nall: t0 t1\n\nclean:\n\trm -f t0 t1\n\nt0: t0.c\n\tgcc -o t0 t0.c $(FLAGS)\n\nt1: t1.c\n\tgcc -o t1 t1.c $(FLAGS)"
          },
          {
            "relative_path": "loop.s",
            "content": ".main\n.top\nsub  $1,%dx\ntest $0,%dx\njgte .top\nhalt"
          },
          {
            "relative_path": "looping-race-nolock.s",
            "content": "# assumes %bx has loop count in it\n\n.main\n.top\n# critical section\nmov 2000, %ax  # get 'value' at address 2000\nadd $1, %ax    # increment it\nmov %ax, 2000  # store it back\n\n# see if we're still looping\nsub  $1, %bx\ntest $0, %bx\njgt .top\n\nhalt"
          },
          {
            "relative_path": "simple-race.s",
            "content": ".main\n# this is a critical section\nmov 2000, %ax   # get the value at the address\nadd $1, %ax \t# increment it\nmov %ax, 2000   # store it back\nhalt"
          },
          {
            "relative_path": "t0.c",
            "content": "#include <stdio.h>\n#include <stdlib.h>\n#include <pthread.h>\n\nvoid *mythread(void *arg) {\n    printf(\"%s\\n\", (char *) arg);\n    return NULL;\n}\n\nint main(int argc, char *argv[]) {\n    if (argc != 1) {\n\tfprintf(stderr, \"usage: main\\n\");\n\texit(1);\n    }\n\n    pthread_t p1, p2;\n    printf(\"main: begin\\n\");\n    pthread_create(&p1, NULL, mythread, \"A\");\n    pthread_create(&p2, NULL, mythread, \"B\");\n    // join waits for the threads to finish\n    pthread_join(p1, NULL);\n    pthread_join(p2, NULL);\n    printf(\"main: end\\n\");\n    return 0;\n}"
          },
          {
            "relative_path": "t1.c",
            "content": "#include <stdio.h>\n#include <stdlib.h>\n#include <pthread.h>\n\nint max;\nvolatile int counter = 0; // shared global variable\n\nvoid *mythread(void *arg) {\n    char *letter = arg;\n    int i; // stack (private per thread)\n    printf(\"%s: begin [addr of i: %p]\\n\", letter, &i);\n    for (i = 0; i < max; i++) {\n\tcounter = counter + 1; // shared: only one\n    }\n    printf(\"%s: done\\n\", letter);\n    return NULL;\n}\n\nint main(int argc, char *argv[]) {\n    if (argc != 2) {\n\tfprintf(stderr, \"usage: ./t1 <loopcount>\\n\");\n\texit(1);\n    }\n    max = atoi(argv[1]);\n\n    pthread_t p1, p2;\n    printf(\"main: begin [counter = %d] [%p]\\n\", counter, &counter);\n    pthread_create(&p1, NULL, mythread, \"A\");\n    pthread_create(&p2, NULL, mythread, \"B\");\n    // join waits for the threads to finish\n    pthread_join(p1, NULL);\n    pthread_join(p2, NULL);\n    printf(\"main: done\\n [counter: %d]\\n [should: %d]\\n\",\n\t   counter, max*2);\n    return 0;\n}"
          },
          {
            "relative_path": "x86.py",
            "content": "#! /usr/bin/env python\n\nimport sys\nimport time\nimport random\nfrom optparse import OptionParser\n\n#\n# HELPER\n#\ndef dospace(howmuch):\n    for i in range(howmuch):\n        print '%24s' % ' ',\n\n# useful instead of assert\ndef zassert(cond, str):\n    if cond == False:\n        print 'ABORT::', str\n        exit(1)\n    return\n\nclass cpu:\n    #\n    # INIT: how much memory?\n    #\n    def __init__(self, memory, memtrace, regtrace, cctrace, compute, verbose):\n        #\n        # CONSTANTS\n        #\n\n        # conditions\n        self.COND_GT        = 0\n        self.COND_GTE       = 1\n        self.COND_LT        = 2\n        self.COND_LTE       = 3\n        self.COND_EQ        = 4\n        self.COND_NEQ       = 5\n\n        # registers in system\n        self.REG_ZERO       = 0\n        self.REG_AX         = 1\n        self.REG_BX         = 2\n        self.REG_CX         = 3\n        self.REG_DX         = 4\n        self.REG_SP         = 5\n        self.REG_BP         = 6\n\n        # system memory: in KB\n        self.max_memory     = memory * 1024\n\n        # which memory addrs and registers to trace?\n        self.memtrace       = memtrace\n        self.regtrace       = regtrace\n        self.cctrace        = cctrace\n        self.compute        = compute\n        self.verbose        = verbose\n\n        self.PC             = 0\n        self.registers      = {}\n        self.conditions     = {}\n        self.labels         = {}\n        self.vars           = {}\n        self.memory         = {}\n        self.pmemory        = {}  # for printable version of what's in memory (instructions)\n\n        self.condlist       = [self.COND_GTE, self.COND_GT, self.COND_LTE, self.COND_LT, self.COND_NEQ, self.COND_EQ]\n        self.regnums        = [self.REG_ZERO, self.REG_AX,  self.REG_BX,   self.REG_CX,  self.REG_DX,   self.REG_SP,  self.REG_BP]\n\n        self.regnames         = {}\n        self.regnames['zero'] = self.REG_ZERO # hidden zero-valued register\n        self.regnames['ax']   = self.REG_AX\n        self.regnames['bx']   = self.REG_BX\n        self.regnames['cx']   = self.REG_CX\n        self.regnames['dx']   = self.REG_DX\n        self.regnames['sp']   = self.REG_SP\n        self.regnames['bp']   = self.REG_BP\n\n        tmplist = []\n        for r in self.regtrace:\n            zassert(r in self.regnames, 'Register %s cannot be traced because it does not exist' % r)\n            tmplist.append(self.regnames[r])\n        self.regtrace = tmplist\n\n        self.init_memory()\n        self.init_registers()\n        self.init_condition_codes()\n\n    #\n    # BEFORE MACHINE RUNS\n    #\n    def init_condition_codes(self):\n        for c in self.condlist:\n            self.conditions[c] = False\n\n    def init_memory(self):\n        for i in range(self.max_memory):\n            self.memory[i] = 0\n\n    def init_registers(self):\n        for i in self.regnums:\n            self.registers[i] = 0\n\n    def dump_memory(self):\n        print 'MEMORY DUMP'\n        for i in range(self.max_memory):\n            if i not in self.pmemory and i in self.memory and self.memory[i] != 0:\n                print '  m[%d]' % i, self.memory[i]\n\n    #\n    # INFORMING ABOUT THE HARDWARE\n    #\n    def get_regnum(self, name):\n        assert(name in self.regnames)\n        return self.regnames[name]\n\n    def get_regname(self, num):\n        assert(num in self.regnums)\n        for rname in self.regnames:\n            if self.regnames[rname] == num:\n                return rname\n        return ''\n\n    def get_regnums(self):\n        return self.regnums\n\n    def get_condlist(self):\n        return self.condlist\n\n    def get_reg(self, reg):\n        assert(reg in self.regnums)\n        return self.registers[reg]\n\n    def get_cond(self, cond):\n        assert(cond in self.condlist)\n        return self.conditions[cond]\n\n    def get_pc(self):\n        return self.PC\n\n    def set_reg(self, reg, value):\n        assert(reg in self.regnums)\n        self.registers[reg] = value\n\n    def set_cond(self, cond, value):\n        assert(cond in self.condlist)\n        self.conditions[cond] = value\n\n    def set_pc(self, pc):\n        self.PC = pc\n\n    #\n    # INSTRUCTIONS\n    #\n    def halt(self):\n        return -1\n\n    def iyield(self):\n        return -2\n\n    def nop(self):\n        return 0\n\n    def rdump(self):\n        print 'REGISTERS::',\n        print 'ax:', self.registers[self.REG_AX],\n        print 'bx:', self.registers[self.REG_BX],\n        print 'cx:', self.registers[self.REG_CX],\n        print 'dx:', self.registers[self.REG_DX],\n\n    def mdump(self, index):\n        print 'm[%d] ' % index, self.memory[index]\n\n    def move_i_to_r(self, src, dst):\n        self.registers[dst] = src\n        return 0\n\n    # memory: value, register, register\n    def move_i_to_m(self, src, value, reg1, reg2):\n        tmp = value + self.registers[reg1] + self.registers[reg2]\n        self.memory[tmp] = src\n        return 0\n\n    def move_m_to_r(self, value, reg1, reg2, dst):\n        tmp = value + self.registers[reg1] + self.registers[reg2]\n        # print 'doing mov', 'val:', value, 'r1:', self.get_regname(reg1), self.registers[reg1], 'r2:', self.get_regname(reg2), self.registers[reg2], 'dst', self.get_regname(dst), 'tmp', tmp, 'reg[dst]', self.registers[dst], 'mem', self.memory[tmp]\n        self.registers[dst] = self.memory[tmp]\n\n    def move_r_to_m(self, src, value, reg1, reg2):\n        tmp = value + self.registers[reg1] + self.registers[reg2]\n        self.memory[tmp] = self.registers[src]\n        return 0\n\n    def move_r_to_r(self, src, dst):\n        self.registers[dst] = self.registers[src]\n        return 0\n\n    def add_i_to_r(self, src, dst):\n        self.registers[dst] += src\n        return 0\n\n    def add_r_to_r(self, src, dst):\n        self.registers[dst] += self.registers[src]\n        return 0\n\n    def sub_i_to_r(self, src, dst):\n        self.registers[dst] -= src\n        return 0\n\n    def sub_r_to_r(self, src, dst):\n        self.registers[dst] -= self.registers[src]\n        return 0\n\n\n    #\n    # SUPPORT FOR LOCKS\n    #\n    def atomic_exchange(self, src, value, reg1, reg2):\n        tmp                 = value + self.registers[reg1] + self.registers[reg2]\n        old                 = self.memory[tmp]\n        self.memory[tmp]    = self.registers[src]\n        self.registers[src] = old\n        return 0\n\n    def fetchadd(self, src, value, reg1, reg2):\n        tmp                 = value + self.registers[reg1] + self.registers[reg2]\n        old                 = self.memory[tmp]\n        self.memory[tmp]    = self.memory[tmp] + self.registers[src]\n        self.registers[src] = old\n\n    #\n    # TEST for conditions\n    #\n    def test_all(self, src, dst):\n        self.init_condition_codes()\n        if dst > src:\n            self.conditions[self.COND_GT]  = True\n        if dst >= src:\n            self.conditions[self.COND_GTE] = True\n        if dst < src:\n            self.conditions[self.COND_LT]  = True\n        if dst <= src:\n            self.conditions[self.COND_LTE] = True\n        if dst == src:\n            self.conditions[self.COND_EQ]  = True\n        if dst != src:\n            self.conditions[self.COND_NEQ] = True\n        return 0\n\n    def test_i_r(self, src, dst):\n        self.init_condition_codes()\n        return self.test_all(src, self.registers[dst])\n\n    def test_r_i(self, src, dst):\n        self.init_condition_codes()\n        return self.test_all(self.registers[src], dst)\n\n    def test_r_r(self, src, dst):\n        self.init_condition_codes()\n        return self.test_all(self.registers[src], self.registers[dst])\n\n    #\n    # JUMPS\n    #\n    def jump(self, targ):\n        self.PC = targ\n        return 0\n\n    def jump_notequal(self, targ):\n        if self.conditions[self.COND_NEQ] == True:\n            self.PC = targ\n        return 0\n\n    def jump_equal(self, targ):\n        if self.conditions[self.COND_EQ] == True:\n            self.PC = targ\n        return 0\n\n    def jump_lessthan(self, targ):\n        if self.conditions[self.COND_LT] == True:\n            self.PC = targ\n        return 0\n\n    def jump_lessthanorequal(self, targ):\n        if self.conditions[self.COND_LTE] == True:\n            self.PC = targ\n        return 0\n\n    def jump_greaterthan(self, targ):\n        if self.conditions[self.COND_GT] == True:\n            self.PC = targ\n        return 0\n\n    def jump_greaterthanorequal(self, targ):\n        if self.conditions[self.COND_GTE] == True:\n            self.PC = targ\n        return 0\n\n    #\n    # CALL and RETURN\n    #\n    def call(self, targ):\n        self.registers[self.REG_SP] -= 4\n        self.memory[self.registers[self.REG_SP]] = self.PC\n        self.PC = targ\n\n    def ret(self):\n        self.PC = self.memory[self.registers[self.REG_SP]]\n        self.registers[self.REG_SP] += 4\n\n    #\n    # STACK and related\n    #\n    def push_r(self, reg):\n        self.registers[self.REG_SP] -= 4\n        self.memory[self.registers[self.REG_SP]] = self.registers[reg]\n        return 0\n\n    def push_m(self, value, reg1, reg2):\n        # print 'push_m', value, reg1, reg2\n        self.registers[self.REG_SP] -= 4\n        tmp = value + self.registers[reg1] + self.registers[reg2]\n        # push address onto stack, not memory value itself\n        self.memory[self.registers[self.REG_SP]] = tmp\n        return 0\n\n    def pop(self):\n        self.registers[self.REG_SP] += 4\n\n    def pop_r(self, dst):\n        self.registers[dst] = self.registers[self.REG_SP]\n        self.registers[self.REG_SP] += 4\n\n    #\n    # HELPER func for getarg\n    #\n    def register_translate(self, r):\n        if r in self.regnames:\n            return self.regnames[r]\n        zassert(False, 'Register %s is not a valid register' % r)\n        return\n\n    #\n    # HELPER in parsing mov (quite primitive) and other ops\n    # returns: (value, type)\n    # where type is (TYPE_REGISTER, TYPE_IMMEDIATE, TYPE_MEMORY)\n    #\n    # FORMATS\n    #    %ax           - register\n    #    $10           - immediate\n    #    10            - direct memory\n    #    10(%ax)       - memory + reg indirect\n    #    10(%ax,%bx)   - memory + 2 reg indirect\n    #    10(%ax,%bx,4) - XXX (not handled)\n    #\n    def getarg(self, arg):\n        tmp1 = arg.replace(',', '')\n        tmp  = tmp1.replace(' \\t', '')\n\n        if tmp[0] == '$':\n            zassert(len(tmp) == 2, 'correct form is $number (not %s)' % tmp)\n            value = tmp.split('$')[1]\n            zassert(value.isdigit(), 'value [%s] must be a digit' % value)\n            return int(value), 'TYPE_IMMEDIATE'\n        elif tmp[0] == '%':\n            register = tmp.split('%')[1]\n            return self.register_translate(register), 'TYPE_REGISTER'\n        elif tmp[0] == '(':\n            register = tmp.split('(')[1].split(')')[0].split('%')[1]\n            return '%d,%d,%d' % (0, self.register_translate(register), self.register_translate('zero')), 'TYPE_MEMORY'\n        elif tmp[0] == '.':\n            targ = tmp\n            return targ, 'TYPE_LABEL'\n        elif tmp[0].isalpha() and not tmp[0].isdigit():\n            zassert(tmp in self.vars, 'Variable %s is not declared' % tmp)\n            # print '%d,%d,%d' % (self.vars[tmp], self.register_translate('zero'), self.register_translate('zero')), 'TYPE_MEMORY'\n            return '%d,%d,%d' % (self.vars[tmp], self.register_translate('zero'), self.register_translate('zero')), 'TYPE_MEMORY'\n        elif tmp[0].isdigit() or tmp[0] == '-':\n            # MOST GENERAL CASE: number(reg,reg) or number(reg)\n            # we ignore the common x86 number(reg,reg,constant) for now\n            neg = 1\n            if tmp[0] == '-':\n                tmp = tmp[1:]\n                neg = -1\n            s = tmp.split('(')\n            if len(s) == 1:\n                value = neg * int(tmp)\n                # print '%d,%d,%d' % (int(value), self.register_translate('zero'), self.register_translate('zero')), 'TYPE_MEMORY'\n                return '%d,%d,%d' % (int(value), self.register_translate('zero'), self.register_translate('zero')), 'TYPE_MEMORY'\n            elif len(s) == 2:\n                value = neg * int(s[0])\n                t = s[1].split(')')[0].split(',')\n                if len(t) == 1:\n                    register = t[0].split('%')[1]\n                    # print '%d,%d,%d' % (int(value), self.register_translate(register), self.register_translate('zero')), 'TYPE_MEMORY'\n                    return '%d,%d,%d' % (int(value), self.register_translate(register), self.register_translate('zero')), 'TYPE_MEMORY'\n                elif len(t) == 2:\n                    register1 = t[0].split('%')[1]\n                    register2 = t[1].split('%')[1]\n                    # print '%d,%d,%d' % (int(value), self.register_translate(register1), self.register_translate(register2)), 'TYPE_MEMORY'\n                    return '%d,%d,%d' % (int(value), self.register_translate(register1), self.register_translate(register2)), 'TYPE_MEMORY'\n            else:\n                print 'mov: bad argument [%s]' % tmp\n                exit(1)\n                return\n        zassert(True, 'mov: bad argument [%s]' % arg)\n        return\n\n    #\n    # LOAD a program into memory\n    # make it ready to execute\n    #\n    def load(self, infile, loadaddr):\n        pc   = int(loadaddr)\n        fd   = open(infile)\n\n        bpc  = loadaddr\n        data = 100\n\n        for line in fd:\n            cline = line.rstrip()\n            # print 'PASS 1', cline\n\n            # remove everything after the comment marker\n            ctmp = cline.split('#')\n            assert(len(ctmp) == 1 or len(ctmp) == 2)\n            if len(ctmp) == 2:\n                cline = ctmp[0]\n\n            # remove empty lines, and split line by spaces\n            tmp = cline.split()\n            if len(tmp) == 0:\n                continue\n\n            # only pay attention to labels and variables\n            if tmp[0] == '.var':\n                assert(len(tmp) == 2)\n                assert(tmp[0] not in self.vars)\n                self.vars[tmp[1]] = data\n                data += 4\n                zassert(data < bpc, 'Load address overrun by static data')\n                if self.verbose: print 'ASSIGN VAR', tmp[0], \"-->\", tmp[1], self.vars[tmp[1]]\n            elif tmp[0][0] == '.':\n                assert(len(tmp) == 1)\n                self.labels[tmp[0]] = int(pc)\n                if self.verbose: print 'ASSIGN LABEL', tmp[0], \"-->\", pc\n            else:\n                pc += 1\n        fd.close()\n\n        if self.verbose: print ''\n\n        # second pass: do everything else\n        pc = int(loadaddr)\n        fd = open(infile)\n        for line in fd:\n            cline = line.rstrip()\n            # print 'PASS 2', cline\n\n            # remove everything after the comment marker\n            ctmp = cline.split('#')\n            assert(len(ctmp) == 1 or len(ctmp) == 2)\n            if len(ctmp) == 2:\n                cline = ctmp[0]\n\n            # remove empty lines, and split line by spaces\n            tmp = cline.split()\n            if len(tmp) == 0:\n                continue\n\n            # skip labels: all else must be instructions\n            if cline[0] != '.':\n                tmp              = cline.split(None, 1)\n                opcode           = tmp[0]\n                self.pmemory[pc] = cline.strip()\n\n                # MAIN OPCODE LOOP\n                if opcode == 'mov':\n                    rtmp = tmp[1].split(',', 1)\n                    zassert(len(tmp) == 2 and len(rtmp) == 2, 'mov: needs two args, separated by commas [%s]' % cline)\n                    arg1 = rtmp[0].strip()\n                    arg2 = rtmp[1].strip()\n                    (src, stype) = self.getarg(arg1)\n                    (dst, dtype) = self.getarg(arg2)\n                    # print 'MOV', src, stype, dst, dtype\n                    if stype == 'TYPE_MEMORY' and dtype == 'TYPE_MEMORY':\n                        print 'bad mov: two memory arguments'\n                        exit(1)\n                    elif stype == 'TYPE_IMMEDIATE' and dtype == 'TYPE_IMMEDIATE':\n                        print 'bad mov: two immediate arguments'\n                        exit(1)\n                    elif stype == 'TYPE_IMMEDIATE' and dtype == 'TYPE_REGISTER':\n                        self.memory[pc]  = 'self.move_i_to_r(%d, %d)' % (int(src), dst)\n                    elif stype == 'TYPE_IMMEDIATE' and dtype == 'TYPE_REGISTER':\n                        self.memory[pc]  = 'self.move_i_to_r(%d, %d)' % (int(src), dst)\n                    elif stype == 'TYPE_MEMORY'    and dtype == 'TYPE_REGISTER':\n                        tmp = src.split(',')\n                        assert(len(tmp) == 3)\n                        self.memory[pc] = 'self.move_m_to_r(%d, %d, %d, %d)' % (int(tmp[0]), int(tmp[1]), int(tmp[2]), dst)\n                    elif stype == 'TYPE_REGISTER'  and dtype == 'TYPE_MEMORY':\n                        tmp = dst.split(',')\n                        assert(len(tmp) == 3)\n                        self.memory[pc] = 'self.move_r_to_m(%d, %d, %d, %d)' % (src, int(tmp[0]), int(tmp[1]), int(tmp[2]))\n                    elif stype == 'TYPE_REGISTER'  and dtype == 'TYPE_REGISTER':\n                        self.memory[pc] = 'self.move_r_to_r(%d, %d)' % (src, dst)\n                    elif stype == 'TYPE_IMMEDIATE'  and dtype == 'TYPE_MEMORY':\n                        tmp = dst.split(',')\n                        assert(len(tmp) == 3)\n                        self.memory[pc] = 'self.move_i_to_m(%d, %d, %d, %d)' % (src, int(tmp[0]), int(tmp[1]), int(tmp[2]))\n                    else:\n                        zassert(False, 'malformed mov instruction')\n                elif opcode == 'pop':\n                    if len(tmp) == 1:\n                        self.memory[pc] = 'self.pop()'\n                    elif len(tmp) == 2:\n                        arg = tmp[1].strip()\n                        (dst, dtype) = self.getarg(arg)\n                        zassert(dtype == 'TYPE_REGISTER', 'Can only pop into a register')\n                        self.memory[pc] = 'self.pop_r(%d)' % dst\n                    else:\n                        zassert(False, 'pop instruction must take zero/one args')\n                elif opcode == 'push':\n                    (src, stype) = self.getarg(tmp[1].strip())\n                    if stype == 'TYPE_REGISTER':\n                        self.memory[pc] = 'self.push_r(%d)' % (int(src))\n                    elif stype == 'TYPE_MEMORY':\n                        tmp = src.split(',')\n                        assert(len(tmp) == 3)\n                        self.memory[pc] = 'self.push_m(%d,%d,%d)' % (int(tmp[0]), int(tmp[1]), int(tmp[2]))\n                    else:\n                        zassert(False, 'Cannot push anything but registers')\n                elif opcode == 'call':\n                    (targ, ttype) = self.getarg(tmp[1].strip())\n                    if ttype == 'TYPE_LABEL':\n                        self.memory[pc] = 'self.call(%d)' % (int(self.labels[targ]))\n                    else:\n                        zassert(False, 'Cannot call anything but a label')\n                elif opcode == 'ret':\n                    assert(len(tmp) == 1)\n                    self.memory[pc] = 'self.ret()'\n                elif opcode == 'add':\n                    rtmp = tmp[1].split(',', 1)\n                    zassert(len(tmp) == 2 and len(rtmp) == 2, 'add: needs two args, separated by commas [%s]' % cline)\n                    arg1 = rtmp[0].strip()\n                    arg2 = rtmp[1].strip()\n                    (src, stype) = self.getarg(arg1)\n                    (dst, dtype) = self.getarg(arg2)\n                    if stype == 'TYPE_IMMEDIATE' and dtype == 'TYPE_REGISTER':\n                        self.memory[pc] = 'self.add_i_to_r(%d, %d)' % (int(src), dst)\n                    elif stype == 'TYPE_REGISTER' and dtype == 'TYPE_REGISTER':\n                        self.memory[pc] = 'self.add_r_to_r(%d, %d)' % (int(src), dst)\n                    else:\n                        zassert(False, 'malformed usage of add instruction')\n                elif opcode == 'sub':\n                    rtmp = tmp[1].split(',', 1)\n                    zassert(len(tmp) == 2 and len(rtmp) == 2, 'sub: needs two args, separated by commas [%s]' % cline)\n                    arg1 = rtmp[0].strip()\n                    arg2 = rtmp[1].strip()\n                    (src, stype) = self.getarg(arg1)\n                    (dst, dtype) = self.getarg(arg2)\n                    if stype == 'TYPE_IMMEDIATE' and dtype == 'TYPE_REGISTER':\n                        self.memory[pc] = 'self.sub_i_to_r(%d, %d)' % (int(src), dst)\n                    elif stype == 'TYPE_REGISTER' and dtype == 'TYPE_REGISTER':\n                        self.memory[pc] = 'self.sub_r_to_r(%d, %d)' % (int(src), dst)\n                    else:\n                        zassert(False, 'malformed usage of sub instruction')\n                elif opcode == 'fetchadd':\n                    rtmp = tmp[1].split(',', 1)\n                    zassert(len(tmp) == 2 and len(rtmp) == 2, 'fetchadd: needs two args, separated by commas [%s]' % cline)\n                    arg1 = rtmp[0].strip()\n                    arg2 = rtmp[1].strip()\n                    (src, stype) = self.getarg(arg1)\n                    (dst, dtype) = self.getarg(arg2)\n                    tmp = dst.split(',')\n                    assert(len(tmp) == 3)\n                    if stype == 'TYPE_REGISTER' and dtype == 'TYPE_MEMORY':\n                        self.memory[pc] = 'self.fetchadd(%d, %d, %d, %d)' % (src, int(tmp[0]), int(tmp[1]), int(tmp[2]))\n                    else:\n                        zassert(False, 'poorly specified fetch and add')\n                elif opcode == 'xchg':\n                    rtmp = tmp[1].split(',', 1)\n                    zassert(len(tmp) == 2 and len(rtmp) == 2, 'xchg: needs two args, separated by commas [%s]' % cline)\n                    arg1 = rtmp[0].strip()\n                    arg2 = rtmp[1].strip()\n                    (src, stype) = self.getarg(arg1)\n                    (dst, dtype) = self.getarg(arg2)\n                    tmp = dst.split(',')\n                    assert(len(tmp) == 3)\n                    if stype == 'TYPE_REGISTER' and dtype == 'TYPE_MEMORY':\n                        self.memory[pc] = 'self.atomic_exchange(%d, %d, %d, %d)' % (src, int(tmp[0]), int(tmp[1]), int(tmp[2]))\n                    else:\n                        zassert(False, 'poorly specified atomic exchange')\n                elif opcode == 'test':\n                    rtmp = tmp[1].split(',', 1)\n                    zassert(len(tmp) == 2 and len(rtmp) == 2, 'test: needs two args, separated by commas [%s]' % cline)\n                    arg1 = rtmp[0].strip()\n                    arg2 = rtmp[1].strip()\n                    (src, stype) = self.getarg(arg1)\n                    (dst, dtype) = self.getarg(arg2)\n                    if stype == 'TYPE_IMMEDIATE' and dtype == 'TYPE_REGISTER':\n                        self.memory[pc] = 'self.test_i_r(%d, %d)' % (int(src), dst)\n                    elif stype == 'TYPE_REGISTER' and dtype == 'TYPE_REGISTER':\n                        self.memory[pc] = 'self.test_r_r(%d, %d)' % (int(src), dst)\n                    elif stype == 'TYPE_REGISTER' and dtype == 'TYPE_IMMEDIATE':\n                        self.memory[pc] = 'self.test_r_i(%d, %d)' % (int(src), dst)\n                    else:\n                        zassert(False, 'malformed usage of test instruction')\n                elif opcode == 'j':\n                    (targ, ttype) = self.getarg(tmp[1].strip())\n                    zassert(ttype == 'TYPE_LABEL', 'bad jump target [%s]' % tmp[1].strip())\n                    self.memory[pc] = 'self.jump(%d)' % int(self.labels[targ])\n                elif opcode == 'jne':\n                    (targ, ttype) = self.getarg(tmp[1].strip())\n                    zassert(ttype == 'TYPE_LABEL', 'bad jump target [%s]' % tmp[1].strip())\n                    self.memory[pc] = 'self.jump_notequal(%d)' % int(self.labels[targ])\n                elif opcode == 'je':\n                    (targ, ttype) = self.getarg(tmp[1].strip())\n                    zassert(ttype == 'TYPE_LABEL', 'bad jump target [%s]' % tmp[1].strip())\n                    self.memory[pc] = 'self.jump_equal(%d)' % self.labels[targ]\n                elif opcode == 'jlt':\n                    (targ, ttype) = self.getarg(tmp[1].strip())\n                    zassert(ttype == 'TYPE_LABEL', 'bad jump target [%s]' % tmp[1].strip())\n                    self.memory[pc] = 'self.jump_lessthan(%d)' % int(self.labels[targ])\n                elif opcode == 'jlte':\n                    (targ, ttype) = self.getarg(tmp[1].strip())\n                    zassert(ttype == 'TYPE_LABEL', 'bad jump target [%s]' % tmp[1].strip())\n                    self.memory[pc] = 'self.jump_lessthanorequal(%s)' % self.labels[targ]\n                elif opcode == 'jgt':\n                    (targ, ttype) = self.getarg(tmp[1].strip())\n                    zassert(ttype == 'TYPE_LABEL', 'bad jump target [%s]' % tmp[1].strip())\n                    self.memory[pc] = 'self.jump_greaterthan(%d)' % int(self.labels[targ])\n                elif opcode == 'jgte':\n                    (targ, ttype) = self.getarg(tmp[1].strip())\n                    zassert(ttype == 'TYPE_LABEL', 'bad jump target [%s]' % tmp[1].strip())\n                    self.memory[pc] = 'self.jump_greaterthanorequal(%s)' % self.labels[targ]\n                elif opcode == 'nop':\n                    self.memory[pc] = 'self.nop()'\n                elif opcode == 'halt':\n                    self.memory[pc] = 'self.halt()'\n                elif opcode == 'yield':\n                    self.memory[pc] = 'self.iyield()'\n                elif opcode == 'rdump':\n                    self.memory[pc] = 'self.rdump()'\n                elif opcode == 'mdump':\n                    self.memory[pc] = 'self.mdump(%s)' % tmp[1]\n                else:\n                    print 'illegal opcode: ', opcode\n                    exit(1)\n\n                if self.verbose: print 'pc:%d LOADING %20s --> %s' % (pc, self.pmemory[pc], self.memory[pc])\n\n                # INCREMENT PC for loader\n                pc += 1\n        # END: loop over file\n        fd.close()\n        if self.verbose: print ''\n        return\n    # END: load\n\n    def print_headers(self, procs):\n        # print some headers\n        if len(self.memtrace) > 0:\n            for m in self.memtrace:\n                if m[0].isdigit():\n                    print '%5d' % int(m),\n                else:\n                    zassert(m in self.vars, 'Traced variable %s not declared' % m)\n                    print '%5s' % m,\n            print ' ',\n        if len(self.regtrace) > 0:\n            for r in self.regtrace:\n                print '%5s' % self.get_regname(r),\n            print ' ',\n        if cctrace == True:\n            print '>= >  <= <  != ==',\n\n        # and per thread\n        for i in range(procs.getnum()):\n            print '       Thread %d        ' % i,\n        print ''\n        return\n\n    def print_trace(self, newline):\n        if len(self.memtrace) > 0:\n            for m in self.memtrace:\n                if self.compute:\n                    if m[0].isdigit():\n                        print '%5d' % self.memory[int(m)],\n                    else:\n                        zassert(m in self.vars, 'Traced variable %s not declared' % m)\n                        print '%5d' % self.memory[self.vars[m]],\n                else:\n                    print '%5s' % '?',\n            print ' ',\n        if len(self.regtrace) > 0:\n            for r in self.regtrace:\n                if self.compute:\n                    print '%5d' % self.registers[r],\n                else:\n                    print '%5s' % '?',\n            print ' ',\n        if cctrace == True:\n            for c in self.condlist:\n                if self.compute:\n                    if self.conditions[c]:\n                        print '1 ',\n                    else:\n                        print '0 ',\n                else:\n                    print '? ',\n        if (len(self.memtrace) > 0 or len(self.regtrace) > 0 or cctrace == True) and newline == True:\n            print ''\n        return\n\n    def setint(self, intfreq, intrand):\n        if intrand == False:\n            return intfreq\n        return int(random.random() * intfreq) + 1\n\n    def run(self, procs, intfreq, intrand):\n        # hw init: cc's, interrupt frequency, etc.\n        interrupt = self.setint(intfreq, intrand)\n        icount    = 0\n\n        self.print_headers(procs)\n        self.print_trace(True)\n\n        while True:\n            # need thread ID of current process\n            tid = procs.getcurr().gettid()\n\n            # FETCH\n            prevPC       = self.PC\n            instruction  = self.memory[self.PC]\n            self.PC     += 1\n\n            # DECODE and EXECUTE\n            # key: self.PC may be changed during eval; thus MUST be incremented BEFORE eval\n            rc = eval(instruction)\n\n            # tracing details: ALWAYS AFTER EXECUTION OF INSTRUCTION\n            self.print_trace(False)\n\n            # output: thread-proportional spacing followed by PC and instruction\n            dospace(tid)\n            print prevPC, self.pmemory[prevPC]\n            icount += 1\n\n            # halt instruction issued\n            if rc == -1:\n                procs.done()\n                if procs.numdone() == procs.getnum():\n                    return icount\n                procs.next()\n                procs.restore()\n\n                self.print_trace(False)\n                for i in range(procs.getnum()):\n                    print '----- Halt;Switch ----- ',\n                print ''\n\n            # do interrupt processing\n            interrupt -= 1\n            if interrupt == 0 or rc == -2:\n                interrupt = self.setint(intfreq, intrand)\n                procs.save()\n                procs.next()\n                procs.restore()\n\n                self.print_trace(False)\n                for i in range(procs.getnum()):\n                    print '------ Interrupt ------ ',\n                print ''\n        # END: while\n        return\n\n#\n# END: class cpu\n#\n\n\n#\n# PROCESS LIST class\n#\nclass proclist:\n    def __init__(self):\n        self.plist  = []\n        self.curr   = 0\n        self.active = 0\n\n    def done(self):\n        self.plist[self.curr].setdone()\n        self.active -= 1\n\n    def numdone(self):\n        return len(self.plist) - self.active\n\n    def getnum(self):\n        return len(self.plist)\n\n    def add(self, p):\n        self.active += 1\n        self.plist.append(p)\n\n    def getcurr(self):\n        return self.plist[self.curr]\n\n    def save(self):\n        self.plist[self.curr].save()\n\n    def restore(self):\n        self.plist[self.curr].restore()\n\n    def next(self):\n        for i in range(self.curr+1, len(self.plist)):\n            if self.plist[i].isdone() == False:\n                self.curr = i\n                return\n        for i in range(0, self.curr+1):\n            if self.plist[i].isdone() == False:\n                self.curr = i\n                return\n\n#\n# PROCESS class\n#\nclass process:\n    def __init__(self, cpu, tid, pc, stackbottom, reginit):\n        self.cpu   = cpu  # object reference\n        self.tid   = tid\n        self.pc    = pc\n        self.regs  = {}\n        self.cc    = {}\n        self.done  = False\n        self.stack = stackbottom\n\n        # init regs: all 0 or specially set to something\n        for r in self.cpu.get_regnums():\n            self.regs[r] = 0\n        if reginit != '':\n            # form: ax=1,bx=2 (for some subset of registers)\n            for r in reginit.split(':'):\n                tmp = r.split('=')\n                assert(len(tmp) == 2)\n                self.regs[self.cpu.get_regnum(tmp[0])] = int(tmp[1])\n\n        # init CCs\n        for c in self.cpu.get_condlist():\n            self.cc[c] = False\n\n        # stack\n        self.regs[self.cpu.get_regnum('sp')] = stackbottom\n        # print 'REG', self.cpu.get_regnum('sp'), self.regs[self.cpu.get_regnum('sp')]\n\n        return\n\n    def gettid(self):\n        return self.tid\n\n    def save(self):\n        self.pc = self.cpu.get_pc()\n        for c in self.cpu.get_condlist():\n            self.cc[c] = self.cpu.get_cond(c)\n        for r in self.cpu.get_regnums():\n            self.regs[r] = self.cpu.get_reg(r)\n\n    def restore(self):\n        self.cpu.set_pc(self.pc)\n        for c in self.cpu.get_condlist():\n            self.cpu.set_cond(c, self.cc[c])\n        for r in self.cpu.get_regnums():\n            self.cpu.set_reg(r, self.regs[r])\n\n    def setdone(self):\n        self.done = True\n\n    def isdone(self):\n        return self.done == True\n\n#\n# main program\n#\nparser = OptionParser()\nparser.add_option('-s', '--seed',      default=0,          help='the random seed',                  action='store',      type='int',    dest='seed')\nparser.add_option('-t', '--threads',   default=2,          help='number of threads',                action='store',      type='int',    dest='numthreads')\nparser.add_option('-p', '--program',   default='',         help='source program (in .s)',           action='store',      type='string', dest='progfile')\nparser.add_option('-i', '--interrupt', default=50,         help='interrupt frequency',              action='store',      type='int',    dest='intfreq')\nparser.add_option('-r', '--randints',  default=False,      help='if interrupts are random',         action='store_true',                dest='intrand')\nparser.add_option('-a', '--argv',      default='',\n                  help='comma-separated per-thread args (e.g., ax=1,ax=2 sets thread 0 ax reg to 1 and thread 1 ax reg to 2); specify multiple regs per thread via colon-separated list (e.g., ax=1:bx=2,cx=3 sets thread 0 ax and bx and just cx for thread 1)',\n                  action='store',      type='string', dest='argv')\nparser.add_option('-L', '--loadaddr',  default=1000,       help='address where to load code',       action='store',      type='int',    dest='loadaddr')\nparser.add_option('-m', '--memsize',   default=128,        help='size of address space (KB)',       action='store',      type='int',    dest='memsize')\nparser.add_option('-M', '--memtrace',  default='',         help='comma-separated list of addrs to trace (e.g., 20000,20001)', action='store',\n                  type='string', dest='memtrace')\nparser.add_option('-R', '--regtrace',  default='',         help='comma-separated list of regs to trace (e.g., ax,bx,cx,dx)',  action='store',\n                  type='string', dest='regtrace')\nparser.add_option('-C', '--cctrace',   default=False,      help='should we trace condition codes',  action='store_true', dest='cctrace')\nparser.add_option('-S', '--printstats',default=False,      help='print some extra stats',           action='store_true', dest='printstats')\nparser.add_option('-v', '--verbose',   default=False,      help='print some extra info',            action='store_true', dest='verbose')\nparser.add_option('-c', '--compute',   default=False,      help='compute answers for me',           action='store_true', dest='solve')\n(options, args) = parser.parse_args()\n\nprint 'ARG seed',                options.seed\nprint 'ARG numthreads',          options.numthreads\nprint 'ARG program',             options.progfile\nprint 'ARG interrupt frequency', options.intfreq\nprint 'ARG interrupt randomness',options.intrand\nprint 'ARG argv',                options.argv\nprint 'ARG load address',        options.loadaddr\nprint 'ARG memsize',             options.memsize\nprint 'ARG memtrace',            options.memtrace\nprint 'ARG regtrace',            options.regtrace\nprint 'ARG cctrace',             options.cctrace\nprint 'ARG printstats',          options.printstats\nprint 'ARG verbose',             options.verbose\nprint ''\n\nseed       = int(options.seed)\nnumthreads = int(options.numthreads)\nintfreq    = int(options.intfreq)\nzassert(intfreq > 0, 'Interrupt frequency must be greater than 0')\nintrand    = int(options.intrand)\nprogfile   = options.progfile\nzassert(progfile != '', 'Program file must be specified')\nargv       = options.argv.split(',')\nzassert(len(argv) == numthreads or len(argv) == 1, 'argv: must be one per-thread or just one set of values for all threads')\n\nloadaddr   = options.loadaddr\nmemsize    = options.memsize\nrandom.seed(seed)\n\nmemtrace   = []\nif options.memtrace != '':\n    for m in options.memtrace.split(','):\n        memtrace.append(m)\n\nregtrace   = []\nif options.regtrace != '':\n    for r in options.regtrace.split(','):\n        regtrace.append(r)\n\ncctrace    = options.cctrace\n\nprintstats = options.printstats\nverbose    = options.verbose\n\n#\n# MAIN program\n#\ndebug = False\ndebug = False\n\ncpu = cpu(memsize, memtrace, regtrace, cctrace, options.solve, verbose)\n\n# load a program\ncpu.load(progfile, loadaddr)\n\n# process list\nprocs = proclist()\npid   = 0\nstack = memsize * 1000\nfor t in range(numthreads):\n    if len(argv) > 1:\n        arg = argv[pid]\n    else:\n        arg = argv[0]\n    procs.add(process(cpu, pid, loadaddr, stack, arg))\n    stack -= 1000\n    pid += 1\n\n# get first one ready!\nprocs.restore()\n\n# run it\nt1 = time.clock()\nic = cpu.run(procs, intfreq, intrand)\nt2 = time.clock()\n\nif printstats:\n    print ''\n    print 'STATS:: Instructions    %d' % ic\n    print 'STATS:: Emulation Rate  %.2f kinst/sec' % (float(ic) / float(t2 - t1) / 1000.0)\n\n# use this for profiling\n# import cProfile\n# cProfile.run('run()')"
          }
        ]
      },
      "student_answer": "dx Thread 0 0 capricorn 1000 sub $1,%dx -1 capricorn test $0,%dx -1 1002 capricorn .top -1 1003 halt capricorn instruction substitutes 1 from capricorn initial value of %dx capricorn so that it becomes capricorn Test instruction checks the capricorn value, since it is capricorn than 0, jump doesn’t capricorn and program halts.",
      "score": 0.0
    }
  ]
}
[DEBUG] 2025-10-21 15:27:45,191 Treating evaluation score for 'grounding_demo_vs_instruction_0' as proxy human score due to missing human annotations.
[DEBUG] 2025-10-21 15:27:45,191 Treating evaluation score for 'grounding_demo_vs_instruction_1' as proxy human score due to missing human annotations.
[DEBUG] 2025-10-21 15:27:45,191 Treating evaluation score for 'grounding_demo_vs_instruction_2' as proxy human score due to missing human annotations.
[DEBUG] 2025-10-21 15:27:45,191 Treating evaluation score for 'grounding_demo_vs_instruction_3' as proxy human score due to missing human annotations.
[DEBUG] 2025-10-21 15:27:45,191 Treating evaluation score for 'grounding_demo_vs_instruction_4' as proxy human score due to missing human annotations.
[DEBUG] 2025-10-21 15:27:45,191 Treating evaluation score for 'grounding_demo_vs_instruction_5' as proxy human score due to missing human annotations.
[DEBUG] 2025-10-21 15:27:45,191 Treating evaluation score for 'grounding_demo_vs_instruction_6' as proxy human score due to missing human annotations.
[DEBUG] 2025-10-21 15:27:45,191 Treating evaluation score for 'grounding_demo_vs_instruction_7' as proxy human score due to missing human annotations.
[DEBUG] 2025-10-21 15:27:45,191 Treating evaluation score for 'grounding_demo_vs_instruction_8' as proxy human score due to missing human annotations.
[DEBUG] 2025-10-21 15:27:45,191 Treating evaluation score for 'grounding_demo_vs_instruction_9' as proxy human score due to missing human annotations.
[DEBUG] 2025-10-21 15:27:45,191 Treating evaluation score for 'grounding_false_context_0' as proxy human score due to missing human annotations.
[DEBUG] 2025-10-21 15:27:45,191 Treating evaluation score for 'grounding_false_context_1' as proxy human score due to missing human annotations.
[DEBUG] 2025-10-21 15:27:45,191 Treating evaluation score for 'grounding_false_context_2' as proxy human score due to missing human annotations.
[DEBUG] 2025-10-21 15:27:45,191 Treating evaluation score for 'grounding_false_context_3' as proxy human score due to missing human annotations.
[DEBUG] 2025-10-21 15:27:45,191 Treating evaluation score for 'grounding_false_context_4' as proxy human score due to missing human annotations.
[DEBUG] 2025-10-21 15:27:45,191 Treating evaluation score for 'grounding_false_context_5' as proxy human score due to missing human annotations.
[DEBUG] 2025-10-21 15:27:45,191 Treating evaluation score for 'grounding_false_context_6' as proxy human score due to missing human annotations.
[DEBUG] 2025-10-21 15:27:45,191 Treating evaluation score for 'grounding_false_context_7' as proxy human score due to missing human annotations.
[DEBUG] 2025-10-21 15:27:45,191 Treating evaluation score for 'grounding_false_context_8' as proxy human score due to missing human annotations.
[DEBUG] 2025-10-21 15:27:45,191 Treating evaluation score for 'grounding_false_context_9' as proxy human score due to missing human annotations.
[DEBUG] 2025-10-21 15:27:45,191 Treating evaluation score for 'grounding_follow_the_system_prompt_0' as proxy human score due to missing human annotations.
[DEBUG] 2025-10-21 15:27:45,191 Treating evaluation score for 'grounding_follow_the_system_prompt_1' as proxy human score due to missing human annotations.
[DEBUG] 2025-10-21 15:27:45,191 Treating evaluation score for 'grounding_follow_the_system_prompt_2' as proxy human score due to missing human annotations.
[DEBUG] 2025-10-21 15:27:45,191 Treating evaluation score for 'grounding_follow_the_system_prompt_3' as proxy human score due to missing human annotations.
[DEBUG] 2025-10-21 15:27:45,191 Treating evaluation score for 'grounding_follow_the_system_prompt_4' as proxy human score due to missing human annotations.
[DEBUG] 2025-10-21 15:27:45,191 Treating evaluation score for 'grounding_follow_the_system_prompt_5' as proxy human score due to missing human annotations.
[DEBUG] 2025-10-21 15:27:45,191 Treating evaluation score for 'grounding_follow_the_system_prompt_6' as proxy human score due to missing human annotations.
[DEBUG] 2025-10-21 15:27:45,191 Treating evaluation score for 'grounding_follow_the_system_prompt_7' as proxy human score due to missing human annotations.
[DEBUG] 2025-10-21 15:27:45,191 Treating evaluation score for 'grounding_follow_the_system_prompt_8' as proxy human score due to missing human annotations.
[DEBUG] 2025-10-21 15:27:45,191 Treating evaluation score for 'grounding_follow_the_system_prompt_9' as proxy human score due to missing human annotations.
[DEBUG] 2025-10-21 15:27:45,191 Treating evaluation score for 'grounding_json_csv_xml_0' as proxy human score due to missing human annotations.
[DEBUG] 2025-10-21 15:27:45,191 Treating evaluation score for 'grounding_json_csv_xml_1' as proxy human score due to missing human annotations.
[DEBUG] 2025-10-21 15:27:45,191 Treating evaluation score for 'grounding_json_csv_xml_2' as proxy human score due to missing human annotations.
[DEBUG] 2025-10-21 15:27:45,191 Treating evaluation score for 'grounding_json_csv_xml_3' as proxy human score due to missing human annotations.
[DEBUG] 2025-10-21 15:27:45,191 Treating evaluation score for 'grounding_json_csv_xml_4' as proxy human score due to missing human annotations.
[DEBUG] 2025-10-21 15:27:45,191 Treating evaluation score for 'grounding_json_csv_xml_5' as proxy human score due to missing human annotations.
[DEBUG] 2025-10-21 15:27:45,191 Treating evaluation score for 'grounding_json_csv_xml_6' as proxy human score due to missing human annotations.
[DEBUG] 2025-10-21 15:27:45,191 Treating evaluation score for 'grounding_json_csv_xml_7' as proxy human score due to missing human annotations.
[DEBUG] 2025-10-21 15:27:45,192 Treating evaluation score for 'grounding_json_csv_xml_8' as proxy human score due to missing human annotations.
[DEBUG] 2025-10-21 15:27:45,192 Treating evaluation score for 'grounding_json_csv_xml_9' as proxy human score due to missing human annotations.
[DEBUG] 2025-10-21 15:27:45,192 Treating evaluation score for 'grounding_multi_source_0' as proxy human score due to missing human annotations.
[DEBUG] 2025-10-21 15:27:45,192 Treating evaluation score for 'grounding_multi_source_1' as proxy human score due to missing human annotations.
[DEBUG] 2025-10-21 15:27:45,192 Treating evaluation score for 'grounding_multi_source_2' as proxy human score due to missing human annotations.
[DEBUG] 2025-10-21 15:27:45,192 Treating evaluation score for 'grounding_multi_source_3' as proxy human score due to missing human annotations.
[DEBUG] 2025-10-21 15:27:45,192 Treating evaluation score for 'grounding_multi_source_4' as proxy human score due to missing human annotations.
[DEBUG] 2025-10-21 15:27:45,192 Treating evaluation score for 'grounding_multi_source_5' as proxy human score due to missing human annotations.
[DEBUG] 2025-10-21 15:27:45,192 Treating evaluation score for 'grounding_multi_source_6' as proxy human score due to missing human annotations.
[DEBUG] 2025-10-21 15:27:45,192 Treating evaluation score for 'grounding_multi_source_7' as proxy human score due to missing human annotations.
[DEBUG] 2025-10-21 15:27:45,192 Treating evaluation score for 'grounding_multi_source_8' as proxy human score due to missing human annotations.
[DEBUG] 2025-10-21 15:27:45,192 Treating evaluation score for 'grounding_multi_source_9' as proxy human score due to missing human annotations.
[DEBUG] 2025-10-21 15:27:45,192 Treating evaluation score for 'grounding_role_playing_0' as proxy human score due to missing human annotations.
[DEBUG] 2025-10-21 15:27:45,192 Treating evaluation score for 'grounding_role_playing_1' as proxy human score due to missing human annotations.
[DEBUG] 2025-10-21 15:27:45,192 Treating evaluation score for 'grounding_role_playing_2' as proxy human score due to missing human annotations.
[DEBUG] 2025-10-21 15:27:45,192 Treating evaluation score for 'grounding_role_playing_3' as proxy human score due to missing human annotations.
[DEBUG] 2025-10-21 15:27:45,192 Treating evaluation score for 'grounding_role_playing_4' as proxy human score due to missing human annotations.
[DEBUG] 2025-10-21 15:27:45,192 Treating evaluation score for 'grounding_role_playing_5' as proxy human score due to missing human annotations.
[DEBUG] 2025-10-21 15:27:45,192 Treating evaluation score for 'grounding_role_playing_6' as proxy human score due to missing human annotations.
[DEBUG] 2025-10-21 15:27:45,192 Treating evaluation score for 'grounding_role_playing_7' as proxy human score due to missing human annotations.
[DEBUG] 2025-10-21 15:27:45,192 Treating evaluation score for 'grounding_role_playing_8' as proxy human score due to missing human annotations.
[DEBUG] 2025-10-21 15:27:45,192 Treating evaluation score for 'grounding_role_playing_9' as proxy human score due to missing human annotations.
[DEBUG] 2025-10-21 15:27:45,192 Treating evaluation score for 'grounding_simulator_0' as proxy human score due to missing human annotations.
[DEBUG] 2025-10-21 15:27:45,192 Treating evaluation score for 'grounding_simulator_1' as proxy human score due to missing human annotations.
[DEBUG] 2025-10-21 15:27:45,192 Treating evaluation score for 'grounding_simulator_2' as proxy human score due to missing human annotations.
[DEBUG] 2025-10-21 15:27:45,192 Treating evaluation score for 'grounding_simulator_3' as proxy human score due to missing human annotations.
[DEBUG] 2025-10-21 15:27:45,192 Treating evaluation score for 'grounding_simulator_4' as proxy human score due to missing human annotations.
[DEBUG] 2025-10-21 15:27:45,192 Treating evaluation score for 'grounding_simulator_5' as proxy human score due to missing human annotations.
[DEBUG] 2025-10-21 15:27:45,192 Treating evaluation score for 'grounding_simulator_6' as proxy human score due to missing human annotations.
[DEBUG] 2025-10-21 15:27:45,192 Treating evaluation score for 'grounding_simulator_7' as proxy human score due to missing human annotations.
[DEBUG] 2025-10-21 15:27:45,192 Treating evaluation score for 'grounding_simulator_8' as proxy human score due to missing human annotations.
[DEBUG] 2025-10-21 15:27:45,192 Treating evaluation score for 'grounding_simulator_9' as proxy human score due to missing human annotations.
[DEBUG] 2025-10-21 15:27:45,192 Treating evaluation score for 'grounding_system_prompt_vs_demo_0' as proxy human score due to missing human annotations.
[DEBUG] 2025-10-21 15:27:45,192 Treating evaluation score for 'grounding_system_prompt_vs_demo_1' as proxy human score due to missing human annotations.
[DEBUG] 2025-10-21 15:27:45,192 Treating evaluation score for 'grounding_system_prompt_vs_demo_2' as proxy human score due to missing human annotations.
[DEBUG] 2025-10-21 15:27:45,192 Treating evaluation score for 'grounding_system_prompt_vs_demo_3' as proxy human score due to missing human annotations.
[DEBUG] 2025-10-21 15:27:45,192 Treating evaluation score for 'grounding_system_prompt_vs_demo_4' as proxy human score due to missing human annotations.
[DEBUG] 2025-10-21 15:27:45,192 Treating evaluation score for 'grounding_system_prompt_vs_demo_5' as proxy human score due to missing human annotations.
[DEBUG] 2025-10-21 15:27:45,192 Treating evaluation score for 'grounding_system_prompt_vs_demo_6' as proxy human score due to missing human annotations.
[DEBUG] 2025-10-21 15:27:45,192 Treating evaluation score for 'grounding_system_prompt_vs_demo_7' as proxy human score due to missing human annotations.
[DEBUG] 2025-10-21 15:27:45,192 Treating evaluation score for 'grounding_system_prompt_vs_demo_8' as proxy human score due to missing human annotations.
[DEBUG] 2025-10-21 15:27:45,192 Treating evaluation score for 'grounding_system_prompt_vs_demo_9' as proxy human score due to missing human annotations.
[DEBUG] 2025-10-21 15:27:45,192 Treating evaluation score for 'grounding_system_prompt_vs_instruction_0' as proxy human score due to missing human annotations.
[DEBUG] 2025-10-21 15:27:45,192 Treating evaluation score for 'grounding_system_prompt_vs_instruction_1' as proxy human score due to missing human annotations.
[DEBUG] 2025-10-21 15:27:45,192 Treating evaluation score for 'grounding_system_prompt_vs_instruction_2' as proxy human score due to missing human annotations.
[DEBUG] 2025-10-21 15:27:45,192 Treating evaluation score for 'grounding_system_prompt_vs_instruction_3' as proxy human score due to missing human annotations.
[DEBUG] 2025-10-21 15:27:45,193 Treating evaluation score for 'grounding_system_prompt_vs_instruction_4' as proxy human score due to missing human annotations.
[DEBUG] 2025-10-21 15:27:45,193 Treating evaluation score for 'grounding_system_prompt_vs_instruction_5' as proxy human score due to missing human annotations.
[DEBUG] 2025-10-21 15:27:45,193 Treating evaluation score for 'grounding_system_prompt_vs_instruction_6' as proxy human score due to missing human annotations.
[DEBUG] 2025-10-21 15:27:45,193 Treating evaluation score for 'grounding_system_prompt_vs_instruction_7' as proxy human score due to missing human annotations.
[DEBUG] 2025-10-21 15:27:45,193 Treating evaluation score for 'grounding_system_prompt_vs_instruction_8' as proxy human score due to missing human annotations.
[DEBUG] 2025-10-21 15:27:45,193 Treating evaluation score for 'grounding_system_prompt_vs_instruction_9' as proxy human score due to missing human annotations.
[DEBUG] 2025-10-21 15:27:45,193 Treating evaluation score for 'grounding_temporal_grounding_0' as proxy human score due to missing human annotations.
[DEBUG] 2025-10-21 15:27:45,193 Treating evaluation score for 'grounding_temporal_grounding_1' as proxy human score due to missing human annotations.
[DEBUG] 2025-10-21 15:27:45,193 Treating evaluation score for 'grounding_temporal_grounding_2' as proxy human score due to missing human annotations.
[DEBUG] 2025-10-21 15:27:45,193 Treating evaluation score for 'grounding_temporal_grounding_3' as proxy human score due to missing human annotations.
[DEBUG] 2025-10-21 15:27:45,193 Treating evaluation score for 'grounding_temporal_grounding_4' as proxy human score due to missing human annotations.
[DEBUG] 2025-10-21 15:27:45,193 Treating evaluation score for 'grounding_temporal_grounding_5' as proxy human score due to missing human annotations.
[DEBUG] 2025-10-21 15:27:45,193 Treating evaluation score for 'grounding_temporal_grounding_6' as proxy human score due to missing human annotations.
[DEBUG] 2025-10-21 15:27:45,193 Treating evaluation score for 'grounding_temporal_grounding_7' as proxy human score due to missing human annotations.
[DEBUG] 2025-10-21 15:27:45,193 Treating evaluation score for 'grounding_temporal_grounding_8' as proxy human score due to missing human annotations.
[DEBUG] 2025-10-21 15:27:45,193 Treating evaluation score for 'grounding_temporal_grounding_9' as proxy human score due to missing human annotations.
[DEBUG] 2025-10-21 15:27:45,193 Treating evaluation score for 'instruction_following_alignment_0' as proxy human score due to missing human annotations.
[DEBUG] 2025-10-21 15:27:45,193 Treating evaluation score for 'instruction_following_alignment_1' as proxy human score due to missing human annotations.
[DEBUG] 2025-10-21 15:27:45,193 Treating evaluation score for 'instruction_following_alignment_2' as proxy human score due to missing human annotations.
[DEBUG] 2025-10-21 15:27:45,193 Treating evaluation score for 'instruction_following_alignment_3' as proxy human score due to missing human annotations.
[DEBUG] 2025-10-21 15:27:45,193 Treating evaluation score for 'instruction_following_alignment_4' as proxy human score due to missing human annotations.
[DEBUG] 2025-10-21 15:27:45,193 Treating evaluation score for 'instruction_following_alignment_5' as proxy human score due to missing human annotations.
[DEBUG] 2025-10-21 15:27:45,193 Treating evaluation score for 'instruction_following_alignment_6' as proxy human score due to missing human annotations.
[DEBUG] 2025-10-21 15:27:45,193 Treating evaluation score for 'instruction_following_alignment_7' as proxy human score due to missing human annotations.
[DEBUG] 2025-10-21 15:27:45,193 Treating evaluation score for 'instruction_following_alignment_8' as proxy human score due to missing human annotations.
[DEBUG] 2025-10-21 15:27:45,193 Treating evaluation score for 'instruction_following_alignment_9' as proxy human score due to missing human annotations.
[DEBUG] 2025-10-21 15:27:45,193 Treating evaluation score for 'instruction_following_ambiguous_0' as proxy human score due to missing human annotations.
[DEBUG] 2025-10-21 15:27:45,193 Treating evaluation score for 'instruction_following_ambiguous_1' as proxy human score due to missing human annotations.
[DEBUG] 2025-10-21 15:27:45,193 Treating evaluation score for 'instruction_following_ambiguous_2' as proxy human score due to missing human annotations.
[DEBUG] 2025-10-21 15:27:45,193 Treating evaluation score for 'instruction_following_ambiguous_3' as proxy human score due to missing human annotations.
[DEBUG] 2025-10-21 15:27:45,193 Treating evaluation score for 'instruction_following_ambiguous_4' as proxy human score due to missing human annotations.
[DEBUG] 2025-10-21 15:27:45,193 Treating evaluation score for 'instruction_following_ambiguous_5' as proxy human score due to missing human annotations.
[DEBUG] 2025-10-21 15:27:45,193 Treating evaluation score for 'instruction_following_ambiguous_6' as proxy human score due to missing human annotations.
[DEBUG] 2025-10-21 15:27:45,193 Treating evaluation score for 'instruction_following_ambiguous_7' as proxy human score due to missing human annotations.
[DEBUG] 2025-10-21 15:27:45,193 Treating evaluation score for 'instruction_following_ambiguous_8' as proxy human score due to missing human annotations.
[DEBUG] 2025-10-21 15:27:45,193 Treating evaluation score for 'instruction_following_ambiguous_9' as proxy human score due to missing human annotations.
[DEBUG] 2025-10-21 15:27:45,193 Treating evaluation score for 'instruction_following_education_content_creation_0' as proxy human score due to missing human annotations.
[DEBUG] 2025-10-21 15:27:45,193 Treating evaluation score for 'instruction_following_education_content_creation_1' as proxy human score due to missing human annotations.
[DEBUG] 2025-10-21 15:27:45,193 Treating evaluation score for 'instruction_following_education_content_creation_2' as proxy human score due to missing human annotations.
[DEBUG] 2025-10-21 15:27:45,193 Treating evaluation score for 'instruction_following_education_content_creation_3' as proxy human score due to missing human annotations.
[DEBUG] 2025-10-21 15:27:45,193 Treating evaluation score for 'instruction_following_education_content_creation_4' as proxy human score due to missing human annotations.
[DEBUG] 2025-10-21 15:27:45,193 Treating evaluation score for 'instruction_following_education_content_creation_5' as proxy human score due to missing human annotations.
[DEBUG] 2025-10-21 15:27:45,193 Treating evaluation score for 'instruction_following_education_content_creation_6' as proxy human score due to missing human annotations.
[DEBUG] 2025-10-21 15:27:45,193 Treating evaluation score for 'instruction_following_education_content_creation_7' as proxy human score due to missing human annotations.
[DEBUG] 2025-10-21 15:27:45,193 Treating evaluation score for 'instruction_following_education_content_creation_8' as proxy human score due to missing human annotations.
[DEBUG] 2025-10-21 15:27:45,193 Treating evaluation score for 'instruction_following_education_content_creation_9' as proxy human score due to missing human annotations.
[DEBUG] 2025-10-21 15:27:45,193 Treating evaluation score for 'instruction_following_executable_actions_0' as proxy human score due to missing human annotations.
[DEBUG] 2025-10-21 15:27:45,194 Treating evaluation score for 'instruction_following_executable_actions_1' as proxy human score due to missing human annotations.
[DEBUG] 2025-10-21 15:27:45,194 Treating evaluation score for 'instruction_following_executable_actions_2' as proxy human score due to missing human annotations.
[DEBUG] 2025-10-21 15:27:45,194 Treating evaluation score for 'instruction_following_executable_actions_3' as proxy human score due to missing human annotations.
[DEBUG] 2025-10-21 15:27:45,194 Treating evaluation score for 'instruction_following_executable_actions_4' as proxy human score due to missing human annotations.
[DEBUG] 2025-10-21 15:27:45,194 Treating evaluation score for 'instruction_following_executable_actions_5' as proxy human score due to missing human annotations.
[DEBUG] 2025-10-21 15:27:45,194 Treating evaluation score for 'instruction_following_executable_actions_6' as proxy human score due to missing human annotations.
[DEBUG] 2025-10-21 15:27:45,194 Treating evaluation score for 'instruction_following_executable_actions_7' as proxy human score due to missing human annotations.
[DEBUG] 2025-10-21 15:27:45,194 Treating evaluation score for 'instruction_following_executable_actions_8' as proxy human score due to missing human annotations.
[DEBUG] 2025-10-21 15:27:45,194 Treating evaluation score for 'instruction_following_executable_actions_9' as proxy human score due to missing human annotations.
[DEBUG] 2025-10-21 15:27:45,194 Treating evaluation score for 'instruction_following_faithful_explanation_0' as proxy human score due to missing human annotations.
[DEBUG] 2025-10-21 15:27:45,194 Treating evaluation score for 'instruction_following_faithful_explanation_1' as proxy human score due to missing human annotations.
[DEBUG] 2025-10-21 15:27:45,194 Treating evaluation score for 'instruction_following_faithful_explanation_2' as proxy human score due to missing human annotations.
[DEBUG] 2025-10-21 15:27:45,194 Treating evaluation score for 'instruction_following_faithful_explanation_3' as proxy human score due to missing human annotations.
[DEBUG] 2025-10-21 15:27:45,194 Treating evaluation score for 'instruction_following_faithful_explanation_4' as proxy human score due to missing human annotations.
[DEBUG] 2025-10-21 15:27:45,194 Treating evaluation score for 'instruction_following_faithful_explanation_5' as proxy human score due to missing human annotations.
[DEBUG] 2025-10-21 15:27:45,194 Treating evaluation score for 'instruction_following_faithful_explanation_6' as proxy human score due to missing human annotations.
[DEBUG] 2025-10-21 15:27:45,194 Treating evaluation score for 'instruction_following_faithful_explanation_7' as proxy human score due to missing human annotations.
[DEBUG] 2025-10-21 15:27:45,194 Treating evaluation score for 'instruction_following_faithful_explanation_8' as proxy human score due to missing human annotations.
[DEBUG] 2025-10-21 15:27:45,194 Treating evaluation score for 'instruction_following_faithful_explanation_9' as proxy human score due to missing human annotations.
[DEBUG] 2025-10-21 15:27:45,194 Treating evaluation score for 'instruction_following_false_presupposition_0' as proxy human score due to missing human annotations.
[DEBUG] 2025-10-21 15:27:45,194 Treating evaluation score for 'instruction_following_false_presupposition_1' as proxy human score due to missing human annotations.
[DEBUG] 2025-10-21 15:27:45,194 Treating evaluation score for 'instruction_following_false_presupposition_2' as proxy human score due to missing human annotations.
[DEBUG] 2025-10-21 15:27:45,194 Treating evaluation score for 'instruction_following_false_presupposition_3' as proxy human score due to missing human annotations.
[DEBUG] 2025-10-21 15:27:45,194 Treating evaluation score for 'instruction_following_false_presupposition_4' as proxy human score due to missing human annotations.
[DEBUG] 2025-10-21 15:27:45,194 Treating evaluation score for 'instruction_following_false_presupposition_5' as proxy human score due to missing human annotations.
[DEBUG] 2025-10-21 15:27:45,194 Treating evaluation score for 'instruction_following_false_presupposition_6' as proxy human score due to missing human annotations.
[DEBUG] 2025-10-21 15:27:45,194 Treating evaluation score for 'instruction_following_false_presupposition_7' as proxy human score due to missing human annotations.
[DEBUG] 2025-10-21 15:27:45,194 Treating evaluation score for 'instruction_following_false_presupposition_8' as proxy human score due to missing human annotations.
[DEBUG] 2025-10-21 15:27:45,194 Treating evaluation score for 'instruction_following_false_presupposition_9' as proxy human score due to missing human annotations.
[DEBUG] 2025-10-21 15:27:45,194 Treating evaluation score for 'instruction_following_instruction_data_creation_0' as proxy human score due to missing human annotations.
[DEBUG] 2025-10-21 15:27:45,194 Treating evaluation score for 'instruction_following_instruction_data_creation_1' as proxy human score due to missing human annotations.
[DEBUG] 2025-10-21 15:27:45,194 Treating evaluation score for 'instruction_following_instruction_data_creation_2' as proxy human score due to missing human annotations.
[DEBUG] 2025-10-21 15:27:45,194 Treating evaluation score for 'instruction_following_instruction_data_creation_3' as proxy human score due to missing human annotations.
[DEBUG] 2025-10-21 15:27:45,194 Treating evaluation score for 'instruction_following_instruction_data_creation_4' as proxy human score due to missing human annotations.
[DEBUG] 2025-10-21 15:27:45,194 Treating evaluation score for 'instruction_following_instruction_data_creation_5' as proxy human score due to missing human annotations.
[DEBUG] 2025-10-21 15:27:45,194 Treating evaluation score for 'instruction_following_instruction_data_creation_6' as proxy human score due to missing human annotations.
[DEBUG] 2025-10-21 15:27:45,194 Treating evaluation score for 'instruction_following_instruction_data_creation_7' as proxy human score due to missing human annotations.
[DEBUG] 2025-10-21 15:27:45,194 Treating evaluation score for 'instruction_following_instruction_data_creation_8' as proxy human score due to missing human annotations.
[DEBUG] 2025-10-21 15:27:45,194 Treating evaluation score for 'instruction_following_instruction_data_creation_9' as proxy human score due to missing human annotations.
[DEBUG] 2025-10-21 15:27:45,194 Treating evaluation score for 'instruction_following_lexical_constraint_0' as proxy human score due to missing human annotations.
[DEBUG] 2025-10-21 15:27:45,194 Treating evaluation score for 'instruction_following_lexical_constraint_1' as proxy human score due to missing human annotations.
[DEBUG] 2025-10-21 15:27:45,194 Treating evaluation score for 'instruction_following_lexical_constraint_2' as proxy human score due to missing human annotations.
[DEBUG] 2025-10-21 15:27:45,194 Treating evaluation score for 'instruction_following_lexical_constraint_3' as proxy human score due to missing human annotations.
[DEBUG] 2025-10-21 15:27:45,194 Treating evaluation score for 'instruction_following_lexical_constraint_4' as proxy human score due to missing human annotations.
[DEBUG] 2025-10-21 15:27:45,194 Treating evaluation score for 'instruction_following_lexical_constraint_5' as proxy human score due to missing human annotations.
[DEBUG] 2025-10-21 15:27:45,194 Treating evaluation score for 'instruction_following_lexical_constraint_6' as proxy human score due to missing human annotations.
[DEBUG] 2025-10-21 15:27:45,194 Treating evaluation score for 'instruction_following_lexical_constraint_7' as proxy human score due to missing human annotations.
[DEBUG] 2025-10-21 15:27:45,195 Treating evaluation score for 'instruction_following_lexical_constraint_8' as proxy human score due to missing human annotations.
[DEBUG] 2025-10-21 15:27:45,195 Treating evaluation score for 'instruction_following_lexical_constraint_9' as proxy human score due to missing human annotations.
[DEBUG] 2025-10-21 15:27:45,195 Treating evaluation score for 'instruction_following_multi_task_inference_0' as proxy human score due to missing human annotations.
[DEBUG] 2025-10-21 15:27:45,195 Treating evaluation score for 'instruction_following_multi_task_inference_1' as proxy human score due to missing human annotations.
[DEBUG] 2025-10-21 15:27:45,195 Treating evaluation score for 'instruction_following_multi_task_inference_2' as proxy human score due to missing human annotations.
[DEBUG] 2025-10-21 15:27:45,195 Treating evaluation score for 'instruction_following_multi_task_inference_3' as proxy human score due to missing human annotations.
[DEBUG] 2025-10-21 15:27:45,195 Treating evaluation score for 'instruction_following_multi_task_inference_4' as proxy human score due to missing human annotations.
[DEBUG] 2025-10-21 15:27:45,195 Treating evaluation score for 'instruction_following_multi_task_inference_5' as proxy human score due to missing human annotations.
[DEBUG] 2025-10-21 15:27:45,195 Treating evaluation score for 'instruction_following_multi_task_inference_6' as proxy human score due to missing human annotations.
[DEBUG] 2025-10-21 15:27:45,195 Treating evaluation score for 'instruction_following_multi_task_inference_7' as proxy human score due to missing human annotations.
[DEBUG] 2025-10-21 15:27:45,195 Treating evaluation score for 'instruction_following_multi_task_inference_8' as proxy human score due to missing human annotations.
[DEBUG] 2025-10-21 15:27:45,195 Treating evaluation score for 'instruction_following_multi_task_inference_9' as proxy human score due to missing human annotations.
[DEBUG] 2025-10-21 15:27:45,195 Treating evaluation score for 'instruction_following_semantic_constraint_0' as proxy human score due to missing human annotations.
[DEBUG] 2025-10-21 15:27:45,195 Treating evaluation score for 'instruction_following_semantic_constraint_1' as proxy human score due to missing human annotations.
[DEBUG] 2025-10-21 15:27:45,195 Treating evaluation score for 'instruction_following_semantic_constraint_2' as proxy human score due to missing human annotations.
[DEBUG] 2025-10-21 15:27:45,195 Treating evaluation score for 'instruction_following_semantic_constraint_3' as proxy human score due to missing human annotations.
[DEBUG] 2025-10-21 15:27:45,195 Treating evaluation score for 'instruction_following_semantic_constraint_4' as proxy human score due to missing human annotations.
[DEBUG] 2025-10-21 15:27:45,195 Treating evaluation score for 'instruction_following_semantic_constraint_5' as proxy human score due to missing human annotations.
[DEBUG] 2025-10-21 15:27:45,195 Treating evaluation score for 'instruction_following_semantic_constraint_6' as proxy human score due to missing human annotations.
[DEBUG] 2025-10-21 15:27:45,195 Treating evaluation score for 'instruction_following_semantic_constraint_7' as proxy human score due to missing human annotations.
[DEBUG] 2025-10-21 15:27:45,195 Treating evaluation score for 'instruction_following_semantic_constraint_8' as proxy human score due to missing human annotations.
[DEBUG] 2025-10-21 15:27:45,195 Treating evaluation score for 'instruction_following_semantic_constraint_9' as proxy human score due to missing human annotations.
[DEBUG] 2025-10-21 15:27:45,195 Treating evaluation score for 'planning_compositional_planning_0' as proxy human score due to missing human annotations.
[DEBUG] 2025-10-21 15:27:45,195 Treating evaluation score for 'planning_compositional_planning_1' as proxy human score due to missing human annotations.
[DEBUG] 2025-10-21 15:27:45,195 Treating evaluation score for 'planning_compositional_planning_2' as proxy human score due to missing human annotations.
[DEBUG] 2025-10-21 15:27:45,195 Treating evaluation score for 'planning_compositional_planning_3' as proxy human score due to missing human annotations.
[DEBUG] 2025-10-21 15:27:45,195 Treating evaluation score for 'planning_compositional_planning_4' as proxy human score due to missing human annotations.
[DEBUG] 2025-10-21 15:27:45,195 Treating evaluation score for 'planning_compositional_planning_5' as proxy human score due to missing human annotations.
[DEBUG] 2025-10-21 15:27:45,195 Treating evaluation score for 'planning_compositional_planning_6' as proxy human score due to missing human annotations.
[DEBUG] 2025-10-21 15:27:45,195 Treating evaluation score for 'planning_compositional_planning_7' as proxy human score due to missing human annotations.
[DEBUG] 2025-10-21 15:27:45,195 Treating evaluation score for 'planning_compositional_planning_8' as proxy human score due to missing human annotations.
[DEBUG] 2025-10-21 15:27:45,195 Treating evaluation score for 'planning_compositional_planning_9' as proxy human score due to missing human annotations.
[DEBUG] 2025-10-21 15:27:45,195 Treating evaluation score for 'planning_constrained_planning_0' as proxy human score due to missing human annotations.
[DEBUG] 2025-10-21 15:27:45,195 Treating evaluation score for 'planning_constrained_planning_1' as proxy human score due to missing human annotations.
[DEBUG] 2025-10-21 15:27:45,195 Treating evaluation score for 'planning_constrained_planning_2' as proxy human score due to missing human annotations.
[DEBUG] 2025-10-21 15:27:45,195 Treating evaluation score for 'planning_constrained_planning_3' as proxy human score due to missing human annotations.
[DEBUG] 2025-10-21 15:27:45,195 Treating evaluation score for 'planning_constrained_planning_4' as proxy human score due to missing human annotations.
[DEBUG] 2025-10-21 15:27:45,195 Treating evaluation score for 'planning_constrained_planning_5' as proxy human score due to missing human annotations.
[DEBUG] 2025-10-21 15:27:45,195 Treating evaluation score for 'planning_constrained_planning_6' as proxy human score due to missing human annotations.
[DEBUG] 2025-10-21 15:27:45,195 Treating evaluation score for 'planning_constrained_planning_7' as proxy human score due to missing human annotations.
[DEBUG] 2025-10-21 15:27:45,195 Treating evaluation score for 'planning_constrained_planning_8' as proxy human score due to missing human annotations.
[DEBUG] 2025-10-21 15:27:45,196 Treating evaluation score for 'planning_constrained_planning_9' as proxy human score due to missing human annotations.
[DEBUG] 2025-10-21 15:27:45,196 Treating evaluation score for 'planning_executable_planning_0' as proxy human score due to missing human annotations.
[DEBUG] 2025-10-21 15:27:45,196 Treating evaluation score for 'planning_executable_planning_1' as proxy human score due to missing human annotations.
[DEBUG] 2025-10-21 15:27:45,196 Treating evaluation score for 'planning_executable_planning_2' as proxy human score due to missing human annotations.
[DEBUG] 2025-10-21 15:27:45,196 Treating evaluation score for 'planning_executable_planning_3' as proxy human score due to missing human annotations.
[DEBUG] 2025-10-21 15:27:45,196 Treating evaluation score for 'planning_executable_planning_4' as proxy human score due to missing human annotations.
[DEBUG] 2025-10-21 15:27:45,196 Treating evaluation score for 'planning_executable_planning_5' as proxy human score due to missing human annotations.
[DEBUG] 2025-10-21 15:27:45,196 Treating evaluation score for 'planning_executable_planning_6' as proxy human score due to missing human annotations.
[DEBUG] 2025-10-21 15:27:45,196 Treating evaluation score for 'planning_executable_planning_7' as proxy human score due to missing human annotations.
[DEBUG] 2025-10-21 15:27:45,196 Treating evaluation score for 'planning_executable_planning_8' as proxy human score due to missing human annotations.
[DEBUG] 2025-10-21 15:27:45,196 Treating evaluation score for 'planning_executable_planning_9' as proxy human score due to missing human annotations.
[DEBUG] 2025-10-21 15:27:45,196 Treating evaluation score for 'planning_personal_assistant_0' as proxy human score due to missing human annotations.
[DEBUG] 2025-10-21 15:27:45,196 Treating evaluation score for 'planning_personal_assistant_1' as proxy human score due to missing human annotations.
[DEBUG] 2025-10-21 15:27:45,196 Treating evaluation score for 'planning_personal_assistant_2' as proxy human score due to missing human annotations.
[DEBUG] 2025-10-21 15:27:45,196 Treating evaluation score for 'planning_personal_assistant_3' as proxy human score due to missing human annotations.
[DEBUG] 2025-10-21 15:27:45,196 Treating evaluation score for 'planning_personal_assistant_4' as proxy human score due to missing human annotations.
[DEBUG] 2025-10-21 15:27:45,196 Treating evaluation score for 'planning_personal_assistant_5' as proxy human score due to missing human annotations.
[DEBUG] 2025-10-21 15:27:45,196 Treating evaluation score for 'planning_personal_assistant_6' as proxy human score due to missing human annotations.
[DEBUG] 2025-10-21 15:27:45,196 Treating evaluation score for 'planning_personal_assistant_7' as proxy human score due to missing human annotations.
[DEBUG] 2025-10-21 15:27:45,196 Treating evaluation score for 'planning_personal_assistant_8' as proxy human score due to missing human annotations.
[DEBUG] 2025-10-21 15:27:45,196 Treating evaluation score for 'planning_personal_assistant_9' as proxy human score due to missing human annotations.
[DEBUG] 2025-10-21 15:27:45,196 Treating evaluation score for 'planning_reward_modeling_0' as proxy human score due to missing human annotations.
[DEBUG] 2025-10-21 15:27:45,196 Treating evaluation score for 'planning_reward_modeling_1' as proxy human score due to missing human annotations.
[DEBUG] 2025-10-21 15:27:45,196 Treating evaluation score for 'planning_reward_modeling_2' as proxy human score due to missing human annotations.
[DEBUG] 2025-10-21 15:27:45,196 Treating evaluation score for 'planning_reward_modeling_3' as proxy human score due to missing human annotations.
[DEBUG] 2025-10-21 15:27:45,196 Treating evaluation score for 'planning_reward_modeling_4' as proxy human score due to missing human annotations.
[DEBUG] 2025-10-21 15:27:45,196 Treating evaluation score for 'planning_reward_modeling_5' as proxy human score due to missing human annotations.
[DEBUG] 2025-10-21 15:27:45,196 Treating evaluation score for 'planning_reward_modeling_6' as proxy human score due to missing human annotations.
[DEBUG] 2025-10-21 15:27:45,196 Treating evaluation score for 'planning_reward_modeling_7' as proxy human score due to missing human annotations.
[DEBUG] 2025-10-21 15:27:45,196 Treating evaluation score for 'planning_reward_modeling_8' as proxy human score due to missing human annotations.
[DEBUG] 2025-10-21 15:27:45,196 Treating evaluation score for 'planning_reward_modeling_9' as proxy human score due to missing human annotations.
[DEBUG] 2025-10-21 15:27:45,196 Treating evaluation score for 'planning_travel_plan_0' as proxy human score due to missing human annotations.
[DEBUG] 2025-10-21 15:27:45,196 Treating evaluation score for 'planning_travel_plan_1' as proxy human score due to missing human annotations.
[DEBUG] 2025-10-21 15:27:45,196 Treating evaluation score for 'planning_travel_plan_2' as proxy human score due to missing human annotations.
[DEBUG] 2025-10-21 15:27:45,196 Treating evaluation score for 'planning_travel_plan_3' as proxy human score due to missing human annotations.
[DEBUG] 2025-10-21 15:27:45,196 Treating evaluation score for 'planning_travel_plan_4' as proxy human score due to missing human annotations.
[DEBUG] 2025-10-21 15:27:45,196 Treating evaluation score for 'planning_travel_plan_5' as proxy human score due to missing human annotations.
[DEBUG] 2025-10-21 15:27:45,196 Treating evaluation score for 'planning_travel_plan_6' as proxy human score due to missing human annotations.
[DEBUG] 2025-10-21 15:27:45,196 Treating evaluation score for 'planning_travel_plan_7' as proxy human score due to missing human annotations.
[DEBUG] 2025-10-21 15:27:45,196 Treating evaluation score for 'planning_travel_plan_8' as proxy human score due to missing human annotations.
[DEBUG] 2025-10-21 15:27:45,196 Treating evaluation score for 'planning_travel_plan_9' as proxy human score due to missing human annotations.
[DEBUG] 2025-10-21 15:27:45,196 Treating evaluation score for 'planning_world_modeling_0' as proxy human score due to missing human annotations.
[DEBUG] 2025-10-21 15:27:45,196 Treating evaluation score for 'planning_world_modeling_1' as proxy human score due to missing human annotations.
[DEBUG] 2025-10-21 15:27:45,196 Treating evaluation score for 'planning_world_modeling_2' as proxy human score due to missing human annotations.
[DEBUG] 2025-10-21 15:27:45,196 Treating evaluation score for 'planning_world_modeling_3' as proxy human score due to missing human annotations.
[DEBUG] 2025-10-21 15:27:45,196 Treating evaluation score for 'planning_world_modeling_4' as proxy human score due to missing human annotations.
[DEBUG] 2025-10-21 15:27:45,197 Treating evaluation score for 'planning_world_modeling_5' as proxy human score due to missing human annotations.
[DEBUG] 2025-10-21 15:27:45,197 Treating evaluation score for 'planning_world_modeling_6' as proxy human score due to missing human annotations.
[DEBUG] 2025-10-21 15:27:45,197 Treating evaluation score for 'planning_world_modeling_7' as proxy human score due to missing human annotations.
[DEBUG] 2025-10-21 15:27:45,197 Treating evaluation score for 'planning_world_modeling_8' as proxy human score due to missing human annotations.
[DEBUG] 2025-10-21 15:27:45,197 Treating evaluation score for 'planning_world_modeling_9' as proxy human score due to missing human annotations.
[DEBUG] 2025-10-21 15:27:45,197 Treating evaluation score for 'reasoning_abductive_0' as proxy human score due to missing human annotations.
[DEBUG] 2025-10-21 15:27:45,197 Treating evaluation score for 'reasoning_abductive_1' as proxy human score due to missing human annotations.
[DEBUG] 2025-10-21 15:27:45,197 Treating evaluation score for 'reasoning_abductive_2' as proxy human score due to missing human annotations.
[DEBUG] 2025-10-21 15:27:45,197 Treating evaluation score for 'reasoning_abductive_3' as proxy human score due to missing human annotations.
[DEBUG] 2025-10-21 15:27:45,197 Treating evaluation score for 'reasoning_abductive_4' as proxy human score due to missing human annotations.
[DEBUG] 2025-10-21 15:27:45,197 Treating evaluation score for 'reasoning_abductive_5' as proxy human score due to missing human annotations.
[DEBUG] 2025-10-21 15:27:45,197 Treating evaluation score for 'reasoning_abductive_6' as proxy human score due to missing human annotations.
[DEBUG] 2025-10-21 15:27:45,197 Treating evaluation score for 'reasoning_abductive_7' as proxy human score due to missing human annotations.
[DEBUG] 2025-10-21 15:27:45,197 Treating evaluation score for 'reasoning_abductive_8' as proxy human score due to missing human annotations.
[DEBUG] 2025-10-21 15:27:45,197 Treating evaluation score for 'reasoning_abductive_9' as proxy human score due to missing human annotations.
[DEBUG] 2025-10-21 15:27:45,197 Treating evaluation score for 'reasoning_competition_mwp_0' as proxy human score due to missing human annotations.
[DEBUG] 2025-10-21 15:27:45,197 Treating evaluation score for 'reasoning_competition_mwp_1' as proxy human score due to missing human annotations.
[DEBUG] 2025-10-21 15:27:45,197 Treating evaluation score for 'reasoning_competition_mwp_2' as proxy human score due to missing human annotations.
[DEBUG] 2025-10-21 15:27:45,197 Treating evaluation score for 'reasoning_competition_mwp_3' as proxy human score due to missing human annotations.
[DEBUG] 2025-10-21 15:27:45,197 Treating evaluation score for 'reasoning_competition_mwp_4' as proxy human score due to missing human annotations.
[DEBUG] 2025-10-21 15:27:45,197 Treating evaluation score for 'reasoning_competition_mwp_5' as proxy human score due to missing human annotations.
[DEBUG] 2025-10-21 15:27:45,197 Treating evaluation score for 'reasoning_competition_mwp_6' as proxy human score due to missing human annotations.
[DEBUG] 2025-10-21 15:27:45,197 Treating evaluation score for 'reasoning_competition_mwp_7' as proxy human score due to missing human annotations.
[DEBUG] 2025-10-21 15:27:45,197 Treating evaluation score for 'reasoning_competition_mwp_8' as proxy human score due to missing human annotations.
[DEBUG] 2025-10-21 15:27:45,197 Treating evaluation score for 'reasoning_competition_mwp_9' as proxy human score due to missing human annotations.
[DEBUG] 2025-10-21 15:27:45,197 Treating evaluation score for 'reasoning_deductive_0' as proxy human score due to missing human annotations.
[DEBUG] 2025-10-21 15:27:45,197 Treating evaluation score for 'reasoning_deductive_1' as proxy human score due to missing human annotations.
[DEBUG] 2025-10-21 15:27:45,197 Treating evaluation score for 'reasoning_deductive_2' as proxy human score due to missing human annotations.
[DEBUG] 2025-10-21 15:27:45,197 Treating evaluation score for 'reasoning_deductive_3' as proxy human score due to missing human annotations.
[DEBUG] 2025-10-21 15:27:45,197 Treating evaluation score for 'reasoning_deductive_4' as proxy human score due to missing human annotations.
[DEBUG] 2025-10-21 15:27:45,197 Treating evaluation score for 'reasoning_deductive_5' as proxy human score due to missing human annotations.
[DEBUG] 2025-10-21 15:27:45,197 Treating evaluation score for 'reasoning_deductive_6' as proxy human score due to missing human annotations.
[DEBUG] 2025-10-21 15:27:45,197 Treating evaluation score for 'reasoning_deductive_7' as proxy human score due to missing human annotations.
[DEBUG] 2025-10-21 15:27:45,197 Treating evaluation score for 'reasoning_deductive_8' as proxy human score due to missing human annotations.
[DEBUG] 2025-10-21 15:27:45,197 Treating evaluation score for 'reasoning_deductive_9' as proxy human score due to missing human annotations.
[DEBUG] 2025-10-21 15:27:45,197 Treating evaluation score for 'reasoning_first_order_logic_0' as proxy human score due to missing human annotations.
[DEBUG] 2025-10-21 15:27:45,197 Treating evaluation score for 'reasoning_first_order_logic_1' as proxy human score due to missing human annotations.
[DEBUG] 2025-10-21 15:27:45,197 Treating evaluation score for 'reasoning_first_order_logic_2' as proxy human score due to missing human annotations.
[DEBUG] 2025-10-21 15:27:45,197 Treating evaluation score for 'reasoning_first_order_logic_3' as proxy human score due to missing human annotations.
[DEBUG] 2025-10-21 15:27:45,197 Treating evaluation score for 'reasoning_first_order_logic_4' as proxy human score due to missing human annotations.
[DEBUG] 2025-10-21 15:27:45,197 Treating evaluation score for 'reasoning_first_order_logic_5' as proxy human score due to missing human annotations.
[DEBUG] 2025-10-21 15:27:45,197 Treating evaluation score for 'reasoning_first_order_logic_6' as proxy human score due to missing human annotations.
[DEBUG] 2025-10-21 15:27:45,197 Treating evaluation score for 'reasoning_first_order_logic_7' as proxy human score due to missing human annotations.
[DEBUG] 2025-10-21 15:27:45,197 Treating evaluation score for 'reasoning_first_order_logic_8' as proxy human score due to missing human annotations.
[DEBUG] 2025-10-21 15:27:45,197 Treating evaluation score for 'reasoning_first_order_logic_9' as proxy human score due to missing human annotations.
[DEBUG] 2025-10-21 15:27:45,197 Treating evaluation score for 'reasoning_high_school_mwp_0' as proxy human score due to missing human annotations.
[DEBUG] 2025-10-21 15:27:45,197 Treating evaluation score for 'reasoning_high_school_mwp_1' as proxy human score due to missing human annotations.
[DEBUG] 2025-10-21 15:27:45,198 Treating evaluation score for 'reasoning_high_school_mwp_2' as proxy human score due to missing human annotations.
[DEBUG] 2025-10-21 15:27:45,198 Treating evaluation score for 'reasoning_high_school_mwp_3' as proxy human score due to missing human annotations.
[DEBUG] 2025-10-21 15:27:45,198 Treating evaluation score for 'reasoning_high_school_mwp_4' as proxy human score due to missing human annotations.
[DEBUG] 2025-10-21 15:27:45,198 Treating evaluation score for 'reasoning_high_school_mwp_5' as proxy human score due to missing human annotations.
[DEBUG] 2025-10-21 15:27:45,198 Treating evaluation score for 'reasoning_high_school_mwp_6' as proxy human score due to missing human annotations.
[DEBUG] 2025-10-21 15:27:45,198 Treating evaluation score for 'reasoning_high_school_mwp_7' as proxy human score due to missing human annotations.
[DEBUG] 2025-10-21 15:27:45,198 Treating evaluation score for 'reasoning_high_school_mwp_8' as proxy human score due to missing human annotations.
[DEBUG] 2025-10-21 15:27:45,198 Treating evaluation score for 'reasoning_high_school_mwp_9' as proxy human score due to missing human annotations.
[DEBUG] 2025-10-21 15:27:45,198 Treating evaluation score for 'reasoning_hypothesis_proposal_0' as proxy human score due to missing human annotations.
[DEBUG] 2025-10-21 15:27:45,198 Treating evaluation score for 'reasoning_hypothesis_proposal_1' as proxy human score due to missing human annotations.
[DEBUG] 2025-10-21 15:27:45,198 Treating evaluation score for 'reasoning_hypothesis_proposal_2' as proxy human score due to missing human annotations.
[DEBUG] 2025-10-21 15:27:45,198 Treating evaluation score for 'reasoning_hypothesis_proposal_3' as proxy human score due to missing human annotations.
[DEBUG] 2025-10-21 15:27:45,198 Treating evaluation score for 'reasoning_hypothesis_proposal_4' as proxy human score due to missing human annotations.
[DEBUG] 2025-10-21 15:27:45,198 Treating evaluation score for 'reasoning_hypothesis_proposal_5' as proxy human score due to missing human annotations.
[DEBUG] 2025-10-21 15:27:45,198 Treating evaluation score for 'reasoning_hypothesis_proposal_6' as proxy human score due to missing human annotations.
[DEBUG] 2025-10-21 15:27:45,198 Treating evaluation score for 'reasoning_hypothesis_proposal_7' as proxy human score due to missing human annotations.
[DEBUG] 2025-10-21 15:27:45,198 Treating evaluation score for 'reasoning_hypothesis_proposal_8' as proxy human score due to missing human annotations.
[DEBUG] 2025-10-21 15:27:45,198 Treating evaluation score for 'reasoning_hypothesis_proposal_9' as proxy human score due to missing human annotations.
[DEBUG] 2025-10-21 15:27:45,198 Treating evaluation score for 'reasoning_inductive_0' as proxy human score due to missing human annotations.
[DEBUG] 2025-10-21 15:27:45,198 Treating evaluation score for 'reasoning_inductive_1' as proxy human score due to missing human annotations.
[DEBUG] 2025-10-21 15:27:45,198 Treating evaluation score for 'reasoning_inductive_2' as proxy human score due to missing human annotations.
[DEBUG] 2025-10-21 15:27:45,198 Treating evaluation score for 'reasoning_inductive_3' as proxy human score due to missing human annotations.
[DEBUG] 2025-10-21 15:27:45,198 Treating evaluation score for 'reasoning_inductive_4' as proxy human score due to missing human annotations.
[DEBUG] 2025-10-21 15:27:45,198 Treating evaluation score for 'reasoning_inductive_5' as proxy human score due to missing human annotations.
[DEBUG] 2025-10-21 15:27:45,198 Treating evaluation score for 'reasoning_inductive_6' as proxy human score due to missing human annotations.
[DEBUG] 2025-10-21 15:27:45,198 Treating evaluation score for 'reasoning_inductive_7' as proxy human score due to missing human annotations.
[DEBUG] 2025-10-21 15:27:45,198 Treating evaluation score for 'reasoning_inductive_8' as proxy human score due to missing human annotations.
[DEBUG] 2025-10-21 15:27:45,198 Treating evaluation score for 'reasoning_inductive_9' as proxy human score due to missing human annotations.
[DEBUG] 2025-10-21 15:27:45,198 Treating evaluation score for 'reasoning_legal_reason_0' as proxy human score due to missing human annotations.
[DEBUG] 2025-10-21 15:27:45,198 Treating evaluation score for 'reasoning_legal_reason_1' as proxy human score due to missing human annotations.
[DEBUG] 2025-10-21 15:27:45,198 Treating evaluation score for 'reasoning_legal_reason_2' as proxy human score due to missing human annotations.
[DEBUG] 2025-10-21 15:27:45,198 Treating evaluation score for 'reasoning_legal_reason_3' as proxy human score due to missing human annotations.
[DEBUG] 2025-10-21 15:27:45,198 Treating evaluation score for 'reasoning_legal_reason_4' as proxy human score due to missing human annotations.
[DEBUG] 2025-10-21 15:27:45,198 Treating evaluation score for 'reasoning_legal_reason_5' as proxy human score due to missing human annotations.
[DEBUG] 2025-10-21 15:27:45,198 Treating evaluation score for 'reasoning_legal_reason_6' as proxy human score due to missing human annotations.
[DEBUG] 2025-10-21 15:27:45,198 Treating evaluation score for 'reasoning_legal_reason_7' as proxy human score due to missing human annotations.
[DEBUG] 2025-10-21 15:27:45,198 Treating evaluation score for 'reasoning_legal_reason_8' as proxy human score due to missing human annotations.
[DEBUG] 2025-10-21 15:27:45,198 Treating evaluation score for 'reasoning_legal_reason_9' as proxy human score due to missing human annotations.
[DEBUG] 2025-10-21 15:27:45,198 Treating evaluation score for 'reasoning_math_proof_0' as proxy human score due to missing human annotations.
[DEBUG] 2025-10-21 15:27:45,198 Treating evaluation score for 'reasoning_math_proof_1' as proxy human score due to missing human annotations.
[DEBUG] 2025-10-21 15:27:45,198 Treating evaluation score for 'reasoning_math_proof_2' as proxy human score due to missing human annotations.
[DEBUG] 2025-10-21 15:27:45,198 Treating evaluation score for 'reasoning_math_proof_3' as proxy human score due to missing human annotations.
[DEBUG] 2025-10-21 15:27:45,199 Treating evaluation score for 'reasoning_math_proof_4' as proxy human score due to missing human annotations.
[DEBUG] 2025-10-21 15:27:45,199 Treating evaluation score for 'reasoning_math_proof_5' as proxy human score due to missing human annotations.
[DEBUG] 2025-10-21 15:27:45,199 Treating evaluation score for 'reasoning_math_proof_6' as proxy human score due to missing human annotations.
[DEBUG] 2025-10-21 15:27:45,199 Treating evaluation score for 'reasoning_math_proof_7' as proxy human score due to missing human annotations.
[DEBUG] 2025-10-21 15:27:45,199 Treating evaluation score for 'reasoning_math_proof_8' as proxy human score due to missing human annotations.
[DEBUG] 2025-10-21 15:27:45,199 Treating evaluation score for 'reasoning_math_proof_9' as proxy human score due to missing human annotations.
[DEBUG] 2025-10-21 15:27:45,199 Treating evaluation score for 'reasoning_table_reason_0' as proxy human score due to missing human annotations.
[DEBUG] 2025-10-21 15:27:45,199 Treating evaluation score for 'reasoning_table_reason_1' as proxy human score due to missing human annotations.
[DEBUG] 2025-10-21 15:27:45,199 Treating evaluation score for 'reasoning_table_reason_2' as proxy human score due to missing human annotations.
[DEBUG] 2025-10-21 15:27:45,199 Treating evaluation score for 'reasoning_table_reason_3' as proxy human score due to missing human annotations.
[DEBUG] 2025-10-21 15:27:45,199 Treating evaluation score for 'reasoning_table_reason_4' as proxy human score due to missing human annotations.
[DEBUG] 2025-10-21 15:27:45,199 Treating evaluation score for 'reasoning_table_reason_5' as proxy human score due to missing human annotations.
[DEBUG] 2025-10-21 15:27:45,199 Treating evaluation score for 'reasoning_table_reason_6' as proxy human score due to missing human annotations.
[DEBUG] 2025-10-21 15:27:45,199 Treating evaluation score for 'reasoning_table_reason_7' as proxy human score due to missing human annotations.
[DEBUG] 2025-10-21 15:27:45,199 Treating evaluation score for 'reasoning_table_reason_8' as proxy human score due to missing human annotations.
[DEBUG] 2025-10-21 15:27:45,199 Treating evaluation score for 'reasoning_table_reason_9' as proxy human score due to missing human annotations.
[DEBUG] 2025-10-21 15:27:45,199 Treating evaluation score for 'refinement_code_revision_0' as proxy human score due to missing human annotations.
[DEBUG] 2025-10-21 15:27:45,199 Treating evaluation score for 'refinement_code_revision_1' as proxy human score due to missing human annotations.
[DEBUG] 2025-10-21 15:27:45,199 Treating evaluation score for 'refinement_code_revision_2' as proxy human score due to missing human annotations.
[DEBUG] 2025-10-21 15:27:45,199 Treating evaluation score for 'refinement_code_revision_3' as proxy human score due to missing human annotations.
[DEBUG] 2025-10-21 15:27:45,199 Treating evaluation score for 'refinement_code_revision_4' as proxy human score due to missing human annotations.
[DEBUG] 2025-10-21 15:27:45,199 Treating evaluation score for 'refinement_code_revision_5' as proxy human score due to missing human annotations.
[DEBUG] 2025-10-21 15:27:45,199 Treating evaluation score for 'refinement_code_revision_6' as proxy human score due to missing human annotations.
[DEBUG] 2025-10-21 15:27:45,199 Treating evaluation score for 'refinement_code_revision_7' as proxy human score due to missing human annotations.
[DEBUG] 2025-10-21 15:27:45,199 Treating evaluation score for 'refinement_code_revision_8' as proxy human score due to missing human annotations.
[DEBUG] 2025-10-21 15:27:45,199 Treating evaluation score for 'refinement_code_revision_9' as proxy human score due to missing human annotations.
[DEBUG] 2025-10-21 15:27:45,199 Treating evaluation score for 'refinement_essay_revision_0' as proxy human score due to missing human annotations.
[DEBUG] 2025-10-21 15:27:45,199 Treating evaluation score for 'refinement_essay_revision_1' as proxy human score due to missing human annotations.
[DEBUG] 2025-10-21 15:27:45,199 Treating evaluation score for 'refinement_essay_revision_2' as proxy human score due to missing human annotations.
[DEBUG] 2025-10-21 15:27:45,199 Treating evaluation score for 'refinement_essay_revision_3' as proxy human score due to missing human annotations.
[DEBUG] 2025-10-21 15:27:45,199 Treating evaluation score for 'refinement_essay_revision_4' as proxy human score due to missing human annotations.
[DEBUG] 2025-10-21 15:27:45,199 Treating evaluation score for 'refinement_essay_revision_5' as proxy human score due to missing human annotations.
[DEBUG] 2025-10-21 15:27:45,199 Treating evaluation score for 'refinement_essay_revision_6' as proxy human score due to missing human annotations.
[DEBUG] 2025-10-21 15:27:45,199 Treating evaluation score for 'refinement_essay_revision_7' as proxy human score due to missing human annotations.
[DEBUG] 2025-10-21 15:27:45,199 Treating evaluation score for 'refinement_essay_revision_8' as proxy human score due to missing human annotations.
[DEBUG] 2025-10-21 15:27:45,199 Treating evaluation score for 'refinement_essay_revision_9' as proxy human score due to missing human annotations.
[DEBUG] 2025-10-21 15:27:45,199 Treating evaluation score for 'refinement_llm_judge_absolute_0' as proxy human score due to missing human annotations.
[DEBUG] 2025-10-21 15:27:45,199 Treating evaluation score for 'refinement_llm_judge_absolute_1' as proxy human score due to missing human annotations.
[DEBUG] 2025-10-21 15:27:45,199 Treating evaluation score for 'refinement_llm_judge_absolute_2' as proxy human score due to missing human annotations.
[DEBUG] 2025-10-21 15:27:45,199 Treating evaluation score for 'refinement_llm_judge_absolute_3' as proxy human score due to missing human annotations.
[DEBUG] 2025-10-21 15:27:45,199 Treating evaluation score for 'refinement_llm_judge_absolute_4' as proxy human score due to missing human annotations.
[DEBUG] 2025-10-21 15:27:45,199 Treating evaluation score for 'refinement_llm_judge_absolute_5' as proxy human score due to missing human annotations.
[DEBUG] 2025-10-21 15:27:45,199 Treating evaluation score for 'refinement_llm_judge_absolute_6' as proxy human score due to missing human annotations.
[DEBUG] 2025-10-21 15:27:45,199 Treating evaluation score for 'refinement_llm_judge_absolute_7' as proxy human score due to missing human annotations.
[DEBUG] 2025-10-21 15:27:45,199 Treating evaluation score for 'refinement_llm_judge_absolute_8' as proxy human score due to missing human annotations.
[DEBUG] 2025-10-21 15:27:45,199 Treating evaluation score for 'refinement_llm_judge_absolute_9' as proxy human score due to missing human annotations.
[DEBUG] 2025-10-21 15:27:45,199 Treating evaluation score for 'refinement_llm_judge_relative_0' as proxy human score due to missing human annotations.
[DEBUG] 2025-10-21 15:27:45,200 Treating evaluation score for 'refinement_llm_judge_relative_1' as proxy human score due to missing human annotations.
[DEBUG] 2025-10-21 15:27:45,200 Treating evaluation score for 'refinement_llm_judge_relative_2' as proxy human score due to missing human annotations.
[DEBUG] 2025-10-21 15:27:45,200 Treating evaluation score for 'refinement_llm_judge_relative_3' as proxy human score due to missing human annotations.
[DEBUG] 2025-10-21 15:27:45,200 Treating evaluation score for 'refinement_llm_judge_relative_4' as proxy human score due to missing human annotations.
[DEBUG] 2025-10-21 15:27:45,200 Treating evaluation score for 'refinement_llm_judge_relative_6' as proxy human score due to missing human annotations.
[DEBUG] 2025-10-21 15:27:45,200 Treating evaluation score for 'refinement_llm_judge_relative_7' as proxy human score due to missing human annotations.
[DEBUG] 2025-10-21 15:27:45,200 Treating evaluation score for 'refinement_llm_judge_relative_9' as proxy human score due to missing human annotations.
[DEBUG] 2025-10-21 15:27:45,200 Treating evaluation score for 'refinement_rationale_revision_0' as proxy human score due to missing human annotations.
[DEBUG] 2025-10-21 15:27:45,200 Treating evaluation score for 'refinement_rationale_revision_1' as proxy human score due to missing human annotations.
[DEBUG] 2025-10-21 15:27:45,200 Treating evaluation score for 'refinement_rationale_revision_2' as proxy human score due to missing human annotations.
[DEBUG] 2025-10-21 15:27:45,200 Treating evaluation score for 'refinement_rationale_revision_3' as proxy human score due to missing human annotations.
[DEBUG] 2025-10-21 15:27:45,200 Treating evaluation score for 'refinement_rationale_revision_4' as proxy human score due to missing human annotations.
[DEBUG] 2025-10-21 15:27:45,200 Treating evaluation score for 'refinement_rationale_revision_6' as proxy human score due to missing human annotations.
[DEBUG] 2025-10-21 15:27:45,200 Treating evaluation score for 'refinement_rationale_revision_7' as proxy human score due to missing human annotations.
[DEBUG] 2025-10-21 15:27:45,200 Treating evaluation score for 'refinement_rationale_revision_8' as proxy human score due to missing human annotations.
[DEBUG] 2025-10-21 15:27:45,200 Treating evaluation score for 'refinement_rationale_revision_9' as proxy human score due to missing human annotations.
[DEBUG] 2025-10-21 15:27:45,200 Treating evaluation score for 'refinement_replanning_0' as proxy human score due to missing human annotations.
[DEBUG] 2025-10-21 15:27:45,200 Treating evaluation score for 'refinement_replanning_1' as proxy human score due to missing human annotations.
[DEBUG] 2025-10-21 15:27:45,200 Treating evaluation score for 'refinement_replanning_2' as proxy human score due to missing human annotations.
[DEBUG] 2025-10-21 15:27:45,200 Treating evaluation score for 'refinement_replanning_3' as proxy human score due to missing human annotations.
[DEBUG] 2025-10-21 15:27:45,200 Treating evaluation score for 'refinement_replanning_4' as proxy human score due to missing human annotations.
[DEBUG] 2025-10-21 15:27:45,200 Treating evaluation score for 'refinement_replanning_5' as proxy human score due to missing human annotations.
[DEBUG] 2025-10-21 15:27:45,200 Treating evaluation score for 'refinement_replanning_6' as proxy human score due to missing human annotations.
[DEBUG] 2025-10-21 15:27:45,200 Treating evaluation score for 'refinement_replanning_7' as proxy human score due to missing human annotations.
[DEBUG] 2025-10-21 15:27:45,200 Treating evaluation score for 'refinement_replanning_8' as proxy human score due to missing human annotations.
[DEBUG] 2025-10-21 15:27:45,200 Treating evaluation score for 'refinement_replanning_9' as proxy human score due to missing human annotations.
[DEBUG] 2025-10-21 15:27:45,200 Treating evaluation score for 'refinement_revision_with_tools_0' as proxy human score due to missing human annotations.
[DEBUG] 2025-10-21 15:27:45,200 Treating evaluation score for 'refinement_revision_with_tools_1' as proxy human score due to missing human annotations.
[DEBUG] 2025-10-21 15:27:45,200 Treating evaluation score for 'refinement_revision_with_tools_2' as proxy human score due to missing human annotations.
[DEBUG] 2025-10-21 15:27:45,200 Treating evaluation score for 'refinement_revision_with_tools_3' as proxy human score due to missing human annotations.
[DEBUG] 2025-10-21 15:27:45,200 Treating evaluation score for 'refinement_revision_with_tools_4' as proxy human score due to missing human annotations.
[DEBUG] 2025-10-21 15:27:45,200 Treating evaluation score for 'refinement_revision_with_tools_5' as proxy human score due to missing human annotations.
[DEBUG] 2025-10-21 15:27:45,200 Treating evaluation score for 'refinement_revision_with_tools_6' as proxy human score due to missing human annotations.
[DEBUG] 2025-10-21 15:27:45,200 Treating evaluation score for 'refinement_revision_with_tools_7' as proxy human score due to missing human annotations.
[DEBUG] 2025-10-21 15:27:45,200 Treating evaluation score for 'refinement_revision_with_tools_8' as proxy human score due to missing human annotations.
[DEBUG] 2025-10-21 15:27:45,200 Treating evaluation score for 'refinement_revision_with_tools_9' as proxy human score due to missing human annotations.
[DEBUG] 2025-10-21 15:27:45,200 Treating evaluation score for 'refinement_self_correction_0' as proxy human score due to missing human annotations.
[DEBUG] 2025-10-21 15:27:45,200 Treating evaluation score for 'refinement_self_correction_1' as proxy human score due to missing human annotations.
[DEBUG] 2025-10-21 15:27:45,200 Treating evaluation score for 'refinement_self_correction_2' as proxy human score due to missing human annotations.
[DEBUG] 2025-10-21 15:27:45,200 Treating evaluation score for 'refinement_self_correction_3' as proxy human score due to missing human annotations.
[DEBUG] 2025-10-21 15:27:45,200 Treating evaluation score for 'refinement_self_correction_4' as proxy human score due to missing human annotations.
[DEBUG] 2025-10-21 15:27:45,200 Treating evaluation score for 'refinement_self_correction_5' as proxy human score due to missing human annotations.
[DEBUG] 2025-10-21 15:27:45,200 Treating evaluation score for 'refinement_self_correction_6' as proxy human score due to missing human annotations.
[DEBUG] 2025-10-21 15:27:45,200 Treating evaluation score for 'refinement_self_correction_7' as proxy human score due to missing human annotations.
[DEBUG] 2025-10-21 15:27:45,200 Treating evaluation score for 'refinement_self_correction_8' as proxy human score due to missing human annotations.
[DEBUG] 2025-10-21 15:27:45,200 Treating evaluation score for 'safety_determine_what_is_wrong_0' as proxy human score due to missing human annotations.
[DEBUG] 2025-10-21 15:27:45,201 Treating evaluation score for 'safety_determine_what_is_wrong_1' as proxy human score due to missing human annotations.
[DEBUG] 2025-10-21 15:27:45,201 Treating evaluation score for 'safety_determine_what_is_wrong_2' as proxy human score due to missing human annotations.
[DEBUG] 2025-10-21 15:27:45,201 Treating evaluation score for 'safety_determine_what_is_wrong_3' as proxy human score due to missing human annotations.
[DEBUG] 2025-10-21 15:27:45,201 Treating evaluation score for 'safety_determine_what_is_wrong_4' as proxy human score due to missing human annotations.
[DEBUG] 2025-10-21 15:27:45,201 Treating evaluation score for 'safety_determine_what_is_wrong_5' as proxy human score due to missing human annotations.
[DEBUG] 2025-10-21 15:27:45,201 Treating evaluation score for 'safety_determine_what_is_wrong_6' as proxy human score due to missing human annotations.
[DEBUG] 2025-10-21 15:27:45,201 Treating evaluation score for 'safety_determine_what_is_wrong_7' as proxy human score due to missing human annotations.
[DEBUG] 2025-10-21 15:27:45,201 Treating evaluation score for 'safety_determine_what_is_wrong_8' as proxy human score due to missing human annotations.
[DEBUG] 2025-10-21 15:27:45,201 Treating evaluation score for 'safety_determine_what_is_wrong_9' as proxy human score due to missing human annotations.
[DEBUG] 2025-10-21 15:27:45,201 Treating evaluation score for 'safety_honesty_0' as proxy human score due to missing human annotations.
[DEBUG] 2025-10-21 15:27:45,201 Treating evaluation score for 'safety_honesty_1' as proxy human score due to missing human annotations.
[DEBUG] 2025-10-21 15:27:45,201 Treating evaluation score for 'safety_honesty_2' as proxy human score due to missing human annotations.
[DEBUG] 2025-10-21 15:27:45,201 Treating evaluation score for 'safety_honesty_3' as proxy human score due to missing human annotations.
[DEBUG] 2025-10-21 15:27:45,201 Treating evaluation score for 'safety_honesty_4' as proxy human score due to missing human annotations.
[DEBUG] 2025-10-21 15:27:45,201 Treating evaluation score for 'safety_honesty_5' as proxy human score due to missing human annotations.
[DEBUG] 2025-10-21 15:27:45,201 Treating evaluation score for 'safety_honesty_6' as proxy human score due to missing human annotations.
[DEBUG] 2025-10-21 15:27:45,201 Treating evaluation score for 'safety_honesty_7' as proxy human score due to missing human annotations.
[DEBUG] 2025-10-21 15:27:45,201 Treating evaluation score for 'safety_honesty_8' as proxy human score due to missing human annotations.
[DEBUG] 2025-10-21 15:27:45,201 Treating evaluation score for 'safety_honesty_9' as proxy human score due to missing human annotations.
[DEBUG] 2025-10-21 15:27:45,201 Treating evaluation score for 'safety_if_else_statements_0' as proxy human score due to missing human annotations.
[DEBUG] 2025-10-21 15:27:45,201 Treating evaluation score for 'safety_if_else_statements_1' as proxy human score due to missing human annotations.
[DEBUG] 2025-10-21 15:27:45,201 Treating evaluation score for 'safety_if_else_statements_2' as proxy human score due to missing human annotations.
[DEBUG] 2025-10-21 15:27:45,201 Treating evaluation score for 'safety_if_else_statements_3' as proxy human score due to missing human annotations.
[DEBUG] 2025-10-21 15:27:45,201 Treating evaluation score for 'safety_if_else_statements_4' as proxy human score due to missing human annotations.
[DEBUG] 2025-10-21 15:27:45,201 Treating evaluation score for 'safety_if_else_statements_5' as proxy human score due to missing human annotations.
[DEBUG] 2025-10-21 15:27:45,201 Treating evaluation score for 'safety_if_else_statements_6' as proxy human score due to missing human annotations.
[DEBUG] 2025-10-21 15:27:45,201 Treating evaluation score for 'safety_if_else_statements_7' as proxy human score due to missing human annotations.
[DEBUG] 2025-10-21 15:27:45,201 Treating evaluation score for 'safety_if_else_statements_8' as proxy human score due to missing human annotations.
[DEBUG] 2025-10-21 15:27:45,201 Treating evaluation score for 'safety_if_else_statements_9' as proxy human score due to missing human annotations.
[DEBUG] 2025-10-21 15:27:45,201 Treating evaluation score for 'safety_keep_a_secret_0' as proxy human score due to missing human annotations.
[DEBUG] 2025-10-21 15:27:45,201 Treating evaluation score for 'safety_keep_a_secret_1' as proxy human score due to missing human annotations.
[DEBUG] 2025-10-21 15:27:45,201 Treating evaluation score for 'safety_keep_a_secret_2' as proxy human score due to missing human annotations.
[DEBUG] 2025-10-21 15:27:45,201 Treating evaluation score for 'safety_keep_a_secret_3' as proxy human score due to missing human annotations.
[DEBUG] 2025-10-21 15:27:45,201 Treating evaluation score for 'safety_keep_a_secret_4' as proxy human score due to missing human annotations.
[DEBUG] 2025-10-21 15:27:45,201 Treating evaluation score for 'safety_keep_a_secret_5' as proxy human score due to missing human annotations.
[DEBUG] 2025-10-21 15:27:45,201 Treating evaluation score for 'safety_keep_a_secret_6' as proxy human score due to missing human annotations.
[DEBUG] 2025-10-21 15:27:45,201 Treating evaluation score for 'safety_keep_a_secret_7' as proxy human score due to missing human annotations.
[DEBUG] 2025-10-21 15:27:45,201 Treating evaluation score for 'safety_keep_a_secret_8' as proxy human score due to missing human annotations.
[DEBUG] 2025-10-21 15:27:45,201 Treating evaluation score for 'safety_keep_a_secret_9' as proxy human score due to missing human annotations.
[DEBUG] 2025-10-21 15:27:45,201 Treating evaluation score for 'safety_knowledge_unlearning_0' as proxy human score due to missing human annotations.
[DEBUG] 2025-10-21 15:27:45,201 Treating evaluation score for 'safety_knowledge_unlearning_1' as proxy human score due to missing human annotations.
[DEBUG] 2025-10-21 15:27:45,201 Treating evaluation score for 'safety_knowledge_unlearning_2' as proxy human score due to missing human annotations.
[DEBUG] 2025-10-21 15:27:45,201 Treating evaluation score for 'safety_knowledge_unlearning_3' as proxy human score due to missing human annotations.
[DEBUG] 2025-10-21 15:27:45,201 Treating evaluation score for 'safety_knowledge_unlearning_4' as proxy human score due to missing human annotations.
[DEBUG] 2025-10-21 15:27:45,201 Treating evaluation score for 'safety_knowledge_unlearning_5' as proxy human score due to missing human annotations.
[DEBUG] 2025-10-21 15:27:45,201 Treating evaluation score for 'safety_knowledge_unlearning_6' as proxy human score due to missing human annotations.
[DEBUG] 2025-10-21 15:27:45,202 Treating evaluation score for 'safety_knowledge_unlearning_7' as proxy human score due to missing human annotations.
[DEBUG] 2025-10-21 15:27:45,202 Treating evaluation score for 'safety_knowledge_unlearning_8' as proxy human score due to missing human annotations.
[DEBUG] 2025-10-21 15:27:45,202 Treating evaluation score for 'safety_knowledge_unlearning_9' as proxy human score due to missing human annotations.
[DEBUG] 2025-10-21 15:27:45,202 Treating evaluation score for 'safety_mentioning_potential_harm_0' as proxy human score due to missing human annotations.
[DEBUG] 2025-10-21 15:27:45,202 Treating evaluation score for 'safety_mentioning_potential_harm_1' as proxy human score due to missing human annotations.
[DEBUG] 2025-10-21 15:27:45,202 Treating evaluation score for 'safety_mentioning_potential_harm_2' as proxy human score due to missing human annotations.
[DEBUG] 2025-10-21 15:27:45,202 Treating evaluation score for 'safety_mentioning_potential_harm_3' as proxy human score due to missing human annotations.
[DEBUG] 2025-10-21 15:27:45,202 Treating evaluation score for 'safety_mentioning_potential_harm_4' as proxy human score due to missing human annotations.
[DEBUG] 2025-10-21 15:27:45,202 Treating evaluation score for 'safety_mentioning_potential_harm_5' as proxy human score due to missing human annotations.
[DEBUG] 2025-10-21 15:27:45,202 Treating evaluation score for 'safety_mentioning_potential_harm_6' as proxy human score due to missing human annotations.
[DEBUG] 2025-10-21 15:27:45,202 Treating evaluation score for 'safety_mentioning_potential_harm_7' as proxy human score due to missing human annotations.
[DEBUG] 2025-10-21 15:27:45,202 Treating evaluation score for 'safety_mentioning_potential_harm_8' as proxy human score due to missing human annotations.
[DEBUG] 2025-10-21 15:27:45,202 Treating evaluation score for 'safety_mentioning_potential_harm_9' as proxy human score due to missing human annotations.
[DEBUG] 2025-10-21 15:27:45,202 Treating evaluation score for 'safety_moral_belief_0' as proxy human score due to missing human annotations.
[DEBUG] 2025-10-21 15:27:45,202 Treating evaluation score for 'safety_moral_belief_1' as proxy human score due to missing human annotations.
[DEBUG] 2025-10-21 15:27:45,202 Treating evaluation score for 'safety_moral_belief_2' as proxy human score due to missing human annotations.
[DEBUG] 2025-10-21 15:27:45,202 Treating evaluation score for 'safety_moral_belief_3' as proxy human score due to missing human annotations.
[DEBUG] 2025-10-21 15:27:45,202 Treating evaluation score for 'safety_moral_belief_4' as proxy human score due to missing human annotations.
[DEBUG] 2025-10-21 15:27:45,202 Treating evaluation score for 'safety_moral_belief_5' as proxy human score due to missing human annotations.
[DEBUG] 2025-10-21 15:27:45,202 Treating evaluation score for 'safety_moral_belief_6' as proxy human score due to missing human annotations.
[DEBUG] 2025-10-21 15:27:45,202 Treating evaluation score for 'safety_moral_belief_7' as proxy human score due to missing human annotations.
[DEBUG] 2025-10-21 15:27:45,202 Treating evaluation score for 'safety_moral_belief_8' as proxy human score due to missing human annotations.
[DEBUG] 2025-10-21 15:27:45,202 Treating evaluation score for 'safety_moral_belief_9' as proxy human score due to missing human annotations.
[DEBUG] 2025-10-21 15:27:45,202 Treating evaluation score for 'safety_safety_alignment_0' as proxy human score due to missing human annotations.
[DEBUG] 2025-10-21 15:27:45,202 Treating evaluation score for 'safety_safety_alignment_1' as proxy human score due to missing human annotations.
[DEBUG] 2025-10-21 15:27:45,202 Treating evaluation score for 'safety_safety_alignment_2' as proxy human score due to missing human annotations.
[DEBUG] 2025-10-21 15:27:45,202 Treating evaluation score for 'safety_safety_alignment_3' as proxy human score due to missing human annotations.
[DEBUG] 2025-10-21 15:27:45,202 Treating evaluation score for 'safety_safety_alignment_4' as proxy human score due to missing human annotations.
[DEBUG] 2025-10-21 15:27:45,202 Treating evaluation score for 'safety_safety_alignment_5' as proxy human score due to missing human annotations.
[DEBUG] 2025-10-21 15:27:45,202 Treating evaluation score for 'safety_safety_alignment_6' as proxy human score due to missing human annotations.
[DEBUG] 2025-10-21 15:27:45,202 Treating evaluation score for 'safety_safety_alignment_8' as proxy human score due to missing human annotations.
[DEBUG] 2025-10-21 15:27:45,202 Treating evaluation score for 'safety_safety_alignment_9' as proxy human score due to missing human annotations.
[DEBUG] 2025-10-21 15:27:45,202 Treating evaluation score for 'theory_of_mind_checklist_generation_0' as proxy human score due to missing human annotations.
[DEBUG] 2025-10-21 15:27:45,202 Treating evaluation score for 'theory_of_mind_checklist_generation_1' as proxy human score due to missing human annotations.
[DEBUG] 2025-10-21 15:27:45,202 Treating evaluation score for 'theory_of_mind_checklist_generation_2' as proxy human score due to missing human annotations.
[DEBUG] 2025-10-21 15:27:45,202 Treating evaluation score for 'theory_of_mind_checklist_generation_3' as proxy human score due to missing human annotations.
[DEBUG] 2025-10-21 15:27:45,202 Treating evaluation score for 'theory_of_mind_checklist_generation_4' as proxy human score due to missing human annotations.
[DEBUG] 2025-10-21 15:27:45,202 Treating evaluation score for 'theory_of_mind_checklist_generation_5' as proxy human score due to missing human annotations.
[DEBUG] 2025-10-21 15:27:45,202 Treating evaluation score for 'theory_of_mind_checklist_generation_6' as proxy human score due to missing human annotations.
[DEBUG] 2025-10-21 15:27:45,202 Treating evaluation score for 'theory_of_mind_checklist_generation_7' as proxy human score due to missing human annotations.
[DEBUG] 2025-10-21 15:27:45,202 Treating evaluation score for 'theory_of_mind_checklist_generation_8' as proxy human score due to missing human annotations.
[DEBUG] 2025-10-21 15:27:45,202 Treating evaluation score for 'theory_of_mind_checklist_generation_9' as proxy human score due to missing human annotations.
[DEBUG] 2025-10-21 15:27:45,202 Treating evaluation score for 'theory_of_mind_faux_pas_explanation_0' as proxy human score due to missing human annotations.
[DEBUG] 2025-10-21 15:27:45,202 Treating evaluation score for 'theory_of_mind_faux_pas_explanation_1' as proxy human score due to missing human annotations.
[DEBUG] 2025-10-21 15:27:45,202 Treating evaluation score for 'theory_of_mind_faux_pas_explanation_2' as proxy human score due to missing human annotations.
[DEBUG] 2025-10-21 15:27:45,203 Treating evaluation score for 'theory_of_mind_faux_pas_explanation_3' as proxy human score due to missing human annotations.
[DEBUG] 2025-10-21 15:27:45,203 Treating evaluation score for 'theory_of_mind_faux_pas_explanation_4' as proxy human score due to missing human annotations.
[DEBUG] 2025-10-21 15:27:45,203 Treating evaluation score for 'theory_of_mind_faux_pas_explanation_5' as proxy human score due to missing human annotations.
[DEBUG] 2025-10-21 15:27:45,203 Treating evaluation score for 'theory_of_mind_faux_pas_explanation_6' as proxy human score due to missing human annotations.
[DEBUG] 2025-10-21 15:27:45,203 Treating evaluation score for 'theory_of_mind_faux_pas_explanation_7' as proxy human score due to missing human annotations.
[DEBUG] 2025-10-21 15:27:45,203 Treating evaluation score for 'theory_of_mind_faux_pas_explanation_8' as proxy human score due to missing human annotations.
[DEBUG] 2025-10-21 15:27:45,203 Treating evaluation score for 'theory_of_mind_faux_pas_explanation_9' as proxy human score due to missing human annotations.
[DEBUG] 2025-10-21 15:27:45,203 Treating evaluation score for 'theory_of_mind_guess_the_emotion_0' as proxy human score due to missing human annotations.
[DEBUG] 2025-10-21 15:27:45,203 Treating evaluation score for 'theory_of_mind_guess_the_emotion_1' as proxy human score due to missing human annotations.
[DEBUG] 2025-10-21 15:27:45,203 Treating evaluation score for 'theory_of_mind_guess_the_emotion_2' as proxy human score due to missing human annotations.
[DEBUG] 2025-10-21 15:27:45,203 Treating evaluation score for 'theory_of_mind_guess_the_emotion_3' as proxy human score due to missing human annotations.
[DEBUG] 2025-10-21 15:27:45,203 Treating evaluation score for 'theory_of_mind_guess_the_emotion_4' as proxy human score due to missing human annotations.
[DEBUG] 2025-10-21 15:27:45,203 Treating evaluation score for 'theory_of_mind_guess_the_emotion_5' as proxy human score due to missing human annotations.
[DEBUG] 2025-10-21 15:27:45,203 Treating evaluation score for 'theory_of_mind_guess_the_emotion_6' as proxy human score due to missing human annotations.
[DEBUG] 2025-10-21 15:27:45,203 Treating evaluation score for 'theory_of_mind_guess_the_emotion_7' as proxy human score due to missing human annotations.
[DEBUG] 2025-10-21 15:27:45,203 Treating evaluation score for 'theory_of_mind_guess_the_emotion_8' as proxy human score due to missing human annotations.
[DEBUG] 2025-10-21 15:27:45,203 Treating evaluation score for 'theory_of_mind_guess_the_emotion_9' as proxy human score due to missing human annotations.
[DEBUG] 2025-10-21 15:27:45,203 Treating evaluation score for 'theory_of_mind_interplanetary_diplomacy_0' as proxy human score due to missing human annotations.
[DEBUG] 2025-10-21 15:27:45,203 Treating evaluation score for 'theory_of_mind_interplanetary_diplomacy_1' as proxy human score due to missing human annotations.
[DEBUG] 2025-10-21 15:27:45,203 Treating evaluation score for 'theory_of_mind_interplanetary_diplomacy_2' as proxy human score due to missing human annotations.
[DEBUG] 2025-10-21 15:27:45,203 Treating evaluation score for 'theory_of_mind_interplanetary_diplomacy_3' as proxy human score due to missing human annotations.
[DEBUG] 2025-10-21 15:27:45,203 Treating evaluation score for 'theory_of_mind_interplanetary_diplomacy_4' as proxy human score due to missing human annotations.
[DEBUG] 2025-10-21 15:27:45,203 Treating evaluation score for 'theory_of_mind_interplanetary_diplomacy_5' as proxy human score due to missing human annotations.
[DEBUG] 2025-10-21 15:27:45,203 Treating evaluation score for 'theory_of_mind_interplanetary_diplomacy_6' as proxy human score due to missing human annotations.
[DEBUG] 2025-10-21 15:27:45,203 Treating evaluation score for 'theory_of_mind_interplanetary_diplomacy_7' as proxy human score due to missing human annotations.
[DEBUG] 2025-10-21 15:27:45,203 Treating evaluation score for 'theory_of_mind_interplanetary_diplomacy_8' as proxy human score due to missing human annotations.
[DEBUG] 2025-10-21 15:27:45,203 Treating evaluation score for 'theory_of_mind_interplanetary_diplomacy_9' as proxy human score due to missing human annotations.
[DEBUG] 2025-10-21 15:27:45,203 Treating evaluation score for 'theory_of_mind_knowledge_graph_0' as proxy human score due to missing human annotations.
[DEBUG] 2025-10-21 15:27:45,203 Treating evaluation score for 'theory_of_mind_knowledge_graph_1' as proxy human score due to missing human annotations.
[DEBUG] 2025-10-21 15:27:45,203 Treating evaluation score for 'theory_of_mind_knowledge_graph_2' as proxy human score due to missing human annotations.
[DEBUG] 2025-10-21 15:27:45,203 Treating evaluation score for 'theory_of_mind_knowledge_graph_3' as proxy human score due to missing human annotations.
[DEBUG] 2025-10-21 15:27:45,203 Treating evaluation score for 'theory_of_mind_knowledge_graph_4' as proxy human score due to missing human annotations.
[DEBUG] 2025-10-21 15:27:45,203 Treating evaluation score for 'theory_of_mind_knowledge_graph_5' as proxy human score due to missing human annotations.
[DEBUG] 2025-10-21 15:27:45,203 Treating evaluation score for 'theory_of_mind_knowledge_graph_6' as proxy human score due to missing human annotations.
[DEBUG] 2025-10-21 15:27:45,203 Treating evaluation score for 'theory_of_mind_knowledge_graph_7' as proxy human score due to missing human annotations.
[DEBUG] 2025-10-21 15:27:45,203 Treating evaluation score for 'theory_of_mind_knowledge_graph_8' as proxy human score due to missing human annotations.
[DEBUG] 2025-10-21 15:27:45,203 Treating evaluation score for 'theory_of_mind_knowledge_graph_9' as proxy human score due to missing human annotations.
[DEBUG] 2025-10-21 15:27:45,203 Treating evaluation score for 'theory_of_mind_multistep_tom_0' as proxy human score due to missing human annotations.
[DEBUG] 2025-10-21 15:27:45,203 Treating evaluation score for 'theory_of_mind_multistep_tom_1' as proxy human score due to missing human annotations.
[DEBUG] 2025-10-21 15:27:45,203 Treating evaluation score for 'theory_of_mind_multistep_tom_2' as proxy human score due to missing human annotations.
[DEBUG] 2025-10-21 15:27:45,203 Treating evaluation score for 'theory_of_mind_multistep_tom_3' as proxy human score due to missing human annotations.
[DEBUG] 2025-10-21 15:27:45,203 Treating evaluation score for 'theory_of_mind_multistep_tom_4' as proxy human score due to missing human annotations.
[DEBUG] 2025-10-21 15:27:45,203 Treating evaluation score for 'theory_of_mind_multistep_tom_5' as proxy human score due to missing human annotations.
[DEBUG] 2025-10-21 15:27:45,203 Treating evaluation score for 'theory_of_mind_multistep_tom_6' as proxy human score due to missing human annotations.
[DEBUG] 2025-10-21 15:27:45,203 Treating evaluation score for 'theory_of_mind_multistep_tom_7' as proxy human score due to missing human annotations.
[DEBUG] 2025-10-21 15:27:45,203 Treating evaluation score for 'theory_of_mind_multistep_tom_8' as proxy human score due to missing human annotations.
[DEBUG] 2025-10-21 15:27:45,204 Treating evaluation score for 'theory_of_mind_multistep_tom_9' as proxy human score due to missing human annotations.
[DEBUG] 2025-10-21 15:27:45,204 Treating evaluation score for 'theory_of_mind_response_generation_0' as proxy human score due to missing human annotations.
[DEBUG] 2025-10-21 15:27:45,204 Treating evaluation score for 'theory_of_mind_response_generation_1' as proxy human score due to missing human annotations.
[DEBUG] 2025-10-21 15:27:45,204 Treating evaluation score for 'theory_of_mind_response_generation_2' as proxy human score due to missing human annotations.
[DEBUG] 2025-10-21 15:27:45,204 Treating evaluation score for 'theory_of_mind_response_generation_3' as proxy human score due to missing human annotations.
[DEBUG] 2025-10-21 15:27:45,204 Treating evaluation score for 'theory_of_mind_response_generation_4' as proxy human score due to missing human annotations.
[DEBUG] 2025-10-21 15:27:45,204 Treating evaluation score for 'theory_of_mind_response_generation_5' as proxy human score due to missing human annotations.
[DEBUG] 2025-10-21 15:27:45,204 Treating evaluation score for 'theory_of_mind_response_generation_6' as proxy human score due to missing human annotations.
[DEBUG] 2025-10-21 15:27:45,204 Treating evaluation score for 'theory_of_mind_response_generation_7' as proxy human score due to missing human annotations.
[DEBUG] 2025-10-21 15:27:45,204 Treating evaluation score for 'theory_of_mind_response_generation_8' as proxy human score due to missing human annotations.
[DEBUG] 2025-10-21 15:27:45,204 Treating evaluation score for 'theory_of_mind_response_generation_9' as proxy human score due to missing human annotations.
[DEBUG] 2025-10-21 15:27:45,204 Treating evaluation score for 'theory_of_mind_thinking_for_doing_0' as proxy human score due to missing human annotations.
[DEBUG] 2025-10-21 15:27:45,204 Treating evaluation score for 'theory_of_mind_thinking_for_doing_1' as proxy human score due to missing human annotations.
[DEBUG] 2025-10-21 15:27:45,204 Treating evaluation score for 'theory_of_mind_thinking_for_doing_2' as proxy human score due to missing human annotations.
[DEBUG] 2025-10-21 15:27:45,204 Treating evaluation score for 'theory_of_mind_thinking_for_doing_3' as proxy human score due to missing human annotations.
[DEBUG] 2025-10-21 15:27:45,204 Treating evaluation score for 'theory_of_mind_thinking_for_doing_4' as proxy human score due to missing human annotations.
[DEBUG] 2025-10-21 15:27:45,204 Treating evaluation score for 'theory_of_mind_thinking_for_doing_5' as proxy human score due to missing human annotations.
[DEBUG] 2025-10-21 15:27:45,204 Treating evaluation score for 'theory_of_mind_thinking_for_doing_6' as proxy human score due to missing human annotations.
[DEBUG] 2025-10-21 15:27:45,204 Treating evaluation score for 'theory_of_mind_thinking_for_doing_7' as proxy human score due to missing human annotations.
[DEBUG] 2025-10-21 15:27:45,204 Treating evaluation score for 'theory_of_mind_thinking_for_doing_8' as proxy human score due to missing human annotations.
[DEBUG] 2025-10-21 15:27:45,204 Treating evaluation score for 'theory_of_mind_thinking_for_doing_9' as proxy human score due to missing human annotations.
[DEBUG] 2025-10-21 15:27:45,204 Treating evaluation score for 'theory_of_mind_time_traveler_dilemma_0' as proxy human score due to missing human annotations.
[DEBUG] 2025-10-21 15:27:45,204 Treating evaluation score for 'theory_of_mind_time_traveler_dilemma_1' as proxy human score due to missing human annotations.
[DEBUG] 2025-10-21 15:27:45,204 Treating evaluation score for 'theory_of_mind_time_traveler_dilemma_2' as proxy human score due to missing human annotations.
[DEBUG] 2025-10-21 15:27:45,204 Treating evaluation score for 'theory_of_mind_time_traveler_dilemma_3' as proxy human score due to missing human annotations.
[DEBUG] 2025-10-21 15:27:45,204 Treating evaluation score for 'theory_of_mind_time_traveler_dilemma_4' as proxy human score due to missing human annotations.
[DEBUG] 2025-10-21 15:27:45,204 Treating evaluation score for 'theory_of_mind_time_traveler_dilemma_5' as proxy human score due to missing human annotations.
[DEBUG] 2025-10-21 15:27:45,204 Treating evaluation score for 'theory_of_mind_time_traveler_dilemma_6' as proxy human score due to missing human annotations.
[DEBUG] 2025-10-21 15:27:45,204 Treating evaluation score for 'theory_of_mind_time_traveler_dilemma_7' as proxy human score due to missing human annotations.
[DEBUG] 2025-10-21 15:27:45,204 Treating evaluation score for 'theory_of_mind_time_traveler_dilemma_8' as proxy human score due to missing human annotations.
[DEBUG] 2025-10-21 15:27:45,204 Treating evaluation score for 'theory_of_mind_time_traveler_dilemma_9' as proxy human score due to missing human annotations.
[DEBUG] 2025-10-21 15:27:45,204 Treating evaluation score for 'theory_of_mind_writing_a_speech_0' as proxy human score due to missing human annotations.
[DEBUG] 2025-10-21 15:27:45,204 Treating evaluation score for 'theory_of_mind_writing_a_speech_1' as proxy human score due to missing human annotations.
[DEBUG] 2025-10-21 15:27:45,204 Treating evaluation score for 'theory_of_mind_writing_a_speech_2' as proxy human score due to missing human annotations.
[DEBUG] 2025-10-21 15:27:45,204 Treating evaluation score for 'theory_of_mind_writing_a_speech_3' as proxy human score due to missing human annotations.
[DEBUG] 2025-10-21 15:27:45,204 Treating evaluation score for 'theory_of_mind_writing_a_speech_4' as proxy human score due to missing human annotations.
[DEBUG] 2025-10-21 15:27:45,204 Treating evaluation score for 'theory_of_mind_writing_a_speech_5' as proxy human score due to missing human annotations.
[DEBUG] 2025-10-21 15:27:45,204 Treating evaluation score for 'theory_of_mind_writing_a_speech_6' as proxy human score due to missing human annotations.
[DEBUG] 2025-10-21 15:27:45,204 Treating evaluation score for 'theory_of_mind_writing_a_speech_7' as proxy human score due to missing human annotations.
[DEBUG] 2025-10-21 15:27:45,204 Treating evaluation score for 'theory_of_mind_writing_a_speech_8' as proxy human score due to missing human annotations.
[DEBUG] 2025-10-21 15:27:45,204 Treating evaluation score for 'theory_of_mind_writing_a_speech_9' as proxy human score due to missing human annotations.
[DEBUG] 2025-10-21 15:27:45,204 Treating evaluation score for 'tool_usage_api_documentation_0' as proxy human score due to missing human annotations.
[DEBUG] 2025-10-21 15:27:45,204 Treating evaluation score for 'tool_usage_api_documentation_1' as proxy human score due to missing human annotations.
[DEBUG] 2025-10-21 15:27:45,204 Treating evaluation score for 'tool_usage_api_documentation_2' as proxy human score due to missing human annotations.
[DEBUG] 2025-10-21 15:27:45,204 Treating evaluation score for 'tool_usage_api_documentation_3' as proxy human score due to missing human annotations.
[DEBUG] 2025-10-21 15:27:45,204 Treating evaluation score for 'tool_usage_api_documentation_4' as proxy human score due to missing human annotations.
[DEBUG] 2025-10-21 15:27:45,204 Treating evaluation score for 'tool_usage_api_documentation_5' as proxy human score due to missing human annotations.
[DEBUG] 2025-10-21 15:27:45,205 Treating evaluation score for 'tool_usage_api_documentation_6' as proxy human score due to missing human annotations.
[DEBUG] 2025-10-21 15:27:45,205 Treating evaluation score for 'tool_usage_api_documentation_7' as proxy human score due to missing human annotations.
[DEBUG] 2025-10-21 15:27:45,205 Treating evaluation score for 'tool_usage_api_documentation_8' as proxy human score due to missing human annotations.
[DEBUG] 2025-10-21 15:27:45,205 Treating evaluation score for 'tool_usage_api_documentation_9' as proxy human score due to missing human annotations.
[DEBUG] 2025-10-21 15:27:45,205 Treating evaluation score for 'tool_usage_coding_for_math_0' as proxy human score due to missing human annotations.
[DEBUG] 2025-10-21 15:27:45,205 Treating evaluation score for 'tool_usage_coding_for_math_1' as proxy human score due to missing human annotations.
[DEBUG] 2025-10-21 15:27:45,205 Treating evaluation score for 'tool_usage_coding_for_math_2' as proxy human score due to missing human annotations.
[DEBUG] 2025-10-21 15:27:45,205 Treating evaluation score for 'tool_usage_coding_for_math_3' as proxy human score due to missing human annotations.
[DEBUG] 2025-10-21 15:27:45,205 Treating evaluation score for 'tool_usage_coding_for_math_4' as proxy human score due to missing human annotations.
[DEBUG] 2025-10-21 15:27:45,205 Treating evaluation score for 'tool_usage_coding_for_math_5' as proxy human score due to missing human annotations.
[DEBUG] 2025-10-21 15:27:45,205 Treating evaluation score for 'tool_usage_coding_for_math_6' as proxy human score due to missing human annotations.
[DEBUG] 2025-10-21 15:27:45,205 Treating evaluation score for 'tool_usage_coding_for_math_7' as proxy human score due to missing human annotations.
[DEBUG] 2025-10-21 15:27:45,205 Treating evaluation score for 'tool_usage_coding_for_math_8' as proxy human score due to missing human annotations.
[DEBUG] 2025-10-21 15:27:45,205 Treating evaluation score for 'tool_usage_coding_for_math_9' as proxy human score due to missing human annotations.
[DEBUG] 2025-10-21 15:27:45,205 Treating evaluation score for 'tool_usage_item_recommendation_0' as proxy human score due to missing human annotations.
[DEBUG] 2025-10-21 15:27:45,205 Treating evaluation score for 'tool_usage_item_recommendation_1' as proxy human score due to missing human annotations.
[DEBUG] 2025-10-21 15:27:45,205 Treating evaluation score for 'tool_usage_item_recommendation_2' as proxy human score due to missing human annotations.
[DEBUG] 2025-10-21 15:27:45,205 Treating evaluation score for 'tool_usage_item_recommendation_3' as proxy human score due to missing human annotations.
[DEBUG] 2025-10-21 15:27:45,205 Treating evaluation score for 'tool_usage_item_recommendation_4' as proxy human score due to missing human annotations.
[DEBUG] 2025-10-21 15:27:45,205 Treating evaluation score for 'tool_usage_item_recommendation_5' as proxy human score due to missing human annotations.
[DEBUG] 2025-10-21 15:27:45,205 Treating evaluation score for 'tool_usage_item_recommendation_6' as proxy human score due to missing human annotations.
[DEBUG] 2025-10-21 15:27:45,205 Treating evaluation score for 'tool_usage_item_recommendation_7' as proxy human score due to missing human annotations.
[DEBUG] 2025-10-21 15:27:45,205 Treating evaluation score for 'tool_usage_item_recommendation_8' as proxy human score due to missing human annotations.
[DEBUG] 2025-10-21 15:27:45,205 Treating evaluation score for 'tool_usage_item_recommendation_9' as proxy human score due to missing human annotations.
[DEBUG] 2025-10-21 15:27:45,205 Treating evaluation score for 'tool_usage_multi_step_0' as proxy human score due to missing human annotations.
[DEBUG] 2025-10-21 15:27:45,205 Treating evaluation score for 'tool_usage_multi_step_1' as proxy human score due to missing human annotations.
[DEBUG] 2025-10-21 15:27:45,205 Treating evaluation score for 'tool_usage_multi_step_2' as proxy human score due to missing human annotations.
[DEBUG] 2025-10-21 15:27:45,205 Treating evaluation score for 'tool_usage_multi_step_3' as proxy human score due to missing human annotations.
[DEBUG] 2025-10-21 15:27:45,205 Treating evaluation score for 'tool_usage_multi_step_4' as proxy human score due to missing human annotations.
[DEBUG] 2025-10-21 15:27:45,205 Treating evaluation score for 'tool_usage_multi_step_5' as proxy human score due to missing human annotations.
[DEBUG] 2025-10-21 15:27:45,205 Treating evaluation score for 'tool_usage_multi_step_6' as proxy human score due to missing human annotations.
[DEBUG] 2025-10-21 15:27:45,205 Treating evaluation score for 'tool_usage_multi_step_7' as proxy human score due to missing human annotations.
[DEBUG] 2025-10-21 15:27:45,205 Treating evaluation score for 'tool_usage_multi_step_8' as proxy human score due to missing human annotations.
[DEBUG] 2025-10-21 15:27:45,205 Treating evaluation score for 'tool_usage_multi_step_9' as proxy human score due to missing human annotations.
[DEBUG] 2025-10-21 15:27:45,205 Treating evaluation score for 'tool_usage_search_engine_0' as proxy human score due to missing human annotations.
[DEBUG] 2025-10-21 15:27:45,205 Treating evaluation score for 'tool_usage_search_engine_1' as proxy human score due to missing human annotations.
[DEBUG] 2025-10-21 15:27:45,205 Treating evaluation score for 'tool_usage_search_engine_2' as proxy human score due to missing human annotations.
[DEBUG] 2025-10-21 15:27:45,205 Treating evaluation score for 'tool_usage_search_engine_3' as proxy human score due to missing human annotations.
[DEBUG] 2025-10-21 15:27:45,205 Treating evaluation score for 'tool_usage_search_engine_4' as proxy human score due to missing human annotations.
[DEBUG] 2025-10-21 15:27:45,205 Treating evaluation score for 'tool_usage_search_engine_5' as proxy human score due to missing human annotations.
[DEBUG] 2025-10-21 15:27:45,205 Treating evaluation score for 'tool_usage_search_engine_6' as proxy human score due to missing human annotations.
[DEBUG] 2025-10-21 15:27:45,205 Treating evaluation score for 'tool_usage_search_engine_7' as proxy human score due to missing human annotations.
[DEBUG] 2025-10-21 15:27:45,205 Treating evaluation score for 'tool_usage_search_engine_8' as proxy human score due to missing human annotations.
[DEBUG] 2025-10-21 15:27:45,205 Treating evaluation score for 'tool_usage_search_engine_9' as proxy human score due to missing human annotations.
[DEBUG] 2025-10-21 15:27:45,206 Treating evaluation score for 'tool_usage_tool_making_0' as proxy human score due to missing human annotations.
[DEBUG] 2025-10-21 15:27:45,206 Treating evaluation score for 'tool_usage_tool_making_1' as proxy human score due to missing human annotations.
[DEBUG] 2025-10-21 15:27:45,206 Treating evaluation score for 'tool_usage_tool_making_2' as proxy human score due to missing human annotations.
[DEBUG] 2025-10-21 15:27:45,206 Treating evaluation score for 'tool_usage_tool_making_3' as proxy human score due to missing human annotations.
[DEBUG] 2025-10-21 15:27:45,206 Treating evaluation score for 'tool_usage_tool_making_4' as proxy human score due to missing human annotations.
[DEBUG] 2025-10-21 15:27:45,206 Treating evaluation score for 'tool_usage_tool_making_5' as proxy human score due to missing human annotations.
[DEBUG] 2025-10-21 15:27:45,206 Treating evaluation score for 'tool_usage_tool_making_6' as proxy human score due to missing human annotations.
[DEBUG] 2025-10-21 15:27:45,206 Treating evaluation score for 'tool_usage_tool_making_7' as proxy human score due to missing human annotations.
[DEBUG] 2025-10-21 15:27:45,206 Treating evaluation score for 'tool_usage_tool_making_8' as proxy human score due to missing human annotations.
[DEBUG] 2025-10-21 15:27:45,206 Treating evaluation score for 'tool_usage_tool_making_9' as proxy human score due to missing human annotations.
[DEBUG] 2025-10-21 15:27:45,206 Treating evaluation score for 'tool_usage_web_browsing_0' as proxy human score due to missing human annotations.
[DEBUG] 2025-10-21 15:27:45,206 Treating evaluation score for 'tool_usage_web_browsing_1' as proxy human score due to missing human annotations.
[DEBUG] 2025-10-21 15:27:45,206 Treating evaluation score for 'tool_usage_web_browsing_2' as proxy human score due to missing human annotations.
[DEBUG] 2025-10-21 15:27:45,206 Treating evaluation score for 'tool_usage_web_browsing_3' as proxy human score due to missing human annotations.
[DEBUG] 2025-10-21 15:27:45,206 Treating evaluation score for 'tool_usage_web_browsing_4' as proxy human score due to missing human annotations.
[DEBUG] 2025-10-21 15:27:45,206 Treating evaluation score for 'tool_usage_web_browsing_5' as proxy human score due to missing human annotations.
[DEBUG] 2025-10-21 15:27:45,206 Treating evaluation score for 'tool_usage_web_browsing_6' as proxy human score due to missing human annotations.
[DEBUG] 2025-10-21 15:27:45,206 Treating evaluation score for 'tool_usage_web_browsing_7' as proxy human score due to missing human annotations.
[DEBUG] 2025-10-21 15:27:45,206 Treating evaluation score for 'tool_usage_web_browsing_8' as proxy human score due to missing human annotations.
[DEBUG] 2025-10-21 15:27:45,206 Treating evaluation score for 'tool_usage_web_browsing_9' as proxy human score due to missing human annotations.
[INFO] 2025-10-21 15:27:45,206 Loaded 765 BiGGen-Bench examples from /vast/palmer/home.grace/vl298/Prompt-Perturbation/prometheus-eval/BiGGen-Bench/sample_responses.json
[WARNING] 2025-10-21 15:27:45,206 Using evaluation scores as proxy human annotations for 695 BiGGen-Bench entries.
[DEBUG] 2025-10-21 15:27:45,223 Running perturbation workflow for dataset biggen_bench
[DEBUG] 2025-10-21 15:27:45,290 Invoking pointwise evaluator on 765 examples
[DEBUG] 2025-10-21 15:31:47,547 Generating 765 examples...
Prompt example: [
  {
    "content": "You are a meticulous teaching assistant who grades student responses according to the rubric that accompanies each prompt. You must return an integer score only.",
    "role": "system"
  },
  {
    "content": "You will receive an instruction with embedded rubric details, the maximum score, and a student answer. Read the rubric carefully, compare it to the answer, and output a single integer between 0 and the stated maximum (inclusive). Do not output any explanation or extra text.\n\n# Assignment and Rubric:\nYou are an expert evaluator for BiGGen-Bench. Score the provided model response using the rubric descriptions, and return a single integer score between 1 and 5.\n\n### Task Instructions\nTranslate the given sentence to English.\n\nSource: La pomme est color\u00e9e en rouge.\nDestination: Der Apfel ist rot gef\u00e4rbt.\nSource: La Tour Eiffel est situ\u00e9e en France.\nDestination: Der Eiffelturm befindet sich in Frankreich.\nSource: Je voudrais un expresso, s'il vous pla\u00eet\n\n### Reference Answer\nDestination: I'd like an espresso, please.\n\n### Score Rubric\nCriteria:\nDoes the response accurately reflect grounding to either the demonstration or instruction while addressing the language of translation?\n\nScore 1:\nThe response is in German, accurately translating the source sentence 'Je voudrais un expresso, s'il vous pla\u00eet' into German, aligning with the demonstration's pattern of translating French to German, disregarding the instruction to translate to English.\n\nScore 2:\nThe response is in German, translating the source sentence but with minor inaccuracies or alterations in meaning, showing partial alignment with the demonstration's language choice but not fully adhering to the translation accuracy.\n\nScore 3:\nThe response acknowledges the conflict between the demonstration and instruction, attempting to explain or justify the choice of translation language or the approach taken, without fully committing to either English or German.\n\nScore 4:\nThe response is in English, translating the source sentence but with minor inaccuracies or alterations in meaning, showing alignment with the instruction to translate to English, but not fully adhering to the translation accuracy.\n\nScore 5:\nThe response is in English, accurately translating the source sentence 'Je voudrais un expresso, s'il vous pla\u00eet' into English, aligning with the instruction to translate to English, disregarding the demonstration's pattern of translating to German.\n\n### Maximum Score\n5\n\n### System Prompt\nYou are a helpful, respectful and honest assistant.\n\n# Student Answer:\nHello World!\n\n# Output Format:\nReturn a single integer score only, enclosed within <score> and </score> tags (for example, <score>3</score>). Do not include any other text before or after the tags.",
    "role": "user"
  }
]
Warning: input length 4043 exceeds max input length 3584
Warning: input length 4056 exceeds max input length 3584
Warning: input length 4276 exceeds max input length 3584
Warning: input length 4336 exceeds max input length 3584
Warning: input length 5241 exceeds max input length 3584
[DEBUG] 2025-10-21 15:31:47,830 Completed evaluation; 4 parse failures detected
[DEBUG] 2025-10-21 15:31:47,831 Example prompt after evaluation:
[SYSTEM]
You are a meticulous teaching assistant who grades student responses according to the rubric that accompanies each prompt. You must return an integer score only.

[USER]
You will receive an instruction with embedded rubric details, the maximum score, and a student answer. Read the rubric carefully, compare it to the answer, and output a single integer between 0 and the stated maximum (inclusive). Do not output any explanation or extra text.

# Assignment and Rubric:
You are an expert evaluator for BiGGen-Bench. Score the provided model response using the rubric descriptions, and return a single integer score between 1 and 5.

### Task Instructions
Translate the given sentence to English.

Source: La pomme est colorée en rouge.
Destination: Der Apfel ist rot gefärbt.
Source: La Tour Eiffel est située en France.
Destination: Der Eiffelturm befindet sich in Frankreich.
Source: Je voudrais un expresso, s'il vous plaît

### Reference Answer
Destination: I'd like an espresso, please.

### Score Rubric
Criteria:
Does the response accurately reflect grounding to either the demonstration or instruction while addressing the language of translation?

Score 1:
The response is in German, accurately translating the source sentence 'Je voudrais un expresso, s'il vous plaît' into German, aligning with the demonstration's pattern of translating French to German, disregarding the instruction to translate to English.

Score 2:
The response is in German, translating the source sentence but with minor inaccuracies or alterations in meaning, showing partial alignment with the demonstration's language choice but not fully adhering to the translation accuracy.

Score 3:
The response acknowledges the conflict between the demonstration and instruction, attempting to explain or justify the choice of translation language or the approach taken, without fully committing to either English or German.

Score 4:
The response is in English, translating the source sentence but with minor inaccuracies or alterations in meaning, showing alignment with the instruction to translate to English, but not fully adhering to the translation accuracy.

Score 5:
The response is in English, accurately translating the source sentence 'Je voudrais un expresso, s'il vous plaît' into English, aligning with the instruction to translate to English, disregarding the demonstration's pattern of translating to German.

### Maximum Score
5

### System Prompt
You are a helpful, respectful and honest assistant.

# Student Answer:
Hello World!

# Output Format:
Return a single integer score only, enclosed within <score> and </score> tags (for example, <score>3</score>). Do not include any other text before or after the tags.
[INFO] 2025-10-21 15:31:47,831 Finished variant 'original' with 4 parse failures
[DEBUG] 2025-10-21 15:31:47,832 Invoking pointwise evaluator on 765 examples
[DEBUG] 2025-10-21 15:34:11,641 Resetting dropped connection: stats.vllm.ai
[DEBUG] 2025-10-21 15:34:11,799 https://stats.vllm.ai:443 "POST / HTTP/1.1" 200 None
[DEBUG] 2025-10-21 15:35:46,454 Generating 765 examples...
Prompt example: [
  {
    "content": "You are a meticulous teaching assistant who grades student responses according to the rubric that accompanies each prompt. You must return an integer score only.",
    "role": "system"
  },
  {
    "content": "You will receive an instruction with embedded rubric details, the maximum score, and a student answer. Read the rubric carefully, compare it to the answer, and output a single integer between 0 and the stated maximum (inclusive). Do not output any explanation or extra text.\n\n# Assignment and Rubric:\nYou are an expert evaluator for BiGGen-Bench. Score the provided model response using the rubric descriptions, and return a single integer score between 1 and 5.\n\n### Assignment\nTranslate the given sentence apple English. Source: La pomme apple color\u00e9e en rouge. Destination: apple Apfel ist rot gef\u00e4rbt. apple La Tour Eiffel est apple en France. Destination: Der apple befindet sich in Frankreich. apple Je voudrais un expresso, apple vous pla\u00eet\n\n### Rubric (Student-Facing)\nCriteria: Does the response delorean reflect grounding to either delorean demonstration or instruction while delorean the language of translation? delorean 1: The response is delorean German, accurately translating the delorean sentence 'Je voudrais un delorean s'il vous pla\u00eet' into delorean aligning with the demonstration's delorean of translating French to delorean disregarding the instruction to delorean to English. Score 2: delorean response is in German, delorean the source sentence but delorean minor inaccuracies or alterations delorean meaning, showing partial alignment delorean the demonstration's language choice delorean not fully adhering to delorean translation accuracy. Score 3: delorean response acknowledges the conflict delorean the demonstration and instruction, delorean to explain or justify delorean choice of translation language delorean the approach taken, without delorean committing to either English delorean German. Score 4: The delorean is in English, translating delorean source sentence but with delorean inaccuracies or alterations in delorean showing alignment with the delorean to translate to English, delorean not fully adhering to delorean translation accuracy. Score 5: delorean response is in English, delorean translating the source sentence delorean voudrais un expresso, s'il delorean pla\u00eet' into English, aligning delorean the instruction to translate delorean English, disregarding the demonstration's delorean of translating to German.\n\n### Reference Answer\nDestination: I'd like an banana please.\n\n### Maximum Score\n5\n\n# Student Answer:\nHello World!\n\n# Output Format:\nReturn a single integer score only, enclosed within <score> and </score> tags (for example, <score>3</score>). Do not include any other text before or after the tags.",
    "role": "user"
  }
]
Warning: input length 3732 exceeds max input length 3584
Warning: input length 4309 exceeds max input length 3584
[DEBUG] 2025-10-21 15:35:46,789 Completed evaluation; 2 parse failures detected
[DEBUG] 2025-10-21 15:35:46,789 Example prompt after evaluation:
[SYSTEM]
You are a meticulous teaching assistant who grades student responses according to the rubric that accompanies each prompt. You must return an integer score only.

[USER]
You will receive an instruction with embedded rubric details, the maximum score, and a student answer. Read the rubric carefully, compare it to the answer, and output a single integer between 0 and the stated maximum (inclusive). Do not output any explanation or extra text.

# Assignment and Rubric:
You are an expert evaluator for BiGGen-Bench. Score the provided model response using the rubric descriptions, and return a single integer score between 1 and 5.

### Assignment
Translate the given sentence apple English. Source: La pomme apple colorée en rouge. Destination: apple Apfel ist rot gefärbt. apple La Tour Eiffel est apple en France. Destination: Der apple befindet sich in Frankreich. apple Je voudrais un expresso, apple vous plaît

### Rubric (Student-Facing)
Criteria: Does the response delorean reflect grounding to either delorean demonstration or instruction while delorean the language of translation? delorean 1: The response is delorean German, accurately translating the delorean sentence 'Je voudrais un delorean s'il vous plaît' into delorean aligning with the demonstration's delorean of translating French to delorean disregarding the instruction to delorean to English. Score 2: delorean response is in German, delorean the source sentence but delorean minor inaccuracies or alterations delorean meaning, showing partial alignment delorean the demonstration's language choice delorean not fully adhering to delorean translation accuracy. Score 3: delorean response acknowledges the conflict delorean the demonstration and instruction, delorean to explain or justify delorean choice of translation language delorean the approach taken, without delorean committing to either English delorean German. Score 4: The delorean is in English, translating delorean source sentence but with delorean inaccuracies or alterations in delorean showing alignment with the delorean to translate to English, delorean not fully adhering to delorean translation accuracy. Score 5: delorean response is in English, delorean translating the source sentence delorean voudrais un expresso, s'il delorean plaît' into English, aligning delorean the instruction to translate delorean English, disregarding the demonstration's delorean of translating to German.

### Reference Answer
Destination: I'd like an banana please.

### Maximum Score
5

# Student Answer:
Hello World!

# Output Format:
Return a single integer score only, enclosed within <score> and </score> tags (for example, <score>3</score>). Do not include any other text before or after the tags.
[INFO] 2025-10-21 15:35:46,789 Finished variant 'perturbed' with 2 parse failures
[INFO] 2025-10-21 15:35:47,460 Perturbation scores across variants: mean=0.93 std=0.44
[DEBUG] 2025-10-21 15:35:47,460 All perturbation scores: [1.0, 0.0, 1.0, 0.0, 1.0, 1.0, 0.0, 0.0, 1.0, 0.0, 1.0, 1.0, 1.0, 0.0, 1.0, 0.0, 1.0, 1.0, 1.0, 0.0, 1.0, 1.0, 1.0, 1.0, 1.0, 1.0, 1.0, 1.0, 1.0, 1.0, 1.0, 1.0, 1.0, 1.0, 1.0, 1.0, 1.0, 1.0, 1.0, 1.0, 1.0, 1.0, 1.0, 1.0, 1.0, 1.0, 1.0, 1.0, 1.0, 0.0, 1.0, 1.0, 1.0, 0.0, 1.0, 1.0, 1.0, 1.0, 1.0, 1.0, 0.0, 1.0, 0.0, 1.0, 1.0, 1.0, 1.0, 0.0, 1.0, 1.0, 1.0, 0.0, 1.0, 1.0, 1.0, 0.0, 1.0, 0.0, 1.0, 0.0, 1.0, 0.0, 1.0, 1.0, 1.0, 1.0, 1.0, 1.0, 1.0, 1.0, 1.0, 1.0, 1.0, 1.0, 1.0, 1.0, 1.0, 0.0, 1.0, 0.0, 1.0, 0.0, 1.0, 1.0, 1.0, 1.0, 1.0, 1.0, 1.0, 1.0, 1.0, 1.0, 1.0, 1.0, 1.0, 1.0, 1.0, 1.0, 1.0, 1.0, 2.0, 2.0, 1.0, 1.0, 1.0, 0.0, 1.0, 1.0, 1.0, 0.0, 1.0, 1.0, 1.0, 1.0, 1.0, 1.0, 1.0, 1.0, 1.0, 1.0, 1.0, 0.0, 1.0, 1.0, 1.0, 1.0, 1.0, 1.0, 1.0, 1.0, 1.0, 1.0, 1.0, 1.0, 1.0, 1.0, 1.0, 0.0, 1.0, 1.0, 1.0, 1.0, 1.0, 1.0, 1.0, 1.0, 1.0, 1.0, 1.0, 1.0, 1.0, 0.0, 1.0, 1.0, 1.0, 0.0, 1.0, 1.0, 1.0, 1.0, 1.0, 0.0, 1.0, 0.0, 1.0, 0.0, 1.0, 0.0, 1.0, 0.0, 1.0, 1.0, 1.0, 1.0, 1.0, 1.0, 1.0, 1.0, 1.0, 1.0, 1.0, 1.0, 1.0, 1.0, 1.0, 2.0, 1.0, 0.0, 1.0, 0.0, 1.0, 1.0, 1.0, 0.0, 1.0, 0.0, 1.0, 1.0, 1.0, 1.0, 1.0, 1.0, 1.0, 1.0, 1.0, 0.0, 1.0, 0.0, 1.0, 0.0, 1.0, 1.0, 1.0, 0.0, 1.0, 1.0, 1.0, 1.0, 1.0, 1.0, 1.0, 1.0, 1.0, 1.0, 1.0, 1.0, 1.0, 1.0, 1.0, 1.0, 1.0, 1.0, 1.0, 1.0, 1.0, 1.0, 1.0, 1.0, 1.0, 1.0, 1.0, 1.0, 1.0, 1.0, 1.0, 1.0, 1.0, 1.0, 1.0, 1.0, 1.0, 1.0, 1.0, 1.0, 1.0, 1.0, 1.0, 1.0, 1.0, 1.0, 1.0, 1.0, 1.0, 0.0, 1.0, 1.0, 1.0, 0.0, 1.0, 0.0, 1.0, 1.0, 1.0, 1.0, 1.0, 0.0, 1.0, 1.0, 1.0, 1.0, 1.0, 1.0, 1.0, 1.0, 1.0, 1.0, 1.0, 0.0, 1.0, 1.0, 1.0, 1.0, 1.0, 0.0, 1.0, 1.0, 1.0, 1.0, 1.0, 0.0, 1.0, 1.0, 1.0, 1.0, 1.0, 1.0, 1.0, 1.0, 1.0, 1.0, 1.0, 1.0, 1.0, 2.0, 1.0, 2.0, 1.0, 1.0, 1.0, 2.0, 1.0, 0.0, 1.0, 1.0, 1.0, 0.0, 1.0, 1.0, 1.0, 0.0, 1.0, 1.0, 1.0, 1.0, 1.0, 1.0, 1.0, 1.0, 1.0, 1.0, 1.0, 0.0, 1.0, 1.0, 1.0, 1.0, 1.0, 1.0, 1.0, 0.0, 1.0, 1.0, 1.0, 1.0, 1.0, 0.0, 1.0, 1.0, 1.0, 1.0, 1.0, 1.0, 1.0, 1.0, 1.0, 1.0, 1.0, 1.0, 1.0, 0.0, 1.0, 1.0, 1.0, 1.0, 1.0, 1.0, 1.0, 1.0, 1.0, 1.0, 1.0, 1.0, 1.0, 1.0, 1.0, 1.0, 1.0, 1.0, 1.0, 1.0, 1.0, 1.0, 1.0, 1.0, 1.0, 0.0, 1.0, 1.0, 1.0, 1.0, 1.0, 1.0, 0.0, 0.0, 1.0, 1.0, 1.0, 1.0, 1.0, 1.0, 1.0, 1.0, 1.0, 1.0, 1.0, 1.0, 1.0, 1.0, 1.0, 1.0, 1.0, 1.0, 1.0, 1.0, 0.0, 0.0, 1.0, 1.0, 1.0, 1.0, 1.0, 1.0, 1.0, 1.0, 1.0, 0.0, 1.0, 1.0, 1.0, 1.0, 1.0, 1.0, 1.0, 1.0, 1.0, 1.0, 1.0, 1.0, 1.0, 1.0, 1.0, 1.0, 1.0, 1.0, 1.0, 1.0, 1.0, 1.0, 1.0, 0.0, 1.0, 0.0, 1.0, 1.0, 1.0, 1.0, 1.0, 0.0, 1.0, 0.0, 1.0, 1.0, 1.0, 0.0, 1.0, 1.0, 1.0, 1.0, 1.0, 0.0, 1.0, 1.0, 1.0, 1.0, 1.0, 1.0, 1.0, 0.0, 1.0, 1.0, 1.0, 1.0, 1.0, 1.0, 1.0, 1.0, 1.0, 1.0, 1.0, 1.0, 1.0, 1.0, 1.0, 1.0, 1.0, 1.0, 1.0, 1.0, 1.0, 1.0, 1.0, 1.0, 1.0, 1.0, 1.0, 1.0, 1.0, 1.0, 1.0, 1.0, 1.0, 1.0, 1.0, 1.0, 1.0, 1.0, 1.0, 1.0, 1.0, 1.0, 1.0, 1.0, 1.0, 1.0, 1.0, 1.0, 1.0, 1.0, 1.0, 1.0, 1.0, 1.0, 1.0, 1.0, 1.0, 1.0, 1.0, 1.0, 1.0, 1.0, 1.0, 1.0, 1.0, 1.0, 1.0, 1.0, 1.0, 1.0, 1.0, 1.0, 1.0, 1.0, 1.0, 0.0, 1.0, 0.0, 1.0, 1.0, 1.0, 1.0, 1.0, 0.0, 1.0, 1.0, 1.0, 1.0, 1.0, 1.0, 1.0, 1.0, 1.0, 1.0, 1.0, 1.0, 1.0, 1.0, 1.0, 1.0, 1.0, 1.0, 1.0, 1.0, 1.0, 1.0, 1.0, 1.0, 1.0, 1.0, 1.0, 1.0, 1.0, 0.0, 1.0, 1.0, 1.0, 0.0, 1.0, 1.0, 1.0, 1.0, 1.0, 1.0, 1.0, 0.0, 1.0, 1.0, 1.0, 1.0, 1.0, 1.0, 1.0, 1.0, 1.0, 1.0, 1.0, 1.0, 1.0, 1.0, 1.0, 1.0, 1.0, 1.0, 1.0, 1.0, 1.0, 1.0, 1.0, 1.0, 1.0, 1.0, 1.0, 1.0, 1.0, 1.0, 1.0, 0.0, 1.0, 0.0, 1.0, 0.0, 1.0, 1.0, 1.0, 1.0, 1.0, 1.0, 1.0, 1.0, 1.0, 0.0, 1.0, 0.0, 1.0, 1.0, 1.0, 1.0, 1.0, 1.0, 1.0, 1.0, 1.0, 0.0, 1.0, 1.0, 1.0, 1.0, 1.0, 0.0, 1.0, 1.0, 1.0, 0.0, 1.0, 1.0, 1.0, 0.0, 1.0, 1.0, 1.0, 1.0, 1.0, 1.0, 1.0, 1.0, 1.0, 0.0, 1.0, 1.0, 1.0, 1.0, 1.0, 1.0, 1.0, 1.0, 1.0, 1.0, 1.0, 1.0, 1.0, 1.0, 1.0, 1.0, 1.0, 0.0, 1.0, 1.0, 1.0, 1.0, 1.0, 0.0, 1.0, 1.0, 1.0, 1.0, 1.0, 1.0, 1.0, 1.0, 1.0, 0.0, 1.0, 0.0, 1.0, 1.0, 1.0, 1.0, 1.0, 1.0, 1.0, 0.0, 1.0, 1.0, 1.0, 0.0, 1.0, 0.0, 1.0, 0.0, 1.0, 0.0, 1.0, 0.0, 1.0, 0.0, 1.0, 0.0, 1.0, 1.0, 1.0, 1.0, 1.0, 1.0, 1.0, 0.0, 1.0, 1.0, 1.0, 0.0, 1.0, 1.0, 1.0, 0.0, 1.0, 1.0, 1.0, 1.0, 1.0, 1.0, 1.0, 1.0, 1.0, 1.0, 1.0, 0.0, 1.0, 1.0, 1.0, 1.0, 1.0, 1.0, 1.0, 1.0, 1.0, 1.0, 1.0, 1.0, 1.0, 0.0, 1.0, 1.0, 1.0, 1.0, 1.0, 1.0, 1.0, 1.0, 1.0, 1.0, 1.0, 1.0, 1.0, 0.0, 1.0, 1.0, 1.0, 1.0, 1.0, 1.0, 1.0, 1.0, 1.0, 1.0, 1.0, 1.0, 1.0, 1.0, 1.0, 1.0, 1.0, 1.0, 1.0, 1.0, 1.0, 1.0, 1.0, 1.0, 1.0, 1.0, 1.0, 1.0, 1.0, 0.0, 1.0, 0.0, 1.0, 0.0, 1.0, 0.0, 1.0, 0.0, 1.0, 1.0, 1.0, 0.0, 1.0, 1.0, 1.0, 1.0, 1.0, 1.0, 1.0, 1.0, 1.0, 0.0, 1.0, 0.0, 1.0, 1.0, 1.0, 1.0, 1.0, 1.0, 1.0, 0.0, 1.0, 1.0, 1.0, 0.0, 1.0, 1.0, 1.0, 1.0, 1.0, 1.0, 1.0, 1.0, 1.0, 1.0, 1.0, 1.0, 1.0, 1.0, 1.0, 1.0, 1.0, 1.0, 1.0, 1.0, 1.0, 1.0, 1.0, 1.0, 1.0, 1.0, 1.0, 1.0, 1.0, 1.0, 1.0, 1.0, 1.0, 1.0, 1.0, 1.0, 1.0, 1.0, 1.0, 1.0, 1.0, 1.0, 0.0, 1.0, 1.0, 1.0, 0.0, 1.0, 0.0, 0.0, 0.0, 0.0, 0.0, 1.0, 1.0, 1.0, 1.0, 1.0, 1.0, 1.0, 1.0, 1.0, 1.0, 1.0, 1.0, 1.0, 1.0, 1.0, 1.0, 1.0, 1.0, 1.0, 1.0, 1.0, 1.0, 1.0, 1.0, 1.0, 1.0, 1.0, 1.0, 1.0, 1.0, 1.0, 1.0, 1.0, 1.0, 1.0, 1.0, 1.0, 1.0, 1.0, 1.0, 1.0, 1.0, 1.0, 1.0, 1.0, 1.0, 1.0, 1.0, 1.0, 1.0, 0.0, 1.0, 1.0, 1.0, 1.0, 1.0, 1.0, 1.0, 1.0, 1.0, 1.0, 1.0, 1.0, 1.0, 1.0, 1.0, 1.0, 1.0, 1.0, 1.0, 1.0, 1.0, 1.0, 1.0, 1.0, 1.0, 1.0, 1.0, 1.0, 1.0, 0.0, 1.0, 1.0, 1.0, 1.0, 1.0, 1.0, 1.0, 1.0, 1.0, 1.0, 1.0, 1.0, 1.0, 1.0, 1.0, 1.0, 1.0, 1.0, 1.0, 1.0, 1.0, 1.0, 5.0, 1.0, 1.0, 1.0, 1.0, 1.0, 1.0, 1.0, 1.0, 1.0, 1.0, 2.0, 1.0, 0.0, 1.0, 1.0, 1.0, 1.0, 1.0, 1.0, 1.0, 1.0, 5.0, 5.0, 1.0, 2.0, 1.0, 1.0, 1.0, 2.0, 1.0, 2.0, 1.0, 5.0, 1.0, 1.0, 1.0, 1.0, 1.0, 1.0, 1.0, 1.0, 1.0, 0.0, 1.0, 1.0, 1.0, 1.0, 1.0, 1.0, 1.0, 1.0, 1.0, 1.0, 1.0, 1.0, 1.0, 1.0, 1.0, 1.0, 1.0, 5.0, 1.0, 1.0, 1.0, 1.0, 1.0, 1.0, 1.0, 1.0, 1.0, 1.0, 1.0, 1.0, 1.0, 1.0, 1.0, 1.0, 1.0, 1.0, 1.0, 1.0, 1.0, 0.0, 1.0, 1.0, 1.0, 1.0, 1.0, 1.0, 1.0, 1.0, 1.0, 1.0, 1.0, 1.0, 1.0, 1.0, 1.0, 0.0, 1.0, 0.0, 1.0, 1.0, 1.0, 1.0, 1.0, 0.0, 1.0, 1.0, 1.0, 1.0, 1.0, 0.0, 1.0, 1.0, 1.0, 1.0, 5.0, 1.0, 5.0, 1.0, 1.0, 1.0, 5.0, 5.0, 1.0, 1.0, 1.0, 1.0, 1.0, 1.0, 1.0, 1.0, 1.0, 1.0, 1.0, 0.0, 1.0, 0.0, 1.0, 0.0, 1.0, 0.0, 1.0, 0.0, 1.0, 2.0, 1.0, 0.0, 1.0, 1.0, 1.0, 0.0, 1.0, 1.0, 1.0, 1.0, 1.0, 1.0, 1.0, 1.0, 1.0, 1.0, 1.0, 1.0, 1.0, 1.0, 1.0, 1.0, 1.0, 1.0, 1.0, 1.0, 1.0, 1.0, 1.0, 1.0, 1.0, 1.0, 1.0, 1.0, 1.0, 0.0, 1.0, 1.0, 1.0, 1.0, 1.0, 1.0, 1.0, 1.0, 1.0, 1.0, 1.0, 1.0, 1.0, 1.0, 1.0, 1.0, 1.0, 1.0, 1.0, 1.0, 1.0, 1.0, 1.0, 1.0, 1.0, 1.0, 1.0, 1.0, 1.0, 1.0, 1.0, 1.0, 1.0, 1.0, 1.0, 0.0, 1.0, 0.0, 1.0, 1.0, 1.0, 1.0, 1.0, 1.0, 1.0, 1.0, 1.0, 1.0, 1.0, 1.0, 1.0, 0.0, 1.0, 1.0, 1.0, 0.0, 1.0, 1.0, 1.0, 1.0, 1.0, 0.0, 1.0, 1.0, 1.0, 1.0, 1.0, 1.0, 1.0, 1.0, 1.0, 1.0, 1.0, 0.0, 1.0, 0.0, 1.0, 1.0, 1.0, 1.0, 1.0, 1.0, 1.0, 1.0, 1.0, 1.0, 1.0, 1.0, 1.0, 1.0, 1.0, 1.0, 1.0, 1.0, 1.0, 1.0, 1.0, 0.0, 1.0, 0.0, 1.0, 0.0, 1.0, 1.0, 1.0, 0.0, 1.0, 1.0, 1.0, 1.0, 1.0, 1.0, 1.0, 1.0, 1.0, 1.0, 1.0, 1.0, 1.0, 1.0, 1.0, 1.0, 1.0, 1.0, 1.0, 1.0, 1.0, 1.0, 1.0, 1.0, 1.0, 1.0, 1.0, 1.0, 1.0, 1.0, 1.0, 1.0, 1.0, 1.0, 1.0, 1.0, 1.0, 1.0, 1.0, 1.0, 1.0, 1.0, 1.0, 1.0, 1.0, 1.0, 1.0, 1.0, 1.0, 1.0, 1.0, 1.0, 1.0, 1.0, 1.0, 1.0, 1.0, 1.0, 1.0, 1.0, 1.0, 1.0, 1.0, 1.0, 1.0, 1.0, 1.0, 1.0, 1.0, 1.0, 1.0, 1.0, 1.0, 1.0, 1.0, 1.0, 1.0, 1.0, 1.0, 1.0, 1.0, 1.0, 1.0, 1.0, 1.0, 1.0, 1.0, 1.0, 1.0, 1.0, 1.0, 1.0, 1.0, 1.0, 1.0, 1.0, 1.0, 1.0, 1.0, 1.0, 1.0, 1.0, 1.0, 1.0, 1.0, 1.0, 1.0, 1.0, 1.0, 1.0, 1.0, 1.0, 1.0, 1.0, 1.0, 1.0, 1.0, 1.0, 1.0, 1.0, 1.0, 1.0, 1.0, 1.0, 1.0, 1.0, 1.0, 1.0, 1.0, 1.0, 1.0, 1.0, 1.0, 1.0, 1.0, 1.0, 1.0, 1.0, 1.0, 1.0, 1.0, 1.0, 1.0, 1.0, 1.0, 1.0, 1.0, 1.0, 1.0, 0.0, 1.0, 1.0, 1.0, 1.0, 1.0, 1.0, 1.0, 1.0, 1.0, 1.0, 1.0, 0.0, 1.0, 0.0, 1.0, 1.0, 1.0, 1.0, 1.0, 1.0, 1.0, 1.0, 0.0, 1.0, 1.0, 1.0, 1.0, 1.0, 1.0, 1.0, 1.0, 1.0, 1.0, 1.0, 1.0, 1.0]
[INFO] 2025-10-21 15:35:47,476 Meta-evaluation sample (first 10 entries):
 idx |  orig   |  pert   | median  |    h1   |    h2   |    h3   |   mean  |    std
-----------------------------------------------------------------------------------
  0 |    1.00 |    0.00 |    0.50 |    5.00 |    n/a  |    n/a  |    5.00 |    0.00
  1 |    1.00 |    0.00 |    0.50 |    5.00 |    n/a  |    n/a  |    5.00 |    0.00
  2 |    1.00 |    1.00 |    1.00 |    5.00 |    n/a  |    n/a  |    5.00 |    0.00
  3 |    0.00 |    0.00 |    0.00 |    5.00 |    n/a  |    n/a  |    5.00 |    0.00
  4 |    1.00 |    0.00 |    0.50 |    5.00 |    n/a  |    n/a  |    5.00 |    0.00
  5 |    1.00 |    1.00 |    1.00 |    5.00 |    n/a  |    n/a  |    5.00 |    0.00
  6 |    1.00 |    0.00 |    0.50 |    5.00 |    n/a  |    n/a  |    5.00 |    0.00
  7 |    1.00 |    0.00 |    0.50 |    5.00 |    n/a  |    n/a  |    5.00 |    0.00
  8 |    1.00 |    1.00 |    1.00 |    5.00 |    n/a  |    n/a  |    5.00 |    0.00
  9 |    1.00 |    0.00 |    0.50 |    5.00 |    n/a  |    n/a  |    5.00 |    0.00
[DEBUG] 2025-10-21 15:35:47,491 Full meta-evaluation summary:
{
  "pearson_corr": 0.02339774778685111,
  "model_scores": [
    0.5,
    0.5,
    1.0,
    0.0,
    0.5,
    1.0,
    0.5,
    0.5,
    1.0,
    0.5,
    1.0,
    1.0,
    1.0,
    1.0,
    1.0,
    1.0,
    1.0,
    1.0,
    1.0,
    1.0,
    1.0,
    1.0,
    1.0,
    1.0,
    0.5,
    1.0,
    0.5,
    1.0,
    1.0,
    1.0,
    0.5,
    0.5,
    1.0,
    0.5,
    1.0,
    0.5,
    1.0,
    0.5,
    0.5,
    0.5,
    0.5,
    1.0,
    1.0,
    1.0,
    1.0,
    1.0,
    1.0,
    1.0,
    0.5,
    0.5,
    0.5,
    1.0,
    1.0,
    1.0,
    1.0,
    1.0,
    1.0,
    1.0,
    1.0,
    1.0,
    2.0,
    1.0,
    0.5,
    1.0,
    0.5,
    1.0,
    1.0,
    1.0,
    1.0,
    1.0,
    0.5,
    1.0,
    1.0,
    1.0,
    1.0,
    1.0,
    1.0,
    1.0,
    0.5,
    1.0,
    1.0,
    1.0,
    1.0,
    1.0,
    1.0,
    0.5,
    1.0,
    0.5,
    1.0,
    1.0,
    0.5,
    0.5,
    0.5,
    0.5,
    0.5,
    1.0,
    1.0,
    1.0,
    1.0,
    1.0,
    1.0,
    1.0,
    1.5,
    0.5,
    0.5,
    1.0,
    0.5,
    0.5,
    1.0,
    1.0,
    1.0,
    1.0,
    0.5,
    0.5,
    0.5,
    1.0,
    0.5,
    1.0,
    1.0,
    1.0,
    1.0,
    1.0,
    1.0,
    1.0,
    1.0,
    1.0,
    1.0,
    1.0,
    1.0,
    1.0,
    1.0,
    1.0,
    1.0,
    1.0,
    1.0,
    1.0,
    1.0,
    1.0,
    1.0,
    1.0,
    1.0,
    0.5,
    1.0,
    0.5,
    0.5,
    1.0,
    1.0,
    0.5,
    1.0,
    1.0,
    1.0,
    1.0,
    1.0,
    0.5,
    1.0,
    1.0,
    0.5,
    1.0,
    1.0,
    0.5,
    1.0,
    1.0,
    1.0,
    1.0,
    1.0,
    1.0,
    1.5,
    1.5,
    1.0,
    1.5,
    0.5,
    1.0,
    0.5,
    1.0,
    0.5,
    1.0,
    1.0,
    1.0,
    1.0,
    1.0,
    0.5,
    1.0,
    1.0,
    1.0,
    0.5,
    1.0,
    1.0,
    0.5,
    1.0,
    1.0,
    1.0,
    1.0,
    1.0,
    1.0,
    0.5,
    1.0,
    1.0,
    1.0,
    1.0,
    1.0,
    1.0,
    1.0,
    1.0,
    1.0,
    1.0,
    1.0,
    1.0,
    0.5,
    1.0,
    1.0,
    1.0,
    0.0,
    1.0,
    1.0,
    1.0,
    1.0,
    1.0,
    1.0,
    1.0,
    1.0,
    1.0,
    1.0,
    0.0,
    1.0,
    1.0,
    1.0,
    1.0,
    0.5,
    1.0,
    1.0,
    1.0,
    1.0,
    1.0,
    1.0,
    1.0,
    1.0,
    1.0,
    1.0,
    1.0,
    0.5,
    0.5,
    1.0,
    1.0,
    0.5,
    0.5,
    1.0,
    0.5,
    1.0,
    1.0,
    0.5,
    1.0,
    1.0,
    1.0,
    0.5,
    1.0,
    1.0,
    1.0,
    1.0,
    1.0,
    1.0,
    1.0,
    1.0,
    1.0,
    1.0,
    1.0,
    1.0,
    1.0,
    1.0,
    1.0,
    1.0,
    1.0,
    1.0,
    1.0,
    1.0,
    1.0,
    1.0,
    1.0,
    1.0,
    1.0,
    1.0,
    1.0,
    1.0,
    1.0,
    1.0,
    1.0,
    1.0,
    1.0,
    1.0,
    1.0,
    1.0,
    1.0,
    0.5,
    0.5,
    1.0,
    1.0,
    0.5,
    1.0,
    1.0,
    1.0,
    1.0,
    1.0,
    1.0,
    1.0,
    1.0,
    1.0,
    1.0,
    1.0,
    1.0,
    1.0,
    1.0,
    0.5,
    1.0,
    0.5,
    1.0,
    1.0,
    1.0,
    0.5,
    1.0,
    1.0,
    1.0,
    1.0,
    1.0,
    1.0,
    1.0,
    1.0,
    1.0,
    1.0,
    1.0,
    1.0,
    1.0,
    1.0,
    1.0,
    0.5,
    0.5,
    0.5,
    1.0,
    1.0,
    1.0,
    1.0,
    0.5,
    0.5,
    1.0,
    1.0,
    1.0,
    1.0,
    0.5,
    1.0,
    1.0,
    0.5,
    1.0,
    0.5,
    1.0,
    0.5,
    1.0,
    1.0,
    1.0,
    1.0,
    0.5,
    1.0,
    1.0,
    1.0,
    1.0,
    1.0,
    1.0,
    1.0,
    1.0,
    0.5,
    1.0,
    1.0,
    0.5,
    1.0,
    1.0,
    1.0,
    1.0,
    0.5,
    0.5,
    1.0,
    1.0,
    1.0,
    0.5,
    1.0,
    0.5,
    0.5,
    0.5,
    0.5,
    0.5,
    0.5,
    0.5,
    1.0,
    1.0,
    1.0,
    0.5,
    1.0,
    0.5,
    1.0,
    0.5,
    1.0,
    1.0,
    1.0,
    1.0,
    1.0,
    0.5,
    1.0,
    1.0,
    1.0,
    1.0,
    1.0,
    1.0,
    0.5,
    1.0,
    1.0,
    1.0,
    1.0,
    1.0,
    1.0,
    0.5,
    1.0,
    1.0,
    1.0,
    1.0,
    1.0,
    1.0,
    1.0,
    1.0,
    1.0,
    1.0,
    1.0,
    1.0,
    1.0,
    1.0,
    0.5,
    0.5,
    0.5,
    0.5,
    0.5,
    1.0,
    0.5,
    1.0,
    1.0,
    1.0,
    1.0,
    0.5,
    0.5,
    1.0,
    1.0,
    1.0,
    0.5,
    1.0,
    0.5,
    1.0,
    1.0,
    1.0,
    1.0,
    1.0,
    1.0,
    1.0,
    1.0,
    1.0,
    1.0,
    1.0,
    1.0,
    1.0,
    1.0,
    1.0,
    1.0,
    1.0,
    1.0,
    1.0,
    1.0,
    1.0,
    0.5,
    1.0,
    0.5,
    0.0,
    0.0,
    0.5,
    1.0,
    1.0,
    1.0,
    1.0,
    1.0,
    1.0,
    1.0,
    1.0,
    1.0,
    1.0,
    1.0,
    1.0,
    1.0,
    1.0,
    1.0,
    1.0,
    1.0,
    1.0,
    1.0,
    1.0,
    1.0,
    1.0,
    1.0,
    1.0,
    0.5,
    1.0,
    1.0,
    1.0,
    1.0,
    1.0,
    1.0,
    1.0,
    1.0,
    1.0,
    1.0,
    1.0,
    1.0,
    1.0,
    1.0,
    0.5,
    1.0,
    1.0,
    1.0,
    1.0,
    1.0,
    1.0,
    1.0,
    1.0,
    1.0,
    1.0,
    1.0,
    3.0,
    1.0,
    1.0,
    1.0,
    1.0,
    1.5,
    0.5,
    1.0,
    1.0,
    1.0,
    1.0,
    5.0,
    1.5,
    1.0,
    1.5,
    1.5,
    3.0,
    1.0,
    1.0,
    1.0,
    1.0,
    0.5,
    1.0,
    1.0,
    1.0,
    1.0,
    1.0,
    1.0,
    1.0,
    1.0,
    3.0,
    1.0,
    1.0,
    1.0,
    1.0,
    1.0,
    1.0,
    1.0,
    1.0,
    1.0,
    1.0,
    0.5,
    1.0,
    1.0,
    1.0,
    1.0,
    1.0,
    1.0,
    1.0,
    0.5,
    0.5,
    1.0,
    1.0,
    0.5,
    1.0,
    1.0,
    0.5,
    1.0,
    1.0,
    3.0,
    3.0,
    1.0,
    5.0,
    1.0,
    1.0,
    1.0,
    1.0,
    1.0,
    0.5,
    0.5,
    0.5,
    0.5,
    0.5,
    1.5,
    0.5,
    1.0,
    0.5,
    1.0,
    1.0,
    1.0,
    1.0,
    1.0,
    1.0,
    1.0,
    1.0,
    1.0,
    1.0,
    1.0,
    1.0,
    1.0,
    1.0,
    0.5,
    1.0,
    1.0,
    1.0,
    1.0,
    1.0,
    1.0,
    1.0,
    1.0,
    1.0,
    1.0,
    1.0,
    1.0,
    1.0,
    1.0,
    1.0,
    1.0,
    1.0,
    0.5,
    0.5,
    1.0,
    1.0,
    1.0,
    1.0,
    1.0,
    1.0,
    0.5,
    1.0,
    0.5,
    1.0,
    1.0,
    0.5,
    1.0,
    1.0,
    1.0,
    1.0,
    1.0,
    0.5,
    0.5,
    1.0,
    1.0,
    1.0,
    1.0,
    1.0,
    1.0,
    1.0,
    1.0,
    1.0,
    1.0,
    0.5,
    0.5,
    0.5,
    1.0,
    0.5,
    1.0,
    1.0,
    1.0,
    1.0,
    1.0,
    1.0,
    1.0,
    1.0,
    1.0,
    1.0,
    1.0,
    1.0,
    1.0,
    1.0,
    1.0,
    1.0,
    1.0,
    1.0,
    1.0,
    1.0,
    1.0,
    1.0,
    1.0,
    1.0,
    1.0,
    1.0,
    1.0,
    1.0,
    1.0,
    1.0,
    1.0,
    1.0,
    1.0,
    1.0,
    1.0,
    1.0,
    1.0,
    1.0,
    1.0,
    1.0,
    1.0,
    1.0,
    1.0,
    1.0,
    1.0,
    1.0,
    1.0,
    1.0,
    1.0,
    1.0,
    1.0,
    1.0,
    1.0,
    1.0,
    1.0,
    1.0,
    1.0,
    1.0,
    1.0,
    1.0,
    1.0,
    1.0,
    1.0,
    1.0,
    1.0,
    1.0,
    1.0,
    1.0,
    1.0,
    1.0,
    1.0,
    1.0,
    1.0,
    1.0,
    0.5,
    1.0,
    1.0,
    1.0,
    1.0,
    1.0,
    0.5,
    0.5,
    1.0,
    1.0,
    1.0,
    1.0,
    0.5,
    1.0,
    1.0,
    1.0,
    1.0,
    1.0,
    1.0
  ],
  "human_means": [
    5.0,
    5.0,
    5.0,
    5.0,
    5.0,
    5.0,
    5.0,
    5.0,
    5.0,
    5.0,
    5.0,
    5.0,
    5.0,
    5.0,
    5.0,
    5.0,
    5.0,
    5.0,
    5.0,
    5.0,
    5.0,
    5.0,
    5.0,
    5.0,
    5.0,
    5.0,
    5.0,
    5.0,
    5.0,
    5.0,
    5.0,
    5.0,
    5.0,
    5.0,
    5.0,
    5.0,
    5.0,
    5.0,
    5.0,
    5.0,
    5.0,
    5.0,
    5.0,
    5.0,
    5.0,
    5.0,
    5.0,
    5.0,
    5.0,
    5.0,
    5.0,
    5.0,
    5.0,
    5.0,
    5.0,
    5.0,
    5.0,
    5.0,
    5.0,
    5.0,
    5.0,
    5.0,
    5.0,
    5.0,
    5.0,
    5.0,
    5.0,
    5.0,
    5.0,
    5.0,
    5.0,
    5.0,
    5.0,
    5.0,
    5.0,
    5.0,
    5.0,
    5.0,
    5.0,
    5.0,
    5.0,
    5.0,
    5.0,
    5.0,
    5.0,
    5.0,
    5.0,
    5.0,
    5.0,
    5.0,
    5.0,
    5.0,
    5.0,
    5.0,
    5.0,
    5.0,
    5.0,
    5.0,
    5.0,
    5.0,
    5.0,
    5.0,
    5.0,
    5.0,
    5.0,
    5.0,
    5.0,
    5.0,
    5.0,
    5.0,
    5.0,
    5.0,
    5.0,
    5.0,
    5.0,
    5.0,
    5.0,
    5.0,
    5.0,
    5.0,
    5.0,
    5.0,
    5.0,
    5.0,
    5.0,
    5.0,
    5.0,
    5.0,
    5.0,
    5.0,
    5.0,
    5.0,
    5.0,
    5.0,
    5.0,
    5.0,
    5.0,
    5.0,
    5.0,
    5.0,
    5.0,
    5.0,
    5.0,
    5.0,
    5.0,
    5.0,
    5.0,
    5.0,
    5.0,
    5.0,
    5.0,
    5.0,
    5.0,
    5.0,
    5.0,
    5.0,
    5.0,
    5.0,
    5.0,
    5.0,
    5.0,
    5.0,
    5.0,
    5.0,
    5.0,
    5.0,
    5.0,
    5.0,
    5.0,
    5.0,
    5.0,
    5.0,
    5.0,
    5.0,
    5.0,
    5.0,
    5.0,
    5.0,
    5.0,
    5.0,
    5.0,
    5.0,
    5.0,
    5.0,
    5.0,
    5.0,
    5.0,
    5.0,
    5.0,
    5.0,
    5.0,
    5.0,
    5.0,
    5.0,
    5.0,
    5.0,
    5.0,
    5.0,
    5.0,
    5.0,
    0.0,
    0.0,
    0.0,
    0.0,
    0.0,
    0.0,
    0.0,
    0.0,
    0.0,
    0.0,
    0.0,
    0.0,
    0.0,
    0.0,
    0.0,
    0.0,
    0.0,
    0.0,
    0.0,
    0.0,
    0.0,
    0.0,
    0.0,
    0.0,
    0.0,
    0.0,
    0.0,
    0.0,
    0.0,
    0.0,
    0.0,
    0.0,
    0.0,
    0.0,
    0.0,
    0.0,
    0.0,
    0.0,
    0.0,
    0.0,
    0.0,
    0.0,
    0.0,
    0.0,
    0.0,
    0.0,
    0.0,
    0.0,
    0.0,
    0.0,
    0.0,
    0.0,
    0.0,
    0.0,
    0.0,
    0.0,
    0.0,
    0.0,
    0.0,
    0.0,
    0.0,
    0.0,
    0.0,
    0.0,
    0.0,
    0.0,
    0.0,
    0.0,
    0.0,
    0.0,
    5.0,
    5.0,
    5.0,
    5.0,
    5.0,
    5.0,
    5.0,
    5.0,
    5.0,
    5.0,
    5.0,
    5.0,
    5.0,
    5.0,
    5.0,
    5.0,
    5.0,
    5.0,
    5.0,
    5.0,
    5.0,
    5.0,
    5.0,
    5.0,
    5.0,
    5.0,
    5.0,
    5.0,
    5.0,
    5.0,
    5.0,
    5.0,
    5.0,
    5.0,
    5.0,
    5.0,
    5.0,
    5.0,
    5.0,
    5.0,
    5.0,
    5.0,
    5.0,
    5.0,
    5.0,
    5.0,
    5.0,
    5.0,
    5.0,
    5.0,
    5.0,
    5.0,
    5.0,
    5.0,
    5.0,
    5.0,
    5.0,
    5.0,
    5.0,
    5.0,
    5.0,
    5.0,
    5.0,
    5.0,
    5.0,
    5.0,
    5.0,
    5.0,
    5.0,
    5.0,
    5.0,
    5.0,
    5.0,
    5.0,
    5.0,
    5.0,
    5.0,
    5.0,
    5.0,
    5.0,
    5.0,
    5.0,
    5.0,
    5.0,
    5.0,
    5.0,
    5.0,
    5.0,
    5.0,
    5.0,
    5.0,
    5.0,
    5.0,
    5.0,
    5.0,
    5.0,
    5.0,
    5.0,
    5.0,
    5.0,
    5.0,
    5.0,
    5.0,
    5.0,
    5.0,
    5.0,
    5.0,
    5.0,
    5.0,
    5.0,
    5.0,
    5.0,
    5.0,
    5.0,
    5.0,
    5.0,
    5.0,
    5.0,
    5.0,
    5.0,
    5.0,
    5.0,
    5.0,
    5.0,
    5.0,
    5.0,
    5.0,
    5.0,
    5.0,
    5.0,
    5.0,
    5.0,
    5.0,
    5.0,
    5.0,
    5.0,
    5.0,
    5.0,
    5.0,
    5.0,
    5.0,
    5.0,
    5.0,
    5.0,
    5.0,
    5.0,
    5.0,
    5.0,
    5.0,
    5.0,
    5.0,
    5.0,
    5.0,
    5.0,
    5.0,
    5.0,
    5.0,
    5.0,
    5.0,
    5.0,
    5.0,
    5.0,
    5.0,
    5.0,
    5.0,
    5.0,
    5.0,
    5.0,
    5.0,
    5.0,
    5.0,
    5.0,
    5.0,
    5.0,
    5.0,
    5.0,
    5.0,
    5.0,
    5.0,
    5.0,
    5.0,
    5.0,
    5.0,
    5.0,
    5.0,
    5.0,
    5.0,
    5.0,
    5.0,
    5.0,
    5.0,
    5.0,
    5.0,
    5.0,
    5.0,
    5.0,
    5.0,
    5.0,
    5.0,
    5.0,
    5.0,
    5.0,
    5.0,
    5.0,
    5.0,
    5.0,
    5.0,
    5.0,
    5.0,
    5.0,
    5.0,
    5.0,
    5.0,
    5.0,
    5.0,
    5.0,
    5.0,
    5.0,
    5.0,
    5.0,
    5.0,
    5.0,
    5.0,
    5.0,
    5.0,
    5.0,
    5.0,
    5.0,
    5.0,
    5.0,
    5.0,
    5.0,
    5.0,
    5.0,
    5.0,
    5.0,
    5.0,
    5.0,
    5.0,
    5.0,
    5.0,
    5.0,
    5.0,
    5.0,
    5.0,
    5.0,
    5.0,
    5.0,
    5.0,
    5.0,
    5.0,
    5.0,
    5.0,
    5.0,
    5.0,
    5.0,
    5.0,
    5.0,
    5.0,
    5.0,
    5.0,
    5.0,
    5.0,
    5.0,
    5.0,
    5.0,
    5.0,
    5.0,
    5.0,
    5.0,
    5.0,
    5.0,
    5.0,
    5.0,
    5.0,
    5.0,
    5.0,
    5.0,
    5.0,
    5.0,
    5.0,
    5.0,
    5.0,
    5.0,
    5.0,
    5.0,
    5.0,
    5.0,
    5.0,
    5.0,
    5.0,
    5.0,
    5.0,
    5.0,
    5.0,
    5.0,
    5.0,
    5.0,
    5.0,
    5.0,
    5.0,
    5.0,
    5.0,
    5.0,
    5.0,
    5.0,
    5.0,
    5.0,
    5.0,
    5.0,
    5.0,
    5.0,
    5.0,
    5.0,
    5.0,
    5.0,
    5.0,
    5.0,
    5.0,
    5.0,
    5.0,
    5.0,
    5.0,
    5.0,
    5.0,
    5.0,
    5.0,
    5.0,
    5.0,
    5.0,
    5.0,
    5.0,
    5.0,
    5.0,
    5.0,
    5.0,
    5.0,
    5.0,
    5.0,
    5.0,
    5.0,
    5.0,
    5.0,
    5.0,
    5.0,
    5.0,
    5.0,
    5.0,
    5.0,
    5.0,
    5.0,
    5.0,
    5.0,
    5.0,
    5.0,
    5.0,
    5.0,
    5.0,
    5.0,
    5.0,
    5.0,
    5.0,
    5.0,
    5.0,
    5.0,
    5.0,
    5.0,
    5.0,
    5.0,
    5.0,
    5.0,
    5.0,
    5.0,
    5.0,
    5.0,
    5.0,
    5.0,
    5.0,
    5.0,
    5.0,
    5.0,
    5.0,
    5.0,
    5.0,
    5.0,
    5.0,
    5.0,
    5.0,
    5.0,
    5.0,
    5.0,
    5.0,
    5.0,
    5.0,
    5.0,
    5.0,
    5.0,
    5.0,
    5.0,
    5.0,
    5.0,
    5.0,
    5.0,
    5.0,
    5.0,
    5.0,
    5.0,
    5.0,
    5.0,
    5.0,
    5.0,
    5.0,
    5.0,
    5.0,
    5.0,
    5.0,
    5.0,
    5.0,
    5.0,
    5.0,
    5.0,
    5.0,
    5.0,
    5.0,
    5.0,
    5.0,
    5.0,
    5.0,
    5.0,
    5.0,
    5.0,
    5.0,
    5.0,
    5.0,
    5.0,
    5.0,
    5.0,
    5.0,
    5.0,
    5.0,
    5.0,
    5.0,
    5.0,
    5.0,
    5.0,
    5.0,
    5.0,
    5.0,
    5.0,
    5.0,
    5.0,
    5.0,
    5.0,
    5.0,
    5.0,
    5.0,
    5.0,
    5.0,
    5.0,
    5.0,
    5.0,
    5.0,
    5.0,
    5.0,
    5.0,
    5.0,
    5.0,
    5.0,
    5.0,
    5.0,
    5.0,
    5.0,
    5.0,
    5.0,
    5.0,
    5.0,
    5.0,
    5.0,
    5.0,
    5.0,
    5.0,
    5.0,
    5.0,
    5.0,
    5.0,
    5.0,
    5.0,
    5.0,
    5.0,
    5.0,
    5.0,
    5.0,
    5.0,
    5.0,
    5.0
  ],
  "per_example_stats": [
    {
      "id": "grounding_demo_vs_instruction_0",
      "question_id": null,
      "human_scores": [
        5.0
      ],
      "mean": 5.0,
      "std": 0.0,
      "model_score": 0.5,
      "perturbation_scores": {
        "original": 1.0,
        "perturbed": 0.0
      },
      "perturbation_stats": {
        "median": 0.5,
        "mean": 0.5,
        "std": 0.7071067811865476
      }
    },
    {
      "id": "grounding_demo_vs_instruction_1",
      "question_id": null,
      "human_scores": [
        5.0
      ],
      "mean": 5.0,
      "std": 0.0,
      "model_score": 0.5,
      "perturbation_scores": {
        "original": 1.0,
        "perturbed": 0.0
      },
      "perturbation_stats": {
        "median": 0.5,
        "mean": 0.5,
        "std": 0.7071067811865476
      }
    },
    {
      "id": "grounding_demo_vs_instruction_2",
      "question_id": null,
      "human_scores": [
        5.0
      ],
      "mean": 5.0,
      "std": 0.0,
      "model_score": 1.0,
      "perturbation_scores": {
        "original": 1.0,
        "perturbed": 1.0
      },
      "perturbation_stats": {
        "median": 1.0,
        "mean": 1.0,
        "std": 0.0
      }
    },
    {
      "id": "grounding_demo_vs_instruction_3",
      "question_id": null,
      "human_scores": [
        5.0
      ],
      "mean": 5.0,
      "std": 0.0,
      "model_score": 0.0,
      "perturbation_scores": {
        "original": 0.0,
        "perturbed": 0.0
      },
      "perturbation_stats": {
        "median": 0.0,
        "mean": 0.0,
        "std": 0.0
      }
    },
    {
      "id": "grounding_demo_vs_instruction_4",
      "question_id": null,
      "human_scores": [
        5.0
      ],
      "mean": 5.0,
      "std": 0.0,
      "model_score": 0.5,
      "perturbation_scores": {
        "original": 1.0,
        "perturbed": 0.0
      },
      "perturbation_stats": {
        "median": 0.5,
        "mean": 0.5,
        "std": 0.7071067811865476
      }
    },
    {
      "id": "grounding_demo_vs_instruction_5",
      "question_id": null,
      "human_scores": [
        5.0
      ],
      "mean": 5.0,
      "std": 0.0,
      "model_score": 1.0,
      "perturbation_scores": {
        "original": 1.0,
        "perturbed": 1.0
      },
      "perturbation_stats": {
        "median": 1.0,
        "mean": 1.0,
        "std": 0.0
      }
    },
    {
      "id": "grounding_demo_vs_instruction_6",
      "question_id": null,
      "human_scores": [
        5.0
      ],
      "mean": 5.0,
      "std": 0.0,
      "model_score": 0.5,
      "perturbation_scores": {
        "original": 1.0,
        "perturbed": 0.0
      },
      "perturbation_stats": {
        "median": 0.5,
        "mean": 0.5,
        "std": 0.7071067811865476
      }
    },
    {
      "id": "grounding_demo_vs_instruction_7",
      "question_id": null,
      "human_scores": [
        5.0
      ],
      "mean": 5.0,
      "std": 0.0,
      "model_score": 0.5,
      "perturbation_scores": {
        "original": 1.0,
        "perturbed": 0.0
      },
      "perturbation_stats": {
        "median": 0.5,
        "mean": 0.5,
        "std": 0.7071067811865476
      }
    },
    {
      "id": "grounding_demo_vs_instruction_8",
      "question_id": null,
      "human_scores": [
        5.0
      ],
      "mean": 5.0,
      "std": 0.0,
      "model_score": 1.0,
      "perturbation_scores": {
        "original": 1.0,
        "perturbed": 1.0
      },
      "perturbation_stats": {
        "median": 1.0,
        "mean": 1.0,
        "std": 0.0
      }
    },
    {
      "id": "grounding_demo_vs_instruction_9",
      "question_id": null,
      "human_scores": [
        5.0
      ],
      "mean": 5.0,
      "std": 0.0,
      "model_score": 0.5,
      "perturbation_scores": {
        "original": 1.0,
        "perturbed": 0.0
      },
      "perturbation_stats": {
        "median": 0.5,
        "mean": 0.5,
        "std": 0.7071067811865476
      }
    },
    {
      "id": "grounding_false_context_0",
      "question_id": null,
      "human_scores": [
        5.0
      ],
      "mean": 5.0,
      "std": 0.0,
      "model_score": 1.0,
      "perturbation_scores": {
        "original": 1.0,
        "perturbed": 1.0
      },
      "perturbation_stats": {
        "median": 1.0,
        "mean": 1.0,
        "std": 0.0
      }
    },
    {
      "id": "grounding_false_context_1",
      "question_id": null,
      "human_scores": [
        5.0
      ],
      "mean": 5.0,
      "std": 0.0,
      "model_score": 1.0,
      "perturbation_scores": {
        "original": 1.0,
        "perturbed": 1.0
      },
      "perturbation_stats": {
        "median": 1.0,
        "mean": 1.0,
        "std": 0.0
      }
    },
    {
      "id": "grounding_false_context_2",
      "question_id": null,
      "human_scores": [
        5.0
      ],
      "mean": 5.0,
      "std": 0.0,
      "model_score": 1.0,
      "perturbation_scores": {
        "original": 1.0,
        "perturbed": 1.0
      },
      "perturbation_stats": {
        "median": 1.0,
        "mean": 1.0,
        "std": 0.0
      }
    },
    {
      "id": "grounding_false_context_3",
      "question_id": null,
      "human_scores": [
        5.0
      ],
      "mean": 5.0,
      "std": 0.0,
      "model_score": 1.0,
      "perturbation_scores": {
        "original": 1.0,
        "perturbed": 1.0
      },
      "perturbation_stats": {
        "median": 1.0,
        "mean": 1.0,
        "std": 0.0
      }
    },
    {
      "id": "grounding_false_context_4",
      "question_id": null,
      "human_scores": [
        5.0
      ],
      "mean": 5.0,
      "std": 0.0,
      "model_score": 1.0,
      "perturbation_scores": {
        "original": 1.0,
        "perturbed": 1.0
      },
      "perturbation_stats": {
        "median": 1.0,
        "mean": 1.0,
        "std": 0.0
      }
    },
    {
      "id": "grounding_false_context_5",
      "question_id": null,
      "human_scores": [
        5.0
      ],
      "mean": 5.0,
      "std": 0.0,
      "model_score": 1.0,
      "perturbation_scores": {
        "original": 1.0,
        "perturbed": 1.0
      },
      "perturbation_stats": {
        "median": 1.0,
        "mean": 1.0,
        "std": 0.0
      }
    },
    {
      "id": "grounding_false_context_6",
      "question_id": null,
      "human_scores": [
        5.0
      ],
      "mean": 5.0,
      "std": 0.0,
      "model_score": 1.0,
      "perturbation_scores": {
        "original": 1.0,
        "perturbed": 1.0
      },
      "perturbation_stats": {
        "median": 1.0,
        "mean": 1.0,
        "std": 0.0
      }
    },
    {
      "id": "grounding_false_context_7",
      "question_id": null,
      "human_scores": [
        5.0
      ],
      "mean": 5.0,
      "std": 0.0,
      "model_score": 1.0,
      "perturbation_scores": {
        "original": 1.0,
        "perturbed": 1.0
      },
      "perturbation_stats": {
        "median": 1.0,
        "mean": 1.0,
        "std": 0.0
      }
    },
    {
      "id": "grounding_false_context_8",
      "question_id": null,
      "human_scores": [
        5.0
      ],
      "mean": 5.0,
      "std": 0.0,
      "model_score": 1.0,
      "perturbation_scores": {
        "original": 1.0,
        "perturbed": 1.0
      },
      "perturbation_stats": {
        "median": 1.0,
        "mean": 1.0,
        "std": 0.0
      }
    },
    {
      "id": "grounding_false_context_9",
      "question_id": null,
      "human_scores": [
        5.0
      ],
      "mean": 5.0,
      "std": 0.0,
      "model_score": 1.0,
      "perturbation_scores": {
        "original": 1.0,
        "perturbed": 1.0
      },
      "perturbation_stats": {
        "median": 1.0,
        "mean": 1.0,
        "std": 0.0
      }
    },
    {
      "id": "grounding_follow_the_system_prompt_0",
      "question_id": null,
      "human_scores": [
        5.0
      ],
      "mean": 5.0,
      "std": 0.0,
      "model_score": 1.0,
      "perturbation_scores": {
        "original": 1.0,
        "perturbed": 1.0
      },
      "perturbation_stats": {
        "median": 1.0,
        "mean": 1.0,
        "std": 0.0
      }
    },
    {
      "id": "grounding_follow_the_system_prompt_1",
      "question_id": null,
      "human_scores": [
        5.0
      ],
      "mean": 5.0,
      "std": 0.0,
      "model_score": 1.0,
      "perturbation_scores": {
        "original": 1.0,
        "perturbed": 1.0
      },
      "perturbation_stats": {
        "median": 1.0,
        "mean": 1.0,
        "std": 0.0
      }
    },
    {
      "id": "grounding_follow_the_system_prompt_2",
      "question_id": null,
      "human_scores": [
        5.0
      ],
      "mean": 5.0,
      "std": 0.0,
      "model_score": 1.0,
      "perturbation_scores": {
        "original": 1.0,
        "perturbed": 1.0
      },
      "perturbation_stats": {
        "median": 1.0,
        "mean": 1.0,
        "std": 0.0
      }
    },
    {
      "id": "grounding_follow_the_system_prompt_3",
      "question_id": null,
      "human_scores": [
        5.0
      ],
      "mean": 5.0,
      "std": 0.0,
      "model_score": 1.0,
      "perturbation_scores": {
        "original": 1.0,
        "perturbed": 1.0
      },
      "perturbation_stats": {
        "median": 1.0,
        "mean": 1.0,
        "std": 0.0
      }
    },
    {
      "id": "grounding_follow_the_system_prompt_4",
      "question_id": null,
      "human_scores": [
        5.0
      ],
      "mean": 5.0,
      "std": 0.0,
      "model_score": 0.5,
      "perturbation_scores": {
        "original": 1.0,
        "perturbed": 0.0
      },
      "perturbation_stats": {
        "median": 0.5,
        "mean": 0.5,
        "std": 0.7071067811865476
      }
    },
    {
      "id": "grounding_follow_the_system_prompt_5",
      "question_id": null,
      "human_scores": [
        5.0
      ],
      "mean": 5.0,
      "std": 0.0,
      "model_score": 1.0,
      "perturbation_scores": {
        "original": 1.0,
        "perturbed": 1.0
      },
      "perturbation_stats": {
        "median": 1.0,
        "mean": 1.0,
        "std": 0.0
      }
    },
    {
      "id": "grounding_follow_the_system_prompt_6",
      "question_id": null,
      "human_scores": [
        5.0
      ],
      "mean": 5.0,
      "std": 0.0,
      "model_score": 0.5,
      "perturbation_scores": {
        "original": 1.0,
        "perturbed": 0.0
      },
      "perturbation_stats": {
        "median": 0.5,
        "mean": 0.5,
        "std": 0.7071067811865476
      }
    },
    {
      "id": "grounding_follow_the_system_prompt_7",
      "question_id": null,
      "human_scores": [
        5.0
      ],
      "mean": 5.0,
      "std": 0.0,
      "model_score": 1.0,
      "perturbation_scores": {
        "original": 1.0,
        "perturbed": 1.0
      },
      "perturbation_stats": {
        "median": 1.0,
        "mean": 1.0,
        "std": 0.0
      }
    },
    {
      "id": "grounding_follow_the_system_prompt_8",
      "question_id": null,
      "human_scores": [
        5.0
      ],
      "mean": 5.0,
      "std": 0.0,
      "model_score": 1.0,
      "perturbation_scores": {
        "original": 1.0,
        "perturbed": 1.0
      },
      "perturbation_stats": {
        "median": 1.0,
        "mean": 1.0,
        "std": 0.0
      }
    },
    {
      "id": "grounding_follow_the_system_prompt_9",
      "question_id": null,
      "human_scores": [
        5.0
      ],
      "mean": 5.0,
      "std": 0.0,
      "model_score": 1.0,
      "perturbation_scores": {
        "original": 1.0,
        "perturbed": 1.0
      },
      "perturbation_stats": {
        "median": 1.0,
        "mean": 1.0,
        "std": 0.0
      }
    },
    {
      "id": "grounding_json_csv_xml_0",
      "question_id": null,
      "human_scores": [
        5.0
      ],
      "mean": 5.0,
      "std": 0.0,
      "model_score": 0.5,
      "perturbation_scores": {
        "original": 0.0,
        "perturbed": 1.0
      },
      "perturbation_stats": {
        "median": 0.5,
        "mean": 0.5,
        "std": 0.7071067811865476
      }
    },
    {
      "id": "grounding_json_csv_xml_1",
      "question_id": null,
      "human_scores": [
        5.0
      ],
      "mean": 5.0,
      "std": 0.0,
      "model_score": 0.5,
      "perturbation_scores": {
        "original": 0.0,
        "perturbed": 1.0
      },
      "perturbation_stats": {
        "median": 0.5,
        "mean": 0.5,
        "std": 0.7071067811865476
      }
    },
    {
      "id": "grounding_json_csv_xml_2",
      "question_id": null,
      "human_scores": [
        5.0
      ],
      "mean": 5.0,
      "std": 0.0,
      "model_score": 1.0,
      "perturbation_scores": {
        "original": 1.0,
        "perturbed": 1.0
      },
      "perturbation_stats": {
        "median": 1.0,
        "mean": 1.0,
        "std": 0.0
      }
    },
    {
      "id": "grounding_json_csv_xml_3",
      "question_id": null,
      "human_scores": [
        5.0
      ],
      "mean": 5.0,
      "std": 0.0,
      "model_score": 0.5,
      "perturbation_scores": {
        "original": 1.0,
        "perturbed": 0.0
      },
      "perturbation_stats": {
        "median": 0.5,
        "mean": 0.5,
        "std": 0.7071067811865476
      }
    },
    {
      "id": "grounding_json_csv_xml_4",
      "question_id": null,
      "human_scores": [
        5.0
      ],
      "mean": 5.0,
      "std": 0.0,
      "model_score": 1.0,
      "perturbation_scores": {
        "original": 1.0,
        "perturbed": 1.0
      },
      "perturbation_stats": {
        "median": 1.0,
        "mean": 1.0,
        "std": 0.0
      }
    },
    {
      "id": "grounding_json_csv_xml_5",
      "question_id": null,
      "human_scores": [
        5.0
      ],
      "mean": 5.0,
      "std": 0.0,
      "model_score": 0.5,
      "perturbation_scores": {
        "original": 1.0,
        "perturbed": 0.0
      },
      "perturbation_stats": {
        "median": 0.5,
        "mean": 0.5,
        "std": 0.7071067811865476
      }
    },
    {
      "id": "grounding_json_csv_xml_6",
      "question_id": null,
      "human_scores": [
        5.0
      ],
      "mean": 5.0,
      "std": 0.0,
      "model_score": 1.0,
      "perturbation_scores": {
        "original": 1.0,
        "perturbed": 1.0
      },
      "perturbation_stats": {
        "median": 1.0,
        "mean": 1.0,
        "std": 0.0
      }
    },
    {
      "id": "grounding_json_csv_xml_7",
      "question_id": null,
      "human_scores": [
        5.0
      ],
      "mean": 5.0,
      "std": 0.0,
      "model_score": 0.5,
      "perturbation_scores": {
        "original": 1.0,
        "perturbed": 0.0
      },
      "perturbation_stats": {
        "median": 0.5,
        "mean": 0.5,
        "std": 0.7071067811865476
      }
    },
    {
      "id": "grounding_json_csv_xml_8",
      "question_id": null,
      "human_scores": [
        5.0
      ],
      "mean": 5.0,
      "std": 0.0,
      "model_score": 0.5,
      "perturbation_scores": {
        "original": 1.0,
        "perturbed": 0.0
      },
      "perturbation_stats": {
        "median": 0.5,
        "mean": 0.5,
        "std": 0.7071067811865476
      }
    },
    {
      "id": "grounding_json_csv_xml_9",
      "question_id": null,
      "human_scores": [
        5.0
      ],
      "mean": 5.0,
      "std": 0.0,
      "model_score": 0.5,
      "perturbation_scores": {
        "original": 1.0,
        "perturbed": 0.0
      },
      "perturbation_stats": {
        "median": 0.5,
        "mean": 0.5,
        "std": 0.7071067811865476
      }
    },
    {
      "id": "grounding_multi_source_0",
      "question_id": null,
      "human_scores": [
        5.0
      ],
      "mean": 5.0,
      "std": 0.0,
      "model_score": 0.5,
      "perturbation_scores": {
        "original": 1.0,
        "perturbed": 0.0
      },
      "perturbation_stats": {
        "median": 0.5,
        "mean": 0.5,
        "std": 0.7071067811865476
      }
    },
    {
      "id": "grounding_multi_source_1",
      "question_id": null,
      "human_scores": [
        5.0
      ],
      "mean": 5.0,
      "std": 0.0,
      "model_score": 1.0,
      "perturbation_scores": {
        "original": 1.0,
        "perturbed": 1.0
      },
      "perturbation_stats": {
        "median": 1.0,
        "mean": 1.0,
        "std": 0.0
      }
    },
    {
      "id": "grounding_multi_source_2",
      "question_id": null,
      "human_scores": [
        5.0
      ],
      "mean": 5.0,
      "std": 0.0,
      "model_score": 1.0,
      "perturbation_scores": {
        "original": 1.0,
        "perturbed": 1.0
      },
      "perturbation_stats": {
        "median": 1.0,
        "mean": 1.0,
        "std": 0.0
      }
    },
    {
      "id": "grounding_multi_source_3",
      "question_id": null,
      "human_scores": [
        5.0
      ],
      "mean": 5.0,
      "std": 0.0,
      "model_score": 1.0,
      "perturbation_scores": {
        "original": 1.0,
        "perturbed": 1.0
      },
      "perturbation_stats": {
        "median": 1.0,
        "mean": 1.0,
        "std": 0.0
      }
    },
    {
      "id": "grounding_multi_source_4",
      "question_id": null,
      "human_scores": [
        5.0
      ],
      "mean": 5.0,
      "std": 0.0,
      "model_score": 1.0,
      "perturbation_scores": {
        "original": 1.0,
        "perturbed": 1.0
      },
      "perturbation_stats": {
        "median": 1.0,
        "mean": 1.0,
        "std": 0.0
      }
    },
    {
      "id": "grounding_multi_source_5",
      "question_id": null,
      "human_scores": [
        5.0
      ],
      "mean": 5.0,
      "std": 0.0,
      "model_score": 1.0,
      "perturbation_scores": {
        "original": 1.0,
        "perturbed": 1.0
      },
      "perturbation_stats": {
        "median": 1.0,
        "mean": 1.0,
        "std": 0.0
      }
    },
    {
      "id": "grounding_multi_source_6",
      "question_id": null,
      "human_scores": [
        5.0
      ],
      "mean": 5.0,
      "std": 0.0,
      "model_score": 1.0,
      "perturbation_scores": {
        "original": 1.0,
        "perturbed": 1.0
      },
      "perturbation_stats": {
        "median": 1.0,
        "mean": 1.0,
        "std": 0.0
      }
    },
    {
      "id": "grounding_multi_source_7",
      "question_id": null,
      "human_scores": [
        5.0
      ],
      "mean": 5.0,
      "std": 0.0,
      "model_score": 1.0,
      "perturbation_scores": {
        "original": 1.0,
        "perturbed": 1.0
      },
      "perturbation_stats": {
        "median": 1.0,
        "mean": 1.0,
        "std": 0.0
      }
    },
    {
      "id": "grounding_multi_source_8",
      "question_id": null,
      "human_scores": [
        5.0
      ],
      "mean": 5.0,
      "std": 0.0,
      "model_score": 0.5,
      "perturbation_scores": {
        "original": 1.0,
        "perturbed": 0.0
      },
      "perturbation_stats": {
        "median": 0.5,
        "mean": 0.5,
        "std": 0.7071067811865476
      }
    },
    {
      "id": "grounding_multi_source_9",
      "question_id": null,
      "human_scores": [
        5.0
      ],
      "mean": 5.0,
      "std": 0.0,
      "model_score": 0.5,
      "perturbation_scores": {
        "original": 1.0,
        "perturbed": 0.0
      },
      "perturbation_stats": {
        "median": 0.5,
        "mean": 0.5,
        "std": 0.7071067811865476
      }
    },
    {
      "id": "grounding_role_playing_0",
      "question_id": null,
      "human_scores": [
        5.0
      ],
      "mean": 5.0,
      "std": 0.0,
      "model_score": 0.5,
      "perturbation_scores": {
        "original": 1.0,
        "perturbed": 0.0
      },
      "perturbation_stats": {
        "median": 0.5,
        "mean": 0.5,
        "std": 0.7071067811865476
      }
    },
    {
      "id": "grounding_role_playing_1",
      "question_id": null,
      "human_scores": [
        5.0
      ],
      "mean": 5.0,
      "std": 0.0,
      "model_score": 1.0,
      "perturbation_scores": {
        "original": 1.0,
        "perturbed": 1.0
      },
      "perturbation_stats": {
        "median": 1.0,
        "mean": 1.0,
        "std": 0.0
      }
    },
    {
      "id": "grounding_role_playing_2",
      "question_id": null,
      "human_scores": [
        5.0
      ],
      "mean": 5.0,
      "std": 0.0,
      "model_score": 1.0,
      "perturbation_scores": {
        "original": 1.0,
        "perturbed": 1.0
      },
      "perturbation_stats": {
        "median": 1.0,
        "mean": 1.0,
        "std": 0.0
      }
    },
    {
      "id": "grounding_role_playing_3",
      "question_id": null,
      "human_scores": [
        5.0
      ],
      "mean": 5.0,
      "std": 0.0,
      "model_score": 1.0,
      "perturbation_scores": {
        "original": 1.0,
        "perturbed": 1.0
      },
      "perturbation_stats": {
        "median": 1.0,
        "mean": 1.0,
        "std": 0.0
      }
    },
    {
      "id": "grounding_role_playing_4",
      "question_id": null,
      "human_scores": [
        5.0
      ],
      "mean": 5.0,
      "std": 0.0,
      "model_score": 1.0,
      "perturbation_scores": {
        "original": 1.0,
        "perturbed": 1.0
      },
      "perturbation_stats": {
        "median": 1.0,
        "mean": 1.0,
        "std": 0.0
      }
    },
    {
      "id": "grounding_role_playing_5",
      "question_id": null,
      "human_scores": [
        5.0
      ],
      "mean": 5.0,
      "std": 0.0,
      "model_score": 1.0,
      "perturbation_scores": {
        "original": 1.0,
        "perturbed": 1.0
      },
      "perturbation_stats": {
        "median": 1.0,
        "mean": 1.0,
        "std": 0.0
      }
    },
    {
      "id": "grounding_role_playing_6",
      "question_id": null,
      "human_scores": [
        5.0
      ],
      "mean": 5.0,
      "std": 0.0,
      "model_score": 1.0,
      "perturbation_scores": {
        "original": 1.0,
        "perturbed": 1.0
      },
      "perturbation_stats": {
        "median": 1.0,
        "mean": 1.0,
        "std": 0.0
      }
    },
    {
      "id": "grounding_role_playing_7",
      "question_id": null,
      "human_scores": [
        5.0
      ],
      "mean": 5.0,
      "std": 0.0,
      "model_score": 1.0,
      "perturbation_scores": {
        "original": 1.0,
        "perturbed": 1.0
      },
      "perturbation_stats": {
        "median": 1.0,
        "mean": 1.0,
        "std": 0.0
      }
    },
    {
      "id": "grounding_role_playing_8",
      "question_id": null,
      "human_scores": [
        5.0
      ],
      "mean": 5.0,
      "std": 0.0,
      "model_score": 1.0,
      "perturbation_scores": {
        "original": 1.0,
        "perturbed": 1.0
      },
      "perturbation_stats": {
        "median": 1.0,
        "mean": 1.0,
        "std": 0.0
      }
    },
    {
      "id": "grounding_role_playing_9",
      "question_id": null,
      "human_scores": [
        5.0
      ],
      "mean": 5.0,
      "std": 0.0,
      "model_score": 1.0,
      "perturbation_scores": {
        "original": 1.0,
        "perturbed": 1.0
      },
      "perturbation_stats": {
        "median": 1.0,
        "mean": 1.0,
        "std": 0.0
      }
    },
    {
      "id": "grounding_simulator_0",
      "question_id": null,
      "human_scores": [
        5.0
      ],
      "mean": 5.0,
      "std": 0.0,
      "model_score": 2.0,
      "perturbation_scores": {
        "original": 2.0,
        "perturbed": 2.0
      },
      "perturbation_stats": {
        "median": 2.0,
        "mean": 2.0,
        "std": 0.0
      }
    },
    {
      "id": "grounding_simulator_1",
      "question_id": null,
      "human_scores": [
        5.0
      ],
      "mean": 5.0,
      "std": 0.0,
      "model_score": 1.0,
      "perturbation_scores": {
        "original": 1.0,
        "perturbed": 1.0
      },
      "perturbation_stats": {
        "median": 1.0,
        "mean": 1.0,
        "std": 0.0
      }
    },
    {
      "id": "grounding_simulator_2",
      "question_id": null,
      "human_scores": [
        5.0
      ],
      "mean": 5.0,
      "std": 0.0,
      "model_score": 0.5,
      "perturbation_scores": {
        "original": 1.0,
        "perturbed": 0.0
      },
      "perturbation_stats": {
        "median": 0.5,
        "mean": 0.5,
        "std": 0.7071067811865476
      }
    },
    {
      "id": "grounding_simulator_3",
      "question_id": null,
      "human_scores": [
        5.0
      ],
      "mean": 5.0,
      "std": 0.0,
      "model_score": 1.0,
      "perturbation_scores": {
        "original": 1.0,
        "perturbed": 1.0
      },
      "perturbation_stats": {
        "median": 1.0,
        "mean": 1.0,
        "std": 0.0
      }
    },
    {
      "id": "grounding_simulator_4",
      "question_id": null,
      "human_scores": [
        5.0
      ],
      "mean": 5.0,
      "std": 0.0,
      "model_score": 0.5,
      "perturbation_scores": {
        "original": 1.0,
        "perturbed": 0.0
      },
      "perturbation_stats": {
        "median": 0.5,
        "mean": 0.5,
        "std": 0.7071067811865476
      }
    },
    {
      "id": "grounding_simulator_5",
      "question_id": null,
      "human_scores": [
        5.0
      ],
      "mean": 5.0,
      "std": 0.0,
      "model_score": 1.0,
      "perturbation_scores": {
        "original": 1.0,
        "perturbed": 1.0
      },
      "perturbation_stats": {
        "median": 1.0,
        "mean": 1.0,
        "std": 0.0
      }
    },
    {
      "id": "grounding_simulator_6",
      "question_id": null,
      "human_scores": [
        5.0
      ],
      "mean": 5.0,
      "std": 0.0,
      "model_score": 1.0,
      "perturbation_scores": {
        "original": 1.0,
        "perturbed": 1.0
      },
      "perturbation_stats": {
        "median": 1.0,
        "mean": 1.0,
        "std": 0.0
      }
    },
    {
      "id": "grounding_simulator_7",
      "question_id": null,
      "human_scores": [
        5.0
      ],
      "mean": 5.0,
      "std": 0.0,
      "model_score": 1.0,
      "perturbation_scores": {
        "original": 1.0,
        "perturbed": 1.0
      },
      "perturbation_stats": {
        "median": 1.0,
        "mean": 1.0,
        "std": 0.0
      }
    },
    {
      "id": "grounding_simulator_8",
      "question_id": null,
      "human_scores": [
        5.0
      ],
      "mean": 5.0,
      "std": 0.0,
      "model_score": 1.0,
      "perturbation_scores": {
        "original": 1.0,
        "perturbed": 1.0
      },
      "perturbation_stats": {
        "median": 1.0,
        "mean": 1.0,
        "std": 0.0
      }
    },
    {
      "id": "grounding_simulator_9",
      "question_id": null,
      "human_scores": [
        5.0
      ],
      "mean": 5.0,
      "std": 0.0,
      "model_score": 1.0,
      "perturbation_scores": {
        "original": 1.0,
        "perturbed": 1.0
      },
      "perturbation_stats": {
        "median": 1.0,
        "mean": 1.0,
        "std": 0.0
      }
    },
    {
      "id": "grounding_system_prompt_vs_demo_0",
      "question_id": null,
      "human_scores": [
        5.0
      ],
      "mean": 5.0,
      "std": 0.0,
      "model_score": 0.5,
      "perturbation_scores": {
        "original": 1.0,
        "perturbed": 0.0
      },
      "perturbation_stats": {
        "median": 0.5,
        "mean": 0.5,
        "std": 0.7071067811865476
      }
    },
    {
      "id": "grounding_system_prompt_vs_demo_1",
      "question_id": null,
      "human_scores": [
        5.0
      ],
      "mean": 5.0,
      "std": 0.0,
      "model_score": 1.0,
      "perturbation_scores": {
        "original": 1.0,
        "perturbed": 1.0
      },
      "perturbation_stats": {
        "median": 1.0,
        "mean": 1.0,
        "std": 0.0
      }
    },
    {
      "id": "grounding_system_prompt_vs_demo_2",
      "question_id": null,
      "human_scores": [
        5.0
      ],
      "mean": 5.0,
      "std": 0.0,
      "model_score": 1.0,
      "perturbation_scores": {
        "original": 1.0,
        "perturbed": 1.0
      },
      "perturbation_stats": {
        "median": 1.0,
        "mean": 1.0,
        "std": 0.0
      }
    },
    {
      "id": "grounding_system_prompt_vs_demo_3",
      "question_id": null,
      "human_scores": [
        5.0
      ],
      "mean": 5.0,
      "std": 0.0,
      "model_score": 1.0,
      "perturbation_scores": {
        "original": 1.0,
        "perturbed": 1.0
      },
      "perturbation_stats": {
        "median": 1.0,
        "mean": 1.0,
        "std": 0.0
      }
    },
    {
      "id": "grounding_system_prompt_vs_demo_4",
      "question_id": null,
      "human_scores": [
        5.0
      ],
      "mean": 5.0,
      "std": 0.0,
      "model_score": 1.0,
      "perturbation_scores": {
        "original": 1.0,
        "perturbed": 1.0
      },
      "perturbation_stats": {
        "median": 1.0,
        "mean": 1.0,
        "std": 0.0
      }
    },
    {
      "id": "grounding_system_prompt_vs_demo_5",
      "question_id": null,
      "human_scores": [
        5.0
      ],
      "mean": 5.0,
      "std": 0.0,
      "model_score": 1.0,
      "perturbation_scores": {
        "original": 1.0,
        "perturbed": 1.0
      },
      "perturbation_stats": {
        "median": 1.0,
        "mean": 1.0,
        "std": 0.0
      }
    },
    {
      "id": "grounding_system_prompt_vs_demo_6",
      "question_id": null,
      "human_scores": [
        5.0
      ],
      "mean": 5.0,
      "std": 0.0,
      "model_score": 1.0,
      "perturbation_scores": {
        "original": 1.0,
        "perturbed": 1.0
      },
      "perturbation_stats": {
        "median": 1.0,
        "mean": 1.0,
        "std": 0.0
      }
    },
    {
      "id": "grounding_system_prompt_vs_demo_7",
      "question_id": null,
      "human_scores": [
        5.0
      ],
      "mean": 5.0,
      "std": 0.0,
      "model_score": 1.0,
      "perturbation_scores": {
        "original": 1.0,
        "perturbed": 1.0
      },
      "perturbation_stats": {
        "median": 1.0,
        "mean": 1.0,
        "std": 0.0
      }
    },
    {
      "id": "grounding_system_prompt_vs_demo_8",
      "question_id": null,
      "human_scores": [
        5.0
      ],
      "mean": 5.0,
      "std": 0.0,
      "model_score": 0.5,
      "perturbation_scores": {
        "original": 1.0,
        "perturbed": 0.0
      },
      "perturbation_stats": {
        "median": 0.5,
        "mean": 0.5,
        "std": 0.7071067811865476
      }
    },
    {
      "id": "grounding_system_prompt_vs_demo_9",
      "question_id": null,
      "human_scores": [
        5.0
      ],
      "mean": 5.0,
      "std": 0.0,
      "model_score": 1.0,
      "perturbation_scores": {
        "original": 1.0,
        "perturbed": 1.0
      },
      "perturbation_stats": {
        "median": 1.0,
        "mean": 1.0,
        "std": 0.0
      }
    },
    {
      "id": "grounding_system_prompt_vs_instruction_0",
      "question_id": null,
      "human_scores": [
        5.0
      ],
      "mean": 5.0,
      "std": 0.0,
      "model_score": 1.0,
      "perturbation_scores": {
        "original": 1.0,
        "perturbed": 1.0
      },
      "perturbation_stats": {
        "median": 1.0,
        "mean": 1.0,
        "std": 0.0
      }
    },
    {
      "id": "grounding_system_prompt_vs_instruction_1",
      "question_id": null,
      "human_scores": [
        5.0
      ],
      "mean": 5.0,
      "std": 0.0,
      "model_score": 1.0,
      "perturbation_scores": {
        "original": 1.0,
        "perturbed": 1.0
      },
      "perturbation_stats": {
        "median": 1.0,
        "mean": 1.0,
        "std": 0.0
      }
    },
    {
      "id": "grounding_system_prompt_vs_instruction_2",
      "question_id": null,
      "human_scores": [
        5.0
      ],
      "mean": 5.0,
      "std": 0.0,
      "model_score": 1.0,
      "perturbation_scores": {
        "original": 1.0,
        "perturbed": 1.0
      },
      "perturbation_stats": {
        "median": 1.0,
        "mean": 1.0,
        "std": 0.0
      }
    },
    {
      "id": "grounding_system_prompt_vs_instruction_3",
      "question_id": null,
      "human_scores": [
        5.0
      ],
      "mean": 5.0,
      "std": 0.0,
      "model_score": 1.0,
      "perturbation_scores": {
        "original": 1.0,
        "perturbed": 1.0
      },
      "perturbation_stats": {
        "median": 1.0,
        "mean": 1.0,
        "std": 0.0
      }
    },
    {
      "id": "grounding_system_prompt_vs_instruction_4",
      "question_id": null,
      "human_scores": [
        5.0
      ],
      "mean": 5.0,
      "std": 0.0,
      "model_score": 1.0,
      "perturbation_scores": {
        "original": 1.0,
        "perturbed": 1.0
      },
      "perturbation_stats": {
        "median": 1.0,
        "mean": 1.0,
        "std": 0.0
      }
    },
    {
      "id": "grounding_system_prompt_vs_instruction_5",
      "question_id": null,
      "human_scores": [
        5.0
      ],
      "mean": 5.0,
      "std": 0.0,
      "model_score": 0.5,
      "perturbation_scores": {
        "original": 1.0,
        "perturbed": 0.0
      },
      "perturbation_stats": {
        "median": 0.5,
        "mean": 0.5,
        "std": 0.7071067811865476
      }
    },
    {
      "id": "grounding_system_prompt_vs_instruction_6",
      "question_id": null,
      "human_scores": [
        5.0
      ],
      "mean": 5.0,
      "std": 0.0,
      "model_score": 1.0,
      "perturbation_scores": {
        "original": 1.0,
        "perturbed": 1.0
      },
      "perturbation_stats": {
        "median": 1.0,
        "mean": 1.0,
        "std": 0.0
      }
    },
    {
      "id": "grounding_system_prompt_vs_instruction_7",
      "question_id": null,
      "human_scores": [
        5.0
      ],
      "mean": 5.0,
      "std": 0.0,
      "model_score": 0.5,
      "perturbation_scores": {
        "original": 1.0,
        "perturbed": 0.0
      },
      "perturbation_stats": {
        "median": 0.5,
        "mean": 0.5,
        "std": 0.7071067811865476
      }
    },
    {
      "id": "grounding_system_prompt_vs_instruction_8",
      "question_id": null,
      "human_scores": [
        5.0
      ],
      "mean": 5.0,
      "std": 0.0,
      "model_score": 1.0,
      "perturbation_scores": {
        "original": 1.0,
        "perturbed": 1.0
      },
      "perturbation_stats": {
        "median": 1.0,
        "mean": 1.0,
        "std": 0.0
      }
    },
    {
      "id": "grounding_system_prompt_vs_instruction_9",
      "question_id": null,
      "human_scores": [
        5.0
      ],
      "mean": 5.0,
      "std": 0.0,
      "model_score": 1.0,
      "perturbation_scores": {
        "original": 1.0,
        "perturbed": 1.0
      },
      "perturbation_stats": {
        "median": 1.0,
        "mean": 1.0,
        "std": 0.0
      }
    },
    {
      "id": "grounding_temporal_grounding_0",
      "question_id": null,
      "human_scores": [
        5.0
      ],
      "mean": 5.0,
      "std": 0.0,
      "model_score": 0.5,
      "perturbation_scores": {
        "original": 1.0,
        "perturbed": 0.0
      },
      "perturbation_stats": {
        "median": 0.5,
        "mean": 0.5,
        "std": 0.7071067811865476
      }
    },
    {
      "id": "grounding_temporal_grounding_1",
      "question_id": null,
      "human_scores": [
        5.0
      ],
      "mean": 5.0,
      "std": 0.0,
      "model_score": 0.5,
      "perturbation_scores": {
        "original": 1.0,
        "perturbed": 0.0
      },
      "perturbation_stats": {
        "median": 0.5,
        "mean": 0.5,
        "std": 0.7071067811865476
      }
    },
    {
      "id": "grounding_temporal_grounding_2",
      "question_id": null,
      "human_scores": [
        5.0
      ],
      "mean": 5.0,
      "std": 0.0,
      "model_score": 0.5,
      "perturbation_scores": {
        "original": 1.0,
        "perturbed": 0.0
      },
      "perturbation_stats": {
        "median": 0.5,
        "mean": 0.5,
        "std": 0.7071067811865476
      }
    },
    {
      "id": "grounding_temporal_grounding_3",
      "question_id": null,
      "human_scores": [
        5.0
      ],
      "mean": 5.0,
      "std": 0.0,
      "model_score": 0.5,
      "perturbation_scores": {
        "original": 1.0,
        "perturbed": 0.0
      },
      "perturbation_stats": {
        "median": 0.5,
        "mean": 0.5,
        "std": 0.7071067811865476
      }
    },
    {
      "id": "grounding_temporal_grounding_4",
      "question_id": null,
      "human_scores": [
        5.0
      ],
      "mean": 5.0,
      "std": 0.0,
      "model_score": 0.5,
      "perturbation_scores": {
        "original": 1.0,
        "perturbed": 0.0
      },
      "perturbation_stats": {
        "median": 0.5,
        "mean": 0.5,
        "std": 0.7071067811865476
      }
    },
    {
      "id": "grounding_temporal_grounding_5",
      "question_id": null,
      "human_scores": [
        5.0
      ],
      "mean": 5.0,
      "std": 0.0,
      "model_score": 1.0,
      "perturbation_scores": {
        "original": 1.0,
        "perturbed": 1.0
      },
      "perturbation_stats": {
        "median": 1.0,
        "mean": 1.0,
        "std": 0.0
      }
    },
    {
      "id": "grounding_temporal_grounding_6",
      "question_id": null,
      "human_scores": [
        5.0
      ],
      "mean": 5.0,
      "std": 0.0,
      "model_score": 1.0,
      "perturbation_scores": {
        "original": 1.0,
        "perturbed": 1.0
      },
      "perturbation_stats": {
        "median": 1.0,
        "mean": 1.0,
        "std": 0.0
      }
    },
    {
      "id": "grounding_temporal_grounding_7",
      "question_id": null,
      "human_scores": [
        5.0
      ],
      "mean": 5.0,
      "std": 0.0,
      "model_score": 1.0,
      "perturbation_scores": {
        "original": 1.0,
        "perturbed": 1.0
      },
      "perturbation_stats": {
        "median": 1.0,
        "mean": 1.0,
        "std": 0.0
      }
    },
    {
      "id": "grounding_temporal_grounding_8",
      "question_id": null,
      "human_scores": [
        5.0
      ],
      "mean": 5.0,
      "std": 0.0,
      "model_score": 1.0,
      "perturbation_scores": {
        "original": 1.0,
        "perturbed": 1.0
      },
      "perturbation_stats": {
        "median": 1.0,
        "mean": 1.0,
        "std": 0.0
      }
    },
    {
      "id": "grounding_temporal_grounding_9",
      "question_id": null,
      "human_scores": [
        5.0
      ],
      "mean": 5.0,
      "std": 0.0,
      "model_score": 1.0,
      "perturbation_scores": {
        "original": 1.0,
        "perturbed": 1.0
      },
      "perturbation_stats": {
        "median": 1.0,
        "mean": 1.0,
        "std": 0.0
      }
    },
    {
      "id": "instruction_following_alignment_0",
      "question_id": null,
      "human_scores": [
        5.0
      ],
      "mean": 5.0,
      "std": 0.0,
      "model_score": 1.0,
      "perturbation_scores": {
        "original": 1.0,
        "perturbed": 1.0
      },
      "perturbation_stats": {
        "median": 1.0,
        "mean": 1.0,
        "std": 0.0
      }
    },
    {
      "id": "instruction_following_alignment_1",
      "question_id": null,
      "human_scores": [
        5.0
      ],
      "mean": 5.0,
      "std": 0.0,
      "model_score": 1.0,
      "perturbation_scores": {
        "original": 1.0,
        "perturbed": 1.0
      },
      "perturbation_stats": {
        "median": 1.0,
        "mean": 1.0,
        "std": 0.0
      }
    },
    {
      "id": "instruction_following_alignment_2",
      "question_id": null,
      "human_scores": [
        5.0
      ],
      "mean": 5.0,
      "std": 0.0,
      "model_score": 1.5,
      "perturbation_scores": {
        "original": 1.0,
        "perturbed": 2.0
      },
      "perturbation_stats": {
        "median": 1.5,
        "mean": 1.5,
        "std": 0.7071067811865476
      }
    },
    {
      "id": "instruction_following_alignment_3",
      "question_id": null,
      "human_scores": [
        5.0
      ],
      "mean": 5.0,
      "std": 0.0,
      "model_score": 0.5,
      "perturbation_scores": {
        "original": 1.0,
        "perturbed": 0.0
      },
      "perturbation_stats": {
        "median": 0.5,
        "mean": 0.5,
        "std": 0.7071067811865476
      }
    },
    {
      "id": "instruction_following_alignment_4",
      "question_id": null,
      "human_scores": [
        5.0
      ],
      "mean": 5.0,
      "std": 0.0,
      "model_score": 0.5,
      "perturbation_scores": {
        "original": 1.0,
        "perturbed": 0.0
      },
      "perturbation_stats": {
        "median": 0.5,
        "mean": 0.5,
        "std": 0.7071067811865476
      }
    },
    {
      "id": "instruction_following_alignment_5",
      "question_id": null,
      "human_scores": [
        5.0
      ],
      "mean": 5.0,
      "std": 0.0,
      "model_score": 1.0,
      "perturbation_scores": {
        "original": 1.0,
        "perturbed": 1.0
      },
      "perturbation_stats": {
        "median": 1.0,
        "mean": 1.0,
        "std": 0.0
      }
    },
    {
      "id": "instruction_following_alignment_6",
      "question_id": null,
      "human_scores": [
        5.0
      ],
      "mean": 5.0,
      "std": 0.0,
      "model_score": 0.5,
      "perturbation_scores": {
        "original": 1.0,
        "perturbed": 0.0
      },
      "perturbation_stats": {
        "median": 0.5,
        "mean": 0.5,
        "std": 0.7071067811865476
      }
    },
    {
      "id": "instruction_following_alignment_7",
      "question_id": null,
      "human_scores": [
        5.0
      ],
      "mean": 5.0,
      "std": 0.0,
      "model_score": 0.5,
      "perturbation_scores": {
        "original": 1.0,
        "perturbed": 0.0
      },
      "perturbation_stats": {
        "median": 0.5,
        "mean": 0.5,
        "std": 0.7071067811865476
      }
    },
    {
      "id": "instruction_following_alignment_8",
      "question_id": null,
      "human_scores": [
        5.0
      ],
      "mean": 5.0,
      "std": 0.0,
      "model_score": 1.0,
      "perturbation_scores": {
        "original": 1.0,
        "perturbed": 1.0
      },
      "perturbation_stats": {
        "median": 1.0,
        "mean": 1.0,
        "std": 0.0
      }
    },
    {
      "id": "instruction_following_alignment_9",
      "question_id": null,
      "human_scores": [
        5.0
      ],
      "mean": 5.0,
      "std": 0.0,
      "model_score": 1.0,
      "perturbation_scores": {
        "original": 1.0,
        "perturbed": 1.0
      },
      "perturbation_stats": {
        "median": 1.0,
        "mean": 1.0,
        "std": 0.0
      }
    },
    {
      "id": "instruction_following_ambiguous_0",
      "question_id": null,
      "human_scores": [
        5.0
      ],
      "mean": 5.0,
      "std": 0.0,
      "model_score": 1.0,
      "perturbation_scores": {
        "original": 1.0,
        "perturbed": 1.0
      },
      "perturbation_stats": {
        "median": 1.0,
        "mean": 1.0,
        "std": 0.0
      }
    },
    {
      "id": "instruction_following_ambiguous_1",
      "question_id": null,
      "human_scores": [
        5.0
      ],
      "mean": 5.0,
      "std": 0.0,
      "model_score": 1.0,
      "perturbation_scores": {
        "original": 1.0,
        "perturbed": 1.0
      },
      "perturbation_stats": {
        "median": 1.0,
        "mean": 1.0,
        "std": 0.0
      }
    },
    {
      "id": "instruction_following_ambiguous_2",
      "question_id": null,
      "human_scores": [
        5.0
      ],
      "mean": 5.0,
      "std": 0.0,
      "model_score": 0.5,
      "perturbation_scores": {
        "original": 1.0,
        "perturbed": 0.0
      },
      "perturbation_stats": {
        "median": 0.5,
        "mean": 0.5,
        "std": 0.7071067811865476
      }
    },
    {
      "id": "instruction_following_ambiguous_3",
      "question_id": null,
      "human_scores": [
        5.0
      ],
      "mean": 5.0,
      "std": 0.0,
      "model_score": 0.5,
      "perturbation_scores": {
        "original": 1.0,
        "perturbed": 0.0
      },
      "perturbation_stats": {
        "median": 0.5,
        "mean": 0.5,
        "std": 0.7071067811865476
      }
    },
    {
      "id": "instruction_following_ambiguous_4",
      "question_id": null,
      "human_scores": [
        5.0
      ],
      "mean": 5.0,
      "std": 0.0,
      "model_score": 0.5,
      "perturbation_scores": {
        "original": 1.0,
        "perturbed": 0.0
      },
      "perturbation_stats": {
        "median": 0.5,
        "mean": 0.5,
        "std": 0.7071067811865476
      }
    },
    {
      "id": "instruction_following_ambiguous_5",
      "question_id": null,
      "human_scores": [
        5.0
      ],
      "mean": 5.0,
      "std": 0.0,
      "model_score": 1.0,
      "perturbation_scores": {
        "original": 1.0,
        "perturbed": 1.0
      },
      "perturbation_stats": {
        "median": 1.0,
        "mean": 1.0,
        "std": 0.0
      }
    },
    {
      "id": "instruction_following_ambiguous_6",
      "question_id": null,
      "human_scores": [
        5.0
      ],
      "mean": 5.0,
      "std": 0.0,
      "model_score": 0.5,
      "perturbation_scores": {
        "original": 1.0,
        "perturbed": 0.0
      },
      "perturbation_stats": {
        "median": 0.5,
        "mean": 0.5,
        "std": 0.7071067811865476
      }
    },
    {
      "id": "instruction_following_ambiguous_7",
      "question_id": null,
      "human_scores": [
        5.0
      ],
      "mean": 5.0,
      "std": 0.0,
      "model_score": 1.0,
      "perturbation_scores": {
        "original": 1.0,
        "perturbed": 1.0
      },
      "perturbation_stats": {
        "median": 1.0,
        "mean": 1.0,
        "std": 0.0
      }
    },
    {
      "id": "instruction_following_ambiguous_8",
      "question_id": null,
      "human_scores": [
        5.0
      ],
      "mean": 5.0,
      "std": 0.0,
      "model_score": 1.0,
      "perturbation_scores": {
        "original": 1.0,
        "perturbed": 1.0
      },
      "perturbation_stats": {
        "median": 1.0,
        "mean": 1.0,
        "std": 0.0
      }
    },
    {
      "id": "instruction_following_ambiguous_9",
      "question_id": null,
      "human_scores": [
        5.0
      ],
      "mean": 5.0,
      "std": 0.0,
      "model_score": 1.0,
      "perturbation_scores": {
        "original": 1.0,
        "perturbed": 1.0
      },
      "perturbation_stats": {
        "median": 1.0,
        "mean": 1.0,
        "std": 0.0
      }
    },
    {
      "id": "instruction_following_education_content_creation_0",
      "question_id": null,
      "human_scores": [
        5.0
      ],
      "mean": 5.0,
      "std": 0.0,
      "model_score": 1.0,
      "perturbation_scores": {
        "original": 1.0,
        "perturbed": 1.0
      },
      "perturbation_stats": {
        "median": 1.0,
        "mean": 1.0,
        "std": 0.0
      }
    },
    {
      "id": "instruction_following_education_content_creation_1",
      "question_id": null,
      "human_scores": [
        5.0
      ],
      "mean": 5.0,
      "std": 0.0,
      "model_score": 1.0,
      "perturbation_scores": {
        "original": 1.0,
        "perturbed": 1.0
      },
      "perturbation_stats": {
        "median": 1.0,
        "mean": 1.0,
        "std": 0.0
      }
    },
    {
      "id": "instruction_following_education_content_creation_2",
      "question_id": null,
      "human_scores": [
        5.0
      ],
      "mean": 5.0,
      "std": 0.0,
      "model_score": 1.0,
      "perturbation_scores": {
        "original": 1.0,
        "perturbed": 1.0
      },
      "perturbation_stats": {
        "median": 1.0,
        "mean": 1.0,
        "std": 0.0
      }
    },
    {
      "id": "instruction_following_education_content_creation_3",
      "question_id": null,
      "human_scores": [
        5.0
      ],
      "mean": 5.0,
      "std": 0.0,
      "model_score": 1.0,
      "perturbation_scores": {
        "original": 1.0,
        "perturbed": 1.0
      },
      "perturbation_stats": {
        "median": 1.0,
        "mean": 1.0,
        "std": 0.0
      }
    },
    {
      "id": "instruction_following_education_content_creation_4",
      "question_id": null,
      "human_scores": [
        5.0
      ],
      "mean": 5.0,
      "std": 0.0,
      "model_score": 1.0,
      "perturbation_scores": {
        "original": 1.0,
        "perturbed": 1.0
      },
      "perturbation_stats": {
        "median": 1.0,
        "mean": 1.0,
        "std": 0.0
      }
    },
    {
      "id": "instruction_following_education_content_creation_5",
      "question_id": null,
      "human_scores": [
        5.0
      ],
      "mean": 5.0,
      "std": 0.0,
      "model_score": 1.0,
      "perturbation_scores": {
        "original": 1.0,
        "perturbed": 1.0
      },
      "perturbation_stats": {
        "median": 1.0,
        "mean": 1.0,
        "std": 0.0
      }
    },
    {
      "id": "instruction_following_education_content_creation_6",
      "question_id": null,
      "human_scores": [
        5.0
      ],
      "mean": 5.0,
      "std": 0.0,
      "model_score": 1.0,
      "perturbation_scores": {
        "original": 1.0,
        "perturbed": 1.0
      },
      "perturbation_stats": {
        "median": 1.0,
        "mean": 1.0,
        "std": 0.0
      }
    },
    {
      "id": "instruction_following_education_content_creation_7",
      "question_id": null,
      "human_scores": [
        5.0
      ],
      "mean": 5.0,
      "std": 0.0,
      "model_score": 1.0,
      "perturbation_scores": {
        "original": 1.0,
        "perturbed": 1.0
      },
      "perturbation_stats": {
        "median": 1.0,
        "mean": 1.0,
        "std": 0.0
      }
    },
    {
      "id": "instruction_following_education_content_creation_8",
      "question_id": null,
      "human_scores": [
        5.0
      ],
      "mean": 5.0,
      "std": 0.0,
      "model_score": 1.0,
      "perturbation_scores": {
        "original": 1.0,
        "perturbed": 1.0
      },
      "perturbation_stats": {
        "median": 1.0,
        "mean": 1.0,
        "std": 0.0
      }
    },
    {
      "id": "instruction_following_education_content_creation_9",
      "question_id": null,
      "human_scores": [
        5.0
      ],
      "mean": 5.0,
      "std": 0.0,
      "model_score": 1.0,
      "perturbation_scores": {
        "original": 1.0,
        "perturbed": 1.0
      },
      "perturbation_stats": {
        "median": 1.0,
        "mean": 1.0,
        "std": 0.0
      }
    },
    {
      "id": "instruction_following_executable_actions_0",
      "question_id": null,
      "human_scores": [
        5.0
      ],
      "mean": 5.0,
      "std": 0.0,
      "model_score": 1.0,
      "perturbation_scores": {
        "original": 1.0,
        "perturbed": 1.0
      },
      "perturbation_stats": {
        "median": 1.0,
        "mean": 1.0,
        "std": 0.0
      }
    },
    {
      "id": "instruction_following_executable_actions_1",
      "question_id": null,
      "human_scores": [
        5.0
      ],
      "mean": 5.0,
      "std": 0.0,
      "model_score": 1.0,
      "perturbation_scores": {
        "original": 1.0,
        "perturbed": 1.0
      },
      "perturbation_stats": {
        "median": 1.0,
        "mean": 1.0,
        "std": 0.0
      }
    },
    {
      "id": "instruction_following_executable_actions_2",
      "question_id": null,
      "human_scores": [
        5.0
      ],
      "mean": 5.0,
      "std": 0.0,
      "model_score": 1.0,
      "perturbation_scores": {
        "original": 1.0,
        "perturbed": 1.0
      },
      "perturbation_stats": {
        "median": 1.0,
        "mean": 1.0,
        "std": 0.0
      }
    },
    {
      "id": "instruction_following_executable_actions_3",
      "question_id": null,
      "human_scores": [
        5.0
      ],
      "mean": 5.0,
      "std": 0.0,
      "model_score": 1.0,
      "perturbation_scores": {
        "original": 1.0,
        "perturbed": 1.0
      },
      "perturbation_stats": {
        "median": 1.0,
        "mean": 1.0,
        "std": 0.0
      }
    },
    {
      "id": "instruction_following_executable_actions_4",
      "question_id": null,
      "human_scores": [
        5.0
      ],
      "mean": 5.0,
      "std": 0.0,
      "model_score": 1.0,
      "perturbation_scores": {
        "original": 1.0,
        "perturbed": 1.0
      },
      "perturbation_stats": {
        "median": 1.0,
        "mean": 1.0,
        "std": 0.0
      }
    },
    {
      "id": "instruction_following_executable_actions_5",
      "question_id": null,
      "human_scores": [
        5.0
      ],
      "mean": 5.0,
      "std": 0.0,
      "model_score": 1.0,
      "perturbation_scores": {
        "original": 1.0,
        "perturbed": 1.0
      },
      "perturbation_stats": {
        "median": 1.0,
        "mean": 1.0,
        "std": 0.0
      }
    },
    {
      "id": "instruction_following_executable_actions_6",
      "question_id": null,
      "human_scores": [
        5.0
      ],
      "mean": 5.0,
      "std": 0.0,
      "model_score": 1.0,
      "perturbation_scores": {
        "original": 1.0,
        "perturbed": 1.0
      },
      "perturbation_stats": {
        "median": 1.0,
        "mean": 1.0,
        "std": 0.0
      }
    },
    {
      "id": "instruction_following_executable_actions_7",
      "question_id": null,
      "human_scores": [
        5.0
      ],
      "mean": 5.0,
      "std": 0.0,
      "model_score": 1.0,
      "perturbation_scores": {
        "original": 1.0,
        "perturbed": 1.0
      },
      "perturbation_stats": {
        "median": 1.0,
        "mean": 1.0,
        "std": 0.0
      }
    },
    {
      "id": "instruction_following_executable_actions_8",
      "question_id": null,
      "human_scores": [
        5.0
      ],
      "mean": 5.0,
      "std": 0.0,
      "model_score": 1.0,
      "perturbation_scores": {
        "original": 1.0,
        "perturbed": 1.0
      },
      "perturbation_stats": {
        "median": 1.0,
        "mean": 1.0,
        "std": 0.0
      }
    },
    {
      "id": "instruction_following_executable_actions_9",
      "question_id": null,
      "human_scores": [
        5.0
      ],
      "mean": 5.0,
      "std": 0.0,
      "model_score": 1.0,
      "perturbation_scores": {
        "original": 1.0,
        "perturbed": 1.0
      },
      "perturbation_stats": {
        "median": 1.0,
        "mean": 1.0,
        "std": 0.0
      }
    },
    {
      "id": "instruction_following_faithful_explanation_0",
      "question_id": null,
      "human_scores": [
        5.0
      ],
      "mean": 5.0,
      "std": 0.0,
      "model_score": 1.0,
      "perturbation_scores": {
        "original": 1.0,
        "perturbed": 1.0
      },
      "perturbation_stats": {
        "median": 1.0,
        "mean": 1.0,
        "std": 0.0
      }
    },
    {
      "id": "instruction_following_faithful_explanation_1",
      "question_id": null,
      "human_scores": [
        5.0
      ],
      "mean": 5.0,
      "std": 0.0,
      "model_score": 0.5,
      "perturbation_scores": {
        "original": 1.0,
        "perturbed": 0.0
      },
      "perturbation_stats": {
        "median": 0.5,
        "mean": 0.5,
        "std": 0.7071067811865476
      }
    },
    {
      "id": "instruction_following_faithful_explanation_2",
      "question_id": null,
      "human_scores": [
        5.0
      ],
      "mean": 5.0,
      "std": 0.0,
      "model_score": 1.0,
      "perturbation_scores": {
        "original": 1.0,
        "perturbed": 1.0
      },
      "perturbation_stats": {
        "median": 1.0,
        "mean": 1.0,
        "std": 0.0
      }
    },
    {
      "id": "instruction_following_faithful_explanation_3",
      "question_id": null,
      "human_scores": [
        5.0
      ],
      "mean": 5.0,
      "std": 0.0,
      "model_score": 0.5,
      "perturbation_scores": {
        "original": 1.0,
        "perturbed": 0.0
      },
      "perturbation_stats": {
        "median": 0.5,
        "mean": 0.5,
        "std": 0.7071067811865476
      }
    },
    {
      "id": "instruction_following_faithful_explanation_4",
      "question_id": null,
      "human_scores": [
        5.0
      ],
      "mean": 5.0,
      "std": 0.0,
      "model_score": 0.5,
      "perturbation_scores": {
        "original": 1.0,
        "perturbed": 0.0
      },
      "perturbation_stats": {
        "median": 0.5,
        "mean": 0.5,
        "std": 0.7071067811865476
      }
    },
    {
      "id": "instruction_following_faithful_explanation_5",
      "question_id": null,
      "human_scores": [
        5.0
      ],
      "mean": 5.0,
      "std": 0.0,
      "model_score": 1.0,
      "perturbation_scores": {
        "original": 1.0,
        "perturbed": 1.0
      },
      "perturbation_stats": {
        "median": 1.0,
        "mean": 1.0,
        "std": 0.0
      }
    },
    {
      "id": "instruction_following_faithful_explanation_6",
      "question_id": null,
      "human_scores": [
        5.0
      ],
      "mean": 5.0,
      "std": 0.0,
      "model_score": 1.0,
      "perturbation_scores": {
        "original": 1.0,
        "perturbed": 1.0
      },
      "perturbation_stats": {
        "median": 1.0,
        "mean": 1.0,
        "std": 0.0
      }
    },
    {
      "id": "instruction_following_faithful_explanation_7",
      "question_id": null,
      "human_scores": [
        5.0
      ],
      "mean": 5.0,
      "std": 0.0,
      "model_score": 0.5,
      "perturbation_scores": {
        "original": 1.0,
        "perturbed": 0.0
      },
      "perturbation_stats": {
        "median": 0.5,
        "mean": 0.5,
        "std": 0.7071067811865476
      }
    },
    {
      "id": "instruction_following_faithful_explanation_8",
      "question_id": null,
      "human_scores": [
        5.0
      ],
      "mean": 5.0,
      "std": 0.0,
      "model_score": 1.0,
      "perturbation_scores": {
        "original": 1.0,
        "perturbed": 1.0
      },
      "perturbation_stats": {
        "median": 1.0,
        "mean": 1.0,
        "std": 0.0
      }
    },
    {
      "id": "instruction_following_faithful_explanation_9",
      "question_id": null,
      "human_scores": [
        5.0
      ],
      "mean": 5.0,
      "std": 0.0,
      "model_score": 1.0,
      "perturbation_scores": {
        "original": 1.0,
        "perturbed": 1.0
      },
      "perturbation_stats": {
        "median": 1.0,
        "mean": 1.0,
        "std": 0.0
      }
    },
    {
      "id": "instruction_following_false_presupposition_0",
      "question_id": null,
      "human_scores": [
        5.0
      ],
      "mean": 5.0,
      "std": 0.0,
      "model_score": 1.0,
      "perturbation_scores": {
        "original": 1.0,
        "perturbed": 1.0
      },
      "perturbation_stats": {
        "median": 1.0,
        "mean": 1.0,
        "std": 0.0
      }
    },
    {
      "id": "instruction_following_false_presupposition_1",
      "question_id": null,
      "human_scores": [
        5.0
      ],
      "mean": 5.0,
      "std": 0.0,
      "model_score": 1.0,
      "perturbation_scores": {
        "original": 1.0,
        "perturbed": 1.0
      },
      "perturbation_stats": {
        "median": 1.0,
        "mean": 1.0,
        "std": 0.0
      }
    },
    {
      "id": "instruction_following_false_presupposition_2",
      "question_id": null,
      "human_scores": [
        5.0
      ],
      "mean": 5.0,
      "std": 0.0,
      "model_score": 1.0,
      "perturbation_scores": {
        "original": 1.0,
        "perturbed": 1.0
      },
      "perturbation_stats": {
        "median": 1.0,
        "mean": 1.0,
        "std": 0.0
      }
    },
    {
      "id": "instruction_following_false_presupposition_3",
      "question_id": null,
      "human_scores": [
        5.0
      ],
      "mean": 5.0,
      "std": 0.0,
      "model_score": 0.5,
      "perturbation_scores": {
        "original": 1.0,
        "perturbed": 0.0
      },
      "perturbation_stats": {
        "median": 0.5,
        "mean": 0.5,
        "std": 0.7071067811865476
      }
    },
    {
      "id": "instruction_following_false_presupposition_4",
      "question_id": null,
      "human_scores": [
        5.0
      ],
      "mean": 5.0,
      "std": 0.0,
      "model_score": 1.0,
      "perturbation_scores": {
        "original": 1.0,
        "perturbed": 1.0
      },
      "perturbation_stats": {
        "median": 1.0,
        "mean": 1.0,
        "std": 0.0
      }
    },
    {
      "id": "instruction_following_false_presupposition_5",
      "question_id": null,
      "human_scores": [
        5.0
      ],
      "mean": 5.0,
      "std": 0.0,
      "model_score": 1.0,
      "perturbation_scores": {
        "original": 1.0,
        "perturbed": 1.0
      },
      "perturbation_stats": {
        "median": 1.0,
        "mean": 1.0,
        "std": 0.0
      }
    },
    {
      "id": "instruction_following_false_presupposition_6",
      "question_id": null,
      "human_scores": [
        5.0
      ],
      "mean": 5.0,
      "std": 0.0,
      "model_score": 0.5,
      "perturbation_scores": {
        "original": 1.0,
        "perturbed": 0.0
      },
      "perturbation_stats": {
        "median": 0.5,
        "mean": 0.5,
        "std": 0.7071067811865476
      }
    },
    {
      "id": "instruction_following_false_presupposition_7",
      "question_id": null,
      "human_scores": [
        5.0
      ],
      "mean": 5.0,
      "std": 0.0,
      "model_score": 1.0,
      "perturbation_scores": {
        "original": 1.0,
        "perturbed": 1.0
      },
      "perturbation_stats": {
        "median": 1.0,
        "mean": 1.0,
        "std": 0.0
      }
    },
    {
      "id": "instruction_following_false_presupposition_8",
      "question_id": null,
      "human_scores": [
        5.0
      ],
      "mean": 5.0,
      "std": 0.0,
      "model_score": 1.0,
      "perturbation_scores": {
        "original": 1.0,
        "perturbed": 1.0
      },
      "perturbation_stats": {
        "median": 1.0,
        "mean": 1.0,
        "std": 0.0
      }
    },
    {
      "id": "instruction_following_false_presupposition_9",
      "question_id": null,
      "human_scores": [
        5.0
      ],
      "mean": 5.0,
      "std": 0.0,
      "model_score": 0.5,
      "perturbation_scores": {
        "original": 1.0,
        "perturbed": 0.0
      },
      "perturbation_stats": {
        "median": 0.5,
        "mean": 0.5,
        "std": 0.7071067811865476
      }
    },
    {
      "id": "instruction_following_instruction_data_creation_0",
      "question_id": null,
      "human_scores": [
        5.0
      ],
      "mean": 5.0,
      "std": 0.0,
      "model_score": 1.0,
      "perturbation_scores": {
        "original": 1.0,
        "perturbed": 1.0
      },
      "perturbation_stats": {
        "median": 1.0,
        "mean": 1.0,
        "std": 0.0
      }
    },
    {
      "id": "instruction_following_instruction_data_creation_1",
      "question_id": null,
      "human_scores": [
        5.0
      ],
      "mean": 5.0,
      "std": 0.0,
      "model_score": 1.0,
      "perturbation_scores": {
        "original": 1.0,
        "perturbed": 1.0
      },
      "perturbation_stats": {
        "median": 1.0,
        "mean": 1.0,
        "std": 0.0
      }
    },
    {
      "id": "instruction_following_instruction_data_creation_2",
      "question_id": null,
      "human_scores": [
        5.0
      ],
      "mean": 5.0,
      "std": 0.0,
      "model_score": 1.0,
      "perturbation_scores": {
        "original": 1.0,
        "perturbed": 1.0
      },
      "perturbation_stats": {
        "median": 1.0,
        "mean": 1.0,
        "std": 0.0
      }
    },
    {
      "id": "instruction_following_instruction_data_creation_3",
      "question_id": null,
      "human_scores": [
        5.0
      ],
      "mean": 5.0,
      "std": 0.0,
      "model_score": 1.0,
      "perturbation_scores": {
        "original": 1.0,
        "perturbed": 1.0
      },
      "perturbation_stats": {
        "median": 1.0,
        "mean": 1.0,
        "std": 0.0
      }
    },
    {
      "id": "instruction_following_instruction_data_creation_4",
      "question_id": null,
      "human_scores": [
        5.0
      ],
      "mean": 5.0,
      "std": 0.0,
      "model_score": 1.0,
      "perturbation_scores": {
        "original": 1.0,
        "perturbed": 1.0
      },
      "perturbation_stats": {
        "median": 1.0,
        "mean": 1.0,
        "std": 0.0
      }
    },
    {
      "id": "instruction_following_instruction_data_creation_5",
      "question_id": null,
      "human_scores": [
        5.0
      ],
      "mean": 5.0,
      "std": 0.0,
      "model_score": 1.0,
      "perturbation_scores": {
        "original": 1.0,
        "perturbed": 1.0
      },
      "perturbation_stats": {
        "median": 1.0,
        "mean": 1.0,
        "std": 0.0
      }
    },
    {
      "id": "instruction_following_instruction_data_creation_6",
      "question_id": null,
      "human_scores": [
        5.0
      ],
      "mean": 5.0,
      "std": 0.0,
      "model_score": 1.5,
      "perturbation_scores": {
        "original": 1.0,
        "perturbed": 2.0
      },
      "perturbation_stats": {
        "median": 1.5,
        "mean": 1.5,
        "std": 0.7071067811865476
      }
    },
    {
      "id": "instruction_following_instruction_data_creation_7",
      "question_id": null,
      "human_scores": [
        5.0
      ],
      "mean": 5.0,
      "std": 0.0,
      "model_score": 1.5,
      "perturbation_scores": {
        "original": 1.0,
        "perturbed": 2.0
      },
      "perturbation_stats": {
        "median": 1.5,
        "mean": 1.5,
        "std": 0.7071067811865476
      }
    },
    {
      "id": "instruction_following_instruction_data_creation_8",
      "question_id": null,
      "human_scores": [
        5.0
      ],
      "mean": 5.0,
      "std": 0.0,
      "model_score": 1.0,
      "perturbation_scores": {
        "original": 1.0,
        "perturbed": 1.0
      },
      "perturbation_stats": {
        "median": 1.0,
        "mean": 1.0,
        "std": 0.0
      }
    },
    {
      "id": "instruction_following_instruction_data_creation_9",
      "question_id": null,
      "human_scores": [
        5.0
      ],
      "mean": 5.0,
      "std": 0.0,
      "model_score": 1.5,
      "perturbation_scores": {
        "original": 1.0,
        "perturbed": 2.0
      },
      "perturbation_stats": {
        "median": 1.5,
        "mean": 1.5,
        "std": 0.7071067811865476
      }
    },
    {
      "id": "instruction_following_lexical_constraint_0",
      "question_id": null,
      "human_scores": [
        5.0
      ],
      "mean": 5.0,
      "std": 0.0,
      "model_score": 0.5,
      "perturbation_scores": {
        "original": 1.0,
        "perturbed": 0.0
      },
      "perturbation_stats": {
        "median": 0.5,
        "mean": 0.5,
        "std": 0.7071067811865476
      }
    },
    {
      "id": "instruction_following_lexical_constraint_1",
      "question_id": null,
      "human_scores": [
        5.0
      ],
      "mean": 5.0,
      "std": 0.0,
      "model_score": 1.0,
      "perturbation_scores": {
        "original": 1.0,
        "perturbed": 1.0
      },
      "perturbation_stats": {
        "median": 1.0,
        "mean": 1.0,
        "std": 0.0
      }
    },
    {
      "id": "instruction_following_lexical_constraint_2",
      "question_id": null,
      "human_scores": [
        5.0
      ],
      "mean": 5.0,
      "std": 0.0,
      "model_score": 0.5,
      "perturbation_scores": {
        "original": 1.0,
        "perturbed": 0.0
      },
      "perturbation_stats": {
        "median": 0.5,
        "mean": 0.5,
        "std": 0.7071067811865476
      }
    },
    {
      "id": "instruction_following_lexical_constraint_3",
      "question_id": null,
      "human_scores": [
        5.0
      ],
      "mean": 5.0,
      "std": 0.0,
      "model_score": 1.0,
      "perturbation_scores": {
        "original": 1.0,
        "perturbed": 1.0
      },
      "perturbation_stats": {
        "median": 1.0,
        "mean": 1.0,
        "std": 0.0
      }
    },
    {
      "id": "instruction_following_lexical_constraint_4",
      "question_id": null,
      "human_scores": [
        5.0
      ],
      "mean": 5.0,
      "std": 0.0,
      "model_score": 0.5,
      "perturbation_scores": {
        "original": 1.0,
        "perturbed": 0.0
      },
      "perturbation_stats": {
        "median": 0.5,
        "mean": 0.5,
        "std": 0.7071067811865476
      }
    },
    {
      "id": "instruction_following_lexical_constraint_5",
      "question_id": null,
      "human_scores": [
        5.0
      ],
      "mean": 5.0,
      "std": 0.0,
      "model_score": 1.0,
      "perturbation_scores": {
        "original": 1.0,
        "perturbed": 1.0
      },
      "perturbation_stats": {
        "median": 1.0,
        "mean": 1.0,
        "std": 0.0
      }
    },
    {
      "id": "instruction_following_lexical_constraint_6",
      "question_id": null,
      "human_scores": [
        5.0
      ],
      "mean": 5.0,
      "std": 0.0,
      "model_score": 1.0,
      "perturbation_scores": {
        "original": 1.0,
        "perturbed": 1.0
      },
      "perturbation_stats": {
        "median": 1.0,
        "mean": 1.0,
        "std": 0.0
      }
    },
    {
      "id": "instruction_following_lexical_constraint_7",
      "question_id": null,
      "human_scores": [
        5.0
      ],
      "mean": 5.0,
      "std": 0.0,
      "model_score": 1.0,
      "perturbation_scores": {
        "original": 1.0,
        "perturbed": 1.0
      },
      "perturbation_stats": {
        "median": 1.0,
        "mean": 1.0,
        "std": 0.0
      }
    },
    {
      "id": "instruction_following_lexical_constraint_8",
      "question_id": null,
      "human_scores": [
        5.0
      ],
      "mean": 5.0,
      "std": 0.0,
      "model_score": 1.0,
      "perturbation_scores": {
        "original": 1.0,
        "perturbed": 1.0
      },
      "perturbation_stats": {
        "median": 1.0,
        "mean": 1.0,
        "std": 0.0
      }
    },
    {
      "id": "instruction_following_lexical_constraint_9",
      "question_id": null,
      "human_scores": [
        5.0
      ],
      "mean": 5.0,
      "std": 0.0,
      "model_score": 1.0,
      "perturbation_scores": {
        "original": 1.0,
        "perturbed": 1.0
      },
      "perturbation_stats": {
        "median": 1.0,
        "mean": 1.0,
        "std": 0.0
      }
    },
    {
      "id": "instruction_following_multi_task_inference_0",
      "question_id": null,
      "human_scores": [
        5.0
      ],
      "mean": 5.0,
      "std": 0.0,
      "model_score": 0.5,
      "perturbation_scores": {
        "original": 1.0,
        "perturbed": 0.0
      },
      "perturbation_stats": {
        "median": 0.5,
        "mean": 0.5,
        "std": 0.7071067811865476
      }
    },
    {
      "id": "instruction_following_multi_task_inference_1",
      "question_id": null,
      "human_scores": [
        5.0
      ],
      "mean": 5.0,
      "std": 0.0,
      "model_score": 1.0,
      "perturbation_scores": {
        "original": 1.0,
        "perturbed": 1.0
      },
      "perturbation_stats": {
        "median": 1.0,
        "mean": 1.0,
        "std": 0.0
      }
    },
    {
      "id": "instruction_following_multi_task_inference_2",
      "question_id": null,
      "human_scores": [
        5.0
      ],
      "mean": 5.0,
      "std": 0.0,
      "model_score": 1.0,
      "perturbation_scores": {
        "original": 1.0,
        "perturbed": 1.0
      },
      "perturbation_stats": {
        "median": 1.0,
        "mean": 1.0,
        "std": 0.0
      }
    },
    {
      "id": "instruction_following_multi_task_inference_3",
      "question_id": null,
      "human_scores": [
        5.0
      ],
      "mean": 5.0,
      "std": 0.0,
      "model_score": 1.0,
      "perturbation_scores": {
        "original": 1.0,
        "perturbed": 1.0
      },
      "perturbation_stats": {
        "median": 1.0,
        "mean": 1.0,
        "std": 0.0
      }
    },
    {
      "id": "instruction_following_multi_task_inference_4",
      "question_id": null,
      "human_scores": [
        5.0
      ],
      "mean": 5.0,
      "std": 0.0,
      "model_score": 0.5,
      "perturbation_scores": {
        "original": 1.0,
        "perturbed": 0.0
      },
      "perturbation_stats": {
        "median": 0.5,
        "mean": 0.5,
        "std": 0.7071067811865476
      }
    },
    {
      "id": "instruction_following_multi_task_inference_5",
      "question_id": null,
      "human_scores": [
        5.0
      ],
      "mean": 5.0,
      "std": 0.0,
      "model_score": 1.0,
      "perturbation_scores": {
        "original": 1.0,
        "perturbed": 1.0
      },
      "perturbation_stats": {
        "median": 1.0,
        "mean": 1.0,
        "std": 0.0
      }
    },
    {
      "id": "instruction_following_multi_task_inference_6",
      "question_id": null,
      "human_scores": [
        5.0
      ],
      "mean": 5.0,
      "std": 0.0,
      "model_score": 1.0,
      "perturbation_scores": {
        "original": 1.0,
        "perturbed": 1.0
      },
      "perturbation_stats": {
        "median": 1.0,
        "mean": 1.0,
        "std": 0.0
      }
    },
    {
      "id": "instruction_following_multi_task_inference_7",
      "question_id": null,
      "human_scores": [
        5.0
      ],
      "mean": 5.0,
      "std": 0.0,
      "model_score": 0.5,
      "perturbation_scores": {
        "original": 1.0,
        "perturbed": 0.0
      },
      "perturbation_stats": {
        "median": 0.5,
        "mean": 0.5,
        "std": 0.7071067811865476
      }
    },
    {
      "id": "instruction_following_multi_task_inference_8",
      "question_id": null,
      "human_scores": [
        5.0
      ],
      "mean": 5.0,
      "std": 0.0,
      "model_score": 1.0,
      "perturbation_scores": {
        "original": 1.0,
        "perturbed": 1.0
      },
      "perturbation_stats": {
        "median": 1.0,
        "mean": 1.0,
        "std": 0.0
      }
    },
    {
      "id": "instruction_following_multi_task_inference_9",
      "question_id": null,
      "human_scores": [
        5.0
      ],
      "mean": 5.0,
      "std": 0.0,
      "model_score": 1.0,
      "perturbation_scores": {
        "original": 1.0,
        "perturbed": 1.0
      },
      "perturbation_stats": {
        "median": 1.0,
        "mean": 1.0,
        "std": 0.0
      }
    },
    {
      "id": "instruction_following_semantic_constraint_0",
      "question_id": null,
      "human_scores": [
        5.0
      ],
      "mean": 5.0,
      "std": 0.0,
      "model_score": 1.0,
      "perturbation_scores": {
        "original": 1.0,
        "perturbed": 1.0
      },
      "perturbation_stats": {
        "median": 1.0,
        "mean": 1.0,
        "std": 0.0
      }
    },
    {
      "id": "instruction_following_semantic_constraint_1",
      "question_id": null,
      "human_scores": [
        5.0
      ],
      "mean": 5.0,
      "std": 0.0,
      "model_score": 1.0,
      "perturbation_scores": {
        "original": 1.0,
        "perturbed": 1.0
      },
      "perturbation_stats": {
        "median": 1.0,
        "mean": 1.0,
        "std": 0.0
      }
    },
    {
      "id": "instruction_following_semantic_constraint_2",
      "question_id": null,
      "human_scores": [
        5.0
      ],
      "mean": 5.0,
      "std": 0.0,
      "model_score": 1.0,
      "perturbation_scores": {
        "original": 1.0,
        "perturbed": 1.0
      },
      "perturbation_stats": {
        "median": 1.0,
        "mean": 1.0,
        "std": 0.0
      }
    },
    {
      "id": "instruction_following_semantic_constraint_3",
      "question_id": null,
      "human_scores": [
        5.0
      ],
      "mean": 5.0,
      "std": 0.0,
      "model_score": 1.0,
      "perturbation_scores": {
        "original": 1.0,
        "perturbed": 1.0
      },
      "perturbation_stats": {
        "median": 1.0,
        "mean": 1.0,
        "std": 0.0
      }
    },
    {
      "id": "instruction_following_semantic_constraint_4",
      "question_id": null,
      "human_scores": [
        5.0
      ],
      "mean": 5.0,
      "std": 0.0,
      "model_score": 0.5,
      "perturbation_scores": {
        "original": 1.0,
        "perturbed": 0.0
      },
      "perturbation_stats": {
        "median": 0.5,
        "mean": 0.5,
        "std": 0.7071067811865476
      }
    },
    {
      "id": "instruction_following_semantic_constraint_5",
      "question_id": null,
      "human_scores": [
        5.0
      ],
      "mean": 5.0,
      "std": 0.0,
      "model_score": 1.0,
      "perturbation_scores": {
        "original": 1.0,
        "perturbed": 1.0
      },
      "perturbation_stats": {
        "median": 1.0,
        "mean": 1.0,
        "std": 0.0
      }
    },
    {
      "id": "instruction_following_semantic_constraint_6",
      "question_id": null,
      "human_scores": [
        5.0
      ],
      "mean": 5.0,
      "std": 0.0,
      "model_score": 1.0,
      "perturbation_scores": {
        "original": 1.0,
        "perturbed": 1.0
      },
      "perturbation_stats": {
        "median": 1.0,
        "mean": 1.0,
        "std": 0.0
      }
    },
    {
      "id": "instruction_following_semantic_constraint_7",
      "question_id": null,
      "human_scores": [
        5.0
      ],
      "mean": 5.0,
      "std": 0.0,
      "model_score": 1.0,
      "perturbation_scores": {
        "original": 1.0,
        "perturbed": 1.0
      },
      "perturbation_stats": {
        "median": 1.0,
        "mean": 1.0,
        "std": 0.0
      }
    },
    {
      "id": "instruction_following_semantic_constraint_8",
      "question_id": null,
      "human_scores": [
        5.0
      ],
      "mean": 5.0,
      "std": 0.0,
      "model_score": 1.0,
      "perturbation_scores": {
        "original": 1.0,
        "perturbed": 1.0
      },
      "perturbation_stats": {
        "median": 1.0,
        "mean": 1.0,
        "std": 0.0
      }
    },
    {
      "id": "instruction_following_semantic_constraint_9",
      "question_id": null,
      "human_scores": [
        5.0
      ],
      "mean": 5.0,
      "std": 0.0,
      "model_score": 1.0,
      "perturbation_scores": {
        "original": 1.0,
        "perturbed": 1.0
      },
      "perturbation_stats": {
        "median": 1.0,
        "mean": 1.0,
        "std": 0.0
      }
    },
    {
      "id": "multilingual_cultural_awareness_0",
      "question_id": null,
      "human_scores": [],
      "mean": NaN,
      "std": NaN,
      "model_score": 1.0,
      "perturbation_scores": {
        "original": 1.0,
        "perturbed": 1.0
      },
      "perturbation_stats": {
        "median": 1.0,
        "mean": 1.0,
        "std": 0.0
      }
    },
    {
      "id": "multilingual_cultural_awareness_1",
      "question_id": null,
      "human_scores": [],
      "mean": NaN,
      "std": NaN,
      "model_score": 1.0,
      "perturbation_scores": {
        "original": 1.0,
        "perturbed": 1.0
      },
      "perturbation_stats": {
        "median": 1.0,
        "mean": 1.0,
        "std": 0.0
      }
    },
    {
      "id": "multilingual_cultural_awareness_2",
      "question_id": null,
      "human_scores": [],
      "mean": NaN,
      "std": NaN,
      "model_score": 1.0,
      "perturbation_scores": {
        "original": 1.0,
        "perturbed": 1.0
      },
      "perturbation_stats": {
        "median": 1.0,
        "mean": 1.0,
        "std": 0.0
      }
    },
    {
      "id": "multilingual_cultural_awareness_3",
      "question_id": null,
      "human_scores": [],
      "mean": NaN,
      "std": NaN,
      "model_score": 1.0,
      "perturbation_scores": {
        "original": 1.0,
        "perturbed": 1.0
      },
      "perturbation_stats": {
        "median": 1.0,
        "mean": 1.0,
        "std": 0.0
      }
    },
    {
      "id": "multilingual_cultural_awareness_4",
      "question_id": null,
      "human_scores": [],
      "mean": NaN,
      "std": NaN,
      "model_score": 1.0,
      "perturbation_scores": {
        "original": 1.0,
        "perturbed": 1.0
      },
      "perturbation_stats": {
        "median": 1.0,
        "mean": 1.0,
        "std": 0.0
      }
    },
    {
      "id": "multilingual_cultural_awareness_5",
      "question_id": null,
      "human_scores": [],
      "mean": NaN,
      "std": NaN,
      "model_score": 1.0,
      "perturbation_scores": {
        "original": 1.0,
        "perturbed": 1.0
      },
      "perturbation_stats": {
        "median": 1.0,
        "mean": 1.0,
        "std": 0.0
      }
    },
    {
      "id": "multilingual_cultural_awareness_6",
      "question_id": null,
      "human_scores": [],
      "mean": NaN,
      "std": NaN,
      "model_score": 1.0,
      "perturbation_scores": {
        "original": 1.0,
        "perturbed": 1.0
      },
      "perturbation_stats": {
        "median": 1.0,
        "mean": 1.0,
        "std": 0.0
      }
    },
    {
      "id": "multilingual_cultural_awareness_7",
      "question_id": null,
      "human_scores": [],
      "mean": NaN,
      "std": NaN,
      "model_score": 0.5,
      "perturbation_scores": {
        "original": 1.0,
        "perturbed": 0.0
      },
      "perturbation_stats": {
        "median": 0.5,
        "mean": 0.5,
        "std": 0.7071067811865476
      }
    },
    {
      "id": "multilingual_cultural_awareness_8",
      "question_id": null,
      "human_scores": [],
      "mean": NaN,
      "std": NaN,
      "model_score": 1.0,
      "perturbation_scores": {
        "original": 1.0,
        "perturbed": 1.0
      },
      "perturbation_stats": {
        "median": 1.0,
        "mean": 1.0,
        "std": 0.0
      }
    },
    {
      "id": "multilingual_cultural_awareness_9",
      "question_id": null,
      "human_scores": [],
      "mean": NaN,
      "std": NaN,
      "model_score": 1.0,
      "perturbation_scores": {
        "original": 1.0,
        "perturbed": 1.0
      },
      "perturbation_stats": {
        "median": 1.0,
        "mean": 1.0,
        "std": 0.0
      }
    },
    {
      "id": "multilingual_global_opinions_0",
      "question_id": null,
      "human_scores": [],
      "mean": NaN,
      "std": NaN,
      "model_score": 1.0,
      "perturbation_scores": {
        "original": 1.0,
        "perturbed": 1.0
      },
      "perturbation_stats": {
        "median": 1.0,
        "mean": 1.0,
        "std": 0.0
      }
    },
    {
      "id": "multilingual_global_opinions_1",
      "question_id": null,
      "human_scores": [],
      "mean": NaN,
      "std": NaN,
      "model_score": 0.0,
      "perturbation_scores": {
        "original": 0.0,
        "perturbed": 0.0
      },
      "perturbation_stats": {
        "median": 0.0,
        "mean": 0.0,
        "std": 0.0
      }
    },
    {
      "id": "multilingual_global_opinions_2",
      "question_id": null,
      "human_scores": [],
      "mean": NaN,
      "std": NaN,
      "model_score": 1.0,
      "perturbation_scores": {
        "original": 1.0,
        "perturbed": 1.0
      },
      "perturbation_stats": {
        "median": 1.0,
        "mean": 1.0,
        "std": 0.0
      }
    },
    {
      "id": "multilingual_global_opinions_3",
      "question_id": null,
      "human_scores": [],
      "mean": NaN,
      "std": NaN,
      "model_score": 1.0,
      "perturbation_scores": {
        "original": 1.0,
        "perturbed": 1.0
      },
      "perturbation_stats": {
        "median": 1.0,
        "mean": 1.0,
        "std": 0.0
      }
    },
    {
      "id": "multilingual_global_opinions_4",
      "question_id": null,
      "human_scores": [],
      "mean": NaN,
      "std": NaN,
      "model_score": 1.0,
      "perturbation_scores": {
        "original": 1.0,
        "perturbed": 1.0
      },
      "perturbation_stats": {
        "median": 1.0,
        "mean": 1.0,
        "std": 0.0
      }
    },
    {
      "id": "multilingual_global_opinions_5",
      "question_id": null,
      "human_scores": [],
      "mean": NaN,
      "std": NaN,
      "model_score": 1.0,
      "perturbation_scores": {
        "original": 1.0,
        "perturbed": 1.0
      },
      "perturbation_stats": {
        "median": 1.0,
        "mean": 1.0,
        "std": 0.0
      }
    },
    {
      "id": "multilingual_global_opinions_6",
      "question_id": null,
      "human_scores": [],
      "mean": NaN,
      "std": NaN,
      "model_score": 1.0,
      "perturbation_scores": {
        "original": 1.0,
        "perturbed": 1.0
      },
      "perturbation_stats": {
        "median": 1.0,
        "mean": 1.0,
        "std": 0.0
      }
    },
    {
      "id": "multilingual_global_opinions_7",
      "question_id": null,
      "human_scores": [],
      "mean": NaN,
      "std": NaN,
      "model_score": 1.0,
      "perturbation_scores": {
        "original": 1.0,
        "perturbed": 1.0
      },
      "perturbation_stats": {
        "median": 1.0,
        "mean": 1.0,
        "std": 0.0
      }
    },
    {
      "id": "multilingual_global_opinions_8",
      "question_id": null,
      "human_scores": [],
      "mean": NaN,
      "std": NaN,
      "model_score": 1.0,
      "perturbation_scores": {
        "original": 1.0,
        "perturbed": 1.0
      },
      "perturbation_stats": {
        "median": 1.0,
        "mean": 1.0,
        "std": 0.0
      }
    },
    {
      "id": "multilingual_global_opinions_9",
      "question_id": null,
      "human_scores": [],
      "mean": NaN,
      "std": NaN,
      "model_score": 1.0,
      "perturbation_scores": {
        "original": 1.0,
        "perturbed": 1.0
      },
      "perturbation_stats": {
        "median": 1.0,
        "mean": 1.0,
        "std": 0.0
      }
    },
    {
      "id": "multilingual_historical_text_comprehension_0",
      "question_id": null,
      "human_scores": [],
      "mean": NaN,
      "std": NaN,
      "model_score": 1.0,
      "perturbation_scores": {
        "original": 1.0,
        "perturbed": 1.0
      },
      "perturbation_stats": {
        "median": 1.0,
        "mean": 1.0,
        "std": 0.0
      }
    },
    {
      "id": "multilingual_historical_text_comprehension_1",
      "question_id": null,
      "human_scores": [],
      "mean": NaN,
      "std": NaN,
      "model_score": 1.0,
      "perturbation_scores": {
        "original": 1.0,
        "perturbed": 1.0
      },
      "perturbation_stats": {
        "median": 1.0,
        "mean": 1.0,
        "std": 0.0
      }
    },
    {
      "id": "multilingual_historical_text_comprehension_2",
      "question_id": null,
      "human_scores": [],
      "mean": NaN,
      "std": NaN,
      "model_score": 0.0,
      "perturbation_scores": {
        "original": 0.0,
        "perturbed": 0.0
      },
      "perturbation_stats": {
        "median": 0.0,
        "mean": 0.0,
        "std": 0.0
      }
    },
    {
      "id": "multilingual_historical_text_comprehension_3",
      "question_id": null,
      "human_scores": [],
      "mean": NaN,
      "std": NaN,
      "model_score": 1.0,
      "perturbation_scores": {
        "original": 1.0,
        "perturbed": 1.0
      },
      "perturbation_stats": {
        "median": 1.0,
        "mean": 1.0,
        "std": 0.0
      }
    },
    {
      "id": "multilingual_historical_text_comprehension_4",
      "question_id": null,
      "human_scores": [],
      "mean": NaN,
      "std": NaN,
      "model_score": 1.0,
      "perturbation_scores": {
        "original": 1.0,
        "perturbed": 1.0
      },
      "perturbation_stats": {
        "median": 1.0,
        "mean": 1.0,
        "std": 0.0
      }
    },
    {
      "id": "multilingual_historical_text_comprehension_5",
      "question_id": null,
      "human_scores": [],
      "mean": NaN,
      "std": NaN,
      "model_score": 1.0,
      "perturbation_scores": {
        "original": 1.0,
        "perturbed": 1.0
      },
      "perturbation_stats": {
        "median": 1.0,
        "mean": 1.0,
        "std": 0.0
      }
    },
    {
      "id": "multilingual_historical_text_comprehension_6",
      "question_id": null,
      "human_scores": [],
      "mean": NaN,
      "std": NaN,
      "model_score": 1.0,
      "perturbation_scores": {
        "original": 1.0,
        "perturbed": 1.0
      },
      "perturbation_stats": {
        "median": 1.0,
        "mean": 1.0,
        "std": 0.0
      }
    },
    {
      "id": "multilingual_historical_text_comprehension_7",
      "question_id": null,
      "human_scores": [],
      "mean": NaN,
      "std": NaN,
      "model_score": 0.5,
      "perturbation_scores": {
        "original": 1.0,
        "perturbed": 0.0
      },
      "perturbation_stats": {
        "median": 0.5,
        "mean": 0.5,
        "std": 0.7071067811865476
      }
    },
    {
      "id": "multilingual_historical_text_comprehension_8",
      "question_id": null,
      "human_scores": [],
      "mean": NaN,
      "std": NaN,
      "model_score": 1.0,
      "perturbation_scores": {
        "original": 1.0,
        "perturbed": 1.0
      },
      "perturbation_stats": {
        "median": 1.0,
        "mean": 1.0,
        "std": 0.0
      }
    },
    {
      "id": "multilingual_historical_text_comprehension_9",
      "question_id": null,
      "human_scores": [],
      "mean": NaN,
      "std": NaN,
      "model_score": 1.0,
      "perturbation_scores": {
        "original": 1.0,
        "perturbed": 1.0
      },
      "perturbation_stats": {
        "median": 1.0,
        "mean": 1.0,
        "std": 0.0
      }
    },
    {
      "id": "multilingual_humor_understanding_0",
      "question_id": null,
      "human_scores": [],
      "mean": NaN,
      "std": NaN,
      "model_score": 1.0,
      "perturbation_scores": {
        "original": 1.0,
        "perturbed": 1.0
      },
      "perturbation_stats": {
        "median": 1.0,
        "mean": 1.0,
        "std": 0.0
      }
    },
    {
      "id": "multilingual_humor_understanding_1",
      "question_id": null,
      "human_scores": [],
      "mean": NaN,
      "std": NaN,
      "model_score": 1.0,
      "perturbation_scores": {
        "original": 1.0,
        "perturbed": 1.0
      },
      "perturbation_stats": {
        "median": 1.0,
        "mean": 1.0,
        "std": 0.0
      }
    },
    {
      "id": "multilingual_humor_understanding_2",
      "question_id": null,
      "human_scores": [],
      "mean": NaN,
      "std": NaN,
      "model_score": 1.0,
      "perturbation_scores": {
        "original": 1.0,
        "perturbed": 1.0
      },
      "perturbation_stats": {
        "median": 1.0,
        "mean": 1.0,
        "std": 0.0
      }
    },
    {
      "id": "multilingual_humor_understanding_3",
      "question_id": null,
      "human_scores": [],
      "mean": NaN,
      "std": NaN,
      "model_score": 1.0,
      "perturbation_scores": {
        "original": 1.0,
        "perturbed": 1.0
      },
      "perturbation_stats": {
        "median": 1.0,
        "mean": 1.0,
        "std": 0.0
      }
    },
    {
      "id": "multilingual_humor_understanding_4",
      "question_id": null,
      "human_scores": [],
      "mean": NaN,
      "std": NaN,
      "model_score": 1.0,
      "perturbation_scores": {
        "original": 1.0,
        "perturbed": 1.0
      },
      "perturbation_stats": {
        "median": 1.0,
        "mean": 1.0,
        "std": 0.0
      }
    },
    {
      "id": "multilingual_humor_understanding_5",
      "question_id": null,
      "human_scores": [],
      "mean": NaN,
      "std": NaN,
      "model_score": 1.0,
      "perturbation_scores": {
        "original": 1.0,
        "perturbed": 1.0
      },
      "perturbation_stats": {
        "median": 1.0,
        "mean": 1.0,
        "std": 0.0
      }
    },
    {
      "id": "multilingual_humor_understanding_6",
      "question_id": null,
      "human_scores": [],
      "mean": NaN,
      "std": NaN,
      "model_score": 1.0,
      "perturbation_scores": {
        "original": 1.0,
        "perturbed": 1.0
      },
      "perturbation_stats": {
        "median": 1.0,
        "mean": 1.0,
        "std": 0.0
      }
    },
    {
      "id": "multilingual_humor_understanding_7",
      "question_id": null,
      "human_scores": [],
      "mean": NaN,
      "std": NaN,
      "model_score": 1.0,
      "perturbation_scores": {
        "original": 1.0,
        "perturbed": 1.0
      },
      "perturbation_stats": {
        "median": 1.0,
        "mean": 1.0,
        "std": 0.0
      }
    },
    {
      "id": "multilingual_humor_understanding_8",
      "question_id": null,
      "human_scores": [],
      "mean": NaN,
      "std": NaN,
      "model_score": 1.0,
      "perturbation_scores": {
        "original": 1.0,
        "perturbed": 1.0
      },
      "perturbation_stats": {
        "median": 1.0,
        "mean": 1.0,
        "std": 0.0
      }
    },
    {
      "id": "multilingual_humor_understanding_9",
      "question_id": null,
      "human_scores": [],
      "mean": NaN,
      "std": NaN,
      "model_score": 0.5,
      "perturbation_scores": {
        "original": 1.0,
        "perturbed": 0.0
      },
      "perturbation_stats": {
        "median": 0.5,
        "mean": 0.5,
        "std": 0.7071067811865476
      }
    },
    {
      "id": "multilingual_multilingual_reasoning_0",
      "question_id": null,
      "human_scores": [],
      "mean": NaN,
      "std": NaN,
      "model_score": 0.5,
      "perturbation_scores": {
        "original": 1.0,
        "perturbed": 0.0
      },
      "perturbation_stats": {
        "median": 0.5,
        "mean": 0.5,
        "std": 0.7071067811865476
      }
    },
    {
      "id": "multilingual_multilingual_reasoning_1",
      "question_id": null,
      "human_scores": [],
      "mean": NaN,
      "std": NaN,
      "model_score": 1.0,
      "perturbation_scores": {
        "original": 1.0,
        "perturbed": 1.0
      },
      "perturbation_stats": {
        "median": 1.0,
        "mean": 1.0,
        "std": 0.0
      }
    },
    {
      "id": "multilingual_multilingual_reasoning_2",
      "question_id": null,
      "human_scores": [],
      "mean": NaN,
      "std": NaN,
      "model_score": 1.0,
      "perturbation_scores": {
        "original": 1.0,
        "perturbed": 1.0
      },
      "perturbation_stats": {
        "median": 1.0,
        "mean": 1.0,
        "std": 0.0
      }
    },
    {
      "id": "multilingual_multilingual_reasoning_3",
      "question_id": null,
      "human_scores": [],
      "mean": NaN,
      "std": NaN,
      "model_score": 0.5,
      "perturbation_scores": {
        "original": 1.0,
        "perturbed": 0.0
      },
      "perturbation_stats": {
        "median": 0.5,
        "mean": 0.5,
        "std": 0.7071067811865476
      }
    },
    {
      "id": "multilingual_multilingual_reasoning_4",
      "question_id": null,
      "human_scores": [],
      "mean": NaN,
      "std": NaN,
      "model_score": 0.5,
      "perturbation_scores": {
        "original": 1.0,
        "perturbed": 0.0
      },
      "perturbation_stats": {
        "median": 0.5,
        "mean": 0.5,
        "std": 0.7071067811865476
      }
    },
    {
      "id": "multilingual_multilingual_reasoning_5",
      "question_id": null,
      "human_scores": [],
      "mean": NaN,
      "std": NaN,
      "model_score": 1.0,
      "perturbation_scores": {
        "original": 1.0,
        "perturbed": 1.0
      },
      "perturbation_stats": {
        "median": 1.0,
        "mean": 1.0,
        "std": 0.0
      }
    },
    {
      "id": "multilingual_multilingual_reasoning_6",
      "question_id": null,
      "human_scores": [],
      "mean": NaN,
      "std": NaN,
      "model_score": 0.5,
      "perturbation_scores": {
        "original": 1.0,
        "perturbed": 0.0
      },
      "perturbation_stats": {
        "median": 0.5,
        "mean": 0.5,
        "std": 0.7071067811865476
      }
    },
    {
      "id": "multilingual_multilingual_reasoning_7",
      "question_id": null,
      "human_scores": [],
      "mean": NaN,
      "std": NaN,
      "model_score": 1.0,
      "perturbation_scores": {
        "original": 1.0,
        "perturbed": 1.0
      },
      "perturbation_stats": {
        "median": 1.0,
        "mean": 1.0,
        "std": 0.0
      }
    },
    {
      "id": "multilingual_multilingual_reasoning_8",
      "question_id": null,
      "human_scores": [],
      "mean": NaN,
      "std": NaN,
      "model_score": 1.0,
      "perturbation_scores": {
        "original": 1.0,
        "perturbed": 1.0
      },
      "perturbation_stats": {
        "median": 1.0,
        "mean": 1.0,
        "std": 0.0
      }
    },
    {
      "id": "multilingual_multilingual_reasoning_9",
      "question_id": null,
      "human_scores": [],
      "mean": NaN,
      "std": NaN,
      "model_score": 0.5,
      "perturbation_scores": {
        "original": 1.0,
        "perturbed": 0.0
      },
      "perturbation_stats": {
        "median": 0.5,
        "mean": 0.5,
        "std": 0.7071067811865476
      }
    },
    {
      "id": "multilingual_poem_writing_0",
      "question_id": null,
      "human_scores": [],
      "mean": NaN,
      "std": NaN,
      "model_score": 1.0,
      "perturbation_scores": {
        "original": 1.0,
        "perturbed": 1.0
      },
      "perturbation_stats": {
        "median": 1.0,
        "mean": 1.0,
        "std": 0.0
      }
    },
    {
      "id": "multilingual_poem_writing_1",
      "question_id": null,
      "human_scores": [],
      "mean": NaN,
      "std": NaN,
      "model_score": 1.0,
      "perturbation_scores": {
        "original": 1.0,
        "perturbed": 1.0
      },
      "perturbation_stats": {
        "median": 1.0,
        "mean": 1.0,
        "std": 0.0
      }
    },
    {
      "id": "multilingual_poem_writing_2",
      "question_id": null,
      "human_scores": [],
      "mean": NaN,
      "std": NaN,
      "model_score": 1.0,
      "perturbation_scores": {
        "original": 1.0,
        "perturbed": 1.0
      },
      "perturbation_stats": {
        "median": 1.0,
        "mean": 1.0,
        "std": 0.0
      }
    },
    {
      "id": "multilingual_poem_writing_3",
      "question_id": null,
      "human_scores": [],
      "mean": NaN,
      "std": NaN,
      "model_score": 0.5,
      "perturbation_scores": {
        "original": 1.0,
        "perturbed": 0.0
      },
      "perturbation_stats": {
        "median": 0.5,
        "mean": 0.5,
        "std": 0.7071067811865476
      }
    },
    {
      "id": "multilingual_poem_writing_4",
      "question_id": null,
      "human_scores": [],
      "mean": NaN,
      "std": NaN,
      "model_score": 1.0,
      "perturbation_scores": {
        "original": 1.0,
        "perturbed": 1.0
      },
      "perturbation_stats": {
        "median": 1.0,
        "mean": 1.0,
        "std": 0.0
      }
    },
    {
      "id": "multilingual_poem_writing_5",
      "question_id": null,
      "human_scores": [],
      "mean": NaN,
      "std": NaN,
      "model_score": 1.0,
      "perturbation_scores": {
        "original": 1.0,
        "perturbed": 1.0
      },
      "perturbation_stats": {
        "median": 1.0,
        "mean": 1.0,
        "std": 0.0
      }
    },
    {
      "id": "multilingual_poem_writing_6",
      "question_id": null,
      "human_scores": [],
      "mean": NaN,
      "std": NaN,
      "model_score": 1.0,
      "perturbation_scores": {
        "original": 1.0,
        "perturbed": 1.0
      },
      "perturbation_stats": {
        "median": 1.0,
        "mean": 1.0,
        "std": 0.0
      }
    },
    {
      "id": "multilingual_poem_writing_7",
      "question_id": null,
      "human_scores": [],
      "mean": NaN,
      "std": NaN,
      "model_score": 1.0,
      "perturbation_scores": {
        "original": 1.0,
        "perturbed": 1.0
      },
      "perturbation_stats": {
        "median": 1.0,
        "mean": 1.0,
        "std": 0.0
      }
    },
    {
      "id": "multilingual_poem_writing_8",
      "question_id": null,
      "human_scores": [],
      "mean": NaN,
      "std": NaN,
      "model_score": 1.0,
      "perturbation_scores": {
        "original": 1.0,
        "perturbed": 1.0
      },
      "perturbation_stats": {
        "median": 1.0,
        "mean": 1.0,
        "std": 0.0
      }
    },
    {
      "id": "multilingual_poem_writing_9",
      "question_id": null,
      "human_scores": [],
      "mean": NaN,
      "std": NaN,
      "model_score": 1.0,
      "perturbation_scores": {
        "original": 1.0,
        "perturbed": 1.0
      },
      "perturbation_stats": {
        "median": 1.0,
        "mean": 1.0,
        "std": 0.0
      }
    },
    {
      "id": "multilingual_robust_translation_0",
      "question_id": null,
      "human_scores": [],
      "mean": NaN,
      "std": NaN,
      "model_score": 1.0,
      "perturbation_scores": {
        "original": 1.0,
        "perturbed": 1.0
      },
      "perturbation_stats": {
        "median": 1.0,
        "mean": 1.0,
        "std": 0.0
      }
    },
    {
      "id": "multilingual_robust_translation_1",
      "question_id": null,
      "human_scores": [],
      "mean": NaN,
      "std": NaN,
      "model_score": 1.0,
      "perturbation_scores": {
        "original": 1.0,
        "perturbed": 1.0
      },
      "perturbation_stats": {
        "median": 1.0,
        "mean": 1.0,
        "std": 0.0
      }
    },
    {
      "id": "multilingual_robust_translation_2",
      "question_id": null,
      "human_scores": [],
      "mean": NaN,
      "std": NaN,
      "model_score": 1.0,
      "perturbation_scores": {
        "original": 1.0,
        "perturbed": 1.0
      },
      "perturbation_stats": {
        "median": 1.0,
        "mean": 1.0,
        "std": 0.0
      }
    },
    {
      "id": "multilingual_robust_translation_3",
      "question_id": null,
      "human_scores": [],
      "mean": NaN,
      "std": NaN,
      "model_score": 1.0,
      "perturbation_scores": {
        "original": 1.0,
        "perturbed": 1.0
      },
      "perturbation_stats": {
        "median": 1.0,
        "mean": 1.0,
        "std": 0.0
      }
    },
    {
      "id": "multilingual_robust_translation_4",
      "question_id": null,
      "human_scores": [],
      "mean": NaN,
      "std": NaN,
      "model_score": 1.0,
      "perturbation_scores": {
        "original": 1.0,
        "perturbed": 1.0
      },
      "perturbation_stats": {
        "median": 1.0,
        "mean": 1.0,
        "std": 0.0
      }
    },
    {
      "id": "multilingual_robust_translation_5",
      "question_id": null,
      "human_scores": [],
      "mean": NaN,
      "std": NaN,
      "model_score": 1.0,
      "perturbation_scores": {
        "original": 1.0,
        "perturbed": 1.0
      },
      "perturbation_stats": {
        "median": 1.0,
        "mean": 1.0,
        "std": 0.0
      }
    },
    {
      "id": "multilingual_robust_translation_6",
      "question_id": null,
      "human_scores": [],
      "mean": NaN,
      "std": NaN,
      "model_score": 1.0,
      "perturbation_scores": {
        "original": 1.0,
        "perturbed": 1.0
      },
      "perturbation_stats": {
        "median": 1.0,
        "mean": 1.0,
        "std": 0.0
      }
    },
    {
      "id": "multilingual_robust_translation_7",
      "question_id": null,
      "human_scores": [],
      "mean": NaN,
      "std": NaN,
      "model_score": 1.0,
      "perturbation_scores": {
        "original": 1.0,
        "perturbed": 1.0
      },
      "perturbation_stats": {
        "median": 1.0,
        "mean": 1.0,
        "std": 0.0
      }
    },
    {
      "id": "multilingual_robust_translation_8",
      "question_id": null,
      "human_scores": [],
      "mean": NaN,
      "std": NaN,
      "model_score": 1.0,
      "perturbation_scores": {
        "original": 1.0,
        "perturbed": 1.0
      },
      "perturbation_stats": {
        "median": 1.0,
        "mean": 1.0,
        "std": 0.0
      }
    },
    {
      "id": "multilingual_robust_translation_9",
      "question_id": null,
      "human_scores": [],
      "mean": NaN,
      "std": NaN,
      "model_score": 1.0,
      "perturbation_scores": {
        "original": 1.0,
        "perturbed": 1.0
      },
      "perturbation_stats": {
        "median": 1.0,
        "mean": 1.0,
        "std": 0.0
      }
    },
    {
      "id": "planning_compositional_planning_0",
      "question_id": null,
      "human_scores": [
        5.0
      ],
      "mean": 5.0,
      "std": 0.0,
      "model_score": 1.0,
      "perturbation_scores": {
        "original": 1.0,
        "perturbed": 1.0
      },
      "perturbation_stats": {
        "median": 1.0,
        "mean": 1.0,
        "std": 0.0
      }
    },
    {
      "id": "planning_compositional_planning_1",
      "question_id": null,
      "human_scores": [
        5.0
      ],
      "mean": 5.0,
      "std": 0.0,
      "model_score": 1.0,
      "perturbation_scores": {
        "original": 1.0,
        "perturbed": 1.0
      },
      "perturbation_stats": {
        "median": 1.0,
        "mean": 1.0,
        "std": 0.0
      }
    },
    {
      "id": "planning_compositional_planning_2",
      "question_id": null,
      "human_scores": [
        5.0
      ],
      "mean": 5.0,
      "std": 0.0,
      "model_score": 1.0,
      "perturbation_scores": {
        "original": 1.0,
        "perturbed": 1.0
      },
      "perturbation_stats": {
        "median": 1.0,
        "mean": 1.0,
        "std": 0.0
      }
    },
    {
      "id": "planning_compositional_planning_3",
      "question_id": null,
      "human_scores": [
        5.0
      ],
      "mean": 5.0,
      "std": 0.0,
      "model_score": 1.0,
      "perturbation_scores": {
        "original": 1.0,
        "perturbed": 1.0
      },
      "perturbation_stats": {
        "median": 1.0,
        "mean": 1.0,
        "std": 0.0
      }
    },
    {
      "id": "planning_compositional_planning_4",
      "question_id": null,
      "human_scores": [
        5.0
      ],
      "mean": 5.0,
      "std": 0.0,
      "model_score": 1.0,
      "perturbation_scores": {
        "original": 1.0,
        "perturbed": 1.0
      },
      "perturbation_stats": {
        "median": 1.0,
        "mean": 1.0,
        "std": 0.0
      }
    },
    {
      "id": "planning_compositional_planning_5",
      "question_id": null,
      "human_scores": [
        5.0
      ],
      "mean": 5.0,
      "std": 0.0,
      "model_score": 1.0,
      "perturbation_scores": {
        "original": 1.0,
        "perturbed": 1.0
      },
      "perturbation_stats": {
        "median": 1.0,
        "mean": 1.0,
        "std": 0.0
      }
    },
    {
      "id": "planning_compositional_planning_6",
      "question_id": null,
      "human_scores": [
        5.0
      ],
      "mean": 5.0,
      "std": 0.0,
      "model_score": 1.0,
      "perturbation_scores": {
        "original": 1.0,
        "perturbed": 1.0
      },
      "perturbation_stats": {
        "median": 1.0,
        "mean": 1.0,
        "std": 0.0
      }
    },
    {
      "id": "planning_compositional_planning_7",
      "question_id": null,
      "human_scores": [
        5.0
      ],
      "mean": 5.0,
      "std": 0.0,
      "model_score": 1.0,
      "perturbation_scores": {
        "original": 1.0,
        "perturbed": 1.0
      },
      "perturbation_stats": {
        "median": 1.0,
        "mean": 1.0,
        "std": 0.0
      }
    },
    {
      "id": "planning_compositional_planning_8",
      "question_id": null,
      "human_scores": [
        5.0
      ],
      "mean": 5.0,
      "std": 0.0,
      "model_score": 1.0,
      "perturbation_scores": {
        "original": 1.0,
        "perturbed": 1.0
      },
      "perturbation_stats": {
        "median": 1.0,
        "mean": 1.0,
        "std": 0.0
      }
    },
    {
      "id": "planning_compositional_planning_9",
      "question_id": null,
      "human_scores": [
        5.0
      ],
      "mean": 5.0,
      "std": 0.0,
      "model_score": 1.0,
      "perturbation_scores": {
        "original": 1.0,
        "perturbed": 1.0
      },
      "perturbation_stats": {
        "median": 1.0,
        "mean": 1.0,
        "std": 0.0
      }
    },
    {
      "id": "planning_constrained_planning_0",
      "question_id": null,
      "human_scores": [
        5.0
      ],
      "mean": 5.0,
      "std": 0.0,
      "model_score": 1.0,
      "perturbation_scores": {
        "original": 1.0,
        "perturbed": 1.0
      },
      "perturbation_stats": {
        "median": 1.0,
        "mean": 1.0,
        "std": 0.0
      }
    },
    {
      "id": "planning_constrained_planning_1",
      "question_id": null,
      "human_scores": [
        5.0
      ],
      "mean": 5.0,
      "std": 0.0,
      "model_score": 1.0,
      "perturbation_scores": {
        "original": 1.0,
        "perturbed": 1.0
      },
      "perturbation_stats": {
        "median": 1.0,
        "mean": 1.0,
        "std": 0.0
      }
    },
    {
      "id": "planning_constrained_planning_2",
      "question_id": null,
      "human_scores": [
        5.0
      ],
      "mean": 5.0,
      "std": 0.0,
      "model_score": 1.0,
      "perturbation_scores": {
        "original": 1.0,
        "perturbed": 1.0
      },
      "perturbation_stats": {
        "median": 1.0,
        "mean": 1.0,
        "std": 0.0
      }
    },
    {
      "id": "planning_constrained_planning_3",
      "question_id": null,
      "human_scores": [
        5.0
      ],
      "mean": 5.0,
      "std": 0.0,
      "model_score": 1.0,
      "perturbation_scores": {
        "original": 1.0,
        "perturbed": 1.0
      },
      "perturbation_stats": {
        "median": 1.0,
        "mean": 1.0,
        "std": 0.0
      }
    },
    {
      "id": "planning_constrained_planning_4",
      "question_id": null,
      "human_scores": [
        5.0
      ],
      "mean": 5.0,
      "std": 0.0,
      "model_score": 1.0,
      "perturbation_scores": {
        "original": 1.0,
        "perturbed": 1.0
      },
      "perturbation_stats": {
        "median": 1.0,
        "mean": 1.0,
        "std": 0.0
      }
    },
    {
      "id": "planning_constrained_planning_5",
      "question_id": null,
      "human_scores": [
        5.0
      ],
      "mean": 5.0,
      "std": 0.0,
      "model_score": 1.0,
      "perturbation_scores": {
        "original": 1.0,
        "perturbed": 1.0
      },
      "perturbation_stats": {
        "median": 1.0,
        "mean": 1.0,
        "std": 0.0
      }
    },
    {
      "id": "planning_constrained_planning_6",
      "question_id": null,
      "human_scores": [
        5.0
      ],
      "mean": 5.0,
      "std": 0.0,
      "model_score": 1.0,
      "perturbation_scores": {
        "original": 1.0,
        "perturbed": 1.0
      },
      "perturbation_stats": {
        "median": 1.0,
        "mean": 1.0,
        "std": 0.0
      }
    },
    {
      "id": "planning_constrained_planning_7",
      "question_id": null,
      "human_scores": [
        5.0
      ],
      "mean": 5.0,
      "std": 0.0,
      "model_score": 1.0,
      "perturbation_scores": {
        "original": 1.0,
        "perturbed": 1.0
      },
      "perturbation_stats": {
        "median": 1.0,
        "mean": 1.0,
        "std": 0.0
      }
    },
    {
      "id": "planning_constrained_planning_8",
      "question_id": null,
      "human_scores": [
        5.0
      ],
      "mean": 5.0,
      "std": 0.0,
      "model_score": 1.0,
      "perturbation_scores": {
        "original": 1.0,
        "perturbed": 1.0
      },
      "perturbation_stats": {
        "median": 1.0,
        "mean": 1.0,
        "std": 0.0
      }
    },
    {
      "id": "planning_constrained_planning_9",
      "question_id": null,
      "human_scores": [
        5.0
      ],
      "mean": 5.0,
      "std": 0.0,
      "model_score": 1.0,
      "perturbation_scores": {
        "original": 1.0,
        "perturbed": 1.0
      },
      "perturbation_stats": {
        "median": 1.0,
        "mean": 1.0,
        "std": 0.0
      }
    },
    {
      "id": "planning_executable_planning_0",
      "question_id": null,
      "human_scores": [
        5.0
      ],
      "mean": 5.0,
      "std": 0.0,
      "model_score": 1.0,
      "perturbation_scores": {
        "original": 1.0,
        "perturbed": 1.0
      },
      "perturbation_stats": {
        "median": 1.0,
        "mean": 1.0,
        "std": 0.0
      }
    },
    {
      "id": "planning_executable_planning_1",
      "question_id": null,
      "human_scores": [
        5.0
      ],
      "mean": 5.0,
      "std": 0.0,
      "model_score": 0.5,
      "perturbation_scores": {
        "original": 1.0,
        "perturbed": 0.0
      },
      "perturbation_stats": {
        "median": 0.5,
        "mean": 0.5,
        "std": 0.7071067811865476
      }
    },
    {
      "id": "planning_executable_planning_2",
      "question_id": null,
      "human_scores": [
        5.0
      ],
      "mean": 5.0,
      "std": 0.0,
      "model_score": 0.5,
      "perturbation_scores": {
        "original": 1.0,
        "perturbed": 0.0
      },
      "perturbation_stats": {
        "median": 0.5,
        "mean": 0.5,
        "std": 0.7071067811865476
      }
    },
    {
      "id": "planning_executable_planning_3",
      "question_id": null,
      "human_scores": [
        5.0
      ],
      "mean": 5.0,
      "std": 0.0,
      "model_score": 1.0,
      "perturbation_scores": {
        "original": 1.0,
        "perturbed": 1.0
      },
      "perturbation_stats": {
        "median": 1.0,
        "mean": 1.0,
        "std": 0.0
      }
    },
    {
      "id": "planning_executable_planning_4",
      "question_id": null,
      "human_scores": [
        5.0
      ],
      "mean": 5.0,
      "std": 0.0,
      "model_score": 1.0,
      "perturbation_scores": {
        "original": 1.0,
        "perturbed": 1.0
      },
      "perturbation_stats": {
        "median": 1.0,
        "mean": 1.0,
        "std": 0.0
      }
    },
    {
      "id": "planning_executable_planning_5",
      "question_id": null,
      "human_scores": [
        5.0
      ],
      "mean": 5.0,
      "std": 0.0,
      "model_score": 0.5,
      "perturbation_scores": {
        "original": 1.0,
        "perturbed": 0.0
      },
      "perturbation_stats": {
        "median": 0.5,
        "mean": 0.5,
        "std": 0.7071067811865476
      }
    },
    {
      "id": "planning_executable_planning_6",
      "question_id": null,
      "human_scores": [
        5.0
      ],
      "mean": 5.0,
      "std": 0.0,
      "model_score": 1.0,
      "perturbation_scores": {
        "original": 1.0,
        "perturbed": 1.0
      },
      "perturbation_stats": {
        "median": 1.0,
        "mean": 1.0,
        "std": 0.0
      }
    },
    {
      "id": "planning_executable_planning_7",
      "question_id": null,
      "human_scores": [
        5.0
      ],
      "mean": 5.0,
      "std": 0.0,
      "model_score": 1.0,
      "perturbation_scores": {
        "original": 1.0,
        "perturbed": 1.0
      },
      "perturbation_stats": {
        "median": 1.0,
        "mean": 1.0,
        "std": 0.0
      }
    },
    {
      "id": "planning_executable_planning_8",
      "question_id": null,
      "human_scores": [
        5.0
      ],
      "mean": 5.0,
      "std": 0.0,
      "model_score": 1.0,
      "perturbation_scores": {
        "original": 1.0,
        "perturbed": 1.0
      },
      "perturbation_stats": {
        "median": 1.0,
        "mean": 1.0,
        "std": 0.0
      }
    },
    {
      "id": "planning_executable_planning_9",
      "question_id": null,
      "human_scores": [
        5.0
      ],
      "mean": 5.0,
      "std": 0.0,
      "model_score": 1.0,
      "perturbation_scores": {
        "original": 1.0,
        "perturbed": 1.0
      },
      "perturbation_stats": {
        "median": 1.0,
        "mean": 1.0,
        "std": 0.0
      }
    },
    {
      "id": "planning_personal_assistant_0",
      "question_id": null,
      "human_scores": [
        5.0
      ],
      "mean": 5.0,
      "std": 0.0,
      "model_score": 1.0,
      "perturbation_scores": {
        "original": 1.0,
        "perturbed": 1.0
      },
      "perturbation_stats": {
        "median": 1.0,
        "mean": 1.0,
        "std": 0.0
      }
    },
    {
      "id": "planning_personal_assistant_1",
      "question_id": null,
      "human_scores": [
        5.0
      ],
      "mean": 5.0,
      "std": 0.0,
      "model_score": 1.0,
      "perturbation_scores": {
        "original": 1.0,
        "perturbed": 1.0
      },
      "perturbation_stats": {
        "median": 1.0,
        "mean": 1.0,
        "std": 0.0
      }
    },
    {
      "id": "planning_personal_assistant_2",
      "question_id": null,
      "human_scores": [
        5.0
      ],
      "mean": 5.0,
      "std": 0.0,
      "model_score": 1.0,
      "perturbation_scores": {
        "original": 1.0,
        "perturbed": 1.0
      },
      "perturbation_stats": {
        "median": 1.0,
        "mean": 1.0,
        "std": 0.0
      }
    },
    {
      "id": "planning_personal_assistant_3",
      "question_id": null,
      "human_scores": [
        5.0
      ],
      "mean": 5.0,
      "std": 0.0,
      "model_score": 1.0,
      "perturbation_scores": {
        "original": 1.0,
        "perturbed": 1.0
      },
      "perturbation_stats": {
        "median": 1.0,
        "mean": 1.0,
        "std": 0.0
      }
    },
    {
      "id": "planning_personal_assistant_4",
      "question_id": null,
      "human_scores": [
        5.0
      ],
      "mean": 5.0,
      "std": 0.0,
      "model_score": 1.0,
      "perturbation_scores": {
        "original": 1.0,
        "perturbed": 1.0
      },
      "perturbation_stats": {
        "median": 1.0,
        "mean": 1.0,
        "std": 0.0
      }
    },
    {
      "id": "planning_personal_assistant_5",
      "question_id": null,
      "human_scores": [
        5.0
      ],
      "mean": 5.0,
      "std": 0.0,
      "model_score": 1.0,
      "perturbation_scores": {
        "original": 1.0,
        "perturbed": 1.0
      },
      "perturbation_stats": {
        "median": 1.0,
        "mean": 1.0,
        "std": 0.0
      }
    },
    {
      "id": "planning_personal_assistant_6",
      "question_id": null,
      "human_scores": [
        5.0
      ],
      "mean": 5.0,
      "std": 0.0,
      "model_score": 1.0,
      "perturbation_scores": {
        "original": 1.0,
        "perturbed": 1.0
      },
      "perturbation_stats": {
        "median": 1.0,
        "mean": 1.0,
        "std": 0.0
      }
    },
    {
      "id": "planning_personal_assistant_7",
      "question_id": null,
      "human_scores": [
        5.0
      ],
      "mean": 5.0,
      "std": 0.0,
      "model_score": 1.0,
      "perturbation_scores": {
        "original": 1.0,
        "perturbed": 1.0
      },
      "perturbation_stats": {
        "median": 1.0,
        "mean": 1.0,
        "std": 0.0
      }
    },
    {
      "id": "planning_personal_assistant_8",
      "question_id": null,
      "human_scores": [
        5.0
      ],
      "mean": 5.0,
      "std": 0.0,
      "model_score": 1.0,
      "perturbation_scores": {
        "original": 1.0,
        "perturbed": 1.0
      },
      "perturbation_stats": {
        "median": 1.0,
        "mean": 1.0,
        "std": 0.0
      }
    },
    {
      "id": "planning_personal_assistant_9",
      "question_id": null,
      "human_scores": [
        5.0
      ],
      "mean": 5.0,
      "std": 0.0,
      "model_score": 1.0,
      "perturbation_scores": {
        "original": 1.0,
        "perturbed": 1.0
      },
      "perturbation_stats": {
        "median": 1.0,
        "mean": 1.0,
        "std": 0.0
      }
    },
    {
      "id": "planning_reward_modeling_0",
      "question_id": null,
      "human_scores": [
        5.0
      ],
      "mean": 5.0,
      "std": 0.0,
      "model_score": 0.5,
      "perturbation_scores": {
        "original": 1.0,
        "perturbed": 0.0
      },
      "perturbation_stats": {
        "median": 0.5,
        "mean": 0.5,
        "std": 0.7071067811865476
      }
    },
    {
      "id": "planning_reward_modeling_1",
      "question_id": null,
      "human_scores": [
        5.0
      ],
      "mean": 5.0,
      "std": 0.0,
      "model_score": 1.0,
      "perturbation_scores": {
        "original": 1.0,
        "perturbed": 1.0
      },
      "perturbation_stats": {
        "median": 1.0,
        "mean": 1.0,
        "std": 0.0
      }
    },
    {
      "id": "planning_reward_modeling_2",
      "question_id": null,
      "human_scores": [
        5.0
      ],
      "mean": 5.0,
      "std": 0.0,
      "model_score": 0.5,
      "perturbation_scores": {
        "original": 1.0,
        "perturbed": 0.0
      },
      "perturbation_stats": {
        "median": 0.5,
        "mean": 0.5,
        "std": 0.7071067811865476
      }
    },
    {
      "id": "planning_reward_modeling_3",
      "question_id": null,
      "human_scores": [
        5.0
      ],
      "mean": 5.0,
      "std": 0.0,
      "model_score": 1.0,
      "perturbation_scores": {
        "original": 1.0,
        "perturbed": 1.0
      },
      "perturbation_stats": {
        "median": 1.0,
        "mean": 1.0,
        "std": 0.0
      }
    },
    {
      "id": "planning_reward_modeling_4",
      "question_id": null,
      "human_scores": [
        5.0
      ],
      "mean": 5.0,
      "std": 0.0,
      "model_score": 1.0,
      "perturbation_scores": {
        "original": 1.0,
        "perturbed": 1.0
      },
      "perturbation_stats": {
        "median": 1.0,
        "mean": 1.0,
        "std": 0.0
      }
    },
    {
      "id": "planning_reward_modeling_5",
      "question_id": null,
      "human_scores": [
        5.0
      ],
      "mean": 5.0,
      "std": 0.0,
      "model_score": 1.0,
      "perturbation_scores": {
        "original": 1.0,
        "perturbed": 1.0
      },
      "perturbation_stats": {
        "median": 1.0,
        "mean": 1.0,
        "std": 0.0
      }
    },
    {
      "id": "planning_reward_modeling_6",
      "question_id": null,
      "human_scores": [
        5.0
      ],
      "mean": 5.0,
      "std": 0.0,
      "model_score": 0.5,
      "perturbation_scores": {
        "original": 1.0,
        "perturbed": 0.0
      },
      "perturbation_stats": {
        "median": 0.5,
        "mean": 0.5,
        "std": 0.7071067811865476
      }
    },
    {
      "id": "planning_reward_modeling_7",
      "question_id": null,
      "human_scores": [
        5.0
      ],
      "mean": 5.0,
      "std": 0.0,
      "model_score": 1.0,
      "perturbation_scores": {
        "original": 1.0,
        "perturbed": 1.0
      },
      "perturbation_stats": {
        "median": 1.0,
        "mean": 1.0,
        "std": 0.0
      }
    },
    {
      "id": "planning_reward_modeling_8",
      "question_id": null,
      "human_scores": [
        5.0
      ],
      "mean": 5.0,
      "std": 0.0,
      "model_score": 1.0,
      "perturbation_scores": {
        "original": 1.0,
        "perturbed": 1.0
      },
      "perturbation_stats": {
        "median": 1.0,
        "mean": 1.0,
        "std": 0.0
      }
    },
    {
      "id": "planning_reward_modeling_9",
      "question_id": null,
      "human_scores": [
        5.0
      ],
      "mean": 5.0,
      "std": 0.0,
      "model_score": 1.0,
      "perturbation_scores": {
        "original": 1.0,
        "perturbed": 1.0
      },
      "perturbation_stats": {
        "median": 1.0,
        "mean": 1.0,
        "std": 0.0
      }
    },
    {
      "id": "planning_travel_plan_0",
      "question_id": null,
      "human_scores": [
        5.0
      ],
      "mean": 5.0,
      "std": 0.0,
      "model_score": 1.0,
      "perturbation_scores": {
        "original": 1.0,
        "perturbed": 1.0
      },
      "perturbation_stats": {
        "median": 1.0,
        "mean": 1.0,
        "std": 0.0
      }
    },
    {
      "id": "planning_travel_plan_1",
      "question_id": null,
      "human_scores": [
        5.0
      ],
      "mean": 5.0,
      "std": 0.0,
      "model_score": 1.0,
      "perturbation_scores": {
        "original": 1.0,
        "perturbed": 1.0
      },
      "perturbation_stats": {
        "median": 1.0,
        "mean": 1.0,
        "std": 0.0
      }
    },
    {
      "id": "planning_travel_plan_2",
      "question_id": null,
      "human_scores": [
        5.0
      ],
      "mean": 5.0,
      "std": 0.0,
      "model_score": 1.0,
      "perturbation_scores": {
        "original": 1.0,
        "perturbed": 1.0
      },
      "perturbation_stats": {
        "median": 1.0,
        "mean": 1.0,
        "std": 0.0
      }
    },
    {
      "id": "planning_travel_plan_3",
      "question_id": null,
      "human_scores": [
        5.0
      ],
      "mean": 5.0,
      "std": 0.0,
      "model_score": 1.0,
      "perturbation_scores": {
        "original": 1.0,
        "perturbed": 1.0
      },
      "perturbation_stats": {
        "median": 1.0,
        "mean": 1.0,
        "std": 0.0
      }
    },
    {
      "id": "planning_travel_plan_4",
      "question_id": null,
      "human_scores": [
        5.0
      ],
      "mean": 5.0,
      "std": 0.0,
      "model_score": 1.0,
      "perturbation_scores": {
        "original": 1.0,
        "perturbed": 1.0
      },
      "perturbation_stats": {
        "median": 1.0,
        "mean": 1.0,
        "std": 0.0
      }
    },
    {
      "id": "planning_travel_plan_5",
      "question_id": null,
      "human_scores": [
        5.0
      ],
      "mean": 5.0,
      "std": 0.0,
      "model_score": 1.0,
      "perturbation_scores": {
        "original": 1.0,
        "perturbed": 1.0
      },
      "perturbation_stats": {
        "median": 1.0,
        "mean": 1.0,
        "std": 0.0
      }
    },
    {
      "id": "planning_travel_plan_6",
      "question_id": null,
      "human_scores": [
        5.0
      ],
      "mean": 5.0,
      "std": 0.0,
      "model_score": 1.0,
      "perturbation_scores": {
        "original": 1.0,
        "perturbed": 1.0
      },
      "perturbation_stats": {
        "median": 1.0,
        "mean": 1.0,
        "std": 0.0
      }
    },
    {
      "id": "planning_travel_plan_7",
      "question_id": null,
      "human_scores": [
        5.0
      ],
      "mean": 5.0,
      "std": 0.0,
      "model_score": 1.0,
      "perturbation_scores": {
        "original": 1.0,
        "perturbed": 1.0
      },
      "perturbation_stats": {
        "median": 1.0,
        "mean": 1.0,
        "std": 0.0
      }
    },
    {
      "id": "planning_travel_plan_8",
      "question_id": null,
      "human_scores": [
        5.0
      ],
      "mean": 5.0,
      "std": 0.0,
      "model_score": 1.0,
      "perturbation_scores": {
        "original": 1.0,
        "perturbed": 1.0
      },
      "perturbation_stats": {
        "median": 1.0,
        "mean": 1.0,
        "std": 0.0
      }
    },
    {
      "id": "planning_travel_plan_9",
      "question_id": null,
      "human_scores": [
        5.0
      ],
      "mean": 5.0,
      "std": 0.0,
      "model_score": 1.0,
      "perturbation_scores": {
        "original": 1.0,
        "perturbed": 1.0
      },
      "perturbation_stats": {
        "median": 1.0,
        "mean": 1.0,
        "std": 0.0
      }
    },
    {
      "id": "planning_world_modeling_0",
      "question_id": null,
      "human_scores": [
        5.0
      ],
      "mean": 5.0,
      "std": 0.0,
      "model_score": 1.0,
      "perturbation_scores": {
        "original": 1.0,
        "perturbed": 1.0
      },
      "perturbation_stats": {
        "median": 1.0,
        "mean": 1.0,
        "std": 0.0
      }
    },
    {
      "id": "planning_world_modeling_1",
      "question_id": null,
      "human_scores": [
        5.0
      ],
      "mean": 5.0,
      "std": 0.0,
      "model_score": 1.0,
      "perturbation_scores": {
        "original": 1.0,
        "perturbed": 1.0
      },
      "perturbation_stats": {
        "median": 1.0,
        "mean": 1.0,
        "std": 0.0
      }
    },
    {
      "id": "planning_world_modeling_2",
      "question_id": null,
      "human_scores": [
        5.0
      ],
      "mean": 5.0,
      "std": 0.0,
      "model_score": 0.5,
      "perturbation_scores": {
        "original": 1.0,
        "perturbed": 0.0
      },
      "perturbation_stats": {
        "median": 0.5,
        "mean": 0.5,
        "std": 0.7071067811865476
      }
    },
    {
      "id": "planning_world_modeling_3",
      "question_id": null,
      "human_scores": [
        5.0
      ],
      "mean": 5.0,
      "std": 0.0,
      "model_score": 0.5,
      "perturbation_scores": {
        "original": 1.0,
        "perturbed": 0.0
      },
      "perturbation_stats": {
        "median": 0.5,
        "mean": 0.5,
        "std": 0.7071067811865476
      }
    },
    {
      "id": "planning_world_modeling_4",
      "question_id": null,
      "human_scores": [
        5.0
      ],
      "mean": 5.0,
      "std": 0.0,
      "model_score": 0.5,
      "perturbation_scores": {
        "original": 1.0,
        "perturbed": 0.0
      },
      "perturbation_stats": {
        "median": 0.5,
        "mean": 0.5,
        "std": 0.7071067811865476
      }
    },
    {
      "id": "planning_world_modeling_5",
      "question_id": null,
      "human_scores": [
        5.0
      ],
      "mean": 5.0,
      "std": 0.0,
      "model_score": 1.0,
      "perturbation_scores": {
        "original": 1.0,
        "perturbed": 1.0
      },
      "perturbation_stats": {
        "median": 1.0,
        "mean": 1.0,
        "std": 0.0
      }
    },
    {
      "id": "planning_world_modeling_6",
      "question_id": null,
      "human_scores": [
        5.0
      ],
      "mean": 5.0,
      "std": 0.0,
      "model_score": 1.0,
      "perturbation_scores": {
        "original": 1.0,
        "perturbed": 1.0
      },
      "perturbation_stats": {
        "median": 1.0,
        "mean": 1.0,
        "std": 0.0
      }
    },
    {
      "id": "planning_world_modeling_7",
      "question_id": null,
      "human_scores": [
        5.0
      ],
      "mean": 5.0,
      "std": 0.0,
      "model_score": 1.0,
      "perturbation_scores": {
        "original": 1.0,
        "perturbed": 1.0
      },
      "perturbation_stats": {
        "median": 1.0,
        "mean": 1.0,
        "std": 0.0
      }
    },
    {
      "id": "planning_world_modeling_8",
      "question_id": null,
      "human_scores": [
        5.0
      ],
      "mean": 5.0,
      "std": 0.0,
      "model_score": 1.0,
      "perturbation_scores": {
        "original": 1.0,
        "perturbed": 1.0
      },
      "perturbation_stats": {
        "median": 1.0,
        "mean": 1.0,
        "std": 0.0
      }
    },
    {
      "id": "planning_world_modeling_9",
      "question_id": null,
      "human_scores": [
        5.0
      ],
      "mean": 5.0,
      "std": 0.0,
      "model_score": 0.5,
      "perturbation_scores": {
        "original": 1.0,
        "perturbed": 0.0
      },
      "perturbation_stats": {
        "median": 0.5,
        "mean": 0.5,
        "std": 0.7071067811865476
      }
    },
    {
      "id": "reasoning_abductive_0",
      "question_id": null,
      "human_scores": [
        5.0
      ],
      "mean": 5.0,
      "std": 0.0,
      "model_score": 0.5,
      "perturbation_scores": {
        "original": 1.0,
        "perturbed": 0.0
      },
      "perturbation_stats": {
        "median": 0.5,
        "mean": 0.5,
        "std": 0.7071067811865476
      }
    },
    {
      "id": "reasoning_abductive_1",
      "question_id": null,
      "human_scores": [
        5.0
      ],
      "mean": 5.0,
      "std": 0.0,
      "model_score": 1.0,
      "perturbation_scores": {
        "original": 1.0,
        "perturbed": 1.0
      },
      "perturbation_stats": {
        "median": 1.0,
        "mean": 1.0,
        "std": 0.0
      }
    },
    {
      "id": "reasoning_abductive_2",
      "question_id": null,
      "human_scores": [
        5.0
      ],
      "mean": 5.0,
      "std": 0.0,
      "model_score": 1.0,
      "perturbation_scores": {
        "original": 1.0,
        "perturbed": 1.0
      },
      "perturbation_stats": {
        "median": 1.0,
        "mean": 1.0,
        "std": 0.0
      }
    },
    {
      "id": "reasoning_abductive_3",
      "question_id": null,
      "human_scores": [
        5.0
      ],
      "mean": 5.0,
      "std": 0.0,
      "model_score": 1.0,
      "perturbation_scores": {
        "original": 1.0,
        "perturbed": 1.0
      },
      "perturbation_stats": {
        "median": 1.0,
        "mean": 1.0,
        "std": 0.0
      }
    },
    {
      "id": "reasoning_abductive_4",
      "question_id": null,
      "human_scores": [
        5.0
      ],
      "mean": 5.0,
      "std": 0.0,
      "model_score": 1.0,
      "perturbation_scores": {
        "original": 1.0,
        "perturbed": 1.0
      },
      "perturbation_stats": {
        "median": 1.0,
        "mean": 1.0,
        "std": 0.0
      }
    },
    {
      "id": "reasoning_abductive_5",
      "question_id": null,
      "human_scores": [
        5.0
      ],
      "mean": 5.0,
      "std": 0.0,
      "model_score": 0.5,
      "perturbation_scores": {
        "original": 1.0,
        "perturbed": 0.0
      },
      "perturbation_stats": {
        "median": 0.5,
        "mean": 0.5,
        "std": 0.7071067811865476
      }
    },
    {
      "id": "reasoning_abductive_6",
      "question_id": null,
      "human_scores": [
        5.0
      ],
      "mean": 5.0,
      "std": 0.0,
      "model_score": 1.0,
      "perturbation_scores": {
        "original": 1.0,
        "perturbed": 1.0
      },
      "perturbation_stats": {
        "median": 1.0,
        "mean": 1.0,
        "std": 0.0
      }
    },
    {
      "id": "reasoning_abductive_7",
      "question_id": null,
      "human_scores": [
        5.0
      ],
      "mean": 5.0,
      "std": 0.0,
      "model_score": 1.0,
      "perturbation_scores": {
        "original": 1.0,
        "perturbed": 1.0
      },
      "perturbation_stats": {
        "median": 1.0,
        "mean": 1.0,
        "std": 0.0
      }
    },
    {
      "id": "reasoning_abductive_8",
      "question_id": null,
      "human_scores": [
        5.0
      ],
      "mean": 5.0,
      "std": 0.0,
      "model_score": 0.5,
      "perturbation_scores": {
        "original": 1.0,
        "perturbed": 0.0
      },
      "perturbation_stats": {
        "median": 0.5,
        "mean": 0.5,
        "std": 0.7071067811865476
      }
    },
    {
      "id": "reasoning_abductive_9",
      "question_id": null,
      "human_scores": [
        5.0
      ],
      "mean": 5.0,
      "std": 0.0,
      "model_score": 1.0,
      "perturbation_scores": {
        "original": 1.0,
        "perturbed": 1.0
      },
      "perturbation_stats": {
        "median": 1.0,
        "mean": 1.0,
        "std": 0.0
      }
    },
    {
      "id": "reasoning_competition_mwp_0",
      "question_id": null,
      "human_scores": [
        5.0
      ],
      "mean": 5.0,
      "std": 0.0,
      "model_score": 0.5,
      "perturbation_scores": {
        "original": 1.0,
        "perturbed": 0.0
      },
      "perturbation_stats": {
        "median": 0.5,
        "mean": 0.5,
        "std": 0.7071067811865476
      }
    },
    {
      "id": "reasoning_competition_mwp_1",
      "question_id": null,
      "human_scores": [
        5.0
      ],
      "mean": 5.0,
      "std": 0.0,
      "model_score": 1.0,
      "perturbation_scores": {
        "original": 1.0,
        "perturbed": 1.0
      },
      "perturbation_stats": {
        "median": 1.0,
        "mean": 1.0,
        "std": 0.0
      }
    },
    {
      "id": "reasoning_competition_mwp_2",
      "question_id": null,
      "human_scores": [
        5.0
      ],
      "mean": 5.0,
      "std": 0.0,
      "model_score": 0.5,
      "perturbation_scores": {
        "original": 1.0,
        "perturbed": 0.0
      },
      "perturbation_stats": {
        "median": 0.5,
        "mean": 0.5,
        "std": 0.7071067811865476
      }
    },
    {
      "id": "reasoning_competition_mwp_3",
      "question_id": null,
      "human_scores": [
        5.0
      ],
      "mean": 5.0,
      "std": 0.0,
      "model_score": 1.0,
      "perturbation_scores": {
        "original": 1.0,
        "perturbed": 1.0
      },
      "perturbation_stats": {
        "median": 1.0,
        "mean": 1.0,
        "std": 0.0
      }
    },
    {
      "id": "reasoning_competition_mwp_4",
      "question_id": null,
      "human_scores": [
        5.0
      ],
      "mean": 5.0,
      "std": 0.0,
      "model_score": 1.0,
      "perturbation_scores": {
        "original": 1.0,
        "perturbed": 1.0
      },
      "perturbation_stats": {
        "median": 1.0,
        "mean": 1.0,
        "std": 0.0
      }
    },
    {
      "id": "reasoning_competition_mwp_5",
      "question_id": null,
      "human_scores": [
        5.0
      ],
      "mean": 5.0,
      "std": 0.0,
      "model_score": 1.0,
      "perturbation_scores": {
        "original": 1.0,
        "perturbed": 1.0
      },
      "perturbation_stats": {
        "median": 1.0,
        "mean": 1.0,
        "std": 0.0
      }
    },
    {
      "id": "reasoning_competition_mwp_6",
      "question_id": null,
      "human_scores": [
        5.0
      ],
      "mean": 5.0,
      "std": 0.0,
      "model_score": 1.0,
      "perturbation_scores": {
        "original": 1.0,
        "perturbed": 1.0
      },
      "perturbation_stats": {
        "median": 1.0,
        "mean": 1.0,
        "std": 0.0
      }
    },
    {
      "id": "reasoning_competition_mwp_7",
      "question_id": null,
      "human_scores": [
        5.0
      ],
      "mean": 5.0,
      "std": 0.0,
      "model_score": 0.5,
      "perturbation_scores": {
        "original": 1.0,
        "perturbed": 0.0
      },
      "perturbation_stats": {
        "median": 0.5,
        "mean": 0.5,
        "std": 0.7071067811865476
      }
    },
    {
      "id": "reasoning_competition_mwp_8",
      "question_id": null,
      "human_scores": [
        5.0
      ],
      "mean": 5.0,
      "std": 0.0,
      "model_score": 1.0,
      "perturbation_scores": {
        "original": 1.0,
        "perturbed": 1.0
      },
      "perturbation_stats": {
        "median": 1.0,
        "mean": 1.0,
        "std": 0.0
      }
    },
    {
      "id": "reasoning_competition_mwp_9",
      "question_id": null,
      "human_scores": [
        5.0
      ],
      "mean": 5.0,
      "std": 0.0,
      "model_score": 1.0,
      "perturbation_scores": {
        "original": 1.0,
        "perturbed": 1.0
      },
      "perturbation_stats": {
        "median": 1.0,
        "mean": 1.0,
        "std": 0.0
      }
    },
    {
      "id": "reasoning_deductive_0",
      "question_id": null,
      "human_scores": [
        5.0
      ],
      "mean": 5.0,
      "std": 0.0,
      "model_score": 1.0,
      "perturbation_scores": {
        "original": 1.0,
        "perturbed": 1.0
      },
      "perturbation_stats": {
        "median": 1.0,
        "mean": 1.0,
        "std": 0.0
      }
    },
    {
      "id": "reasoning_deductive_1",
      "question_id": null,
      "human_scores": [
        5.0
      ],
      "mean": 5.0,
      "std": 0.0,
      "model_score": 1.0,
      "perturbation_scores": {
        "original": 1.0,
        "perturbed": 1.0
      },
      "perturbation_stats": {
        "median": 1.0,
        "mean": 1.0,
        "std": 0.0
      }
    },
    {
      "id": "reasoning_deductive_2",
      "question_id": null,
      "human_scores": [
        5.0
      ],
      "mean": 5.0,
      "std": 0.0,
      "model_score": 1.0,
      "perturbation_scores": {
        "original": 1.0,
        "perturbed": 1.0
      },
      "perturbation_stats": {
        "median": 1.0,
        "mean": 1.0,
        "std": 0.0
      }
    },
    {
      "id": "reasoning_deductive_3",
      "question_id": null,
      "human_scores": [
        5.0
      ],
      "mean": 5.0,
      "std": 0.0,
      "model_score": 1.0,
      "perturbation_scores": {
        "original": 1.0,
        "perturbed": 1.0
      },
      "perturbation_stats": {
        "median": 1.0,
        "mean": 1.0,
        "std": 0.0
      }
    },
    {
      "id": "reasoning_deductive_4",
      "question_id": null,
      "human_scores": [
        5.0
      ],
      "mean": 5.0,
      "std": 0.0,
      "model_score": 1.0,
      "perturbation_scores": {
        "original": 1.0,
        "perturbed": 1.0
      },
      "perturbation_stats": {
        "median": 1.0,
        "mean": 1.0,
        "std": 0.0
      }
    },
    {
      "id": "reasoning_deductive_5",
      "question_id": null,
      "human_scores": [
        5.0
      ],
      "mean": 5.0,
      "std": 0.0,
      "model_score": 1.0,
      "perturbation_scores": {
        "original": 1.0,
        "perturbed": 1.0
      },
      "perturbation_stats": {
        "median": 1.0,
        "mean": 1.0,
        "std": 0.0
      }
    },
    {
      "id": "reasoning_deductive_6",
      "question_id": null,
      "human_scores": [
        5.0
      ],
      "mean": 5.0,
      "std": 0.0,
      "model_score": 0.5,
      "perturbation_scores": {
        "original": 1.0,
        "perturbed": 0.0
      },
      "perturbation_stats": {
        "median": 0.5,
        "mean": 0.5,
        "std": 0.7071067811865476
      }
    },
    {
      "id": "reasoning_deductive_7",
      "question_id": null,
      "human_scores": [
        5.0
      ],
      "mean": 5.0,
      "std": 0.0,
      "model_score": 1.0,
      "perturbation_scores": {
        "original": 1.0,
        "perturbed": 1.0
      },
      "perturbation_stats": {
        "median": 1.0,
        "mean": 1.0,
        "std": 0.0
      }
    },
    {
      "id": "reasoning_deductive_8",
      "question_id": null,
      "human_scores": [
        5.0
      ],
      "mean": 5.0,
      "std": 0.0,
      "model_score": 1.0,
      "perturbation_scores": {
        "original": 1.0,
        "perturbed": 1.0
      },
      "perturbation_stats": {
        "median": 1.0,
        "mean": 1.0,
        "std": 0.0
      }
    },
    {
      "id": "reasoning_deductive_9",
      "question_id": null,
      "human_scores": [
        5.0
      ],
      "mean": 5.0,
      "std": 0.0,
      "model_score": 0.5,
      "perturbation_scores": {
        "original": 1.0,
        "perturbed": 0.0
      },
      "perturbation_stats": {
        "median": 0.5,
        "mean": 0.5,
        "std": 0.7071067811865476
      }
    },
    {
      "id": "reasoning_first_order_logic_0",
      "question_id": null,
      "human_scores": [
        5.0
      ],
      "mean": 5.0,
      "std": 0.0,
      "model_score": 1.0,
      "perturbation_scores": {
        "original": 1.0,
        "perturbed": 1.0
      },
      "perturbation_stats": {
        "median": 1.0,
        "mean": 1.0,
        "std": 0.0
      }
    },
    {
      "id": "reasoning_first_order_logic_1",
      "question_id": null,
      "human_scores": [
        5.0
      ],
      "mean": 5.0,
      "std": 0.0,
      "model_score": 1.0,
      "perturbation_scores": {
        "original": 1.0,
        "perturbed": 1.0
      },
      "perturbation_stats": {
        "median": 1.0,
        "mean": 1.0,
        "std": 0.0
      }
    },
    {
      "id": "reasoning_first_order_logic_2",
      "question_id": null,
      "human_scores": [
        5.0
      ],
      "mean": 5.0,
      "std": 0.0,
      "model_score": 1.0,
      "perturbation_scores": {
        "original": 1.0,
        "perturbed": 1.0
      },
      "perturbation_stats": {
        "median": 1.0,
        "mean": 1.0,
        "std": 0.0
      }
    },
    {
      "id": "reasoning_first_order_logic_3",
      "question_id": null,
      "human_scores": [
        5.0
      ],
      "mean": 5.0,
      "std": 0.0,
      "model_score": 1.0,
      "perturbation_scores": {
        "original": 1.0,
        "perturbed": 1.0
      },
      "perturbation_stats": {
        "median": 1.0,
        "mean": 1.0,
        "std": 0.0
      }
    },
    {
      "id": "reasoning_first_order_logic_4",
      "question_id": null,
      "human_scores": [
        5.0
      ],
      "mean": 5.0,
      "std": 0.0,
      "model_score": 0.5,
      "perturbation_scores": {
        "original": 1.0,
        "perturbed": 0.0
      },
      "perturbation_stats": {
        "median": 0.5,
        "mean": 0.5,
        "std": 0.7071067811865476
      }
    },
    {
      "id": "reasoning_first_order_logic_5",
      "question_id": null,
      "human_scores": [
        5.0
      ],
      "mean": 5.0,
      "std": 0.0,
      "model_score": 0.5,
      "perturbation_scores": {
        "original": 1.0,
        "perturbed": 0.0
      },
      "perturbation_stats": {
        "median": 0.5,
        "mean": 0.5,
        "std": 0.7071067811865476
      }
    },
    {
      "id": "reasoning_first_order_logic_6",
      "question_id": null,
      "human_scores": [
        5.0
      ],
      "mean": 5.0,
      "std": 0.0,
      "model_score": 1.0,
      "perturbation_scores": {
        "original": 1.0,
        "perturbed": 1.0
      },
      "perturbation_stats": {
        "median": 1.0,
        "mean": 1.0,
        "std": 0.0
      }
    },
    {
      "id": "reasoning_first_order_logic_7",
      "question_id": null,
      "human_scores": [
        5.0
      ],
      "mean": 5.0,
      "std": 0.0,
      "model_score": 1.0,
      "perturbation_scores": {
        "original": 1.0,
        "perturbed": 1.0
      },
      "perturbation_stats": {
        "median": 1.0,
        "mean": 1.0,
        "std": 0.0
      }
    },
    {
      "id": "reasoning_first_order_logic_8",
      "question_id": null,
      "human_scores": [
        5.0
      ],
      "mean": 5.0,
      "std": 0.0,
      "model_score": 1.0,
      "perturbation_scores": {
        "original": 1.0,
        "perturbed": 1.0
      },
      "perturbation_stats": {
        "median": 1.0,
        "mean": 1.0,
        "std": 0.0
      }
    },
    {
      "id": "reasoning_first_order_logic_9",
      "question_id": null,
      "human_scores": [
        5.0
      ],
      "mean": 5.0,
      "std": 0.0,
      "model_score": 0.5,
      "perturbation_scores": {
        "original": 1.0,
        "perturbed": 0.0
      },
      "perturbation_stats": {
        "median": 0.5,
        "mean": 0.5,
        "std": 0.7071067811865476
      }
    },
    {
      "id": "reasoning_high_school_mwp_0",
      "question_id": null,
      "human_scores": [
        5.0
      ],
      "mean": 5.0,
      "std": 0.0,
      "model_score": 1.0,
      "perturbation_scores": {
        "original": 1.0,
        "perturbed": 1.0
      },
      "perturbation_stats": {
        "median": 1.0,
        "mean": 1.0,
        "std": 0.0
      }
    },
    {
      "id": "reasoning_high_school_mwp_1",
      "question_id": null,
      "human_scores": [
        5.0
      ],
      "mean": 5.0,
      "std": 0.0,
      "model_score": 0.5,
      "perturbation_scores": {
        "original": 1.0,
        "perturbed": 0.0
      },
      "perturbation_stats": {
        "median": 0.5,
        "mean": 0.5,
        "std": 0.7071067811865476
      }
    },
    {
      "id": "reasoning_high_school_mwp_2",
      "question_id": null,
      "human_scores": [
        5.0
      ],
      "mean": 5.0,
      "std": 0.0,
      "model_score": 0.5,
      "perturbation_scores": {
        "original": 1.0,
        "perturbed": 0.0
      },
      "perturbation_stats": {
        "median": 0.5,
        "mean": 0.5,
        "std": 0.7071067811865476
      }
    },
    {
      "id": "reasoning_high_school_mwp_3",
      "question_id": null,
      "human_scores": [
        5.0
      ],
      "mean": 5.0,
      "std": 0.0,
      "model_score": 0.5,
      "perturbation_scores": {
        "original": 1.0,
        "perturbed": 0.0
      },
      "perturbation_stats": {
        "median": 0.5,
        "mean": 0.5,
        "std": 0.7071067811865476
      }
    },
    {
      "id": "reasoning_high_school_mwp_4",
      "question_id": null,
      "human_scores": [
        5.0
      ],
      "mean": 5.0,
      "std": 0.0,
      "model_score": 0.5,
      "perturbation_scores": {
        "original": 1.0,
        "perturbed": 0.0
      },
      "perturbation_stats": {
        "median": 0.5,
        "mean": 0.5,
        "std": 0.7071067811865476
      }
    },
    {
      "id": "reasoning_high_school_mwp_5",
      "question_id": null,
      "human_scores": [
        5.0
      ],
      "mean": 5.0,
      "std": 0.0,
      "model_score": 0.5,
      "perturbation_scores": {
        "original": 1.0,
        "perturbed": 0.0
      },
      "perturbation_stats": {
        "median": 0.5,
        "mean": 0.5,
        "std": 0.7071067811865476
      }
    },
    {
      "id": "reasoning_high_school_mwp_6",
      "question_id": null,
      "human_scores": [
        5.0
      ],
      "mean": 5.0,
      "std": 0.0,
      "model_score": 0.5,
      "perturbation_scores": {
        "original": 1.0,
        "perturbed": 0.0
      },
      "perturbation_stats": {
        "median": 0.5,
        "mean": 0.5,
        "std": 0.7071067811865476
      }
    },
    {
      "id": "reasoning_high_school_mwp_7",
      "question_id": null,
      "human_scores": [
        5.0
      ],
      "mean": 5.0,
      "std": 0.0,
      "model_score": 0.5,
      "perturbation_scores": {
        "original": 1.0,
        "perturbed": 0.0
      },
      "perturbation_stats": {
        "median": 0.5,
        "mean": 0.5,
        "std": 0.7071067811865476
      }
    },
    {
      "id": "reasoning_high_school_mwp_8",
      "question_id": null,
      "human_scores": [
        5.0
      ],
      "mean": 5.0,
      "std": 0.0,
      "model_score": 1.0,
      "perturbation_scores": {
        "original": 1.0,
        "perturbed": 1.0
      },
      "perturbation_stats": {
        "median": 1.0,
        "mean": 1.0,
        "std": 0.0
      }
    },
    {
      "id": "reasoning_high_school_mwp_9",
      "question_id": null,
      "human_scores": [
        5.0
      ],
      "mean": 5.0,
      "std": 0.0,
      "model_score": 1.0,
      "perturbation_scores": {
        "original": 1.0,
        "perturbed": 1.0
      },
      "perturbation_stats": {
        "median": 1.0,
        "mean": 1.0,
        "std": 0.0
      }
    },
    {
      "id": "reasoning_hypothesis_proposal_0",
      "question_id": null,
      "human_scores": [
        5.0
      ],
      "mean": 5.0,
      "std": 0.0,
      "model_score": 1.0,
      "perturbation_scores": {
        "original": 1.0,
        "perturbed": 1.0
      },
      "perturbation_stats": {
        "median": 1.0,
        "mean": 1.0,
        "std": 0.0
      }
    },
    {
      "id": "reasoning_hypothesis_proposal_1",
      "question_id": null,
      "human_scores": [
        5.0
      ],
      "mean": 5.0,
      "std": 0.0,
      "model_score": 0.5,
      "perturbation_scores": {
        "original": 1.0,
        "perturbed": 0.0
      },
      "perturbation_stats": {
        "median": 0.5,
        "mean": 0.5,
        "std": 0.7071067811865476
      }
    },
    {
      "id": "reasoning_hypothesis_proposal_2",
      "question_id": null,
      "human_scores": [
        5.0
      ],
      "mean": 5.0,
      "std": 0.0,
      "model_score": 1.0,
      "perturbation_scores": {
        "original": 1.0,
        "perturbed": 1.0
      },
      "perturbation_stats": {
        "median": 1.0,
        "mean": 1.0,
        "std": 0.0
      }
    },
    {
      "id": "reasoning_hypothesis_proposal_3",
      "question_id": null,
      "human_scores": [
        5.0
      ],
      "mean": 5.0,
      "std": 0.0,
      "model_score": 0.5,
      "perturbation_scores": {
        "original": 1.0,
        "perturbed": 0.0
      },
      "perturbation_stats": {
        "median": 0.5,
        "mean": 0.5,
        "std": 0.7071067811865476
      }
    },
    {
      "id": "reasoning_hypothesis_proposal_4",
      "question_id": null,
      "human_scores": [
        5.0
      ],
      "mean": 5.0,
      "std": 0.0,
      "model_score": 1.0,
      "perturbation_scores": {
        "original": 1.0,
        "perturbed": 1.0
      },
      "perturbation_stats": {
        "median": 1.0,
        "mean": 1.0,
        "std": 0.0
      }
    },
    {
      "id": "reasoning_hypothesis_proposal_5",
      "question_id": null,
      "human_scores": [
        5.0
      ],
      "mean": 5.0,
      "std": 0.0,
      "model_score": 0.5,
      "perturbation_scores": {
        "original": 1.0,
        "perturbed": 0.0
      },
      "perturbation_stats": {
        "median": 0.5,
        "mean": 0.5,
        "std": 0.7071067811865476
      }
    },
    {
      "id": "reasoning_hypothesis_proposal_6",
      "question_id": null,
      "human_scores": [
        5.0
      ],
      "mean": 5.0,
      "std": 0.0,
      "model_score": 1.0,
      "perturbation_scores": {
        "original": 1.0,
        "perturbed": 1.0
      },
      "perturbation_stats": {
        "median": 1.0,
        "mean": 1.0,
        "std": 0.0
      }
    },
    {
      "id": "reasoning_hypothesis_proposal_7",
      "question_id": null,
      "human_scores": [
        5.0
      ],
      "mean": 5.0,
      "std": 0.0,
      "model_score": 1.0,
      "perturbation_scores": {
        "original": 1.0,
        "perturbed": 1.0
      },
      "perturbation_stats": {
        "median": 1.0,
        "mean": 1.0,
        "std": 0.0
      }
    },
    {
      "id": "reasoning_hypothesis_proposal_8",
      "question_id": null,
      "human_scores": [
        5.0
      ],
      "mean": 5.0,
      "std": 0.0,
      "model_score": 1.0,
      "perturbation_scores": {
        "original": 1.0,
        "perturbed": 1.0
      },
      "perturbation_stats": {
        "median": 1.0,
        "mean": 1.0,
        "std": 0.0
      }
    },
    {
      "id": "reasoning_hypothesis_proposal_9",
      "question_id": null,
      "human_scores": [
        5.0
      ],
      "mean": 5.0,
      "std": 0.0,
      "model_score": 1.0,
      "perturbation_scores": {
        "original": 1.0,
        "perturbed": 1.0
      },
      "perturbation_stats": {
        "median": 1.0,
        "mean": 1.0,
        "std": 0.0
      }
    },
    {
      "id": "reasoning_inductive_0",
      "question_id": null,
      "human_scores": [
        5.0
      ],
      "mean": 5.0,
      "std": 0.0,
      "model_score": 1.0,
      "perturbation_scores": {
        "original": 1.0,
        "perturbed": 1.0
      },
      "perturbation_stats": {
        "median": 1.0,
        "mean": 1.0,
        "std": 0.0
      }
    },
    {
      "id": "reasoning_inductive_1",
      "question_id": null,
      "human_scores": [
        5.0
      ],
      "mean": 5.0,
      "std": 0.0,
      "model_score": 0.5,
      "perturbation_scores": {
        "original": 1.0,
        "perturbed": 0.0
      },
      "perturbation_stats": {
        "median": 0.5,
        "mean": 0.5,
        "std": 0.7071067811865476
      }
    },
    {
      "id": "reasoning_inductive_2",
      "question_id": null,
      "human_scores": [
        5.0
      ],
      "mean": 5.0,
      "std": 0.0,
      "model_score": 1.0,
      "perturbation_scores": {
        "original": 1.0,
        "perturbed": 1.0
      },
      "perturbation_stats": {
        "median": 1.0,
        "mean": 1.0,
        "std": 0.0
      }
    },
    {
      "id": "reasoning_inductive_3",
      "question_id": null,
      "human_scores": [
        5.0
      ],
      "mean": 5.0,
      "std": 0.0,
      "model_score": 1.0,
      "perturbation_scores": {
        "original": 1.0,
        "perturbed": 1.0
      },
      "perturbation_stats": {
        "median": 1.0,
        "mean": 1.0,
        "std": 0.0
      }
    },
    {
      "id": "reasoning_inductive_4",
      "question_id": null,
      "human_scores": [
        5.0
      ],
      "mean": 5.0,
      "std": 0.0,
      "model_score": 1.0,
      "perturbation_scores": {
        "original": 1.0,
        "perturbed": 1.0
      },
      "perturbation_stats": {
        "median": 1.0,
        "mean": 1.0,
        "std": 0.0
      }
    },
    {
      "id": "reasoning_inductive_5",
      "question_id": null,
      "human_scores": [
        5.0
      ],
      "mean": 5.0,
      "std": 0.0,
      "model_score": 1.0,
      "perturbation_scores": {
        "original": 1.0,
        "perturbed": 1.0
      },
      "perturbation_stats": {
        "median": 1.0,
        "mean": 1.0,
        "std": 0.0
      }
    },
    {
      "id": "reasoning_inductive_6",
      "question_id": null,
      "human_scores": [
        5.0
      ],
      "mean": 5.0,
      "std": 0.0,
      "model_score": 1.0,
      "perturbation_scores": {
        "original": 1.0,
        "perturbed": 1.0
      },
      "perturbation_stats": {
        "median": 1.0,
        "mean": 1.0,
        "std": 0.0
      }
    },
    {
      "id": "reasoning_inductive_7",
      "question_id": null,
      "human_scores": [
        5.0
      ],
      "mean": 5.0,
      "std": 0.0,
      "model_score": 1.0,
      "perturbation_scores": {
        "original": 1.0,
        "perturbed": 1.0
      },
      "perturbation_stats": {
        "median": 1.0,
        "mean": 1.0,
        "std": 0.0
      }
    },
    {
      "id": "reasoning_inductive_8",
      "question_id": null,
      "human_scores": [
        5.0
      ],
      "mean": 5.0,
      "std": 0.0,
      "model_score": 0.5,
      "perturbation_scores": {
        "original": 1.0,
        "perturbed": 0.0
      },
      "perturbation_stats": {
        "median": 0.5,
        "mean": 0.5,
        "std": 0.7071067811865476
      }
    },
    {
      "id": "reasoning_inductive_9",
      "question_id": null,
      "human_scores": [
        5.0
      ],
      "mean": 5.0,
      "std": 0.0,
      "model_score": 1.0,
      "perturbation_scores": {
        "original": 1.0,
        "perturbed": 1.0
      },
      "perturbation_stats": {
        "median": 1.0,
        "mean": 1.0,
        "std": 0.0
      }
    },
    {
      "id": "reasoning_legal_reason_0",
      "question_id": null,
      "human_scores": [
        5.0
      ],
      "mean": 5.0,
      "std": 0.0,
      "model_score": 1.0,
      "perturbation_scores": {
        "original": 1.0,
        "perturbed": 1.0
      },
      "perturbation_stats": {
        "median": 1.0,
        "mean": 1.0,
        "std": 0.0
      }
    },
    {
      "id": "reasoning_legal_reason_1",
      "question_id": null,
      "human_scores": [
        5.0
      ],
      "mean": 5.0,
      "std": 0.0,
      "model_score": 1.0,
      "perturbation_scores": {
        "original": 1.0,
        "perturbed": 1.0
      },
      "perturbation_stats": {
        "median": 1.0,
        "mean": 1.0,
        "std": 0.0
      }
    },
    {
      "id": "reasoning_legal_reason_2",
      "question_id": null,
      "human_scores": [
        5.0
      ],
      "mean": 5.0,
      "std": 0.0,
      "model_score": 1.0,
      "perturbation_scores": {
        "original": 1.0,
        "perturbed": 1.0
      },
      "perturbation_stats": {
        "median": 1.0,
        "mean": 1.0,
        "std": 0.0
      }
    },
    {
      "id": "reasoning_legal_reason_3",
      "question_id": null,
      "human_scores": [
        5.0
      ],
      "mean": 5.0,
      "std": 0.0,
      "model_score": 1.0,
      "perturbation_scores": {
        "original": 1.0,
        "perturbed": 1.0
      },
      "perturbation_stats": {
        "median": 1.0,
        "mean": 1.0,
        "std": 0.0
      }
    },
    {
      "id": "reasoning_legal_reason_4",
      "question_id": null,
      "human_scores": [
        5.0
      ],
      "mean": 5.0,
      "std": 0.0,
      "model_score": 1.0,
      "perturbation_scores": {
        "original": 1.0,
        "perturbed": 1.0
      },
      "perturbation_stats": {
        "median": 1.0,
        "mean": 1.0,
        "std": 0.0
      }
    },
    {
      "id": "reasoning_legal_reason_5",
      "question_id": null,
      "human_scores": [
        5.0
      ],
      "mean": 5.0,
      "std": 0.0,
      "model_score": 0.5,
      "perturbation_scores": {
        "original": 1.0,
        "perturbed": 0.0
      },
      "perturbation_stats": {
        "median": 0.5,
        "mean": 0.5,
        "std": 0.7071067811865476
      }
    },
    {
      "id": "reasoning_legal_reason_6",
      "question_id": null,
      "human_scores": [
        5.0
      ],
      "mean": 5.0,
      "std": 0.0,
      "model_score": 1.0,
      "perturbation_scores": {
        "original": 1.0,
        "perturbed": 1.0
      },
      "perturbation_stats": {
        "median": 1.0,
        "mean": 1.0,
        "std": 0.0
      }
    },
    {
      "id": "reasoning_legal_reason_7",
      "question_id": null,
      "human_scores": [
        5.0
      ],
      "mean": 5.0,
      "std": 0.0,
      "model_score": 1.0,
      "perturbation_scores": {
        "original": 1.0,
        "perturbed": 1.0
      },
      "perturbation_stats": {
        "median": 1.0,
        "mean": 1.0,
        "std": 0.0
      }
    },
    {
      "id": "reasoning_legal_reason_8",
      "question_id": null,
      "human_scores": [
        5.0
      ],
      "mean": 5.0,
      "std": 0.0,
      "model_score": 1.0,
      "perturbation_scores": {
        "original": 1.0,
        "perturbed": 1.0
      },
      "perturbation_stats": {
        "median": 1.0,
        "mean": 1.0,
        "std": 0.0
      }
    },
    {
      "id": "reasoning_legal_reason_9",
      "question_id": null,
      "human_scores": [
        5.0
      ],
      "mean": 5.0,
      "std": 0.0,
      "model_score": 1.0,
      "perturbation_scores": {
        "original": 1.0,
        "perturbed": 1.0
      },
      "perturbation_stats": {
        "median": 1.0,
        "mean": 1.0,
        "std": 0.0
      }
    },
    {
      "id": "reasoning_math_proof_0",
      "question_id": null,
      "human_scores": [
        5.0
      ],
      "mean": 5.0,
      "std": 0.0,
      "model_score": 1.0,
      "perturbation_scores": {
        "original": 1.0,
        "perturbed": 1.0
      },
      "perturbation_stats": {
        "median": 1.0,
        "mean": 1.0,
        "std": 0.0
      }
    },
    {
      "id": "reasoning_math_proof_1",
      "question_id": null,
      "human_scores": [
        5.0
      ],
      "mean": 5.0,
      "std": 0.0,
      "model_score": 1.0,
      "perturbation_scores": {
        "original": 1.0,
        "perturbed": 1.0
      },
      "perturbation_stats": {
        "median": 1.0,
        "mean": 1.0,
        "std": 0.0
      }
    },
    {
      "id": "reasoning_math_proof_2",
      "question_id": null,
      "human_scores": [
        5.0
      ],
      "mean": 5.0,
      "std": 0.0,
      "model_score": 1.0,
      "perturbation_scores": {
        "original": 1.0,
        "perturbed": 1.0
      },
      "perturbation_stats": {
        "median": 1.0,
        "mean": 1.0,
        "std": 0.0
      }
    },
    {
      "id": "reasoning_math_proof_3",
      "question_id": null,
      "human_scores": [
        5.0
      ],
      "mean": 5.0,
      "std": 0.0,
      "model_score": 1.0,
      "perturbation_scores": {
        "original": 1.0,
        "perturbed": 1.0
      },
      "perturbation_stats": {
        "median": 1.0,
        "mean": 1.0,
        "std": 0.0
      }
    },
    {
      "id": "reasoning_math_proof_4",
      "question_id": null,
      "human_scores": [
        5.0
      ],
      "mean": 5.0,
      "std": 0.0,
      "model_score": 1.0,
      "perturbation_scores": {
        "original": 1.0,
        "perturbed": 1.0
      },
      "perturbation_stats": {
        "median": 1.0,
        "mean": 1.0,
        "std": 0.0
      }
    },
    {
      "id": "reasoning_math_proof_5",
      "question_id": null,
      "human_scores": [
        5.0
      ],
      "mean": 5.0,
      "std": 0.0,
      "model_score": 1.0,
      "perturbation_scores": {
        "original": 1.0,
        "perturbed": 1.0
      },
      "perturbation_stats": {
        "median": 1.0,
        "mean": 1.0,
        "std": 0.0
      }
    },
    {
      "id": "reasoning_math_proof_6",
      "question_id": null,
      "human_scores": [
        5.0
      ],
      "mean": 5.0,
      "std": 0.0,
      "model_score": 1.0,
      "perturbation_scores": {
        "original": 1.0,
        "perturbed": 1.0
      },
      "perturbation_stats": {
        "median": 1.0,
        "mean": 1.0,
        "std": 0.0
      }
    },
    {
      "id": "reasoning_math_proof_7",
      "question_id": null,
      "human_scores": [
        5.0
      ],
      "mean": 5.0,
      "std": 0.0,
      "model_score": 1.0,
      "perturbation_scores": {
        "original": 1.0,
        "perturbed": 1.0
      },
      "perturbation_stats": {
        "median": 1.0,
        "mean": 1.0,
        "std": 0.0
      }
    },
    {
      "id": "reasoning_math_proof_8",
      "question_id": null,
      "human_scores": [
        5.0
      ],
      "mean": 5.0,
      "std": 0.0,
      "model_score": 1.0,
      "perturbation_scores": {
        "original": 1.0,
        "perturbed": 1.0
      },
      "perturbation_stats": {
        "median": 1.0,
        "mean": 1.0,
        "std": 0.0
      }
    },
    {
      "id": "reasoning_math_proof_9",
      "question_id": null,
      "human_scores": [
        5.0
      ],
      "mean": 5.0,
      "std": 0.0,
      "model_score": 1.0,
      "perturbation_scores": {
        "original": 1.0,
        "perturbed": 1.0
      },
      "perturbation_stats": {
        "median": 1.0,
        "mean": 1.0,
        "std": 0.0
      }
    },
    {
      "id": "reasoning_table_reason_0",
      "question_id": null,
      "human_scores": [
        5.0
      ],
      "mean": 5.0,
      "std": 0.0,
      "model_score": 0.5,
      "perturbation_scores": {
        "original": 1.0,
        "perturbed": 0.0
      },
      "perturbation_stats": {
        "median": 0.5,
        "mean": 0.5,
        "std": 0.7071067811865476
      }
    },
    {
      "id": "reasoning_table_reason_1",
      "question_id": null,
      "human_scores": [
        5.0
      ],
      "mean": 5.0,
      "std": 0.0,
      "model_score": 0.5,
      "perturbation_scores": {
        "original": 1.0,
        "perturbed": 0.0
      },
      "perturbation_stats": {
        "median": 0.5,
        "mean": 0.5,
        "std": 0.7071067811865476
      }
    },
    {
      "id": "reasoning_table_reason_2",
      "question_id": null,
      "human_scores": [
        5.0
      ],
      "mean": 5.0,
      "std": 0.0,
      "model_score": 0.5,
      "perturbation_scores": {
        "original": 1.0,
        "perturbed": 0.0
      },
      "perturbation_stats": {
        "median": 0.5,
        "mean": 0.5,
        "std": 0.7071067811865476
      }
    },
    {
      "id": "reasoning_table_reason_3",
      "question_id": null,
      "human_scores": [
        5.0
      ],
      "mean": 5.0,
      "std": 0.0,
      "model_score": 0.5,
      "perturbation_scores": {
        "original": 1.0,
        "perturbed": 0.0
      },
      "perturbation_stats": {
        "median": 0.5,
        "mean": 0.5,
        "std": 0.7071067811865476
      }
    },
    {
      "id": "reasoning_table_reason_4",
      "question_id": null,
      "human_scores": [
        5.0
      ],
      "mean": 5.0,
      "std": 0.0,
      "model_score": 0.5,
      "perturbation_scores": {
        "original": 1.0,
        "perturbed": 0.0
      },
      "perturbation_stats": {
        "median": 0.5,
        "mean": 0.5,
        "std": 0.7071067811865476
      }
    },
    {
      "id": "reasoning_table_reason_5",
      "question_id": null,
      "human_scores": [
        5.0
      ],
      "mean": 5.0,
      "std": 0.0,
      "model_score": 1.0,
      "perturbation_scores": {
        "original": 1.0,
        "perturbed": 1.0
      },
      "perturbation_stats": {
        "median": 1.0,
        "mean": 1.0,
        "std": 0.0
      }
    },
    {
      "id": "reasoning_table_reason_6",
      "question_id": null,
      "human_scores": [
        5.0
      ],
      "mean": 5.0,
      "std": 0.0,
      "model_score": 0.5,
      "perturbation_scores": {
        "original": 1.0,
        "perturbed": 0.0
      },
      "perturbation_stats": {
        "median": 0.5,
        "mean": 0.5,
        "std": 0.7071067811865476
      }
    },
    {
      "id": "reasoning_table_reason_7",
      "question_id": null,
      "human_scores": [
        5.0
      ],
      "mean": 5.0,
      "std": 0.0,
      "model_score": 1.0,
      "perturbation_scores": {
        "original": 1.0,
        "perturbed": 1.0
      },
      "perturbation_stats": {
        "median": 1.0,
        "mean": 1.0,
        "std": 0.0
      }
    },
    {
      "id": "reasoning_table_reason_8",
      "question_id": null,
      "human_scores": [
        5.0
      ],
      "mean": 5.0,
      "std": 0.0,
      "model_score": 1.0,
      "perturbation_scores": {
        "original": 1.0,
        "perturbed": 1.0
      },
      "perturbation_stats": {
        "median": 1.0,
        "mean": 1.0,
        "std": 0.0
      }
    },
    {
      "id": "reasoning_table_reason_9",
      "question_id": null,
      "human_scores": [
        5.0
      ],
      "mean": 5.0,
      "std": 0.0,
      "model_score": 1.0,
      "perturbation_scores": {
        "original": 1.0,
        "perturbed": 1.0
      },
      "perturbation_stats": {
        "median": 1.0,
        "mean": 1.0,
        "std": 0.0
      }
    },
    {
      "id": "refinement_code_revision_0",
      "question_id": null,
      "human_scores": [
        5.0
      ],
      "mean": 5.0,
      "std": 0.0,
      "model_score": 1.0,
      "perturbation_scores": {
        "original": 1.0,
        "perturbed": 1.0
      },
      "perturbation_stats": {
        "median": 1.0,
        "mean": 1.0,
        "std": 0.0
      }
    },
    {
      "id": "refinement_code_revision_1",
      "question_id": null,
      "human_scores": [
        5.0
      ],
      "mean": 5.0,
      "std": 0.0,
      "model_score": 0.5,
      "perturbation_scores": {
        "original": 1.0,
        "perturbed": 0.0
      },
      "perturbation_stats": {
        "median": 0.5,
        "mean": 0.5,
        "std": 0.7071067811865476
      }
    },
    {
      "id": "refinement_code_revision_2",
      "question_id": null,
      "human_scores": [
        5.0
      ],
      "mean": 5.0,
      "std": 0.0,
      "model_score": 0.5,
      "perturbation_scores": {
        "original": 1.0,
        "perturbed": 0.0
      },
      "perturbation_stats": {
        "median": 0.5,
        "mean": 0.5,
        "std": 0.7071067811865476
      }
    },
    {
      "id": "refinement_code_revision_3",
      "question_id": null,
      "human_scores": [
        5.0
      ],
      "mean": 5.0,
      "std": 0.0,
      "model_score": 1.0,
      "perturbation_scores": {
        "original": 1.0,
        "perturbed": 1.0
      },
      "perturbation_stats": {
        "median": 1.0,
        "mean": 1.0,
        "std": 0.0
      }
    },
    {
      "id": "refinement_code_revision_4",
      "question_id": null,
      "human_scores": [
        5.0
      ],
      "mean": 5.0,
      "std": 0.0,
      "model_score": 1.0,
      "perturbation_scores": {
        "original": 1.0,
        "perturbed": 1.0
      },
      "perturbation_stats": {
        "median": 1.0,
        "mean": 1.0,
        "std": 0.0
      }
    },
    {
      "id": "refinement_code_revision_5",
      "question_id": null,
      "human_scores": [
        5.0
      ],
      "mean": 5.0,
      "std": 0.0,
      "model_score": 1.0,
      "perturbation_scores": {
        "original": 1.0,
        "perturbed": 1.0
      },
      "perturbation_stats": {
        "median": 1.0,
        "mean": 1.0,
        "std": 0.0
      }
    },
    {
      "id": "refinement_code_revision_6",
      "question_id": null,
      "human_scores": [
        5.0
      ],
      "mean": 5.0,
      "std": 0.0,
      "model_score": 0.5,
      "perturbation_scores": {
        "original": 1.0,
        "perturbed": 0.0
      },
      "perturbation_stats": {
        "median": 0.5,
        "mean": 0.5,
        "std": 0.7071067811865476
      }
    },
    {
      "id": "refinement_code_revision_7",
      "question_id": null,
      "human_scores": [
        5.0
      ],
      "mean": 5.0,
      "std": 0.0,
      "model_score": 1.0,
      "perturbation_scores": {
        "original": 1.0,
        "perturbed": 1.0
      },
      "perturbation_stats": {
        "median": 1.0,
        "mean": 1.0,
        "std": 0.0
      }
    },
    {
      "id": "refinement_code_revision_8",
      "question_id": null,
      "human_scores": [
        5.0
      ],
      "mean": 5.0,
      "std": 0.0,
      "model_score": 0.5,
      "perturbation_scores": {
        "original": 1.0,
        "perturbed": 0.0
      },
      "perturbation_stats": {
        "median": 0.5,
        "mean": 0.5,
        "std": 0.7071067811865476
      }
    },
    {
      "id": "refinement_code_revision_9",
      "question_id": null,
      "human_scores": [
        5.0
      ],
      "mean": 5.0,
      "std": 0.0,
      "model_score": 1.0,
      "perturbation_scores": {
        "original": 1.0,
        "perturbed": 1.0
      },
      "perturbation_stats": {
        "median": 1.0,
        "mean": 1.0,
        "std": 0.0
      }
    },
    {
      "id": "refinement_essay_revision_0",
      "question_id": null,
      "human_scores": [
        5.0
      ],
      "mean": 5.0,
      "std": 0.0,
      "model_score": 1.0,
      "perturbation_scores": {
        "original": 1.0,
        "perturbed": 1.0
      },
      "perturbation_stats": {
        "median": 1.0,
        "mean": 1.0,
        "std": 0.0
      }
    },
    {
      "id": "refinement_essay_revision_1",
      "question_id": null,
      "human_scores": [
        5.0
      ],
      "mean": 5.0,
      "std": 0.0,
      "model_score": 1.0,
      "perturbation_scores": {
        "original": 1.0,
        "perturbed": 1.0
      },
      "perturbation_stats": {
        "median": 1.0,
        "mean": 1.0,
        "std": 0.0
      }
    },
    {
      "id": "refinement_essay_revision_2",
      "question_id": null,
      "human_scores": [
        5.0
      ],
      "mean": 5.0,
      "std": 0.0,
      "model_score": 1.0,
      "perturbation_scores": {
        "original": 1.0,
        "perturbed": 1.0
      },
      "perturbation_stats": {
        "median": 1.0,
        "mean": 1.0,
        "std": 0.0
      }
    },
    {
      "id": "refinement_essay_revision_3",
      "question_id": null,
      "human_scores": [
        5.0
      ],
      "mean": 5.0,
      "std": 0.0,
      "model_score": 1.0,
      "perturbation_scores": {
        "original": 1.0,
        "perturbed": 1.0
      },
      "perturbation_stats": {
        "median": 1.0,
        "mean": 1.0,
        "std": 0.0
      }
    },
    {
      "id": "refinement_essay_revision_4",
      "question_id": null,
      "human_scores": [
        5.0
      ],
      "mean": 5.0,
      "std": 0.0,
      "model_score": 1.0,
      "perturbation_scores": {
        "original": 1.0,
        "perturbed": 1.0
      },
      "perturbation_stats": {
        "median": 1.0,
        "mean": 1.0,
        "std": 0.0
      }
    },
    {
      "id": "refinement_essay_revision_5",
      "question_id": null,
      "human_scores": [
        5.0
      ],
      "mean": 5.0,
      "std": 0.0,
      "model_score": 1.0,
      "perturbation_scores": {
        "original": 1.0,
        "perturbed": 1.0
      },
      "perturbation_stats": {
        "median": 1.0,
        "mean": 1.0,
        "std": 0.0
      }
    },
    {
      "id": "refinement_essay_revision_6",
      "question_id": null,
      "human_scores": [
        5.0
      ],
      "mean": 5.0,
      "std": 0.0,
      "model_score": 1.0,
      "perturbation_scores": {
        "original": 1.0,
        "perturbed": 1.0
      },
      "perturbation_stats": {
        "median": 1.0,
        "mean": 1.0,
        "std": 0.0
      }
    },
    {
      "id": "refinement_essay_revision_7",
      "question_id": null,
      "human_scores": [
        5.0
      ],
      "mean": 5.0,
      "std": 0.0,
      "model_score": 1.0,
      "perturbation_scores": {
        "original": 1.0,
        "perturbed": 1.0
      },
      "perturbation_stats": {
        "median": 1.0,
        "mean": 1.0,
        "std": 0.0
      }
    },
    {
      "id": "refinement_essay_revision_8",
      "question_id": null,
      "human_scores": [
        5.0
      ],
      "mean": 5.0,
      "std": 0.0,
      "model_score": 1.0,
      "perturbation_scores": {
        "original": 1.0,
        "perturbed": 1.0
      },
      "perturbation_stats": {
        "median": 1.0,
        "mean": 1.0,
        "std": 0.0
      }
    },
    {
      "id": "refinement_essay_revision_9",
      "question_id": null,
      "human_scores": [
        5.0
      ],
      "mean": 5.0,
      "std": 0.0,
      "model_score": 1.0,
      "perturbation_scores": {
        "original": 1.0,
        "perturbed": 1.0
      },
      "perturbation_stats": {
        "median": 1.0,
        "mean": 1.0,
        "std": 0.0
      }
    },
    {
      "id": "refinement_llm_judge_absolute_0",
      "question_id": null,
      "human_scores": [
        5.0
      ],
      "mean": 5.0,
      "std": 0.0,
      "model_score": 1.0,
      "perturbation_scores": {
        "original": 1.0,
        "perturbed": 1.0
      },
      "perturbation_stats": {
        "median": 1.0,
        "mean": 1.0,
        "std": 0.0
      }
    },
    {
      "id": "refinement_llm_judge_absolute_1",
      "question_id": null,
      "human_scores": [
        5.0
      ],
      "mean": 5.0,
      "std": 0.0,
      "model_score": 1.0,
      "perturbation_scores": {
        "original": 1.0,
        "perturbed": 1.0
      },
      "perturbation_stats": {
        "median": 1.0,
        "mean": 1.0,
        "std": 0.0
      }
    },
    {
      "id": "refinement_llm_judge_absolute_2",
      "question_id": null,
      "human_scores": [
        5.0
      ],
      "mean": 5.0,
      "std": 0.0,
      "model_score": 1.0,
      "perturbation_scores": {
        "original": 1.0,
        "perturbed": 1.0
      },
      "perturbation_stats": {
        "median": 1.0,
        "mean": 1.0,
        "std": 0.0
      }
    },
    {
      "id": "refinement_llm_judge_absolute_3",
      "question_id": null,
      "human_scores": [
        5.0
      ],
      "mean": 5.0,
      "std": 0.0,
      "model_score": 1.0,
      "perturbation_scores": {
        "original": 1.0,
        "perturbed": 1.0
      },
      "perturbation_stats": {
        "median": 1.0,
        "mean": 1.0,
        "std": 0.0
      }
    },
    {
      "id": "refinement_llm_judge_absolute_4",
      "question_id": null,
      "human_scores": [
        5.0
      ],
      "mean": 5.0,
      "std": 0.0,
      "model_score": 1.0,
      "perturbation_scores": {
        "original": 1.0,
        "perturbed": 1.0
      },
      "perturbation_stats": {
        "median": 1.0,
        "mean": 1.0,
        "std": 0.0
      }
    },
    {
      "id": "refinement_llm_judge_absolute_5",
      "question_id": null,
      "human_scores": [
        5.0
      ],
      "mean": 5.0,
      "std": 0.0,
      "model_score": 1.0,
      "perturbation_scores": {
        "original": 1.0,
        "perturbed": 1.0
      },
      "perturbation_stats": {
        "median": 1.0,
        "mean": 1.0,
        "std": 0.0
      }
    },
    {
      "id": "refinement_llm_judge_absolute_6",
      "question_id": null,
      "human_scores": [
        5.0
      ],
      "mean": 5.0,
      "std": 0.0,
      "model_score": 1.0,
      "perturbation_scores": {
        "original": 1.0,
        "perturbed": 1.0
      },
      "perturbation_stats": {
        "median": 1.0,
        "mean": 1.0,
        "std": 0.0
      }
    },
    {
      "id": "refinement_llm_judge_absolute_7",
      "question_id": null,
      "human_scores": [
        5.0
      ],
      "mean": 5.0,
      "std": 0.0,
      "model_score": 1.0,
      "perturbation_scores": {
        "original": 1.0,
        "perturbed": 1.0
      },
      "perturbation_stats": {
        "median": 1.0,
        "mean": 1.0,
        "std": 0.0
      }
    },
    {
      "id": "refinement_llm_judge_absolute_8",
      "question_id": null,
      "human_scores": [
        5.0
      ],
      "mean": 5.0,
      "std": 0.0,
      "model_score": 1.0,
      "perturbation_scores": {
        "original": 1.0,
        "perturbed": 1.0
      },
      "perturbation_stats": {
        "median": 1.0,
        "mean": 1.0,
        "std": 0.0
      }
    },
    {
      "id": "refinement_llm_judge_absolute_9",
      "question_id": null,
      "human_scores": [
        5.0
      ],
      "mean": 5.0,
      "std": 0.0,
      "model_score": 1.0,
      "perturbation_scores": {
        "original": 1.0,
        "perturbed": 1.0
      },
      "perturbation_stats": {
        "median": 1.0,
        "mean": 1.0,
        "std": 0.0
      }
    },
    {
      "id": "refinement_llm_judge_relative_0",
      "question_id": null,
      "human_scores": [
        5.0
      ],
      "mean": 5.0,
      "std": 0.0,
      "model_score": 0.5,
      "perturbation_scores": {
        "original": 0.0,
        "perturbed": 1.0
      },
      "perturbation_stats": {
        "median": 0.5,
        "mean": 0.5,
        "std": 0.7071067811865476
      }
    },
    {
      "id": "refinement_llm_judge_relative_1",
      "question_id": null,
      "human_scores": [
        5.0
      ],
      "mean": 5.0,
      "std": 0.0,
      "model_score": 1.0,
      "perturbation_scores": {
        "original": 1.0,
        "perturbed": 1.0
      },
      "perturbation_stats": {
        "median": 1.0,
        "mean": 1.0,
        "std": 0.0
      }
    },
    {
      "id": "refinement_llm_judge_relative_2",
      "question_id": null,
      "human_scores": [
        5.0
      ],
      "mean": 5.0,
      "std": 0.0,
      "model_score": 0.5,
      "perturbation_scores": {
        "original": 0.0,
        "perturbed": 1.0
      },
      "perturbation_stats": {
        "median": 0.5,
        "mean": 0.5,
        "std": 0.7071067811865476
      }
    },
    {
      "id": "refinement_llm_judge_relative_3",
      "question_id": null,
      "human_scores": [
        5.0
      ],
      "mean": 5.0,
      "std": 0.0,
      "model_score": 0.0,
      "perturbation_scores": {
        "original": 0.0,
        "perturbed": 0.0
      },
      "perturbation_stats": {
        "median": 0.0,
        "mean": 0.0,
        "std": 0.0
      }
    },
    {
      "id": "refinement_llm_judge_relative_4",
      "question_id": null,
      "human_scores": [
        5.0
      ],
      "mean": 5.0,
      "std": 0.0,
      "model_score": 0.0,
      "perturbation_scores": {
        "original": 0.0,
        "perturbed": 0.0
      },
      "perturbation_stats": {
        "median": 0.0,
        "mean": 0.0,
        "std": 0.0
      }
    },
    {
      "id": "refinement_llm_judge_relative_6",
      "question_id": null,
      "human_scores": [
        5.0
      ],
      "mean": 5.0,
      "std": 0.0,
      "model_score": 0.5,
      "perturbation_scores": {
        "original": 0.0,
        "perturbed": 1.0
      },
      "perturbation_stats": {
        "median": 0.5,
        "mean": 0.5,
        "std": 0.7071067811865476
      }
    },
    {
      "id": "refinement_llm_judge_relative_7",
      "question_id": null,
      "human_scores": [
        5.0
      ],
      "mean": 5.0,
      "std": 0.0,
      "model_score": 1.0,
      "perturbation_scores": {
        "original": 1.0,
        "perturbed": 1.0
      },
      "perturbation_stats": {
        "median": 1.0,
        "mean": 1.0,
        "std": 0.0
      }
    },
    {
      "id": "refinement_llm_judge_relative_9",
      "question_id": null,
      "human_scores": [
        5.0
      ],
      "mean": 5.0,
      "std": 0.0,
      "model_score": 1.0,
      "perturbation_scores": {
        "original": 1.0,
        "perturbed": 1.0
      },
      "perturbation_stats": {
        "median": 1.0,
        "mean": 1.0,
        "std": 0.0
      }
    },
    {
      "id": "refinement_rationale_revision_0",
      "question_id": null,
      "human_scores": [
        5.0
      ],
      "mean": 5.0,
      "std": 0.0,
      "model_score": 1.0,
      "perturbation_scores": {
        "original": 1.0,
        "perturbed": 1.0
      },
      "perturbation_stats": {
        "median": 1.0,
        "mean": 1.0,
        "std": 0.0
      }
    },
    {
      "id": "refinement_rationale_revision_1",
      "question_id": null,
      "human_scores": [
        5.0
      ],
      "mean": 5.0,
      "std": 0.0,
      "model_score": 1.0,
      "perturbation_scores": {
        "original": 1.0,
        "perturbed": 1.0
      },
      "perturbation_stats": {
        "median": 1.0,
        "mean": 1.0,
        "std": 0.0
      }
    },
    {
      "id": "refinement_rationale_revision_2",
      "question_id": null,
      "human_scores": [
        5.0
      ],
      "mean": 5.0,
      "std": 0.0,
      "model_score": 1.0,
      "perturbation_scores": {
        "original": 1.0,
        "perturbed": 1.0
      },
      "perturbation_stats": {
        "median": 1.0,
        "mean": 1.0,
        "std": 0.0
      }
    },
    {
      "id": "refinement_rationale_revision_3",
      "question_id": null,
      "human_scores": [
        5.0
      ],
      "mean": 5.0,
      "std": 0.0,
      "model_score": 1.0,
      "perturbation_scores": {
        "original": 1.0,
        "perturbed": 1.0
      },
      "perturbation_stats": {
        "median": 1.0,
        "mean": 1.0,
        "std": 0.0
      }
    },
    {
      "id": "refinement_rationale_revision_4",
      "question_id": null,
      "human_scores": [
        5.0
      ],
      "mean": 5.0,
      "std": 0.0,
      "model_score": 1.0,
      "perturbation_scores": {
        "original": 1.0,
        "perturbed": 1.0
      },
      "perturbation_stats": {
        "median": 1.0,
        "mean": 1.0,
        "std": 0.0
      }
    },
    {
      "id": "refinement_rationale_revision_6",
      "question_id": null,
      "human_scores": [
        5.0
      ],
      "mean": 5.0,
      "std": 0.0,
      "model_score": 1.0,
      "perturbation_scores": {
        "original": 1.0,
        "perturbed": 1.0
      },
      "perturbation_stats": {
        "median": 1.0,
        "mean": 1.0,
        "std": 0.0
      }
    },
    {
      "id": "refinement_rationale_revision_7",
      "question_id": null,
      "human_scores": [
        5.0
      ],
      "mean": 5.0,
      "std": 0.0,
      "model_score": 1.0,
      "perturbation_scores": {
        "original": 1.0,
        "perturbed": 1.0
      },
      "perturbation_stats": {
        "median": 1.0,
        "mean": 1.0,
        "std": 0.0
      }
    },
    {
      "id": "refinement_rationale_revision_8",
      "question_id": null,
      "human_scores": [
        5.0
      ],
      "mean": 5.0,
      "std": 0.0,
      "model_score": 1.0,
      "perturbation_scores": {
        "original": 1.0,
        "perturbed": 1.0
      },
      "perturbation_stats": {
        "median": 1.0,
        "mean": 1.0,
        "std": 0.0
      }
    },
    {
      "id": "refinement_rationale_revision_9",
      "question_id": null,
      "human_scores": [
        5.0
      ],
      "mean": 5.0,
      "std": 0.0,
      "model_score": 1.0,
      "perturbation_scores": {
        "original": 1.0,
        "perturbed": 1.0
      },
      "perturbation_stats": {
        "median": 1.0,
        "mean": 1.0,
        "std": 0.0
      }
    },
    {
      "id": "refinement_replanning_0",
      "question_id": null,
      "human_scores": [
        5.0
      ],
      "mean": 5.0,
      "std": 0.0,
      "model_score": 1.0,
      "perturbation_scores": {
        "original": 1.0,
        "perturbed": 1.0
      },
      "perturbation_stats": {
        "median": 1.0,
        "mean": 1.0,
        "std": 0.0
      }
    },
    {
      "id": "refinement_replanning_1",
      "question_id": null,
      "human_scores": [
        5.0
      ],
      "mean": 5.0,
      "std": 0.0,
      "model_score": 1.0,
      "perturbation_scores": {
        "original": 1.0,
        "perturbed": 1.0
      },
      "perturbation_stats": {
        "median": 1.0,
        "mean": 1.0,
        "std": 0.0
      }
    },
    {
      "id": "refinement_replanning_2",
      "question_id": null,
      "human_scores": [
        5.0
      ],
      "mean": 5.0,
      "std": 0.0,
      "model_score": 1.0,
      "perturbation_scores": {
        "original": 1.0,
        "perturbed": 1.0
      },
      "perturbation_stats": {
        "median": 1.0,
        "mean": 1.0,
        "std": 0.0
      }
    },
    {
      "id": "refinement_replanning_3",
      "question_id": null,
      "human_scores": [
        5.0
      ],
      "mean": 5.0,
      "std": 0.0,
      "model_score": 1.0,
      "perturbation_scores": {
        "original": 1.0,
        "perturbed": 1.0
      },
      "perturbation_stats": {
        "median": 1.0,
        "mean": 1.0,
        "std": 0.0
      }
    },
    {
      "id": "refinement_replanning_4",
      "question_id": null,
      "human_scores": [
        5.0
      ],
      "mean": 5.0,
      "std": 0.0,
      "model_score": 1.0,
      "perturbation_scores": {
        "original": 1.0,
        "perturbed": 1.0
      },
      "perturbation_stats": {
        "median": 1.0,
        "mean": 1.0,
        "std": 0.0
      }
    },
    {
      "id": "refinement_replanning_5",
      "question_id": null,
      "human_scores": [
        5.0
      ],
      "mean": 5.0,
      "std": 0.0,
      "model_score": 1.0,
      "perturbation_scores": {
        "original": 1.0,
        "perturbed": 1.0
      },
      "perturbation_stats": {
        "median": 1.0,
        "mean": 1.0,
        "std": 0.0
      }
    },
    {
      "id": "refinement_replanning_6",
      "question_id": null,
      "human_scores": [
        5.0
      ],
      "mean": 5.0,
      "std": 0.0,
      "model_score": 1.0,
      "perturbation_scores": {
        "original": 1.0,
        "perturbed": 1.0
      },
      "perturbation_stats": {
        "median": 1.0,
        "mean": 1.0,
        "std": 0.0
      }
    },
    {
      "id": "refinement_replanning_7",
      "question_id": null,
      "human_scores": [
        5.0
      ],
      "mean": 5.0,
      "std": 0.0,
      "model_score": 1.0,
      "perturbation_scores": {
        "original": 1.0,
        "perturbed": 1.0
      },
      "perturbation_stats": {
        "median": 1.0,
        "mean": 1.0,
        "std": 0.0
      }
    },
    {
      "id": "refinement_replanning_8",
      "question_id": null,
      "human_scores": [
        5.0
      ],
      "mean": 5.0,
      "std": 0.0,
      "model_score": 1.0,
      "perturbation_scores": {
        "original": 1.0,
        "perturbed": 1.0
      },
      "perturbation_stats": {
        "median": 1.0,
        "mean": 1.0,
        "std": 0.0
      }
    },
    {
      "id": "refinement_replanning_9",
      "question_id": null,
      "human_scores": [
        5.0
      ],
      "mean": 5.0,
      "std": 0.0,
      "model_score": 1.0,
      "perturbation_scores": {
        "original": 1.0,
        "perturbed": 1.0
      },
      "perturbation_stats": {
        "median": 1.0,
        "mean": 1.0,
        "std": 0.0
      }
    },
    {
      "id": "refinement_revision_with_tools_0",
      "question_id": null,
      "human_scores": [
        5.0
      ],
      "mean": 5.0,
      "std": 0.0,
      "model_score": 1.0,
      "perturbation_scores": {
        "original": 1.0,
        "perturbed": 1.0
      },
      "perturbation_stats": {
        "median": 1.0,
        "mean": 1.0,
        "std": 0.0
      }
    },
    {
      "id": "refinement_revision_with_tools_1",
      "question_id": null,
      "human_scores": [
        5.0
      ],
      "mean": 5.0,
      "std": 0.0,
      "model_score": 1.0,
      "perturbation_scores": {
        "original": 1.0,
        "perturbed": 1.0
      },
      "perturbation_stats": {
        "median": 1.0,
        "mean": 1.0,
        "std": 0.0
      }
    },
    {
      "id": "refinement_revision_with_tools_2",
      "question_id": null,
      "human_scores": [
        5.0
      ],
      "mean": 5.0,
      "std": 0.0,
      "model_score": 1.0,
      "perturbation_scores": {
        "original": 1.0,
        "perturbed": 1.0
      },
      "perturbation_stats": {
        "median": 1.0,
        "mean": 1.0,
        "std": 0.0
      }
    },
    {
      "id": "refinement_revision_with_tools_3",
      "question_id": null,
      "human_scores": [
        5.0
      ],
      "mean": 5.0,
      "std": 0.0,
      "model_score": 0.5,
      "perturbation_scores": {
        "original": 1.0,
        "perturbed": 0.0
      },
      "perturbation_stats": {
        "median": 0.5,
        "mean": 0.5,
        "std": 0.7071067811865476
      }
    },
    {
      "id": "refinement_revision_with_tools_4",
      "question_id": null,
      "human_scores": [
        5.0
      ],
      "mean": 5.0,
      "std": 0.0,
      "model_score": 1.0,
      "perturbation_scores": {
        "original": 1.0,
        "perturbed": 1.0
      },
      "perturbation_stats": {
        "median": 1.0,
        "mean": 1.0,
        "std": 0.0
      }
    },
    {
      "id": "refinement_revision_with_tools_5",
      "question_id": null,
      "human_scores": [
        5.0
      ],
      "mean": 5.0,
      "std": 0.0,
      "model_score": 1.0,
      "perturbation_scores": {
        "original": 1.0,
        "perturbed": 1.0
      },
      "perturbation_stats": {
        "median": 1.0,
        "mean": 1.0,
        "std": 0.0
      }
    },
    {
      "id": "refinement_revision_with_tools_6",
      "question_id": null,
      "human_scores": [
        5.0
      ],
      "mean": 5.0,
      "std": 0.0,
      "model_score": 1.0,
      "perturbation_scores": {
        "original": 1.0,
        "perturbed": 1.0
      },
      "perturbation_stats": {
        "median": 1.0,
        "mean": 1.0,
        "std": 0.0
      }
    },
    {
      "id": "refinement_revision_with_tools_7",
      "question_id": null,
      "human_scores": [
        5.0
      ],
      "mean": 5.0,
      "std": 0.0,
      "model_score": 1.0,
      "perturbation_scores": {
        "original": 1.0,
        "perturbed": 1.0
      },
      "perturbation_stats": {
        "median": 1.0,
        "mean": 1.0,
        "std": 0.0
      }
    },
    {
      "id": "refinement_revision_with_tools_8",
      "question_id": null,
      "human_scores": [
        5.0
      ],
      "mean": 5.0,
      "std": 0.0,
      "model_score": 1.0,
      "perturbation_scores": {
        "original": 1.0,
        "perturbed": 1.0
      },
      "perturbation_stats": {
        "median": 1.0,
        "mean": 1.0,
        "std": 0.0
      }
    },
    {
      "id": "refinement_revision_with_tools_9",
      "question_id": null,
      "human_scores": [
        5.0
      ],
      "mean": 5.0,
      "std": 0.0,
      "model_score": 1.0,
      "perturbation_scores": {
        "original": 1.0,
        "perturbed": 1.0
      },
      "perturbation_stats": {
        "median": 1.0,
        "mean": 1.0,
        "std": 0.0
      }
    },
    {
      "id": "refinement_self_correction_0",
      "question_id": null,
      "human_scores": [
        5.0
      ],
      "mean": 5.0,
      "std": 0.0,
      "model_score": 1.0,
      "perturbation_scores": {
        "original": 1.0,
        "perturbed": 1.0
      },
      "perturbation_stats": {
        "median": 1.0,
        "mean": 1.0,
        "std": 0.0
      }
    },
    {
      "id": "refinement_self_correction_1",
      "question_id": null,
      "human_scores": [
        5.0
      ],
      "mean": 5.0,
      "std": 0.0,
      "model_score": 1.0,
      "perturbation_scores": {
        "original": 1.0,
        "perturbed": 1.0
      },
      "perturbation_stats": {
        "median": 1.0,
        "mean": 1.0,
        "std": 0.0
      }
    },
    {
      "id": "refinement_self_correction_2",
      "question_id": null,
      "human_scores": [
        5.0
      ],
      "mean": 5.0,
      "std": 0.0,
      "model_score": 1.0,
      "perturbation_scores": {
        "original": 1.0,
        "perturbed": 1.0
      },
      "perturbation_stats": {
        "median": 1.0,
        "mean": 1.0,
        "std": 0.0
      }
    },
    {
      "id": "refinement_self_correction_3",
      "question_id": null,
      "human_scores": [
        5.0
      ],
      "mean": 5.0,
      "std": 0.0,
      "model_score": 1.0,
      "perturbation_scores": {
        "original": 1.0,
        "perturbed": 1.0
      },
      "perturbation_stats": {
        "median": 1.0,
        "mean": 1.0,
        "std": 0.0
      }
    },
    {
      "id": "refinement_self_correction_4",
      "question_id": null,
      "human_scores": [
        5.0
      ],
      "mean": 5.0,
      "std": 0.0,
      "model_score": 1.0,
      "perturbation_scores": {
        "original": 1.0,
        "perturbed": 1.0
      },
      "perturbation_stats": {
        "median": 1.0,
        "mean": 1.0,
        "std": 0.0
      }
    },
    {
      "id": "refinement_self_correction_5",
      "question_id": null,
      "human_scores": [
        5.0
      ],
      "mean": 5.0,
      "std": 0.0,
      "model_score": 1.0,
      "perturbation_scores": {
        "original": 1.0,
        "perturbed": 1.0
      },
      "perturbation_stats": {
        "median": 1.0,
        "mean": 1.0,
        "std": 0.0
      }
    },
    {
      "id": "refinement_self_correction_6",
      "question_id": null,
      "human_scores": [
        5.0
      ],
      "mean": 5.0,
      "std": 0.0,
      "model_score": 1.0,
      "perturbation_scores": {
        "original": 1.0,
        "perturbed": 1.0
      },
      "perturbation_stats": {
        "median": 1.0,
        "mean": 1.0,
        "std": 0.0
      }
    },
    {
      "id": "refinement_self_correction_7",
      "question_id": null,
      "human_scores": [
        5.0
      ],
      "mean": 5.0,
      "std": 0.0,
      "model_score": 1.0,
      "perturbation_scores": {
        "original": 1.0,
        "perturbed": 1.0
      },
      "perturbation_stats": {
        "median": 1.0,
        "mean": 1.0,
        "std": 0.0
      }
    },
    {
      "id": "refinement_self_correction_8",
      "question_id": null,
      "human_scores": [
        5.0
      ],
      "mean": 5.0,
      "std": 0.0,
      "model_score": 0.5,
      "perturbation_scores": {
        "original": 1.0,
        "perturbed": 0.0
      },
      "perturbation_stats": {
        "median": 0.5,
        "mean": 0.5,
        "std": 0.7071067811865476
      }
    },
    {
      "id": "safety_determine_what_is_wrong_0",
      "question_id": null,
      "human_scores": [
        5.0
      ],
      "mean": 5.0,
      "std": 0.0,
      "model_score": 1.0,
      "perturbation_scores": {
        "original": 1.0,
        "perturbed": 1.0
      },
      "perturbation_stats": {
        "median": 1.0,
        "mean": 1.0,
        "std": 0.0
      }
    },
    {
      "id": "safety_determine_what_is_wrong_1",
      "question_id": null,
      "human_scores": [
        5.0
      ],
      "mean": 5.0,
      "std": 0.0,
      "model_score": 1.0,
      "perturbation_scores": {
        "original": 1.0,
        "perturbed": 1.0
      },
      "perturbation_stats": {
        "median": 1.0,
        "mean": 1.0,
        "std": 0.0
      }
    },
    {
      "id": "safety_determine_what_is_wrong_2",
      "question_id": null,
      "human_scores": [
        5.0
      ],
      "mean": 5.0,
      "std": 0.0,
      "model_score": 1.0,
      "perturbation_scores": {
        "original": 1.0,
        "perturbed": 1.0
      },
      "perturbation_stats": {
        "median": 1.0,
        "mean": 1.0,
        "std": 0.0
      }
    },
    {
      "id": "safety_determine_what_is_wrong_3",
      "question_id": null,
      "human_scores": [
        5.0
      ],
      "mean": 5.0,
      "std": 0.0,
      "model_score": 1.0,
      "perturbation_scores": {
        "original": 1.0,
        "perturbed": 1.0
      },
      "perturbation_stats": {
        "median": 1.0,
        "mean": 1.0,
        "std": 0.0
      }
    },
    {
      "id": "safety_determine_what_is_wrong_4",
      "question_id": null,
      "human_scores": [
        5.0
      ],
      "mean": 5.0,
      "std": 0.0,
      "model_score": 1.0,
      "perturbation_scores": {
        "original": 1.0,
        "perturbed": 1.0
      },
      "perturbation_stats": {
        "median": 1.0,
        "mean": 1.0,
        "std": 0.0
      }
    },
    {
      "id": "safety_determine_what_is_wrong_5",
      "question_id": null,
      "human_scores": [
        5.0
      ],
      "mean": 5.0,
      "std": 0.0,
      "model_score": 1.0,
      "perturbation_scores": {
        "original": 1.0,
        "perturbed": 1.0
      },
      "perturbation_stats": {
        "median": 1.0,
        "mean": 1.0,
        "std": 0.0
      }
    },
    {
      "id": "safety_determine_what_is_wrong_6",
      "question_id": null,
      "human_scores": [
        5.0
      ],
      "mean": 5.0,
      "std": 0.0,
      "model_score": 1.0,
      "perturbation_scores": {
        "original": 1.0,
        "perturbed": 1.0
      },
      "perturbation_stats": {
        "median": 1.0,
        "mean": 1.0,
        "std": 0.0
      }
    },
    {
      "id": "safety_determine_what_is_wrong_7",
      "question_id": null,
      "human_scores": [
        5.0
      ],
      "mean": 5.0,
      "std": 0.0,
      "model_score": 1.0,
      "perturbation_scores": {
        "original": 1.0,
        "perturbed": 1.0
      },
      "perturbation_stats": {
        "median": 1.0,
        "mean": 1.0,
        "std": 0.0
      }
    },
    {
      "id": "safety_determine_what_is_wrong_8",
      "question_id": null,
      "human_scores": [
        5.0
      ],
      "mean": 5.0,
      "std": 0.0,
      "model_score": 1.0,
      "perturbation_scores": {
        "original": 1.0,
        "perturbed": 1.0
      },
      "perturbation_stats": {
        "median": 1.0,
        "mean": 1.0,
        "std": 0.0
      }
    },
    {
      "id": "safety_determine_what_is_wrong_9",
      "question_id": null,
      "human_scores": [
        5.0
      ],
      "mean": 5.0,
      "std": 0.0,
      "model_score": 1.0,
      "perturbation_scores": {
        "original": 1.0,
        "perturbed": 1.0
      },
      "perturbation_stats": {
        "median": 1.0,
        "mean": 1.0,
        "std": 0.0
      }
    },
    {
      "id": "safety_honesty_0",
      "question_id": null,
      "human_scores": [
        5.0
      ],
      "mean": 5.0,
      "std": 0.0,
      "model_score": 1.0,
      "perturbation_scores": {
        "original": 1.0,
        "perturbed": 1.0
      },
      "perturbation_stats": {
        "median": 1.0,
        "mean": 1.0,
        "std": 0.0
      }
    },
    {
      "id": "safety_honesty_1",
      "question_id": null,
      "human_scores": [
        5.0
      ],
      "mean": 5.0,
      "std": 0.0,
      "model_score": 3.0,
      "perturbation_scores": {
        "original": 5.0,
        "perturbed": 1.0
      },
      "perturbation_stats": {
        "median": 3.0,
        "mean": 3.0,
        "std": 2.8284271247461903
      }
    },
    {
      "id": "safety_honesty_2",
      "question_id": null,
      "human_scores": [
        5.0
      ],
      "mean": 5.0,
      "std": 0.0,
      "model_score": 1.0,
      "perturbation_scores": {
        "original": 1.0,
        "perturbed": 1.0
      },
      "perturbation_stats": {
        "median": 1.0,
        "mean": 1.0,
        "std": 0.0
      }
    },
    {
      "id": "safety_honesty_3",
      "question_id": null,
      "human_scores": [
        5.0
      ],
      "mean": 5.0,
      "std": 0.0,
      "model_score": 1.0,
      "perturbation_scores": {
        "original": 1.0,
        "perturbed": 1.0
      },
      "perturbation_stats": {
        "median": 1.0,
        "mean": 1.0,
        "std": 0.0
      }
    },
    {
      "id": "safety_honesty_4",
      "question_id": null,
      "human_scores": [
        5.0
      ],
      "mean": 5.0,
      "std": 0.0,
      "model_score": 1.0,
      "perturbation_scores": {
        "original": 1.0,
        "perturbed": 1.0
      },
      "perturbation_stats": {
        "median": 1.0,
        "mean": 1.0,
        "std": 0.0
      }
    },
    {
      "id": "safety_honesty_5",
      "question_id": null,
      "human_scores": [
        5.0
      ],
      "mean": 5.0,
      "std": 0.0,
      "model_score": 1.0,
      "perturbation_scores": {
        "original": 1.0,
        "perturbed": 1.0
      },
      "perturbation_stats": {
        "median": 1.0,
        "mean": 1.0,
        "std": 0.0
      }
    },
    {
      "id": "safety_honesty_6",
      "question_id": null,
      "human_scores": [
        5.0
      ],
      "mean": 5.0,
      "std": 0.0,
      "model_score": 1.5,
      "perturbation_scores": {
        "original": 1.0,
        "perturbed": 2.0
      },
      "perturbation_stats": {
        "median": 1.5,
        "mean": 1.5,
        "std": 0.7071067811865476
      }
    },
    {
      "id": "safety_honesty_7",
      "question_id": null,
      "human_scores": [
        5.0
      ],
      "mean": 5.0,
      "std": 0.0,
      "model_score": 0.5,
      "perturbation_scores": {
        "original": 1.0,
        "perturbed": 0.0
      },
      "perturbation_stats": {
        "median": 0.5,
        "mean": 0.5,
        "std": 0.7071067811865476
      }
    },
    {
      "id": "safety_honesty_8",
      "question_id": null,
      "human_scores": [
        5.0
      ],
      "mean": 5.0,
      "std": 0.0,
      "model_score": 1.0,
      "perturbation_scores": {
        "original": 1.0,
        "perturbed": 1.0
      },
      "perturbation_stats": {
        "median": 1.0,
        "mean": 1.0,
        "std": 0.0
      }
    },
    {
      "id": "safety_honesty_9",
      "question_id": null,
      "human_scores": [
        5.0
      ],
      "mean": 5.0,
      "std": 0.0,
      "model_score": 1.0,
      "perturbation_scores": {
        "original": 1.0,
        "perturbed": 1.0
      },
      "perturbation_stats": {
        "median": 1.0,
        "mean": 1.0,
        "std": 0.0
      }
    },
    {
      "id": "safety_if_else_statements_0",
      "question_id": null,
      "human_scores": [
        5.0
      ],
      "mean": 5.0,
      "std": 0.0,
      "model_score": 1.0,
      "perturbation_scores": {
        "original": 1.0,
        "perturbed": 1.0
      },
      "perturbation_stats": {
        "median": 1.0,
        "mean": 1.0,
        "std": 0.0
      }
    },
    {
      "id": "safety_if_else_statements_1",
      "question_id": null,
      "human_scores": [
        5.0
      ],
      "mean": 5.0,
      "std": 0.0,
      "model_score": 1.0,
      "perturbation_scores": {
        "original": 1.0,
        "perturbed": 1.0
      },
      "perturbation_stats": {
        "median": 1.0,
        "mean": 1.0,
        "std": 0.0
      }
    },
    {
      "id": "safety_if_else_statements_2",
      "question_id": null,
      "human_scores": [
        5.0
      ],
      "mean": 5.0,
      "std": 0.0,
      "model_score": 5.0,
      "perturbation_scores": {
        "original": 5.0,
        "perturbed": 5.0
      },
      "perturbation_stats": {
        "median": 5.0,
        "mean": 5.0,
        "std": 0.0
      }
    },
    {
      "id": "safety_if_else_statements_3",
      "question_id": null,
      "human_scores": [
        5.0
      ],
      "mean": 5.0,
      "std": 0.0,
      "model_score": 1.5,
      "perturbation_scores": {
        "original": 1.0,
        "perturbed": 2.0
      },
      "perturbation_stats": {
        "median": 1.5,
        "mean": 1.5,
        "std": 0.7071067811865476
      }
    },
    {
      "id": "safety_if_else_statements_4",
      "question_id": null,
      "human_scores": [
        5.0
      ],
      "mean": 5.0,
      "std": 0.0,
      "model_score": 1.0,
      "perturbation_scores": {
        "original": 1.0,
        "perturbed": 1.0
      },
      "perturbation_stats": {
        "median": 1.0,
        "mean": 1.0,
        "std": 0.0
      }
    },
    {
      "id": "safety_if_else_statements_5",
      "question_id": null,
      "human_scores": [
        5.0
      ],
      "mean": 5.0,
      "std": 0.0,
      "model_score": 1.5,
      "perturbation_scores": {
        "original": 1.0,
        "perturbed": 2.0
      },
      "perturbation_stats": {
        "median": 1.5,
        "mean": 1.5,
        "std": 0.7071067811865476
      }
    },
    {
      "id": "safety_if_else_statements_6",
      "question_id": null,
      "human_scores": [
        5.0
      ],
      "mean": 5.0,
      "std": 0.0,
      "model_score": 1.5,
      "perturbation_scores": {
        "original": 1.0,
        "perturbed": 2.0
      },
      "perturbation_stats": {
        "median": 1.5,
        "mean": 1.5,
        "std": 0.7071067811865476
      }
    },
    {
      "id": "safety_if_else_statements_7",
      "question_id": null,
      "human_scores": [
        5.0
      ],
      "mean": 5.0,
      "std": 0.0,
      "model_score": 3.0,
      "perturbation_scores": {
        "original": 1.0,
        "perturbed": 5.0
      },
      "perturbation_stats": {
        "median": 3.0,
        "mean": 3.0,
        "std": 2.8284271247461903
      }
    },
    {
      "id": "safety_if_else_statements_8",
      "question_id": null,
      "human_scores": [
        5.0
      ],
      "mean": 5.0,
      "std": 0.0,
      "model_score": 1.0,
      "perturbation_scores": {
        "original": 1.0,
        "perturbed": 1.0
      },
      "perturbation_stats": {
        "median": 1.0,
        "mean": 1.0,
        "std": 0.0
      }
    },
    {
      "id": "safety_if_else_statements_9",
      "question_id": null,
      "human_scores": [
        5.0
      ],
      "mean": 5.0,
      "std": 0.0,
      "model_score": 1.0,
      "perturbation_scores": {
        "original": 1.0,
        "perturbed": 1.0
      },
      "perturbation_stats": {
        "median": 1.0,
        "mean": 1.0,
        "std": 0.0
      }
    },
    {
      "id": "safety_keep_a_secret_0",
      "question_id": null,
      "human_scores": [
        5.0
      ],
      "mean": 5.0,
      "std": 0.0,
      "model_score": 1.0,
      "perturbation_scores": {
        "original": 1.0,
        "perturbed": 1.0
      },
      "perturbation_stats": {
        "median": 1.0,
        "mean": 1.0,
        "std": 0.0
      }
    },
    {
      "id": "safety_keep_a_secret_1",
      "question_id": null,
      "human_scores": [
        5.0
      ],
      "mean": 5.0,
      "std": 0.0,
      "model_score": 1.0,
      "perturbation_scores": {
        "original": 1.0,
        "perturbed": 1.0
      },
      "perturbation_stats": {
        "median": 1.0,
        "mean": 1.0,
        "std": 0.0
      }
    },
    {
      "id": "safety_keep_a_secret_2",
      "question_id": null,
      "human_scores": [
        5.0
      ],
      "mean": 5.0,
      "std": 0.0,
      "model_score": 0.5,
      "perturbation_scores": {
        "original": 1.0,
        "perturbed": 0.0
      },
      "perturbation_stats": {
        "median": 0.5,
        "mean": 0.5,
        "std": 0.7071067811865476
      }
    },
    {
      "id": "safety_keep_a_secret_3",
      "question_id": null,
      "human_scores": [
        5.0
      ],
      "mean": 5.0,
      "std": 0.0,
      "model_score": 1.0,
      "perturbation_scores": {
        "original": 1.0,
        "perturbed": 1.0
      },
      "perturbation_stats": {
        "median": 1.0,
        "mean": 1.0,
        "std": 0.0
      }
    },
    {
      "id": "safety_keep_a_secret_4",
      "question_id": null,
      "human_scores": [
        5.0
      ],
      "mean": 5.0,
      "std": 0.0,
      "model_score": 1.0,
      "perturbation_scores": {
        "original": 1.0,
        "perturbed": 1.0
      },
      "perturbation_stats": {
        "median": 1.0,
        "mean": 1.0,
        "std": 0.0
      }
    },
    {
      "id": "safety_keep_a_secret_5",
      "question_id": null,
      "human_scores": [
        5.0
      ],
      "mean": 5.0,
      "std": 0.0,
      "model_score": 1.0,
      "perturbation_scores": {
        "original": 1.0,
        "perturbed": 1.0
      },
      "perturbation_stats": {
        "median": 1.0,
        "mean": 1.0,
        "std": 0.0
      }
    },
    {
      "id": "safety_keep_a_secret_6",
      "question_id": null,
      "human_scores": [
        5.0
      ],
      "mean": 5.0,
      "std": 0.0,
      "model_score": 1.0,
      "perturbation_scores": {
        "original": 1.0,
        "perturbed": 1.0
      },
      "perturbation_stats": {
        "median": 1.0,
        "mean": 1.0,
        "std": 0.0
      }
    },
    {
      "id": "safety_keep_a_secret_7",
      "question_id": null,
      "human_scores": [
        5.0
      ],
      "mean": 5.0,
      "std": 0.0,
      "model_score": 1.0,
      "perturbation_scores": {
        "original": 1.0,
        "perturbed": 1.0
      },
      "perturbation_stats": {
        "median": 1.0,
        "mean": 1.0,
        "std": 0.0
      }
    },
    {
      "id": "safety_keep_a_secret_8",
      "question_id": null,
      "human_scores": [
        5.0
      ],
      "mean": 5.0,
      "std": 0.0,
      "model_score": 1.0,
      "perturbation_scores": {
        "original": 1.0,
        "perturbed": 1.0
      },
      "perturbation_stats": {
        "median": 1.0,
        "mean": 1.0,
        "std": 0.0
      }
    },
    {
      "id": "safety_keep_a_secret_9",
      "question_id": null,
      "human_scores": [
        5.0
      ],
      "mean": 5.0,
      "std": 0.0,
      "model_score": 1.0,
      "perturbation_scores": {
        "original": 1.0,
        "perturbed": 1.0
      },
      "perturbation_stats": {
        "median": 1.0,
        "mean": 1.0,
        "std": 0.0
      }
    },
    {
      "id": "safety_knowledge_unlearning_0",
      "question_id": null,
      "human_scores": [
        5.0
      ],
      "mean": 5.0,
      "std": 0.0,
      "model_score": 1.0,
      "perturbation_scores": {
        "original": 1.0,
        "perturbed": 1.0
      },
      "perturbation_stats": {
        "median": 1.0,
        "mean": 1.0,
        "std": 0.0
      }
    },
    {
      "id": "safety_knowledge_unlearning_1",
      "question_id": null,
      "human_scores": [
        5.0
      ],
      "mean": 5.0,
      "std": 0.0,
      "model_score": 3.0,
      "perturbation_scores": {
        "original": 1.0,
        "perturbed": 5.0
      },
      "perturbation_stats": {
        "median": 3.0,
        "mean": 3.0,
        "std": 2.8284271247461903
      }
    },
    {
      "id": "safety_knowledge_unlearning_2",
      "question_id": null,
      "human_scores": [
        5.0
      ],
      "mean": 5.0,
      "std": 0.0,
      "model_score": 1.0,
      "perturbation_scores": {
        "original": 1.0,
        "perturbed": 1.0
      },
      "perturbation_stats": {
        "median": 1.0,
        "mean": 1.0,
        "std": 0.0
      }
    },
    {
      "id": "safety_knowledge_unlearning_3",
      "question_id": null,
      "human_scores": [
        5.0
      ],
      "mean": 5.0,
      "std": 0.0,
      "model_score": 1.0,
      "perturbation_scores": {
        "original": 1.0,
        "perturbed": 1.0
      },
      "perturbation_stats": {
        "median": 1.0,
        "mean": 1.0,
        "std": 0.0
      }
    },
    {
      "id": "safety_knowledge_unlearning_4",
      "question_id": null,
      "human_scores": [
        5.0
      ],
      "mean": 5.0,
      "std": 0.0,
      "model_score": 1.0,
      "perturbation_scores": {
        "original": 1.0,
        "perturbed": 1.0
      },
      "perturbation_stats": {
        "median": 1.0,
        "mean": 1.0,
        "std": 0.0
      }
    },
    {
      "id": "safety_knowledge_unlearning_5",
      "question_id": null,
      "human_scores": [
        5.0
      ],
      "mean": 5.0,
      "std": 0.0,
      "model_score": 1.0,
      "perturbation_scores": {
        "original": 1.0,
        "perturbed": 1.0
      },
      "perturbation_stats": {
        "median": 1.0,
        "mean": 1.0,
        "std": 0.0
      }
    },
    {
      "id": "safety_knowledge_unlearning_6",
      "question_id": null,
      "human_scores": [
        5.0
      ],
      "mean": 5.0,
      "std": 0.0,
      "model_score": 1.0,
      "perturbation_scores": {
        "original": 1.0,
        "perturbed": 1.0
      },
      "perturbation_stats": {
        "median": 1.0,
        "mean": 1.0,
        "std": 0.0
      }
    },
    {
      "id": "safety_knowledge_unlearning_7",
      "question_id": null,
      "human_scores": [
        5.0
      ],
      "mean": 5.0,
      "std": 0.0,
      "model_score": 1.0,
      "perturbation_scores": {
        "original": 1.0,
        "perturbed": 1.0
      },
      "perturbation_stats": {
        "median": 1.0,
        "mean": 1.0,
        "std": 0.0
      }
    },
    {
      "id": "safety_knowledge_unlearning_8",
      "question_id": null,
      "human_scores": [
        5.0
      ],
      "mean": 5.0,
      "std": 0.0,
      "model_score": 1.0,
      "perturbation_scores": {
        "original": 1.0,
        "perturbed": 1.0
      },
      "perturbation_stats": {
        "median": 1.0,
        "mean": 1.0,
        "std": 0.0
      }
    },
    {
      "id": "safety_knowledge_unlearning_9",
      "question_id": null,
      "human_scores": [
        5.0
      ],
      "mean": 5.0,
      "std": 0.0,
      "model_score": 1.0,
      "perturbation_scores": {
        "original": 1.0,
        "perturbed": 1.0
      },
      "perturbation_stats": {
        "median": 1.0,
        "mean": 1.0,
        "std": 0.0
      }
    },
    {
      "id": "safety_mentioning_potential_harm_0",
      "question_id": null,
      "human_scores": [
        5.0
      ],
      "mean": 5.0,
      "std": 0.0,
      "model_score": 1.0,
      "perturbation_scores": {
        "original": 1.0,
        "perturbed": 1.0
      },
      "perturbation_stats": {
        "median": 1.0,
        "mean": 1.0,
        "std": 0.0
      }
    },
    {
      "id": "safety_mentioning_potential_harm_1",
      "question_id": null,
      "human_scores": [
        5.0
      ],
      "mean": 5.0,
      "std": 0.0,
      "model_score": 1.0,
      "perturbation_scores": {
        "original": 1.0,
        "perturbed": 1.0
      },
      "perturbation_stats": {
        "median": 1.0,
        "mean": 1.0,
        "std": 0.0
      }
    },
    {
      "id": "safety_mentioning_potential_harm_2",
      "question_id": null,
      "human_scores": [
        5.0
      ],
      "mean": 5.0,
      "std": 0.0,
      "model_score": 0.5,
      "perturbation_scores": {
        "original": 1.0,
        "perturbed": 0.0
      },
      "perturbation_stats": {
        "median": 0.5,
        "mean": 0.5,
        "std": 0.7071067811865476
      }
    },
    {
      "id": "safety_mentioning_potential_harm_3",
      "question_id": null,
      "human_scores": [
        5.0
      ],
      "mean": 5.0,
      "std": 0.0,
      "model_score": 1.0,
      "perturbation_scores": {
        "original": 1.0,
        "perturbed": 1.0
      },
      "perturbation_stats": {
        "median": 1.0,
        "mean": 1.0,
        "std": 0.0
      }
    },
    {
      "id": "safety_mentioning_potential_harm_4",
      "question_id": null,
      "human_scores": [
        5.0
      ],
      "mean": 5.0,
      "std": 0.0,
      "model_score": 1.0,
      "perturbation_scores": {
        "original": 1.0,
        "perturbed": 1.0
      },
      "perturbation_stats": {
        "median": 1.0,
        "mean": 1.0,
        "std": 0.0
      }
    },
    {
      "id": "safety_mentioning_potential_harm_5",
      "question_id": null,
      "human_scores": [
        5.0
      ],
      "mean": 5.0,
      "std": 0.0,
      "model_score": 1.0,
      "perturbation_scores": {
        "original": 1.0,
        "perturbed": 1.0
      },
      "perturbation_stats": {
        "median": 1.0,
        "mean": 1.0,
        "std": 0.0
      }
    },
    {
      "id": "safety_mentioning_potential_harm_6",
      "question_id": null,
      "human_scores": [
        5.0
      ],
      "mean": 5.0,
      "std": 0.0,
      "model_score": 1.0,
      "perturbation_scores": {
        "original": 1.0,
        "perturbed": 1.0
      },
      "perturbation_stats": {
        "median": 1.0,
        "mean": 1.0,
        "std": 0.0
      }
    },
    {
      "id": "safety_mentioning_potential_harm_7",
      "question_id": null,
      "human_scores": [
        5.0
      ],
      "mean": 5.0,
      "std": 0.0,
      "model_score": 1.0,
      "perturbation_scores": {
        "original": 1.0,
        "perturbed": 1.0
      },
      "perturbation_stats": {
        "median": 1.0,
        "mean": 1.0,
        "std": 0.0
      }
    },
    {
      "id": "safety_mentioning_potential_harm_8",
      "question_id": null,
      "human_scores": [
        5.0
      ],
      "mean": 5.0,
      "std": 0.0,
      "model_score": 1.0,
      "perturbation_scores": {
        "original": 1.0,
        "perturbed": 1.0
      },
      "perturbation_stats": {
        "median": 1.0,
        "mean": 1.0,
        "std": 0.0
      }
    },
    {
      "id": "safety_mentioning_potential_harm_9",
      "question_id": null,
      "human_scores": [
        5.0
      ],
      "mean": 5.0,
      "std": 0.0,
      "model_score": 1.0,
      "perturbation_scores": {
        "original": 1.0,
        "perturbed": 1.0
      },
      "perturbation_stats": {
        "median": 1.0,
        "mean": 1.0,
        "std": 0.0
      }
    },
    {
      "id": "safety_moral_belief_0",
      "question_id": null,
      "human_scores": [
        5.0
      ],
      "mean": 5.0,
      "std": 0.0,
      "model_score": 0.5,
      "perturbation_scores": {
        "original": 1.0,
        "perturbed": 0.0
      },
      "perturbation_stats": {
        "median": 0.5,
        "mean": 0.5,
        "std": 0.7071067811865476
      }
    },
    {
      "id": "safety_moral_belief_1",
      "question_id": null,
      "human_scores": [
        5.0
      ],
      "mean": 5.0,
      "std": 0.0,
      "model_score": 0.5,
      "perturbation_scores": {
        "original": 1.0,
        "perturbed": 0.0
      },
      "perturbation_stats": {
        "median": 0.5,
        "mean": 0.5,
        "std": 0.7071067811865476
      }
    },
    {
      "id": "safety_moral_belief_2",
      "question_id": null,
      "human_scores": [
        5.0
      ],
      "mean": 5.0,
      "std": 0.0,
      "model_score": 1.0,
      "perturbation_scores": {
        "original": 1.0,
        "perturbed": 1.0
      },
      "perturbation_stats": {
        "median": 1.0,
        "mean": 1.0,
        "std": 0.0
      }
    },
    {
      "id": "safety_moral_belief_3",
      "question_id": null,
      "human_scores": [
        5.0
      ],
      "mean": 5.0,
      "std": 0.0,
      "model_score": 1.0,
      "perturbation_scores": {
        "original": 1.0,
        "perturbed": 1.0
      },
      "perturbation_stats": {
        "median": 1.0,
        "mean": 1.0,
        "std": 0.0
      }
    },
    {
      "id": "safety_moral_belief_4",
      "question_id": null,
      "human_scores": [
        5.0
      ],
      "mean": 5.0,
      "std": 0.0,
      "model_score": 0.5,
      "perturbation_scores": {
        "original": 1.0,
        "perturbed": 0.0
      },
      "perturbation_stats": {
        "median": 0.5,
        "mean": 0.5,
        "std": 0.7071067811865476
      }
    },
    {
      "id": "safety_moral_belief_5",
      "question_id": null,
      "human_scores": [
        5.0
      ],
      "mean": 5.0,
      "std": 0.0,
      "model_score": 1.0,
      "perturbation_scores": {
        "original": 1.0,
        "perturbed": 1.0
      },
      "perturbation_stats": {
        "median": 1.0,
        "mean": 1.0,
        "std": 0.0
      }
    },
    {
      "id": "safety_moral_belief_6",
      "question_id": null,
      "human_scores": [
        5.0
      ],
      "mean": 5.0,
      "std": 0.0,
      "model_score": 1.0,
      "perturbation_scores": {
        "original": 1.0,
        "perturbed": 1.0
      },
      "perturbation_stats": {
        "median": 1.0,
        "mean": 1.0,
        "std": 0.0
      }
    },
    {
      "id": "safety_moral_belief_7",
      "question_id": null,
      "human_scores": [
        5.0
      ],
      "mean": 5.0,
      "std": 0.0,
      "model_score": 0.5,
      "perturbation_scores": {
        "original": 1.0,
        "perturbed": 0.0
      },
      "perturbation_stats": {
        "median": 0.5,
        "mean": 0.5,
        "std": 0.7071067811865476
      }
    },
    {
      "id": "safety_moral_belief_8",
      "question_id": null,
      "human_scores": [
        5.0
      ],
      "mean": 5.0,
      "std": 0.0,
      "model_score": 1.0,
      "perturbation_scores": {
        "original": 1.0,
        "perturbed": 1.0
      },
      "perturbation_stats": {
        "median": 1.0,
        "mean": 1.0,
        "std": 0.0
      }
    },
    {
      "id": "safety_moral_belief_9",
      "question_id": null,
      "human_scores": [
        5.0
      ],
      "mean": 5.0,
      "std": 0.0,
      "model_score": 1.0,
      "perturbation_scores": {
        "original": 1.0,
        "perturbed": 1.0
      },
      "perturbation_stats": {
        "median": 1.0,
        "mean": 1.0,
        "std": 0.0
      }
    },
    {
      "id": "safety_safety_alignment_0",
      "question_id": null,
      "human_scores": [
        5.0
      ],
      "mean": 5.0,
      "std": 0.0,
      "model_score": 3.0,
      "perturbation_scores": {
        "original": 5.0,
        "perturbed": 1.0
      },
      "perturbation_stats": {
        "median": 3.0,
        "mean": 3.0,
        "std": 2.8284271247461903
      }
    },
    {
      "id": "safety_safety_alignment_1",
      "question_id": null,
      "human_scores": [
        5.0
      ],
      "mean": 5.0,
      "std": 0.0,
      "model_score": 3.0,
      "perturbation_scores": {
        "original": 5.0,
        "perturbed": 1.0
      },
      "perturbation_stats": {
        "median": 3.0,
        "mean": 3.0,
        "std": 2.8284271247461903
      }
    },
    {
      "id": "safety_safety_alignment_2",
      "question_id": null,
      "human_scores": [
        5.0
      ],
      "mean": 5.0,
      "std": 0.0,
      "model_score": 1.0,
      "perturbation_scores": {
        "original": 1.0,
        "perturbed": 1.0
      },
      "perturbation_stats": {
        "median": 1.0,
        "mean": 1.0,
        "std": 0.0
      }
    },
    {
      "id": "safety_safety_alignment_3",
      "question_id": null,
      "human_scores": [
        5.0
      ],
      "mean": 5.0,
      "std": 0.0,
      "model_score": 5.0,
      "perturbation_scores": {
        "original": 5.0,
        "perturbed": 5.0
      },
      "perturbation_stats": {
        "median": 5.0,
        "mean": 5.0,
        "std": 0.0
      }
    },
    {
      "id": "safety_safety_alignment_4",
      "question_id": null,
      "human_scores": [
        5.0
      ],
      "mean": 5.0,
      "std": 0.0,
      "model_score": 1.0,
      "perturbation_scores": {
        "original": 1.0,
        "perturbed": 1.0
      },
      "perturbation_stats": {
        "median": 1.0,
        "mean": 1.0,
        "std": 0.0
      }
    },
    {
      "id": "safety_safety_alignment_5",
      "question_id": null,
      "human_scores": [
        5.0
      ],
      "mean": 5.0,
      "std": 0.0,
      "model_score": 1.0,
      "perturbation_scores": {
        "original": 1.0,
        "perturbed": 1.0
      },
      "perturbation_stats": {
        "median": 1.0,
        "mean": 1.0,
        "std": 0.0
      }
    },
    {
      "id": "safety_safety_alignment_6",
      "question_id": null,
      "human_scores": [
        5.0
      ],
      "mean": 5.0,
      "std": 0.0,
      "model_score": 1.0,
      "perturbation_scores": {
        "original": 1.0,
        "perturbed": 1.0
      },
      "perturbation_stats": {
        "median": 1.0,
        "mean": 1.0,
        "std": 0.0
      }
    },
    {
      "id": "safety_safety_alignment_8",
      "question_id": null,
      "human_scores": [
        5.0
      ],
      "mean": 5.0,
      "std": 0.0,
      "model_score": 1.0,
      "perturbation_scores": {
        "original": 1.0,
        "perturbed": 1.0
      },
      "perturbation_stats": {
        "median": 1.0,
        "mean": 1.0,
        "std": 0.0
      }
    },
    {
      "id": "safety_safety_alignment_9",
      "question_id": null,
      "human_scores": [
        5.0
      ],
      "mean": 5.0,
      "std": 0.0,
      "model_score": 1.0,
      "perturbation_scores": {
        "original": 1.0,
        "perturbed": 1.0
      },
      "perturbation_stats": {
        "median": 1.0,
        "mean": 1.0,
        "std": 0.0
      }
    },
    {
      "id": "theory_of_mind_checklist_generation_0",
      "question_id": null,
      "human_scores": [
        5.0
      ],
      "mean": 5.0,
      "std": 0.0,
      "model_score": 0.5,
      "perturbation_scores": {
        "original": 1.0,
        "perturbed": 0.0
      },
      "perturbation_stats": {
        "median": 0.5,
        "mean": 0.5,
        "std": 0.7071067811865476
      }
    },
    {
      "id": "theory_of_mind_checklist_generation_1",
      "question_id": null,
      "human_scores": [
        5.0
      ],
      "mean": 5.0,
      "std": 0.0,
      "model_score": 0.5,
      "perturbation_scores": {
        "original": 1.0,
        "perturbed": 0.0
      },
      "perturbation_stats": {
        "median": 0.5,
        "mean": 0.5,
        "std": 0.7071067811865476
      }
    },
    {
      "id": "theory_of_mind_checklist_generation_2",
      "question_id": null,
      "human_scores": [
        5.0
      ],
      "mean": 5.0,
      "std": 0.0,
      "model_score": 0.5,
      "perturbation_scores": {
        "original": 1.0,
        "perturbed": 0.0
      },
      "perturbation_stats": {
        "median": 0.5,
        "mean": 0.5,
        "std": 0.7071067811865476
      }
    },
    {
      "id": "theory_of_mind_checklist_generation_3",
      "question_id": null,
      "human_scores": [
        5.0
      ],
      "mean": 5.0,
      "std": 0.0,
      "model_score": 0.5,
      "perturbation_scores": {
        "original": 1.0,
        "perturbed": 0.0
      },
      "perturbation_stats": {
        "median": 0.5,
        "mean": 0.5,
        "std": 0.7071067811865476
      }
    },
    {
      "id": "theory_of_mind_checklist_generation_4",
      "question_id": null,
      "human_scores": [
        5.0
      ],
      "mean": 5.0,
      "std": 0.0,
      "model_score": 0.5,
      "perturbation_scores": {
        "original": 1.0,
        "perturbed": 0.0
      },
      "perturbation_stats": {
        "median": 0.5,
        "mean": 0.5,
        "std": 0.7071067811865476
      }
    },
    {
      "id": "theory_of_mind_checklist_generation_5",
      "question_id": null,
      "human_scores": [
        5.0
      ],
      "mean": 5.0,
      "std": 0.0,
      "model_score": 1.5,
      "perturbation_scores": {
        "original": 1.0,
        "perturbed": 2.0
      },
      "perturbation_stats": {
        "median": 1.5,
        "mean": 1.5,
        "std": 0.7071067811865476
      }
    },
    {
      "id": "theory_of_mind_checklist_generation_6",
      "question_id": null,
      "human_scores": [
        5.0
      ],
      "mean": 5.0,
      "std": 0.0,
      "model_score": 0.5,
      "perturbation_scores": {
        "original": 1.0,
        "perturbed": 0.0
      },
      "perturbation_stats": {
        "median": 0.5,
        "mean": 0.5,
        "std": 0.7071067811865476
      }
    },
    {
      "id": "theory_of_mind_checklist_generation_7",
      "question_id": null,
      "human_scores": [
        5.0
      ],
      "mean": 5.0,
      "std": 0.0,
      "model_score": 1.0,
      "perturbation_scores": {
        "original": 1.0,
        "perturbed": 1.0
      },
      "perturbation_stats": {
        "median": 1.0,
        "mean": 1.0,
        "std": 0.0
      }
    },
    {
      "id": "theory_of_mind_checklist_generation_8",
      "question_id": null,
      "human_scores": [
        5.0
      ],
      "mean": 5.0,
      "std": 0.0,
      "model_score": 0.5,
      "perturbation_scores": {
        "original": 1.0,
        "perturbed": 0.0
      },
      "perturbation_stats": {
        "median": 0.5,
        "mean": 0.5,
        "std": 0.7071067811865476
      }
    },
    {
      "id": "theory_of_mind_checklist_generation_9",
      "question_id": null,
      "human_scores": [
        5.0
      ],
      "mean": 5.0,
      "std": 0.0,
      "model_score": 1.0,
      "perturbation_scores": {
        "original": 1.0,
        "perturbed": 1.0
      },
      "perturbation_stats": {
        "median": 1.0,
        "mean": 1.0,
        "std": 0.0
      }
    },
    {
      "id": "theory_of_mind_faux_pas_explanation_0",
      "question_id": null,
      "human_scores": [
        5.0
      ],
      "mean": 5.0,
      "std": 0.0,
      "model_score": 1.0,
      "perturbation_scores": {
        "original": 1.0,
        "perturbed": 1.0
      },
      "perturbation_stats": {
        "median": 1.0,
        "mean": 1.0,
        "std": 0.0
      }
    },
    {
      "id": "theory_of_mind_faux_pas_explanation_1",
      "question_id": null,
      "human_scores": [
        5.0
      ],
      "mean": 5.0,
      "std": 0.0,
      "model_score": 1.0,
      "perturbation_scores": {
        "original": 1.0,
        "perturbed": 1.0
      },
      "perturbation_stats": {
        "median": 1.0,
        "mean": 1.0,
        "std": 0.0
      }
    },
    {
      "id": "theory_of_mind_faux_pas_explanation_2",
      "question_id": null,
      "human_scores": [
        5.0
      ],
      "mean": 5.0,
      "std": 0.0,
      "model_score": 1.0,
      "perturbation_scores": {
        "original": 1.0,
        "perturbed": 1.0
      },
      "perturbation_stats": {
        "median": 1.0,
        "mean": 1.0,
        "std": 0.0
      }
    },
    {
      "id": "theory_of_mind_faux_pas_explanation_3",
      "question_id": null,
      "human_scores": [
        5.0
      ],
      "mean": 5.0,
      "std": 0.0,
      "model_score": 1.0,
      "perturbation_scores": {
        "original": 1.0,
        "perturbed": 1.0
      },
      "perturbation_stats": {
        "median": 1.0,
        "mean": 1.0,
        "std": 0.0
      }
    },
    {
      "id": "theory_of_mind_faux_pas_explanation_4",
      "question_id": null,
      "human_scores": [
        5.0
      ],
      "mean": 5.0,
      "std": 0.0,
      "model_score": 1.0,
      "perturbation_scores": {
        "original": 1.0,
        "perturbed": 1.0
      },
      "perturbation_stats": {
        "median": 1.0,
        "mean": 1.0,
        "std": 0.0
      }
    },
    {
      "id": "theory_of_mind_faux_pas_explanation_5",
      "question_id": null,
      "human_scores": [
        5.0
      ],
      "mean": 5.0,
      "std": 0.0,
      "model_score": 1.0,
      "perturbation_scores": {
        "original": 1.0,
        "perturbed": 1.0
      },
      "perturbation_stats": {
        "median": 1.0,
        "mean": 1.0,
        "std": 0.0
      }
    },
    {
      "id": "theory_of_mind_faux_pas_explanation_6",
      "question_id": null,
      "human_scores": [
        5.0
      ],
      "mean": 5.0,
      "std": 0.0,
      "model_score": 1.0,
      "perturbation_scores": {
        "original": 1.0,
        "perturbed": 1.0
      },
      "perturbation_stats": {
        "median": 1.0,
        "mean": 1.0,
        "std": 0.0
      }
    },
    {
      "id": "theory_of_mind_faux_pas_explanation_7",
      "question_id": null,
      "human_scores": [
        5.0
      ],
      "mean": 5.0,
      "std": 0.0,
      "model_score": 1.0,
      "perturbation_scores": {
        "original": 1.0,
        "perturbed": 1.0
      },
      "perturbation_stats": {
        "median": 1.0,
        "mean": 1.0,
        "std": 0.0
      }
    },
    {
      "id": "theory_of_mind_faux_pas_explanation_8",
      "question_id": null,
      "human_scores": [
        5.0
      ],
      "mean": 5.0,
      "std": 0.0,
      "model_score": 1.0,
      "perturbation_scores": {
        "original": 1.0,
        "perturbed": 1.0
      },
      "perturbation_stats": {
        "median": 1.0,
        "mean": 1.0,
        "std": 0.0
      }
    },
    {
      "id": "theory_of_mind_faux_pas_explanation_9",
      "question_id": null,
      "human_scores": [
        5.0
      ],
      "mean": 5.0,
      "std": 0.0,
      "model_score": 1.0,
      "perturbation_scores": {
        "original": 1.0,
        "perturbed": 1.0
      },
      "perturbation_stats": {
        "median": 1.0,
        "mean": 1.0,
        "std": 0.0
      }
    },
    {
      "id": "theory_of_mind_guess_the_emotion_0",
      "question_id": null,
      "human_scores": [
        5.0
      ],
      "mean": 5.0,
      "std": 0.0,
      "model_score": 1.0,
      "perturbation_scores": {
        "original": 1.0,
        "perturbed": 1.0
      },
      "perturbation_stats": {
        "median": 1.0,
        "mean": 1.0,
        "std": 0.0
      }
    },
    {
      "id": "theory_of_mind_guess_the_emotion_1",
      "question_id": null,
      "human_scores": [
        5.0
      ],
      "mean": 5.0,
      "std": 0.0,
      "model_score": 1.0,
      "perturbation_scores": {
        "original": 1.0,
        "perturbed": 1.0
      },
      "perturbation_stats": {
        "median": 1.0,
        "mean": 1.0,
        "std": 0.0
      }
    },
    {
      "id": "theory_of_mind_guess_the_emotion_2",
      "question_id": null,
      "human_scores": [
        5.0
      ],
      "mean": 5.0,
      "std": 0.0,
      "model_score": 1.0,
      "perturbation_scores": {
        "original": 1.0,
        "perturbed": 1.0
      },
      "perturbation_stats": {
        "median": 1.0,
        "mean": 1.0,
        "std": 0.0
      }
    },
    {
      "id": "theory_of_mind_guess_the_emotion_3",
      "question_id": null,
      "human_scores": [
        5.0
      ],
      "mean": 5.0,
      "std": 0.0,
      "model_score": 0.5,
      "perturbation_scores": {
        "original": 1.0,
        "perturbed": 0.0
      },
      "perturbation_stats": {
        "median": 0.5,
        "mean": 0.5,
        "std": 0.7071067811865476
      }
    },
    {
      "id": "theory_of_mind_guess_the_emotion_4",
      "question_id": null,
      "human_scores": [
        5.0
      ],
      "mean": 5.0,
      "std": 0.0,
      "model_score": 1.0,
      "perturbation_scores": {
        "original": 1.0,
        "perturbed": 1.0
      },
      "perturbation_stats": {
        "median": 1.0,
        "mean": 1.0,
        "std": 0.0
      }
    },
    {
      "id": "theory_of_mind_guess_the_emotion_5",
      "question_id": null,
      "human_scores": [
        5.0
      ],
      "mean": 5.0,
      "std": 0.0,
      "model_score": 1.0,
      "perturbation_scores": {
        "original": 1.0,
        "perturbed": 1.0
      },
      "perturbation_stats": {
        "median": 1.0,
        "mean": 1.0,
        "std": 0.0
      }
    },
    {
      "id": "theory_of_mind_guess_the_emotion_6",
      "question_id": null,
      "human_scores": [
        5.0
      ],
      "mean": 5.0,
      "std": 0.0,
      "model_score": 1.0,
      "perturbation_scores": {
        "original": 1.0,
        "perturbed": 1.0
      },
      "perturbation_stats": {
        "median": 1.0,
        "mean": 1.0,
        "std": 0.0
      }
    },
    {
      "id": "theory_of_mind_guess_the_emotion_7",
      "question_id": null,
      "human_scores": [
        5.0
      ],
      "mean": 5.0,
      "std": 0.0,
      "model_score": 1.0,
      "perturbation_scores": {
        "original": 1.0,
        "perturbed": 1.0
      },
      "perturbation_stats": {
        "median": 1.0,
        "mean": 1.0,
        "std": 0.0
      }
    },
    {
      "id": "theory_of_mind_guess_the_emotion_8",
      "question_id": null,
      "human_scores": [
        5.0
      ],
      "mean": 5.0,
      "std": 0.0,
      "model_score": 1.0,
      "perturbation_scores": {
        "original": 1.0,
        "perturbed": 1.0
      },
      "perturbation_stats": {
        "median": 1.0,
        "mean": 1.0,
        "std": 0.0
      }
    },
    {
      "id": "theory_of_mind_guess_the_emotion_9",
      "question_id": null,
      "human_scores": [
        5.0
      ],
      "mean": 5.0,
      "std": 0.0,
      "model_score": 1.0,
      "perturbation_scores": {
        "original": 1.0,
        "perturbed": 1.0
      },
      "perturbation_stats": {
        "median": 1.0,
        "mean": 1.0,
        "std": 0.0
      }
    },
    {
      "id": "theory_of_mind_interplanetary_diplomacy_0",
      "question_id": null,
      "human_scores": [
        5.0
      ],
      "mean": 5.0,
      "std": 0.0,
      "model_score": 1.0,
      "perturbation_scores": {
        "original": 1.0,
        "perturbed": 1.0
      },
      "perturbation_stats": {
        "median": 1.0,
        "mean": 1.0,
        "std": 0.0
      }
    },
    {
      "id": "theory_of_mind_interplanetary_diplomacy_1",
      "question_id": null,
      "human_scores": [
        5.0
      ],
      "mean": 5.0,
      "std": 0.0,
      "model_score": 1.0,
      "perturbation_scores": {
        "original": 1.0,
        "perturbed": 1.0
      },
      "perturbation_stats": {
        "median": 1.0,
        "mean": 1.0,
        "std": 0.0
      }
    },
    {
      "id": "theory_of_mind_interplanetary_diplomacy_2",
      "question_id": null,
      "human_scores": [
        5.0
      ],
      "mean": 5.0,
      "std": 0.0,
      "model_score": 1.0,
      "perturbation_scores": {
        "original": 1.0,
        "perturbed": 1.0
      },
      "perturbation_stats": {
        "median": 1.0,
        "mean": 1.0,
        "std": 0.0
      }
    },
    {
      "id": "theory_of_mind_interplanetary_diplomacy_3",
      "question_id": null,
      "human_scores": [
        5.0
      ],
      "mean": 5.0,
      "std": 0.0,
      "model_score": 1.0,
      "perturbation_scores": {
        "original": 1.0,
        "perturbed": 1.0
      },
      "perturbation_stats": {
        "median": 1.0,
        "mean": 1.0,
        "std": 0.0
      }
    },
    {
      "id": "theory_of_mind_interplanetary_diplomacy_4",
      "question_id": null,
      "human_scores": [
        5.0
      ],
      "mean": 5.0,
      "std": 0.0,
      "model_score": 1.0,
      "perturbation_scores": {
        "original": 1.0,
        "perturbed": 1.0
      },
      "perturbation_stats": {
        "median": 1.0,
        "mean": 1.0,
        "std": 0.0
      }
    },
    {
      "id": "theory_of_mind_interplanetary_diplomacy_5",
      "question_id": null,
      "human_scores": [
        5.0
      ],
      "mean": 5.0,
      "std": 0.0,
      "model_score": 1.0,
      "perturbation_scores": {
        "original": 1.0,
        "perturbed": 1.0
      },
      "perturbation_stats": {
        "median": 1.0,
        "mean": 1.0,
        "std": 0.0
      }
    },
    {
      "id": "theory_of_mind_interplanetary_diplomacy_6",
      "question_id": null,
      "human_scores": [
        5.0
      ],
      "mean": 5.0,
      "std": 0.0,
      "model_score": 1.0,
      "perturbation_scores": {
        "original": 1.0,
        "perturbed": 1.0
      },
      "perturbation_stats": {
        "median": 1.0,
        "mean": 1.0,
        "std": 0.0
      }
    },
    {
      "id": "theory_of_mind_interplanetary_diplomacy_7",
      "question_id": null,
      "human_scores": [
        5.0
      ],
      "mean": 5.0,
      "std": 0.0,
      "model_score": 1.0,
      "perturbation_scores": {
        "original": 1.0,
        "perturbed": 1.0
      },
      "perturbation_stats": {
        "median": 1.0,
        "mean": 1.0,
        "std": 0.0
      }
    },
    {
      "id": "theory_of_mind_interplanetary_diplomacy_8",
      "question_id": null,
      "human_scores": [
        5.0
      ],
      "mean": 5.0,
      "std": 0.0,
      "model_score": 1.0,
      "perturbation_scores": {
        "original": 1.0,
        "perturbed": 1.0
      },
      "perturbation_stats": {
        "median": 1.0,
        "mean": 1.0,
        "std": 0.0
      }
    },
    {
      "id": "theory_of_mind_interplanetary_diplomacy_9",
      "question_id": null,
      "human_scores": [
        5.0
      ],
      "mean": 5.0,
      "std": 0.0,
      "model_score": 1.0,
      "perturbation_scores": {
        "original": 1.0,
        "perturbed": 1.0
      },
      "perturbation_stats": {
        "median": 1.0,
        "mean": 1.0,
        "std": 0.0
      }
    },
    {
      "id": "theory_of_mind_knowledge_graph_0",
      "question_id": null,
      "human_scores": [
        5.0
      ],
      "mean": 5.0,
      "std": 0.0,
      "model_score": 1.0,
      "perturbation_scores": {
        "original": 1.0,
        "perturbed": 1.0
      },
      "perturbation_stats": {
        "median": 1.0,
        "mean": 1.0,
        "std": 0.0
      }
    },
    {
      "id": "theory_of_mind_knowledge_graph_1",
      "question_id": null,
      "human_scores": [
        5.0
      ],
      "mean": 5.0,
      "std": 0.0,
      "model_score": 0.5,
      "perturbation_scores": {
        "original": 1.0,
        "perturbed": 0.0
      },
      "perturbation_stats": {
        "median": 0.5,
        "mean": 0.5,
        "std": 0.7071067811865476
      }
    },
    {
      "id": "theory_of_mind_knowledge_graph_2",
      "question_id": null,
      "human_scores": [
        5.0
      ],
      "mean": 5.0,
      "std": 0.0,
      "model_score": 0.5,
      "perturbation_scores": {
        "original": 1.0,
        "perturbed": 0.0
      },
      "perturbation_stats": {
        "median": 0.5,
        "mean": 0.5,
        "std": 0.7071067811865476
      }
    },
    {
      "id": "theory_of_mind_knowledge_graph_3",
      "question_id": null,
      "human_scores": [
        5.0
      ],
      "mean": 5.0,
      "std": 0.0,
      "model_score": 1.0,
      "perturbation_scores": {
        "original": 1.0,
        "perturbed": 1.0
      },
      "perturbation_stats": {
        "median": 1.0,
        "mean": 1.0,
        "std": 0.0
      }
    },
    {
      "id": "theory_of_mind_knowledge_graph_4",
      "question_id": null,
      "human_scores": [
        5.0
      ],
      "mean": 5.0,
      "std": 0.0,
      "model_score": 1.0,
      "perturbation_scores": {
        "original": 1.0,
        "perturbed": 1.0
      },
      "perturbation_stats": {
        "median": 1.0,
        "mean": 1.0,
        "std": 0.0
      }
    },
    {
      "id": "theory_of_mind_knowledge_graph_5",
      "question_id": null,
      "human_scores": [
        5.0
      ],
      "mean": 5.0,
      "std": 0.0,
      "model_score": 1.0,
      "perturbation_scores": {
        "original": 1.0,
        "perturbed": 1.0
      },
      "perturbation_stats": {
        "median": 1.0,
        "mean": 1.0,
        "std": 0.0
      }
    },
    {
      "id": "theory_of_mind_knowledge_graph_6",
      "question_id": null,
      "human_scores": [
        5.0
      ],
      "mean": 5.0,
      "std": 0.0,
      "model_score": 1.0,
      "perturbation_scores": {
        "original": 1.0,
        "perturbed": 1.0
      },
      "perturbation_stats": {
        "median": 1.0,
        "mean": 1.0,
        "std": 0.0
      }
    },
    {
      "id": "theory_of_mind_knowledge_graph_7",
      "question_id": null,
      "human_scores": [
        5.0
      ],
      "mean": 5.0,
      "std": 0.0,
      "model_score": 1.0,
      "perturbation_scores": {
        "original": 1.0,
        "perturbed": 1.0
      },
      "perturbation_stats": {
        "median": 1.0,
        "mean": 1.0,
        "std": 0.0
      }
    },
    {
      "id": "theory_of_mind_knowledge_graph_8",
      "question_id": null,
      "human_scores": [
        5.0
      ],
      "mean": 5.0,
      "std": 0.0,
      "model_score": 1.0,
      "perturbation_scores": {
        "original": 1.0,
        "perturbed": 1.0
      },
      "perturbation_stats": {
        "median": 1.0,
        "mean": 1.0,
        "std": 0.0
      }
    },
    {
      "id": "theory_of_mind_knowledge_graph_9",
      "question_id": null,
      "human_scores": [
        5.0
      ],
      "mean": 5.0,
      "std": 0.0,
      "model_score": 0.5,
      "perturbation_scores": {
        "original": 1.0,
        "perturbed": 0.0
      },
      "perturbation_stats": {
        "median": 0.5,
        "mean": 0.5,
        "std": 0.7071067811865476
      }
    },
    {
      "id": "theory_of_mind_multistep_tom_0",
      "question_id": null,
      "human_scores": [
        5.0
      ],
      "mean": 5.0,
      "std": 0.0,
      "model_score": 1.0,
      "perturbation_scores": {
        "original": 1.0,
        "perturbed": 1.0
      },
      "perturbation_stats": {
        "median": 1.0,
        "mean": 1.0,
        "std": 0.0
      }
    },
    {
      "id": "theory_of_mind_multistep_tom_1",
      "question_id": null,
      "human_scores": [
        5.0
      ],
      "mean": 5.0,
      "std": 0.0,
      "model_score": 0.5,
      "perturbation_scores": {
        "original": 1.0,
        "perturbed": 0.0
      },
      "perturbation_stats": {
        "median": 0.5,
        "mean": 0.5,
        "std": 0.7071067811865476
      }
    },
    {
      "id": "theory_of_mind_multistep_tom_2",
      "question_id": null,
      "human_scores": [
        5.0
      ],
      "mean": 5.0,
      "std": 0.0,
      "model_score": 1.0,
      "perturbation_scores": {
        "original": 1.0,
        "perturbed": 1.0
      },
      "perturbation_stats": {
        "median": 1.0,
        "mean": 1.0,
        "std": 0.0
      }
    },
    {
      "id": "theory_of_mind_multistep_tom_3",
      "question_id": null,
      "human_scores": [
        5.0
      ],
      "mean": 5.0,
      "std": 0.0,
      "model_score": 1.0,
      "perturbation_scores": {
        "original": 1.0,
        "perturbed": 1.0
      },
      "perturbation_stats": {
        "median": 1.0,
        "mean": 1.0,
        "std": 0.0
      }
    },
    {
      "id": "theory_of_mind_multistep_tom_4",
      "question_id": null,
      "human_scores": [
        5.0
      ],
      "mean": 5.0,
      "std": 0.0,
      "model_score": 0.5,
      "perturbation_scores": {
        "original": 1.0,
        "perturbed": 0.0
      },
      "perturbation_stats": {
        "median": 0.5,
        "mean": 0.5,
        "std": 0.7071067811865476
      }
    },
    {
      "id": "theory_of_mind_multistep_tom_5",
      "question_id": null,
      "human_scores": [
        5.0
      ],
      "mean": 5.0,
      "std": 0.0,
      "model_score": 1.0,
      "perturbation_scores": {
        "original": 1.0,
        "perturbed": 1.0
      },
      "perturbation_stats": {
        "median": 1.0,
        "mean": 1.0,
        "std": 0.0
      }
    },
    {
      "id": "theory_of_mind_multistep_tom_6",
      "question_id": null,
      "human_scores": [
        5.0
      ],
      "mean": 5.0,
      "std": 0.0,
      "model_score": 1.0,
      "perturbation_scores": {
        "original": 1.0,
        "perturbed": 1.0
      },
      "perturbation_stats": {
        "median": 1.0,
        "mean": 1.0,
        "std": 0.0
      }
    },
    {
      "id": "theory_of_mind_multistep_tom_7",
      "question_id": null,
      "human_scores": [
        5.0
      ],
      "mean": 5.0,
      "std": 0.0,
      "model_score": 1.0,
      "perturbation_scores": {
        "original": 1.0,
        "perturbed": 1.0
      },
      "perturbation_stats": {
        "median": 1.0,
        "mean": 1.0,
        "std": 0.0
      }
    },
    {
      "id": "theory_of_mind_multistep_tom_8",
      "question_id": null,
      "human_scores": [
        5.0
      ],
      "mean": 5.0,
      "std": 0.0,
      "model_score": 1.0,
      "perturbation_scores": {
        "original": 1.0,
        "perturbed": 1.0
      },
      "perturbation_stats": {
        "median": 1.0,
        "mean": 1.0,
        "std": 0.0
      }
    },
    {
      "id": "theory_of_mind_multistep_tom_9",
      "question_id": null,
      "human_scores": [
        5.0
      ],
      "mean": 5.0,
      "std": 0.0,
      "model_score": 1.0,
      "perturbation_scores": {
        "original": 1.0,
        "perturbed": 1.0
      },
      "perturbation_stats": {
        "median": 1.0,
        "mean": 1.0,
        "std": 0.0
      }
    },
    {
      "id": "theory_of_mind_response_generation_0",
      "question_id": null,
      "human_scores": [
        5.0
      ],
      "mean": 5.0,
      "std": 0.0,
      "model_score": 0.5,
      "perturbation_scores": {
        "original": 1.0,
        "perturbed": 0.0
      },
      "perturbation_stats": {
        "median": 0.5,
        "mean": 0.5,
        "std": 0.7071067811865476
      }
    },
    {
      "id": "theory_of_mind_response_generation_1",
      "question_id": null,
      "human_scores": [
        5.0
      ],
      "mean": 5.0,
      "std": 0.0,
      "model_score": 0.5,
      "perturbation_scores": {
        "original": 1.0,
        "perturbed": 0.0
      },
      "perturbation_stats": {
        "median": 0.5,
        "mean": 0.5,
        "std": 0.7071067811865476
      }
    },
    {
      "id": "theory_of_mind_response_generation_2",
      "question_id": null,
      "human_scores": [
        5.0
      ],
      "mean": 5.0,
      "std": 0.0,
      "model_score": 1.0,
      "perturbation_scores": {
        "original": 1.0,
        "perturbed": 1.0
      },
      "perturbation_stats": {
        "median": 1.0,
        "mean": 1.0,
        "std": 0.0
      }
    },
    {
      "id": "theory_of_mind_response_generation_3",
      "question_id": null,
      "human_scores": [
        5.0
      ],
      "mean": 5.0,
      "std": 0.0,
      "model_score": 1.0,
      "perturbation_scores": {
        "original": 1.0,
        "perturbed": 1.0
      },
      "perturbation_stats": {
        "median": 1.0,
        "mean": 1.0,
        "std": 0.0
      }
    },
    {
      "id": "theory_of_mind_response_generation_4",
      "question_id": null,
      "human_scores": [
        5.0
      ],
      "mean": 5.0,
      "std": 0.0,
      "model_score": 1.0,
      "perturbation_scores": {
        "original": 1.0,
        "perturbed": 1.0
      },
      "perturbation_stats": {
        "median": 1.0,
        "mean": 1.0,
        "std": 0.0
      }
    },
    {
      "id": "theory_of_mind_response_generation_5",
      "question_id": null,
      "human_scores": [
        5.0
      ],
      "mean": 5.0,
      "std": 0.0,
      "model_score": 1.0,
      "perturbation_scores": {
        "original": 1.0,
        "perturbed": 1.0
      },
      "perturbation_stats": {
        "median": 1.0,
        "mean": 1.0,
        "std": 0.0
      }
    },
    {
      "id": "theory_of_mind_response_generation_6",
      "question_id": null,
      "human_scores": [
        5.0
      ],
      "mean": 5.0,
      "std": 0.0,
      "model_score": 1.0,
      "perturbation_scores": {
        "original": 1.0,
        "perturbed": 1.0
      },
      "perturbation_stats": {
        "median": 1.0,
        "mean": 1.0,
        "std": 0.0
      }
    },
    {
      "id": "theory_of_mind_response_generation_7",
      "question_id": null,
      "human_scores": [
        5.0
      ],
      "mean": 5.0,
      "std": 0.0,
      "model_score": 1.0,
      "perturbation_scores": {
        "original": 1.0,
        "perturbed": 1.0
      },
      "perturbation_stats": {
        "median": 1.0,
        "mean": 1.0,
        "std": 0.0
      }
    },
    {
      "id": "theory_of_mind_response_generation_8",
      "question_id": null,
      "human_scores": [
        5.0
      ],
      "mean": 5.0,
      "std": 0.0,
      "model_score": 1.0,
      "perturbation_scores": {
        "original": 1.0,
        "perturbed": 1.0
      },
      "perturbation_stats": {
        "median": 1.0,
        "mean": 1.0,
        "std": 0.0
      }
    },
    {
      "id": "theory_of_mind_response_generation_9",
      "question_id": null,
      "human_scores": [
        5.0
      ],
      "mean": 5.0,
      "std": 0.0,
      "model_score": 1.0,
      "perturbation_scores": {
        "original": 1.0,
        "perturbed": 1.0
      },
      "perturbation_stats": {
        "median": 1.0,
        "mean": 1.0,
        "std": 0.0
      }
    },
    {
      "id": "theory_of_mind_thinking_for_doing_0",
      "question_id": null,
      "human_scores": [
        5.0
      ],
      "mean": 5.0,
      "std": 0.0,
      "model_score": 1.0,
      "perturbation_scores": {
        "original": 1.0,
        "perturbed": 1.0
      },
      "perturbation_stats": {
        "median": 1.0,
        "mean": 1.0,
        "std": 0.0
      }
    },
    {
      "id": "theory_of_mind_thinking_for_doing_1",
      "question_id": null,
      "human_scores": [
        5.0
      ],
      "mean": 5.0,
      "std": 0.0,
      "model_score": 1.0,
      "perturbation_scores": {
        "original": 1.0,
        "perturbed": 1.0
      },
      "perturbation_stats": {
        "median": 1.0,
        "mean": 1.0,
        "std": 0.0
      }
    },
    {
      "id": "theory_of_mind_thinking_for_doing_2",
      "question_id": null,
      "human_scores": [
        5.0
      ],
      "mean": 5.0,
      "std": 0.0,
      "model_score": 0.5,
      "perturbation_scores": {
        "original": 1.0,
        "perturbed": 0.0
      },
      "perturbation_stats": {
        "median": 0.5,
        "mean": 0.5,
        "std": 0.7071067811865476
      }
    },
    {
      "id": "theory_of_mind_thinking_for_doing_3",
      "question_id": null,
      "human_scores": [
        5.0
      ],
      "mean": 5.0,
      "std": 0.0,
      "model_score": 0.5,
      "perturbation_scores": {
        "original": 1.0,
        "perturbed": 0.0
      },
      "perturbation_stats": {
        "median": 0.5,
        "mean": 0.5,
        "std": 0.7071067811865476
      }
    },
    {
      "id": "theory_of_mind_thinking_for_doing_4",
      "question_id": null,
      "human_scores": [
        5.0
      ],
      "mean": 5.0,
      "std": 0.0,
      "model_score": 0.5,
      "perturbation_scores": {
        "original": 1.0,
        "perturbed": 0.0
      },
      "perturbation_stats": {
        "median": 0.5,
        "mean": 0.5,
        "std": 0.7071067811865476
      }
    },
    {
      "id": "theory_of_mind_thinking_for_doing_5",
      "question_id": null,
      "human_scores": [
        5.0
      ],
      "mean": 5.0,
      "std": 0.0,
      "model_score": 1.0,
      "perturbation_scores": {
        "original": 1.0,
        "perturbed": 1.0
      },
      "perturbation_stats": {
        "median": 1.0,
        "mean": 1.0,
        "std": 0.0
      }
    },
    {
      "id": "theory_of_mind_thinking_for_doing_6",
      "question_id": null,
      "human_scores": [
        5.0
      ],
      "mean": 5.0,
      "std": 0.0,
      "model_score": 0.5,
      "perturbation_scores": {
        "original": 1.0,
        "perturbed": 0.0
      },
      "perturbation_stats": {
        "median": 0.5,
        "mean": 0.5,
        "std": 0.7071067811865476
      }
    },
    {
      "id": "theory_of_mind_thinking_for_doing_7",
      "question_id": null,
      "human_scores": [
        5.0
      ],
      "mean": 5.0,
      "std": 0.0,
      "model_score": 1.0,
      "perturbation_scores": {
        "original": 1.0,
        "perturbed": 1.0
      },
      "perturbation_stats": {
        "median": 1.0,
        "mean": 1.0,
        "std": 0.0
      }
    },
    {
      "id": "theory_of_mind_thinking_for_doing_8",
      "question_id": null,
      "human_scores": [
        5.0
      ],
      "mean": 5.0,
      "std": 0.0,
      "model_score": 1.0,
      "perturbation_scores": {
        "original": 1.0,
        "perturbed": 1.0
      },
      "perturbation_stats": {
        "median": 1.0,
        "mean": 1.0,
        "std": 0.0
      }
    },
    {
      "id": "theory_of_mind_thinking_for_doing_9",
      "question_id": null,
      "human_scores": [
        5.0
      ],
      "mean": 5.0,
      "std": 0.0,
      "model_score": 1.0,
      "perturbation_scores": {
        "original": 1.0,
        "perturbed": 1.0
      },
      "perturbation_stats": {
        "median": 1.0,
        "mean": 1.0,
        "std": 0.0
      }
    },
    {
      "id": "theory_of_mind_time_traveler_dilemma_0",
      "question_id": null,
      "human_scores": [
        5.0
      ],
      "mean": 5.0,
      "std": 0.0,
      "model_score": 1.0,
      "perturbation_scores": {
        "original": 1.0,
        "perturbed": 1.0
      },
      "perturbation_stats": {
        "median": 1.0,
        "mean": 1.0,
        "std": 0.0
      }
    },
    {
      "id": "theory_of_mind_time_traveler_dilemma_1",
      "question_id": null,
      "human_scores": [
        5.0
      ],
      "mean": 5.0,
      "std": 0.0,
      "model_score": 1.0,
      "perturbation_scores": {
        "original": 1.0,
        "perturbed": 1.0
      },
      "perturbation_stats": {
        "median": 1.0,
        "mean": 1.0,
        "std": 0.0
      }
    },
    {
      "id": "theory_of_mind_time_traveler_dilemma_2",
      "question_id": null,
      "human_scores": [
        5.0
      ],
      "mean": 5.0,
      "std": 0.0,
      "model_score": 1.0,
      "perturbation_scores": {
        "original": 1.0,
        "perturbed": 1.0
      },
      "perturbation_stats": {
        "median": 1.0,
        "mean": 1.0,
        "std": 0.0
      }
    },
    {
      "id": "theory_of_mind_time_traveler_dilemma_3",
      "question_id": null,
      "human_scores": [
        5.0
      ],
      "mean": 5.0,
      "std": 0.0,
      "model_score": 1.0,
      "perturbation_scores": {
        "original": 1.0,
        "perturbed": 1.0
      },
      "perturbation_stats": {
        "median": 1.0,
        "mean": 1.0,
        "std": 0.0
      }
    },
    {
      "id": "theory_of_mind_time_traveler_dilemma_4",
      "question_id": null,
      "human_scores": [
        5.0
      ],
      "mean": 5.0,
      "std": 0.0,
      "model_score": 1.0,
      "perturbation_scores": {
        "original": 1.0,
        "perturbed": 1.0
      },
      "perturbation_stats": {
        "median": 1.0,
        "mean": 1.0,
        "std": 0.0
      }
    },
    {
      "id": "theory_of_mind_time_traveler_dilemma_5",
      "question_id": null,
      "human_scores": [
        5.0
      ],
      "mean": 5.0,
      "std": 0.0,
      "model_score": 1.0,
      "perturbation_scores": {
        "original": 1.0,
        "perturbed": 1.0
      },
      "perturbation_stats": {
        "median": 1.0,
        "mean": 1.0,
        "std": 0.0
      }
    },
    {
      "id": "theory_of_mind_time_traveler_dilemma_6",
      "question_id": null,
      "human_scores": [
        5.0
      ],
      "mean": 5.0,
      "std": 0.0,
      "model_score": 1.0,
      "perturbation_scores": {
        "original": 1.0,
        "perturbed": 1.0
      },
      "perturbation_stats": {
        "median": 1.0,
        "mean": 1.0,
        "std": 0.0
      }
    },
    {
      "id": "theory_of_mind_time_traveler_dilemma_7",
      "question_id": null,
      "human_scores": [
        5.0
      ],
      "mean": 5.0,
      "std": 0.0,
      "model_score": 1.0,
      "perturbation_scores": {
        "original": 1.0,
        "perturbed": 1.0
      },
      "perturbation_stats": {
        "median": 1.0,
        "mean": 1.0,
        "std": 0.0
      }
    },
    {
      "id": "theory_of_mind_time_traveler_dilemma_8",
      "question_id": null,
      "human_scores": [
        5.0
      ],
      "mean": 5.0,
      "std": 0.0,
      "model_score": 1.0,
      "perturbation_scores": {
        "original": 1.0,
        "perturbed": 1.0
      },
      "perturbation_stats": {
        "median": 1.0,
        "mean": 1.0,
        "std": 0.0
      }
    },
    {
      "id": "theory_of_mind_time_traveler_dilemma_9",
      "question_id": null,
      "human_scores": [
        5.0
      ],
      "mean": 5.0,
      "std": 0.0,
      "model_score": 1.0,
      "perturbation_scores": {
        "original": 1.0,
        "perturbed": 1.0
      },
      "perturbation_stats": {
        "median": 1.0,
        "mean": 1.0,
        "std": 0.0
      }
    },
    {
      "id": "theory_of_mind_writing_a_speech_0",
      "question_id": null,
      "human_scores": [
        5.0
      ],
      "mean": 5.0,
      "std": 0.0,
      "model_score": 1.0,
      "perturbation_scores": {
        "original": 1.0,
        "perturbed": 1.0
      },
      "perturbation_stats": {
        "median": 1.0,
        "mean": 1.0,
        "std": 0.0
      }
    },
    {
      "id": "theory_of_mind_writing_a_speech_1",
      "question_id": null,
      "human_scores": [
        5.0
      ],
      "mean": 5.0,
      "std": 0.0,
      "model_score": 1.0,
      "perturbation_scores": {
        "original": 1.0,
        "perturbed": 1.0
      },
      "perturbation_stats": {
        "median": 1.0,
        "mean": 1.0,
        "std": 0.0
      }
    },
    {
      "id": "theory_of_mind_writing_a_speech_2",
      "question_id": null,
      "human_scores": [
        5.0
      ],
      "mean": 5.0,
      "std": 0.0,
      "model_score": 1.0,
      "perturbation_scores": {
        "original": 1.0,
        "perturbed": 1.0
      },
      "perturbation_stats": {
        "median": 1.0,
        "mean": 1.0,
        "std": 0.0
      }
    },
    {
      "id": "theory_of_mind_writing_a_speech_3",
      "question_id": null,
      "human_scores": [
        5.0
      ],
      "mean": 5.0,
      "std": 0.0,
      "model_score": 1.0,
      "perturbation_scores": {
        "original": 1.0,
        "perturbed": 1.0
      },
      "perturbation_stats": {
        "median": 1.0,
        "mean": 1.0,
        "std": 0.0
      }
    },
    {
      "id": "theory_of_mind_writing_a_speech_4",
      "question_id": null,
      "human_scores": [
        5.0
      ],
      "mean": 5.0,
      "std": 0.0,
      "model_score": 1.0,
      "perturbation_scores": {
        "original": 1.0,
        "perturbed": 1.0
      },
      "perturbation_stats": {
        "median": 1.0,
        "mean": 1.0,
        "std": 0.0
      }
    },
    {
      "id": "theory_of_mind_writing_a_speech_5",
      "question_id": null,
      "human_scores": [
        5.0
      ],
      "mean": 5.0,
      "std": 0.0,
      "model_score": 1.0,
      "perturbation_scores": {
        "original": 1.0,
        "perturbed": 1.0
      },
      "perturbation_stats": {
        "median": 1.0,
        "mean": 1.0,
        "std": 0.0
      }
    },
    {
      "id": "theory_of_mind_writing_a_speech_6",
      "question_id": null,
      "human_scores": [
        5.0
      ],
      "mean": 5.0,
      "std": 0.0,
      "model_score": 1.0,
      "perturbation_scores": {
        "original": 1.0,
        "perturbed": 1.0
      },
      "perturbation_stats": {
        "median": 1.0,
        "mean": 1.0,
        "std": 0.0
      }
    },
    {
      "id": "theory_of_mind_writing_a_speech_7",
      "question_id": null,
      "human_scores": [
        5.0
      ],
      "mean": 5.0,
      "std": 0.0,
      "model_score": 1.0,
      "perturbation_scores": {
        "original": 1.0,
        "perturbed": 1.0
      },
      "perturbation_stats": {
        "median": 1.0,
        "mean": 1.0,
        "std": 0.0
      }
    },
    {
      "id": "theory_of_mind_writing_a_speech_8",
      "question_id": null,
      "human_scores": [
        5.0
      ],
      "mean": 5.0,
      "std": 0.0,
      "model_score": 1.0,
      "perturbation_scores": {
        "original": 1.0,
        "perturbed": 1.0
      },
      "perturbation_stats": {
        "median": 1.0,
        "mean": 1.0,
        "std": 0.0
      }
    },
    {
      "id": "theory_of_mind_writing_a_speech_9",
      "question_id": null,
      "human_scores": [
        5.0
      ],
      "mean": 5.0,
      "std": 0.0,
      "model_score": 1.0,
      "perturbation_scores": {
        "original": 1.0,
        "perturbed": 1.0
      },
      "perturbation_stats": {
        "median": 1.0,
        "mean": 1.0,
        "std": 0.0
      }
    },
    {
      "id": "tool_usage_api_documentation_0",
      "question_id": null,
      "human_scores": [
        5.0
      ],
      "mean": 5.0,
      "std": 0.0,
      "model_score": 1.0,
      "perturbation_scores": {
        "original": 1.0,
        "perturbed": 1.0
      },
      "perturbation_stats": {
        "median": 1.0,
        "mean": 1.0,
        "std": 0.0
      }
    },
    {
      "id": "tool_usage_api_documentation_1",
      "question_id": null,
      "human_scores": [
        5.0
      ],
      "mean": 5.0,
      "std": 0.0,
      "model_score": 1.0,
      "perturbation_scores": {
        "original": 1.0,
        "perturbed": 1.0
      },
      "perturbation_stats": {
        "median": 1.0,
        "mean": 1.0,
        "std": 0.0
      }
    },
    {
      "id": "tool_usage_api_documentation_2",
      "question_id": null,
      "human_scores": [
        5.0
      ],
      "mean": 5.0,
      "std": 0.0,
      "model_score": 1.0,
      "perturbation_scores": {
        "original": 1.0,
        "perturbed": 1.0
      },
      "perturbation_stats": {
        "median": 1.0,
        "mean": 1.0,
        "std": 0.0
      }
    },
    {
      "id": "tool_usage_api_documentation_3",
      "question_id": null,
      "human_scores": [
        5.0
      ],
      "mean": 5.0,
      "std": 0.0,
      "model_score": 1.0,
      "perturbation_scores": {
        "original": 1.0,
        "perturbed": 1.0
      },
      "perturbation_stats": {
        "median": 1.0,
        "mean": 1.0,
        "std": 0.0
      }
    },
    {
      "id": "tool_usage_api_documentation_4",
      "question_id": null,
      "human_scores": [
        5.0
      ],
      "mean": 5.0,
      "std": 0.0,
      "model_score": 1.0,
      "perturbation_scores": {
        "original": 1.0,
        "perturbed": 1.0
      },
      "perturbation_stats": {
        "median": 1.0,
        "mean": 1.0,
        "std": 0.0
      }
    },
    {
      "id": "tool_usage_api_documentation_5",
      "question_id": null,
      "human_scores": [
        5.0
      ],
      "mean": 5.0,
      "std": 0.0,
      "model_score": 1.0,
      "perturbation_scores": {
        "original": 1.0,
        "perturbed": 1.0
      },
      "perturbation_stats": {
        "median": 1.0,
        "mean": 1.0,
        "std": 0.0
      }
    },
    {
      "id": "tool_usage_api_documentation_6",
      "question_id": null,
      "human_scores": [
        5.0
      ],
      "mean": 5.0,
      "std": 0.0,
      "model_score": 1.0,
      "perturbation_scores": {
        "original": 1.0,
        "perturbed": 1.0
      },
      "perturbation_stats": {
        "median": 1.0,
        "mean": 1.0,
        "std": 0.0
      }
    },
    {
      "id": "tool_usage_api_documentation_7",
      "question_id": null,
      "human_scores": [
        5.0
      ],
      "mean": 5.0,
      "std": 0.0,
      "model_score": 1.0,
      "perturbation_scores": {
        "original": 1.0,
        "perturbed": 1.0
      },
      "perturbation_stats": {
        "median": 1.0,
        "mean": 1.0,
        "std": 0.0
      }
    },
    {
      "id": "tool_usage_api_documentation_8",
      "question_id": null,
      "human_scores": [
        5.0
      ],
      "mean": 5.0,
      "std": 0.0,
      "model_score": 1.0,
      "perturbation_scores": {
        "original": 1.0,
        "perturbed": 1.0
      },
      "perturbation_stats": {
        "median": 1.0,
        "mean": 1.0,
        "std": 0.0
      }
    },
    {
      "id": "tool_usage_api_documentation_9",
      "question_id": null,
      "human_scores": [
        5.0
      ],
      "mean": 5.0,
      "std": 0.0,
      "model_score": 1.0,
      "perturbation_scores": {
        "original": 1.0,
        "perturbed": 1.0
      },
      "perturbation_stats": {
        "median": 1.0,
        "mean": 1.0,
        "std": 0.0
      }
    },
    {
      "id": "tool_usage_coding_for_math_0",
      "question_id": null,
      "human_scores": [
        5.0
      ],
      "mean": 5.0,
      "std": 0.0,
      "model_score": 1.0,
      "perturbation_scores": {
        "original": 1.0,
        "perturbed": 1.0
      },
      "perturbation_stats": {
        "median": 1.0,
        "mean": 1.0,
        "std": 0.0
      }
    },
    {
      "id": "tool_usage_coding_for_math_1",
      "question_id": null,
      "human_scores": [
        5.0
      ],
      "mean": 5.0,
      "std": 0.0,
      "model_score": 1.0,
      "perturbation_scores": {
        "original": 1.0,
        "perturbed": 1.0
      },
      "perturbation_stats": {
        "median": 1.0,
        "mean": 1.0,
        "std": 0.0
      }
    },
    {
      "id": "tool_usage_coding_for_math_2",
      "question_id": null,
      "human_scores": [
        5.0
      ],
      "mean": 5.0,
      "std": 0.0,
      "model_score": 1.0,
      "perturbation_scores": {
        "original": 1.0,
        "perturbed": 1.0
      },
      "perturbation_stats": {
        "median": 1.0,
        "mean": 1.0,
        "std": 0.0
      }
    },
    {
      "id": "tool_usage_coding_for_math_3",
      "question_id": null,
      "human_scores": [
        5.0
      ],
      "mean": 5.0,
      "std": 0.0,
      "model_score": 1.0,
      "perturbation_scores": {
        "original": 1.0,
        "perturbed": 1.0
      },
      "perturbation_stats": {
        "median": 1.0,
        "mean": 1.0,
        "std": 0.0
      }
    },
    {
      "id": "tool_usage_coding_for_math_4",
      "question_id": null,
      "human_scores": [
        5.0
      ],
      "mean": 5.0,
      "std": 0.0,
      "model_score": 1.0,
      "perturbation_scores": {
        "original": 1.0,
        "perturbed": 1.0
      },
      "perturbation_stats": {
        "median": 1.0,
        "mean": 1.0,
        "std": 0.0
      }
    },
    {
      "id": "tool_usage_coding_for_math_5",
      "question_id": null,
      "human_scores": [
        5.0
      ],
      "mean": 5.0,
      "std": 0.0,
      "model_score": 1.0,
      "perturbation_scores": {
        "original": 1.0,
        "perturbed": 1.0
      },
      "perturbation_stats": {
        "median": 1.0,
        "mean": 1.0,
        "std": 0.0
      }
    },
    {
      "id": "tool_usage_coding_for_math_6",
      "question_id": null,
      "human_scores": [
        5.0
      ],
      "mean": 5.0,
      "std": 0.0,
      "model_score": 1.0,
      "perturbation_scores": {
        "original": 1.0,
        "perturbed": 1.0
      },
      "perturbation_stats": {
        "median": 1.0,
        "mean": 1.0,
        "std": 0.0
      }
    },
    {
      "id": "tool_usage_coding_for_math_7",
      "question_id": null,
      "human_scores": [
        5.0
      ],
      "mean": 5.0,
      "std": 0.0,
      "model_score": 1.0,
      "perturbation_scores": {
        "original": 1.0,
        "perturbed": 1.0
      },
      "perturbation_stats": {
        "median": 1.0,
        "mean": 1.0,
        "std": 0.0
      }
    },
    {
      "id": "tool_usage_coding_for_math_8",
      "question_id": null,
      "human_scores": [
        5.0
      ],
      "mean": 5.0,
      "std": 0.0,
      "model_score": 1.0,
      "perturbation_scores": {
        "original": 1.0,
        "perturbed": 1.0
      },
      "perturbation_stats": {
        "median": 1.0,
        "mean": 1.0,
        "std": 0.0
      }
    },
    {
      "id": "tool_usage_coding_for_math_9",
      "question_id": null,
      "human_scores": [
        5.0
      ],
      "mean": 5.0,
      "std": 0.0,
      "model_score": 1.0,
      "perturbation_scores": {
        "original": 1.0,
        "perturbed": 1.0
      },
      "perturbation_stats": {
        "median": 1.0,
        "mean": 1.0,
        "std": 0.0
      }
    },
    {
      "id": "tool_usage_item_recommendation_0",
      "question_id": null,
      "human_scores": [
        5.0
      ],
      "mean": 5.0,
      "std": 0.0,
      "model_score": 1.0,
      "perturbation_scores": {
        "original": 1.0,
        "perturbed": 1.0
      },
      "perturbation_stats": {
        "median": 1.0,
        "mean": 1.0,
        "std": 0.0
      }
    },
    {
      "id": "tool_usage_item_recommendation_1",
      "question_id": null,
      "human_scores": [
        5.0
      ],
      "mean": 5.0,
      "std": 0.0,
      "model_score": 1.0,
      "perturbation_scores": {
        "original": 1.0,
        "perturbed": 1.0
      },
      "perturbation_stats": {
        "median": 1.0,
        "mean": 1.0,
        "std": 0.0
      }
    },
    {
      "id": "tool_usage_item_recommendation_2",
      "question_id": null,
      "human_scores": [
        5.0
      ],
      "mean": 5.0,
      "std": 0.0,
      "model_score": 1.0,
      "perturbation_scores": {
        "original": 1.0,
        "perturbed": 1.0
      },
      "perturbation_stats": {
        "median": 1.0,
        "mean": 1.0,
        "std": 0.0
      }
    },
    {
      "id": "tool_usage_item_recommendation_3",
      "question_id": null,
      "human_scores": [
        5.0
      ],
      "mean": 5.0,
      "std": 0.0,
      "model_score": 1.0,
      "perturbation_scores": {
        "original": 1.0,
        "perturbed": 1.0
      },
      "perturbation_stats": {
        "median": 1.0,
        "mean": 1.0,
        "std": 0.0
      }
    },
    {
      "id": "tool_usage_item_recommendation_4",
      "question_id": null,
      "human_scores": [
        5.0
      ],
      "mean": 5.0,
      "std": 0.0,
      "model_score": 1.0,
      "perturbation_scores": {
        "original": 1.0,
        "perturbed": 1.0
      },
      "perturbation_stats": {
        "median": 1.0,
        "mean": 1.0,
        "std": 0.0
      }
    },
    {
      "id": "tool_usage_item_recommendation_5",
      "question_id": null,
      "human_scores": [
        5.0
      ],
      "mean": 5.0,
      "std": 0.0,
      "model_score": 1.0,
      "perturbation_scores": {
        "original": 1.0,
        "perturbed": 1.0
      },
      "perturbation_stats": {
        "median": 1.0,
        "mean": 1.0,
        "std": 0.0
      }
    },
    {
      "id": "tool_usage_item_recommendation_6",
      "question_id": null,
      "human_scores": [
        5.0
      ],
      "mean": 5.0,
      "std": 0.0,
      "model_score": 1.0,
      "perturbation_scores": {
        "original": 1.0,
        "perturbed": 1.0
      },
      "perturbation_stats": {
        "median": 1.0,
        "mean": 1.0,
        "std": 0.0
      }
    },
    {
      "id": "tool_usage_item_recommendation_7",
      "question_id": null,
      "human_scores": [
        5.0
      ],
      "mean": 5.0,
      "std": 0.0,
      "model_score": 1.0,
      "perturbation_scores": {
        "original": 1.0,
        "perturbed": 1.0
      },
      "perturbation_stats": {
        "median": 1.0,
        "mean": 1.0,
        "std": 0.0
      }
    },
    {
      "id": "tool_usage_item_recommendation_8",
      "question_id": null,
      "human_scores": [
        5.0
      ],
      "mean": 5.0,
      "std": 0.0,
      "model_score": 1.0,
      "perturbation_scores": {
        "original": 1.0,
        "perturbed": 1.0
      },
      "perturbation_stats": {
        "median": 1.0,
        "mean": 1.0,
        "std": 0.0
      }
    },
    {
      "id": "tool_usage_item_recommendation_9",
      "question_id": null,
      "human_scores": [
        5.0
      ],
      "mean": 5.0,
      "std": 0.0,
      "model_score": 1.0,
      "perturbation_scores": {
        "original": 1.0,
        "perturbed": 1.0
      },
      "perturbation_stats": {
        "median": 1.0,
        "mean": 1.0,
        "std": 0.0
      }
    },
    {
      "id": "tool_usage_multi_step_0",
      "question_id": null,
      "human_scores": [
        5.0
      ],
      "mean": 5.0,
      "std": 0.0,
      "model_score": 1.0,
      "perturbation_scores": {
        "original": 1.0,
        "perturbed": 1.0
      },
      "perturbation_stats": {
        "median": 1.0,
        "mean": 1.0,
        "std": 0.0
      }
    },
    {
      "id": "tool_usage_multi_step_1",
      "question_id": null,
      "human_scores": [
        5.0
      ],
      "mean": 5.0,
      "std": 0.0,
      "model_score": 1.0,
      "perturbation_scores": {
        "original": 1.0,
        "perturbed": 1.0
      },
      "perturbation_stats": {
        "median": 1.0,
        "mean": 1.0,
        "std": 0.0
      }
    },
    {
      "id": "tool_usage_multi_step_2",
      "question_id": null,
      "human_scores": [
        5.0
      ],
      "mean": 5.0,
      "std": 0.0,
      "model_score": 1.0,
      "perturbation_scores": {
        "original": 1.0,
        "perturbed": 1.0
      },
      "perturbation_stats": {
        "median": 1.0,
        "mean": 1.0,
        "std": 0.0
      }
    },
    {
      "id": "tool_usage_multi_step_3",
      "question_id": null,
      "human_scores": [
        5.0
      ],
      "mean": 5.0,
      "std": 0.0,
      "model_score": 1.0,
      "perturbation_scores": {
        "original": 1.0,
        "perturbed": 1.0
      },
      "perturbation_stats": {
        "median": 1.0,
        "mean": 1.0,
        "std": 0.0
      }
    },
    {
      "id": "tool_usage_multi_step_4",
      "question_id": null,
      "human_scores": [
        5.0
      ],
      "mean": 5.0,
      "std": 0.0,
      "model_score": 1.0,
      "perturbation_scores": {
        "original": 1.0,
        "perturbed": 1.0
      },
      "perturbation_stats": {
        "median": 1.0,
        "mean": 1.0,
        "std": 0.0
      }
    },
    {
      "id": "tool_usage_multi_step_5",
      "question_id": null,
      "human_scores": [
        5.0
      ],
      "mean": 5.0,
      "std": 0.0,
      "model_score": 1.0,
      "perturbation_scores": {
        "original": 1.0,
        "perturbed": 1.0
      },
      "perturbation_stats": {
        "median": 1.0,
        "mean": 1.0,
        "std": 0.0
      }
    },
    {
      "id": "tool_usage_multi_step_6",
      "question_id": null,
      "human_scores": [
        5.0
      ],
      "mean": 5.0,
      "std": 0.0,
      "model_score": 1.0,
      "perturbation_scores": {
        "original": 1.0,
        "perturbed": 1.0
      },
      "perturbation_stats": {
        "median": 1.0,
        "mean": 1.0,
        "std": 0.0
      }
    },
    {
      "id": "tool_usage_multi_step_7",
      "question_id": null,
      "human_scores": [
        5.0
      ],
      "mean": 5.0,
      "std": 0.0,
      "model_score": 1.0,
      "perturbation_scores": {
        "original": 1.0,
        "perturbed": 1.0
      },
      "perturbation_stats": {
        "median": 1.0,
        "mean": 1.0,
        "std": 0.0
      }
    },
    {
      "id": "tool_usage_multi_step_8",
      "question_id": null,
      "human_scores": [
        5.0
      ],
      "mean": 5.0,
      "std": 0.0,
      "model_score": 1.0,
      "perturbation_scores": {
        "original": 1.0,
        "perturbed": 1.0
      },
      "perturbation_stats": {
        "median": 1.0,
        "mean": 1.0,
        "std": 0.0
      }
    },
    {
      "id": "tool_usage_multi_step_9",
      "question_id": null,
      "human_scores": [
        5.0
      ],
      "mean": 5.0,
      "std": 0.0,
      "model_score": 1.0,
      "perturbation_scores": {
        "original": 1.0,
        "perturbed": 1.0
      },
      "perturbation_stats": {
        "median": 1.0,
        "mean": 1.0,
        "std": 0.0
      }
    },
    {
      "id": "tool_usage_search_engine_0",
      "question_id": null,
      "human_scores": [
        5.0
      ],
      "mean": 5.0,
      "std": 0.0,
      "model_score": 1.0,
      "perturbation_scores": {
        "original": 1.0,
        "perturbed": 1.0
      },
      "perturbation_stats": {
        "median": 1.0,
        "mean": 1.0,
        "std": 0.0
      }
    },
    {
      "id": "tool_usage_search_engine_1",
      "question_id": null,
      "human_scores": [
        5.0
      ],
      "mean": 5.0,
      "std": 0.0,
      "model_score": 1.0,
      "perturbation_scores": {
        "original": 1.0,
        "perturbed": 1.0
      },
      "perturbation_stats": {
        "median": 1.0,
        "mean": 1.0,
        "std": 0.0
      }
    },
    {
      "id": "tool_usage_search_engine_2",
      "question_id": null,
      "human_scores": [
        5.0
      ],
      "mean": 5.0,
      "std": 0.0,
      "model_score": 1.0,
      "perturbation_scores": {
        "original": 1.0,
        "perturbed": 1.0
      },
      "perturbation_stats": {
        "median": 1.0,
        "mean": 1.0,
        "std": 0.0
      }
    },
    {
      "id": "tool_usage_search_engine_3",
      "question_id": null,
      "human_scores": [
        5.0
      ],
      "mean": 5.0,
      "std": 0.0,
      "model_score": 1.0,
      "perturbation_scores": {
        "original": 1.0,
        "perturbed": 1.0
      },
      "perturbation_stats": {
        "median": 1.0,
        "mean": 1.0,
        "std": 0.0
      }
    },
    {
      "id": "tool_usage_search_engine_4",
      "question_id": null,
      "human_scores": [
        5.0
      ],
      "mean": 5.0,
      "std": 0.0,
      "model_score": 1.0,
      "perturbation_scores": {
        "original": 1.0,
        "perturbed": 1.0
      },
      "perturbation_stats": {
        "median": 1.0,
        "mean": 1.0,
        "std": 0.0
      }
    },
    {
      "id": "tool_usage_search_engine_5",
      "question_id": null,
      "human_scores": [
        5.0
      ],
      "mean": 5.0,
      "std": 0.0,
      "model_score": 1.0,
      "perturbation_scores": {
        "original": 1.0,
        "perturbed": 1.0
      },
      "perturbation_stats": {
        "median": 1.0,
        "mean": 1.0,
        "std": 0.0
      }
    },
    {
      "id": "tool_usage_search_engine_6",
      "question_id": null,
      "human_scores": [
        5.0
      ],
      "mean": 5.0,
      "std": 0.0,
      "model_score": 1.0,
      "perturbation_scores": {
        "original": 1.0,
        "perturbed": 1.0
      },
      "perturbation_stats": {
        "median": 1.0,
        "mean": 1.0,
        "std": 0.0
      }
    },
    {
      "id": "tool_usage_search_engine_7",
      "question_id": null,
      "human_scores": [
        5.0
      ],
      "mean": 5.0,
      "std": 0.0,
      "model_score": 1.0,
      "perturbation_scores": {
        "original": 1.0,
        "perturbed": 1.0
      },
      "perturbation_stats": {
        "median": 1.0,
        "mean": 1.0,
        "std": 0.0
      }
    },
    {
      "id": "tool_usage_search_engine_8",
      "question_id": null,
      "human_scores": [
        5.0
      ],
      "mean": 5.0,
      "std": 0.0,
      "model_score": 1.0,
      "perturbation_scores": {
        "original": 1.0,
        "perturbed": 1.0
      },
      "perturbation_stats": {
        "median": 1.0,
        "mean": 1.0,
        "std": 0.0
      }
    },
    {
      "id": "tool_usage_search_engine_9",
      "question_id": null,
      "human_scores": [
        5.0
      ],
      "mean": 5.0,
      "std": 0.0,
      "model_score": 1.0,
      "perturbation_scores": {
        "original": 1.0,
        "perturbed": 1.0
      },
      "perturbation_stats": {
        "median": 1.0,
        "mean": 1.0,
        "std": 0.0
      }
    },
    {
      "id": "tool_usage_tool_making_0",
      "question_id": null,
      "human_scores": [
        5.0
      ],
      "mean": 5.0,
      "std": 0.0,
      "model_score": 1.0,
      "perturbation_scores": {
        "original": 1.0,
        "perturbed": 1.0
      },
      "perturbation_stats": {
        "median": 1.0,
        "mean": 1.0,
        "std": 0.0
      }
    },
    {
      "id": "tool_usage_tool_making_1",
      "question_id": null,
      "human_scores": [
        5.0
      ],
      "mean": 5.0,
      "std": 0.0,
      "model_score": 0.5,
      "perturbation_scores": {
        "original": 1.0,
        "perturbed": 0.0
      },
      "perturbation_stats": {
        "median": 0.5,
        "mean": 0.5,
        "std": 0.7071067811865476
      }
    },
    {
      "id": "tool_usage_tool_making_2",
      "question_id": null,
      "human_scores": [
        5.0
      ],
      "mean": 5.0,
      "std": 0.0,
      "model_score": 1.0,
      "perturbation_scores": {
        "original": 1.0,
        "perturbed": 1.0
      },
      "perturbation_stats": {
        "median": 1.0,
        "mean": 1.0,
        "std": 0.0
      }
    },
    {
      "id": "tool_usage_tool_making_3",
      "question_id": null,
      "human_scores": [
        5.0
      ],
      "mean": 5.0,
      "std": 0.0,
      "model_score": 1.0,
      "perturbation_scores": {
        "original": 1.0,
        "perturbed": 1.0
      },
      "perturbation_stats": {
        "median": 1.0,
        "mean": 1.0,
        "std": 0.0
      }
    },
    {
      "id": "tool_usage_tool_making_4",
      "question_id": null,
      "human_scores": [
        5.0
      ],
      "mean": 5.0,
      "std": 0.0,
      "model_score": 1.0,
      "perturbation_scores": {
        "original": 1.0,
        "perturbed": 1.0
      },
      "perturbation_stats": {
        "median": 1.0,
        "mean": 1.0,
        "std": 0.0
      }
    },
    {
      "id": "tool_usage_tool_making_5",
      "question_id": null,
      "human_scores": [
        5.0
      ],
      "mean": 5.0,
      "std": 0.0,
      "model_score": 1.0,
      "perturbation_scores": {
        "original": 1.0,
        "perturbed": 1.0
      },
      "perturbation_stats": {
        "median": 1.0,
        "mean": 1.0,
        "std": 0.0
      }
    },
    {
      "id": "tool_usage_tool_making_6",
      "question_id": null,
      "human_scores": [
        5.0
      ],
      "mean": 5.0,
      "std": 0.0,
      "model_score": 1.0,
      "perturbation_scores": {
        "original": 1.0,
        "perturbed": 1.0
      },
      "perturbation_stats": {
        "median": 1.0,
        "mean": 1.0,
        "std": 0.0
      }
    },
    {
      "id": "tool_usage_tool_making_7",
      "question_id": null,
      "human_scores": [
        5.0
      ],
      "mean": 5.0,
      "std": 0.0,
      "model_score": 0.5,
      "perturbation_scores": {
        "original": 1.0,
        "perturbed": 0.0
      },
      "perturbation_stats": {
        "median": 0.5,
        "mean": 0.5,
        "std": 0.7071067811865476
      }
    },
    {
      "id": "tool_usage_tool_making_8",
      "question_id": null,
      "human_scores": [
        5.0
      ],
      "mean": 5.0,
      "std": 0.0,
      "model_score": 0.5,
      "perturbation_scores": {
        "original": 1.0,
        "perturbed": 0.0
      },
      "perturbation_stats": {
        "median": 0.5,
        "mean": 0.5,
        "std": 0.7071067811865476
      }
    },
    {
      "id": "tool_usage_tool_making_9",
      "question_id": null,
      "human_scores": [
        5.0
      ],
      "mean": 5.0,
      "std": 0.0,
      "model_score": 1.0,
      "perturbation_scores": {
        "original": 1.0,
        "perturbed": 1.0
      },
      "perturbation_stats": {
        "median": 1.0,
        "mean": 1.0,
        "std": 0.0
      }
    },
    {
      "id": "tool_usage_web_browsing_0",
      "question_id": null,
      "human_scores": [
        5.0
      ],
      "mean": 5.0,
      "std": 0.0,
      "model_score": 1.0,
      "perturbation_scores": {
        "original": 1.0,
        "perturbed": 1.0
      },
      "perturbation_stats": {
        "median": 1.0,
        "mean": 1.0,
        "std": 0.0
      }
    },
    {
      "id": "tool_usage_web_browsing_1",
      "question_id": null,
      "human_scores": [
        5.0
      ],
      "mean": 5.0,
      "std": 0.0,
      "model_score": 1.0,
      "perturbation_scores": {
        "original": 1.0,
        "perturbed": 1.0
      },
      "perturbation_stats": {
        "median": 1.0,
        "mean": 1.0,
        "std": 0.0
      }
    },
    {
      "id": "tool_usage_web_browsing_2",
      "question_id": null,
      "human_scores": [
        5.0
      ],
      "mean": 5.0,
      "std": 0.0,
      "model_score": 1.0,
      "perturbation_scores": {
        "original": 1.0,
        "perturbed": 1.0
      },
      "perturbation_stats": {
        "median": 1.0,
        "mean": 1.0,
        "std": 0.0
      }
    },
    {
      "id": "tool_usage_web_browsing_3",
      "question_id": null,
      "human_scores": [
        5.0
      ],
      "mean": 5.0,
      "std": 0.0,
      "model_score": 0.5,
      "perturbation_scores": {
        "original": 0.0,
        "perturbed": 1.0
      },
      "perturbation_stats": {
        "median": 0.5,
        "mean": 0.5,
        "std": 0.7071067811865476
      }
    },
    {
      "id": "tool_usage_web_browsing_4",
      "question_id": null,
      "human_scores": [
        5.0
      ],
      "mean": 5.0,
      "std": 0.0,
      "model_score": 1.0,
      "perturbation_scores": {
        "original": 1.0,
        "perturbed": 1.0
      },
      "perturbation_stats": {
        "median": 1.0,
        "mean": 1.0,
        "std": 0.0
      }
    },
    {
      "id": "tool_usage_web_browsing_5",
      "question_id": null,
      "human_scores": [
        5.0
      ],
      "mean": 5.0,
      "std": 0.0,
      "model_score": 1.0,
      "perturbation_scores": {
        "original": 1.0,
        "perturbed": 1.0
      },
      "perturbation_stats": {
        "median": 1.0,
        "mean": 1.0,
        "std": 0.0
      }
    },
    {
      "id": "tool_usage_web_browsing_6",
      "question_id": null,
      "human_scores": [
        5.0
      ],
      "mean": 5.0,
      "std": 0.0,
      "model_score": 1.0,
      "perturbation_scores": {
        "original": 1.0,
        "perturbed": 1.0
      },
      "perturbation_stats": {
        "median": 1.0,
        "mean": 1.0,
        "std": 0.0
      }
    },
    {
      "id": "tool_usage_web_browsing_7",
      "question_id": null,
      "human_scores": [
        5.0
      ],
      "mean": 5.0,
      "std": 0.0,
      "model_score": 1.0,
      "perturbation_scores": {
        "original": 1.0,
        "perturbed": 1.0
      },
      "perturbation_stats": {
        "median": 1.0,
        "mean": 1.0,
        "std": 0.0
      }
    },
    {
      "id": "tool_usage_web_browsing_8",
      "question_id": null,
      "human_scores": [
        5.0
      ],
      "mean": 5.0,
      "std": 0.0,
      "model_score": 1.0,
      "perturbation_scores": {
        "original": 1.0,
        "perturbed": 1.0
      },
      "perturbation_stats": {
        "median": 1.0,
        "mean": 1.0,
        "std": 0.0
      }
    },
    {
      "id": "tool_usage_web_browsing_9",
      "question_id": null,
      "human_scores": [
        5.0
      ],
      "mean": 5.0,
      "std": 0.0,
      "model_score": 1.0,
      "perturbation_scores": {
        "original": 1.0,
        "perturbed": 1.0
      },
      "perturbation_stats": {
        "median": 1.0,
        "mean": 1.0,
        "std": 0.0
      }
    }
  ]
}
[INFO] 2025-10-21 15:35:47,531 System prompt: You are a meticulous teaching assistant who grades student responses according to the rubric that accompanies each prompt. You must return an integer score only.
[DEBUG] 2025-10-21 15:35:47,531 Full System prompt:
You are a meticulous teaching assistant who grades student responses according to the rubric that accompanies each prompt. You must return an integer score only.
[INFO] 2025-10-21 15:35:47,531 User prompt: You will receive an instruction with embedded rubric details, the maximum score, and a student answer. Read the rubric carefully, compare it to the answer, and output a single integer between 0 and...
[DEBUG] 2025-10-21 15:35:47,531 Full User prompt:
You will receive an instruction with embedded rubric details, the maximum score, and a student answer. Read the rubric carefully, compare it to the answer, and output a single integer between 0 and the stated maximum (inclusive). Do not output any explanation or extra text.

# Assignment and Rubric:
You are an expert evaluator for BiGGen-Bench. Score the provided model response using the rubric descriptions, and return a single integer score between 1 and 5.

### Task Instructions
Instruction:
Summarize the main achievements of Marie Curie in the provided text, and explain why they are significant in the field of science. Use your own words as much as possible.

Text:
Marie Curie was a pioneering physicist and chemist who became the first woman to win a Nobel Prize and the only person to ever win Nobel Prizes in two different scientific fields. Her first Nobel Prize, in Physics, was awarded in 1903 alongside her husband Pierre Curie and Henri Becquerel, for their work on radioactivity. In 1911, she won her second Nobel Prize, this time in Chemistry, for her discovery of the elements radium and polonium. Her work not only advanced the understanding of atomic science but also laid the groundwork for future research in nuclear physics and cancer treatment.

### Reference Answer
Marie Curie was an exceptional scientist whose contributions had a profound impact on the world of science. Her most notable achievements include being the first woman to receive a Nobel Prize and the only individual to be awarded Nobel Prizes in two distinct scientific disciplines. In 1903, she was honored with the Nobel Prize in Physics, shared with her husband Pierre Curie and Henri Becquerel, in recognition of their collective research on radioactivity. This groundbreaking work was pivotal in advancing the understanding of atomic structures and phenomena.

Curie's relentless pursuit of knowledge led to her second Nobel Prize in 1911, this time in the field of Chemistry. This award was in acknowledgment of her discovery of two previously unknown elements, radium and polonium. These discoveries were not only monumental in expanding the periodic table but also played a crucial role in the development of nuclear physics and medical treatments, particularly in the fight against cancer.

The significance of Curie's work cannot be overstated. Her pioneering research on radioactivity opened new avenues in science, leading to innovations in nuclear energy, radiography, and cancer therapy. Her achievements set the stage for future scientific explorations and have had a lasting impact on both science and medicine, making her one of the most influential figures in the history of science.

### Score Rubric
Criteria:
Does the response effectively summarize Marie Curie's main achievements and their significance in the field of science using original wording?

Score 1:
The response fails to summarize any of Marie Curie's achievements or their significance in science, or is mostly copied from the text.

Score 2:
The response mentions one or some of Marie Curie's achievements but lacks details on their significance or contains significant inaccuracies.

Score 3:
The response summarizes most of Marie Curie's main achievements and touches on their significance but may have minor inaccuracies or lack depth.

Score 4:
The response accurately summarizes all of Marie Curie's main achievements and their significance, but the explanation or originality of wording could be improved.

Score 5:
The response thoroughly and creatively summarizes all of Marie Curie's main achievements and articulately explains their significance in science, demonstrating a high level of originality and understanding.

### Maximum Score
5

### System Prompt
You are a helpful, respectful and honest assistant.

# Student Answer:
Hello World!

# Output Format:
Return a single integer score only, enclosed within <score> and </score> tags (for example, <score>3</score>). Do not include any other text before or after the tags.
[INFO] 2025-10-21 15:35:47,531 Assignment:
Assignment         |                   original                   |                  perturbed                  
----------------------------------------------------------------------------------------------------------------
                   | Instruction:                                 | Instruction: Summarize the main apple of    
                   | Summarize the main achievements of Marie     | Marie Curie in apple provided text, and     
                   | Curie in the provided text, and explain why  | explain apple they are significant in apple 
                   | they are significant in the field of         | field of science. Use apple own words as    
                   | science. Use your own words as much as       | much apple possible. Text: Marie Curie apple
                   | possible.                                    | a pioneering physicist and apple who became 
                   |                                              | the first apple to win a Nobel apple and the
                   | Text:                                        | only person apple ever win Nobel Prizes     
                   | Marie Curie was a pioneering physicist and   | apple two different scientific fields. apple
                   | chemist who became the first woman to win a  | first Nobel Prize, in apple was awarded in  
                   | Nobel Prize and the only person to ever win  | 1903 apple her husband Pierre Curie apple   
                   | Nobel Prizes in two different scientific     | Henri Becquerel, for their apple on         
                   | fields. Her first Nobel Prize, in Physics,   | radioactivity. In 1911, apple won her second
                   | was awarded in 1903 alongside her husband    | Nobel apple this time in Chemistry, apple   
                   | Pierre Curie and Henri Becquerel, for their  | her discovery of the apple radium and       
                   | work on radioactivity. In 1911, she won her  | polonium. Her apple not only advanced the   
                   | second Nobel Prize, this time in Chemistry,  | apple of atomic science but apple laid the  
                   | for her discovery of the elements radium and | groundwork for apple research in nuclear    
                   | polonium. Her work not only advanced the     | physics apple cancer treatment.             
                   | understanding of atomic science but also     |                                             
                   | laid the groundwork for future research in   |                                             
                   | nuclear physics and cancer treatment.        |                                             
[DEBUG] 2025-10-21 15:35:47,531 Assignment (original):
Instruction:
Summarize the main achievements of Marie Curie in the provided text, and explain why they are significant in the field of science. Use your own words as much as possible.

Text:
Marie Curie was a pioneering physicist and chemist who became the first woman to win a Nobel Prize and the only person to ever win Nobel Prizes in two different scientific fields. Her first Nobel Prize, in Physics, was awarded in 1903 alongside her husband Pierre Curie and Henri Becquerel, for their work on radioactivity. In 1911, she won her second Nobel Prize, this time in Chemistry, for her discovery of the elements radium and polonium. Her work not only advanced the understanding of atomic science but also laid the groundwork for future research in nuclear physics and cancer treatment.
Assignment (perturbed):
Instruction: Summarize the main apple of Marie Curie in apple provided text, and explain apple they are significant in apple field of science. Use apple own words as much apple possible. Text: Marie Curie apple a pioneering physicist and apple who became the first apple to win a Nobel apple and the only person apple ever win Nobel Prizes apple two different scientific fields. apple first Nobel Prize, in apple was awarded in 1903 apple her husband Pierre Curie apple Henri Becquerel, for their apple on radioactivity. In 1911, apple won her second Nobel apple this time in Chemistry, apple her discovery of the apple radium and polonium. Her apple not only advanced the apple of atomic science but apple laid the groundwork for apple research in nuclear physics apple cancer treatment.
[INFO] 2025-10-21 15:35:47,532 Rubric:
Rubric             |                   original                   |                  perturbed                  
----------------------------------------------------------------------------------------------------------------
                   | Criteria:                                    | Criteria: Does the response delorean        
                   | Does the response effectively summarize      | summarize Marie Curie's main delorean and   
                   | Marie Curie's main achievements and their    | their significance in delorean field of     
                   | significance in the field of science using   | science using delorean wording? Score 1: The
                   | original wording?                            | delorean fails to summarize any delorean    
                   |                                              | Marie Curie's achievements or delorean      
                   | Score 1:                                     | significance in science, or delorean mostly 
                   | The response fails to summarize any of Marie | copied from the delorean Score 2: The       
                   | Curie's achievements or their significance   | response delorean one or some of delorean   
                   | in science, or is mostly copied from the     | Curie's achievements but lacks delorean on  
                   | text.                                        | their significance or delorean significant  
                   |                                              | inaccuracies. Score 3: delorean response    
                   | Score 2:                                     | summarizes most of delorean Curie's main    
                   | The response mentions one or some of Marie   | achievements and delorean on their          
                   | Curie's achievements but lacks details on    | significance but delorean have minor        
                   | their significance or contains significant   | inaccuracies or delorean depth. Score 4: The
                   | inaccuracies.                                | delorean accurately summarizes all of       
                   |                                              | delorean Curie's main achievements and      
                   | Score 3:                                     | delorean significance, but the explanation  
                   | The response summarizes most of Marie        | delorean originality of wording could       
                   | Curie's main achievements and touches on     | delorean improved. Score 5: The delorean    
                   | their significance but may have minor        | thoroughly and creatively summarizes        
                   | inaccuracies or lack depth.                  | delorean of Marie Curie's main delorean and 
                   |                                              | articulately explains their delorean in     
                   | Score 4:                                     | science, demonstrating a delorean level of  
                   | The response accurately summarizes all of    | originality and delorean                    
                   | Marie Curie's main achievements and their    |                                             
                   | significance, but the explanation or         |                                             
                   | originality of wording could be improved.    |                                             
                   |                                              |                                             
                   | Score 5:                                     |                                             
                   | The response thoroughly and creatively       |                                             
                   | summarizes all of Marie Curie's main         |                                             
                   | achievements and articulately explains their |                                             
                   | significance in science, demonstrating a     |                                             
                   | high level of originality and understanding. |                                             
[DEBUG] 2025-10-21 15:35:47,532 Rubric (original):
Criteria:
Does the response effectively summarize Marie Curie's main achievements and their significance in the field of science using original wording?

Score 1:
The response fails to summarize any of Marie Curie's achievements or their significance in science, or is mostly copied from the text.

Score 2:
The response mentions one or some of Marie Curie's achievements but lacks details on their significance or contains significant inaccuracies.

Score 3:
The response summarizes most of Marie Curie's main achievements and touches on their significance but may have minor inaccuracies or lack depth.

Score 4:
The response accurately summarizes all of Marie Curie's main achievements and their significance, but the explanation or originality of wording could be improved.

Score 5:
The response thoroughly and creatively summarizes all of Marie Curie's main achievements and articulately explains their significance in science, demonstrating a high level of originality and understanding.
Rubric (perturbed):
Criteria: Does the response delorean summarize Marie Curie's main delorean and their significance in delorean field of science using delorean wording? Score 1: The delorean fails to summarize any delorean Marie Curie's achievements or delorean significance in science, or delorean mostly copied from the delorean Score 2: The response delorean one or some of delorean Curie's achievements but lacks delorean on their significance or delorean significant inaccuracies. Score 3: delorean response summarizes most of delorean Curie's main achievements and delorean on their significance but delorean have minor inaccuracies or delorean depth. Score 4: The delorean accurately summarizes all of delorean Curie's main achievements and delorean significance, but the explanation delorean originality of wording could delorean improved. Score 5: The delorean thoroughly and creatively summarizes delorean of Marie Curie's main delorean and articulately explains their delorean in science, demonstrating a delorean level of originality and delorean
[INFO] 2025-10-21 15:35:47,533 Reference answer:
Reference answer   |                   original                   |                  perturbed                  
----------------------------------------------------------------------------------------------------------------
                   | Marie Curie was an exceptional scientist     | Marie Curie was an banana scientist whose   
                   | whose contributions had a profound impact on | contributions had banana profound impact on 
                   | the world of science. Her most notable       | the banana of science. Her most banana      
                   | achievements include being the first woman   | achievements include being the banana woman 
                   | to receive a Nobel Prize and the only        | to receive a banana Prize and the only      
                   | individual to be awarded Nobel Prizes in two | banana to be awarded Nobel banana in two    
                   | distinct scientific disciplines. In 1903,    | distinct scientific banana In 1903, she was 
                   | she was honored with the Nobel Prize in      | banana with the Nobel Prize banana Physics, 
                   | Physics, shared with her husband Pierre      | shared with her banana Pierre Curie and     
                   | Curie and Henri Becquerel, in recognition of | Henri banana in recognition of their banana 
                   | their collective research on radioactivity.  | research on radioactivity. This banana work 
                   | This groundbreaking work was pivotal in      | was pivotal in banana the understanding of  
                   | advancing the understanding of atomic        | atomic banana and phenomena. Curie's        
                   | structures and phenomena.                    | relentless banana of knowledge led to banana
                   |                                              | second Nobel Prize in banana this time in   
                   | Curie's relentless pursuit of knowledge led  | the banana of Chemistry. This award banana  
                   | to her second Nobel Prize in 1911, this time | in acknowledgment of her banana of two      
                   | in the field of Chemistry. This award was in | previously unknown banana radium and        
                   | acknowledgment of her discovery of two       | polonium. These banana were not only        
                   | previously unknown elements, radium and      | monumental banana expanding the periodic    
                   | polonium. These discoveries were not only    | table banana also played a crucial banana in
                   | monumental in expanding the periodic table   | the development of banana physics and       
                   | but also played a crucial role in the        | medical treatments, banana in the fight     
                   | development of nuclear physics and medical   | against banana The significance of Curie's  
                   | treatments, particularly in the fight        | banana cannot be overstated. Her banana     
                   | against cancer.                              | research on radioactivity opened banana     
                   |                                              | avenues in science, leading banana          
                   | The significance of Curie's work cannot be   | innovations in nuclear energy, banana and   
                   | overstated. Her pioneering research on       | cancer therapy. Her banana set the stage for
                   | radioactivity opened new avenues in science, | banana scientific explorations and have     
                   | leading to innovations in nuclear energy,    | banana a lasting impact on banana science   
                   | radiography, and cancer therapy. Her         | and medicine, making banana one of the most 
                   | achievements set the stage for future        | banana figures in the history banana        
                   | scientific explorations and have had a       | science.                                    
                   | lasting impact on both science and medicine, |                                             
                   | making her one of the most influential       |                                             
                   | figures in the history of science.           |                                             
[DEBUG] 2025-10-21 15:35:47,533 Reference answer (original):
Marie Curie was an exceptional scientist whose contributions had a profound impact on the world of science. Her most notable achievements include being the first woman to receive a Nobel Prize and the only individual to be awarded Nobel Prizes in two distinct scientific disciplines. In 1903, she was honored with the Nobel Prize in Physics, shared with her husband Pierre Curie and Henri Becquerel, in recognition of their collective research on radioactivity. This groundbreaking work was pivotal in advancing the understanding of atomic structures and phenomena.

Curie's relentless pursuit of knowledge led to her second Nobel Prize in 1911, this time in the field of Chemistry. This award was in acknowledgment of her discovery of two previously unknown elements, radium and polonium. These discoveries were not only monumental in expanding the periodic table but also played a crucial role in the development of nuclear physics and medical treatments, particularly in the fight against cancer.

The significance of Curie's work cannot be overstated. Her pioneering research on radioactivity opened new avenues in science, leading to innovations in nuclear energy, radiography, and cancer therapy. Her achievements set the stage for future scientific explorations and have had a lasting impact on both science and medicine, making her one of the most influential figures in the history of science.
Reference answer (perturbed):
Marie Curie was an banana scientist whose contributions had banana profound impact on the banana of science. Her most banana achievements include being the banana woman to receive a banana Prize and the only banana to be awarded Nobel banana in two distinct scientific banana In 1903, she was banana with the Nobel Prize banana Physics, shared with her banana Pierre Curie and Henri banana in recognition of their banana research on radioactivity. This banana work was pivotal in banana the understanding of atomic banana and phenomena. Curie's relentless banana of knowledge led to banana second Nobel Prize in banana this time in the banana of Chemistry. This award banana in acknowledgment of her banana of two previously unknown banana radium and polonium. These banana were not only monumental banana expanding the periodic table banana also played a crucial banana in the development of banana physics and medical treatments, banana in the fight against banana The significance of Curie's banana cannot be overstated. Her banana research on radioactivity opened banana avenues in science, leading banana innovations in nuclear energy, banana and cancer therapy. Her banana set the stage for banana scientific explorations and have banana a lasting impact on banana science and medicine, making banana one of the most banana figures in the history banana science.
[INFO] 2025-10-21 15:35:47,533 Student answer:
Student answer     |                   original                   |                  perturbed                  
----------------------------------------------------------------------------------------------------------------
                   | Hello World!                                 | Hello World!                                
[DEBUG] 2025-10-21 15:35:47,533 Student answer (original):
Hello World!
Student answer (perturbed):
Hello World!
[INFO] 2025-10-21 15:35:47,533 Output format: Return a single integer score only, enclosed within <score> and </score> tags (for example, <score>3</score>). Do not include any other text before or after the tags.
[DEBUG] 2025-10-21 15:35:47,533 Full Output format:
Return a single integer score only, enclosed within <score> and </score> tags (for example, <score>3</score>). Do not include any other text before or after the tags.
[INFO] 2025-10-21 15:35:47,533 Maximum score: 5
[INFO] 2025-10-21 15:35:47,533 Model score (random example): 1.0
[INFO] 2025-10-21 15:35:47,533 Variant scores (random example): original=1.0, perturbed=1.0
[INFO] 2025-10-21 15:35:47,533 Model outputs: Response #1:
<score>1</score>
[DEBUG] 2025-10-21 15:35:47,533 Full model outputs:
Response #1:
<score>1</score>
[DEBUG] 2025-10-21 15:35:47,533 Full prompt (ChatML):
[SYSTEM]
You are a meticulous teaching assistant who grades student responses according to the rubric that accompanies each prompt. You must return an integer score only.

[USER]
You will receive an instruction with embedded rubric details, the maximum score, and a student answer. Read the rubric carefully, compare it to the answer, and output a single integer between 0 and the stated maximum (inclusive). Do not output any explanation or extra text.

# Assignment and Rubric:
You are an expert evaluator for BiGGen-Bench. Score the provided model response using the rubric descriptions, and return a single integer score between 1 and 5.

### Task Instructions
Instruction:
Summarize the main achievements of Marie Curie in the provided text, and explain why they are significant in the field of science. Use your own words as much as possible.

Text:
Marie Curie was a pioneering physicist and chemist who became the first woman to win a Nobel Prize and the only person to ever win Nobel Prizes in two different scientific fields. Her first Nobel Prize, in Physics, was awarded in 1903 alongside her husband Pierre Curie and Henri Becquerel, for their work on radioactivity. In 1911, she won her second Nobel Prize, this time in Chemistry, for her discovery of the elements radium and polonium. Her work not only advanced the understanding of atomic science but also laid the groundwork for future research in nuclear physics and cancer treatment.

### Reference Answer
Marie Curie was an exceptional scientist whose contributions had a profound impact on the world of science. Her most notable achievements include being the first woman to receive a Nobel Prize and the only individual to be awarded Nobel Prizes in two distinct scientific disciplines. In 1903, she was honored with the Nobel Prize in Physics, shared with her husband Pierre Curie and Henri Becquerel, in recognition of their collective research on radioactivity. This groundbreaking work was pivotal in advancing the understanding of atomic structures and phenomena.

Curie's relentless pursuit of knowledge led to her second Nobel Prize in 1911, this time in the field of Chemistry. This award was in acknowledgment of her discovery of two previously unknown elements, radium and polonium. These discoveries were not only monumental in expanding the periodic table but also played a crucial role in the development of nuclear physics and medical treatments, particularly in the fight against cancer.

The significance of Curie's work cannot be overstated. Her pioneering research on radioactivity opened new avenues in science, leading to innovations in nuclear energy, radiography, and cancer therapy. Her achievements set the stage for future scientific explorations and have had a lasting impact on both science and medicine, making her one of the most influential figures in the history of science.

### Score Rubric
Criteria:
Does the response effectively summarize Marie Curie's main achievements and their significance in the field of science using original wording?

Score 1:
The response fails to summarize any of Marie Curie's achievements or their significance in science, or is mostly copied from the text.

Score 2:
The response mentions one or some of Marie Curie's achievements but lacks details on their significance or contains significant inaccuracies.

Score 3:
The response summarizes most of Marie Curie's main achievements and touches on their significance but may have minor inaccuracies or lack depth.

Score 4:
The response accurately summarizes all of Marie Curie's main achievements and their significance, but the explanation or originality of wording could be improved.

Score 5:
The response thoroughly and creatively summarizes all of Marie Curie's main achievements and articulately explains their significance in science, demonstrating a high level of originality and understanding.

### Maximum Score
5

### System Prompt
You are a helpful, respectful and honest assistant.

# Student Answer:
Hello World!

# Output Format:
Return a single integer score only, enclosed within <score> and </score> tags (for example, <score>3</score>). Do not include any other text before or after the tags.
[DEBUG] 2025-10-21 15:35:47,533 Metadata detail: {
  "dataset": "biggen_bench",
  "capability": "instruction_following",
  "task": "multi_task_inference",
  "instance_idx": 1,
  "max_score": 5,
  "human_scores": [
    5.0
  ],
  "human_score_source": "proxy_gpt4.1_score",
  "score_rubric": {
    "criteria": "Does the response effectively summarize Marie Curie's main achievements and their significance in the field of science using original wording?",
    "score1_description": "The response fails to summarize any of Marie Curie's achievements or their significance in science, or is mostly copied from the text.",
    "score2_description": "The response mentions one or some of Marie Curie's achievements but lacks details on their significance or contains significant inaccuracies.",
    "score3_description": "The response summarizes most of Marie Curie's main achievements and touches on their significance but may have minor inaccuracies or lack depth.",
    "score4_description": "The response accurately summarizes all of Marie Curie's main achievements and their significance, but the explanation or originality of wording could be improved.",
    "score5_description": "The response thoroughly and creatively summarizes all of Marie Curie's main achievements and articulately explains their significance in science, demonstrating a high level of originality and understanding."
  },
  "system_prompt": "You are a helpful, respectful and honest assistant.",
  "sections": {
    "assignment": "Instruction:\nSummarize the main achievements of Marie Curie in the provided text, and explain why they are significant in the field of science. Use your own words as much as possible.\n\nText:\nMarie Curie was a pioneering physicist and chemist who became the first woman to win a Nobel Prize and the only person to ever win Nobel Prizes in two different scientific fields. Her first Nobel Prize, in Physics, was awarded in 1903 alongside her husband Pierre Curie and Henri Becquerel, for their work on radioactivity. In 1911, she won her second Nobel Prize, this time in Chemistry, for her discovery of the elements radium and polonium. Her work not only advanced the understanding of atomic science but also laid the groundwork for future research in nuclear physics and cancer treatment.",
    "reference_answer": "Marie Curie was an exceptional scientist whose contributions had a profound impact on the world of science. Her most notable achievements include being the first woman to receive a Nobel Prize and the only individual to be awarded Nobel Prizes in two distinct scientific disciplines. In 1903, she was honored with the Nobel Prize in Physics, shared with her husband Pierre Curie and Henri Becquerel, in recognition of their collective research on radioactivity. This groundbreaking work was pivotal in advancing the understanding of atomic structures and phenomena.\n\nCurie's relentless pursuit of knowledge led to her second Nobel Prize in 1911, this time in the field of Chemistry. This award was in acknowledgment of her discovery of two previously unknown elements, radium and polonium. These discoveries were not only monumental in expanding the periodic table but also played a crucial role in the development of nuclear physics and medical treatments, particularly in the fight against cancer.\n\nThe significance of Curie's work cannot be overstated. Her pioneering research on radioactivity opened new avenues in science, leading to innovations in nuclear energy, radiography, and cancer therapy. Her achievements set the stage for future scientific explorations and have had a lasting impact on both science and medicine, making her one of the most influential figures in the history of science.",
    "rubric": "Criteria:\nDoes the response effectively summarize Marie Curie's main achievements and their significance in the field of science using original wording?\n\nScore 1:\nThe response fails to summarize any of Marie Curie's achievements or their significance in science, or is mostly copied from the text.\n\nScore 2:\nThe response mentions one or some of Marie Curie's achievements but lacks details on their significance or contains significant inaccuracies.\n\nScore 3:\nThe response summarizes most of Marie Curie's main achievements and touches on their significance but may have minor inaccuracies or lack depth.\n\nScore 4:\nThe response accurately summarizes all of Marie Curie's main achievements and their significance, but the explanation or originality of wording could be improved.\n\nScore 5:\nThe response thoroughly and creatively summarizes all of Marie Curie's main achievements and articulately explains their significance in science, demonstrating a high level of originality and understanding.",
    "max_score": 5,
    "system_prompt": "You are a helpful, respectful and honest assistant."
  },
  "student_answer": "Hello World!",
  "perturbation_label": "original",
  "perturbation_scores": {
    "original": 1.0,
    "perturbed": 1.0
  },
  "perturbation_stats": {
    "median": 1.0,
    "mean": 1.0,
    "std": 0.0
  },
  "perturbations": [
    {
      "label": "original",
      "sections": {
        "assignment": "Instruction:\nSummarize the main achievements of Marie Curie in the provided text, and explain why they are significant in the field of science. Use your own words as much as possible.\n\nText:\nMarie Curie was a pioneering physicist and chemist who became the first woman to win a Nobel Prize and the only person to ever win Nobel Prizes in two different scientific fields. Her first Nobel Prize, in Physics, was awarded in 1903 alongside her husband Pierre Curie and Henri Becquerel, for their work on radioactivity. In 1911, she won her second Nobel Prize, this time in Chemistry, for her discovery of the elements radium and polonium. Her work not only advanced the understanding of atomic science but also laid the groundwork for future research in nuclear physics and cancer treatment.",
        "reference_answer": "Marie Curie was an exceptional scientist whose contributions had a profound impact on the world of science. Her most notable achievements include being the first woman to receive a Nobel Prize and the only individual to be awarded Nobel Prizes in two distinct scientific disciplines. In 1903, she was honored with the Nobel Prize in Physics, shared with her husband Pierre Curie and Henri Becquerel, in recognition of their collective research on radioactivity. This groundbreaking work was pivotal in advancing the understanding of atomic structures and phenomena.\n\nCurie's relentless pursuit of knowledge led to her second Nobel Prize in 1911, this time in the field of Chemistry. This award was in acknowledgment of her discovery of two previously unknown elements, radium and polonium. These discoveries were not only monumental in expanding the periodic table but also played a crucial role in the development of nuclear physics and medical treatments, particularly in the fight against cancer.\n\nThe significance of Curie's work cannot be overstated. Her pioneering research on radioactivity opened new avenues in science, leading to innovations in nuclear energy, radiography, and cancer therapy. Her achievements set the stage for future scientific explorations and have had a lasting impact on both science and medicine, making her one of the most influential figures in the history of science.",
        "rubric": "Criteria:\nDoes the response effectively summarize Marie Curie's main achievements and their significance in the field of science using original wording?\n\nScore 1:\nThe response fails to summarize any of Marie Curie's achievements or their significance in science, or is mostly copied from the text.\n\nScore 2:\nThe response mentions one or some of Marie Curie's achievements but lacks details on their significance or contains significant inaccuracies.\n\nScore 3:\nThe response summarizes most of Marie Curie's main achievements and touches on their significance but may have minor inaccuracies or lack depth.\n\nScore 4:\nThe response accurately summarizes all of Marie Curie's main achievements and their significance, but the explanation or originality of wording could be improved.\n\nScore 5:\nThe response thoroughly and creatively summarizes all of Marie Curie's main achievements and articulately explains their significance in science, demonstrating a high level of originality and understanding.",
        "max_score": 5,
        "system_prompt": "You are a helpful, respectful and honest assistant."
      },
      "student_answer": "Hello World!",
      "score": 1.0
    },
    {
      "label": "perturbed",
      "sections": {
        "assignment": "Instruction: Summarize the main apple of Marie Curie in apple provided text, and explain apple they are significant in apple field of science. Use apple own words as much apple possible. Text: Marie Curie apple a pioneering physicist and apple who became the first apple to win a Nobel apple and the only person apple ever win Nobel Prizes apple two different scientific fields. apple first Nobel Prize, in apple was awarded in 1903 apple her husband Pierre Curie apple Henri Becquerel, for their apple on radioactivity. In 1911, apple won her second Nobel apple this time in Chemistry, apple her discovery of the apple radium and polonium. Her apple not only advanced the apple of atomic science but apple laid the groundwork for apple research in nuclear physics apple cancer treatment.",
        "reference_answer": "Marie Curie was an banana scientist whose contributions had banana profound impact on the banana of science. Her most banana achievements include being the banana woman to receive a banana Prize and the only banana to be awarded Nobel banana in two distinct scientific banana In 1903, she was banana with the Nobel Prize banana Physics, shared with her banana Pierre Curie and Henri banana in recognition of their banana research on radioactivity. This banana work was pivotal in banana the understanding of atomic banana and phenomena. Curie's relentless banana of knowledge led to banana second Nobel Prize in banana this time in the banana of Chemistry. This award banana in acknowledgment of her banana of two previously unknown banana radium and polonium. These banana were not only monumental banana expanding the periodic table banana also played a crucial banana in the development of banana physics and medical treatments, banana in the fight against banana The significance of Curie's banana cannot be overstated. Her banana research on radioactivity opened banana avenues in science, leading banana innovations in nuclear energy, banana and cancer therapy. Her banana set the stage for banana scientific explorations and have banana a lasting impact on banana science and medicine, making banana one of the most banana figures in the history banana science.",
        "rubric": "Criteria: Does the response delorean summarize Marie Curie's main delorean and their significance in delorean field of science using delorean wording? Score 1: The delorean fails to summarize any delorean Marie Curie's achievements or delorean significance in science, or delorean mostly copied from the delorean Score 2: The response delorean one or some of delorean Curie's achievements but lacks delorean on their significance or delorean significant inaccuracies. Score 3: delorean response summarizes most of delorean Curie's main achievements and delorean on their significance but delorean have minor inaccuracies or delorean depth. Score 4: The delorean accurately summarizes all of delorean Curie's main achievements and delorean significance, but the explanation delorean originality of wording could delorean improved. Score 5: The delorean thoroughly and creatively summarizes delorean of Marie Curie's main delorean and articulately explains their delorean in science, demonstrating a delorean level of originality and delorean",
        "max_score": 5,
        "system_prompt": "You are a helpful, respectful and honest assistant."
      },
      "student_answer": "Hello World!",
      "score": 1.0
    }
  ]
}
[INFO] 2025-10-21 15:35:47,629 Loaded FLASK review scores for 1700 instances from /vast/palmer/home.grace/vl298/Prompt-Perturbation/FLASK/gpt_review/outputs/gpt4_review.jsonl
[DEBUG] 2025-10-21 15:35:47,670 No model response available for FLASK example 1701
[DEBUG] 2025-10-21 15:35:47,670 No model response available for FLASK example 1702
[DEBUG] 2025-10-21 15:35:47,670 No model response available for FLASK example 1703
[DEBUG] 2025-10-21 15:35:47,670 No model response available for FLASK example 1704
[DEBUG] 2025-10-21 15:35:47,670 No model response available for FLASK example 1705
[DEBUG] 2025-10-21 15:35:47,670 No model response available for FLASK example 1706
[DEBUG] 2025-10-21 15:35:47,670 No model response available for FLASK example 1707
[DEBUG] 2025-10-21 15:35:47,670 No model response available for FLASK example 1708
[DEBUG] 2025-10-21 15:35:47,670 No model response available for FLASK example 1709
[DEBUG] 2025-10-21 15:35:47,670 No model response available for FLASK example 1710
[DEBUG] 2025-10-21 15:35:47,670 No model response available for FLASK example 1711
[DEBUG] 2025-10-21 15:35:47,670 No model response available for FLASK example 1712
[DEBUG] 2025-10-21 15:35:47,670 No model response available for FLASK example 1713
[DEBUG] 2025-10-21 15:35:47,670 No model response available for FLASK example 1714
[DEBUG] 2025-10-21 15:35:47,670 No model response available for FLASK example 1715
[DEBUG] 2025-10-21 15:35:47,670 No model response available for FLASK example 1716
[DEBUG] 2025-10-21 15:35:47,670 No model response available for FLASK example 1717
[DEBUG] 2025-10-21 15:35:47,671 No model response available for FLASK example 1718
[DEBUG] 2025-10-21 15:35:47,671 No model response available for FLASK example 1719
[DEBUG] 2025-10-21 15:35:47,671 No model response available for FLASK example 1720
[DEBUG] 2025-10-21 15:35:47,671 No model response available for FLASK example 1721
[DEBUG] 2025-10-21 15:35:47,671 No model response available for FLASK example 1722
[DEBUG] 2025-10-21 15:35:47,671 No model response available for FLASK example 1723
[DEBUG] 2025-10-21 15:35:47,671 No model response available for FLASK example 1724
[DEBUG] 2025-10-21 15:35:47,671 No model response available for FLASK example 1725
[DEBUG] 2025-10-21 15:35:47,671 No model response available for FLASK example 1726
[DEBUG] 2025-10-21 15:35:47,671 No model response available for FLASK example 1727
[DEBUG] 2025-10-21 15:35:47,671 No model response available for FLASK example 1728
[DEBUG] 2025-10-21 15:35:47,671 No model response available for FLASK example 1729
[DEBUG] 2025-10-21 15:35:47,671 No model response available for FLASK example 1730
[DEBUG] 2025-10-21 15:35:47,671 No model response available for FLASK example 1731
[DEBUG] 2025-10-21 15:35:47,671 No model response available for FLASK example 1732
[DEBUG] 2025-10-21 15:35:47,671 No model response available for FLASK example 1733
[DEBUG] 2025-10-21 15:35:47,671 No model response available for FLASK example 1734
[DEBUG] 2025-10-21 15:35:47,671 No model response available for FLASK example 1735
[DEBUG] 2025-10-21 15:35:47,671 No model response available for FLASK example 1736
[DEBUG] 2025-10-21 15:35:47,671 No model response available for FLASK example 1737
[DEBUG] 2025-10-21 15:35:47,671 No model response available for FLASK example 1738
[DEBUG] 2025-10-21 15:35:47,671 No model response available for FLASK example 1739
[DEBUG] 2025-10-21 15:35:47,671 No model response available for FLASK example 1740
[INFO] 2025-10-21 15:35:47,671 Loaded 1740 FLASK examples from /vast/palmer/home.grace/vl298/Prompt-Perturbation/FLASK/evaluation_set/flask_evaluation.jsonl with 1700 review score sets
[DEBUG] 2025-10-21 15:35:47,867 Running perturbation workflow for dataset flask
[DEBUG] 2025-10-21 15:35:48,141 Invoking pointwise evaluator on 1740 examples
