[INFO] 2025-09-27 18:59:46,417 Logging to /nfs/roberts/project/pi_ac3458/vl298/Prompt-Perturbation/logs/pointwise_pipeline_20250927-185946_overwrite_ok-True_use_dummy_model-True.log
[DEBUG] 2025-09-27 18:59:48,780 PyTorch version 2.4.0+cu121 available.
[INFO] 2025-09-27 18:59:49,149 Using model: dummy_api
[DEBUG] 2025-09-27 18:59:49,150 Evaluator target: <function pointwise_eval at 0x14c8221cf1a0>
[DEBUG] 2025-09-27 18:59:49,150 Signature: (model: ReIFE.base_llm.BaseLLM | ReIFE.base_llm.BaseVLLM, data: list[dict], output_dir: str, prompt_dir: str, batch_size: int, instruction_marker: str, output_marker: str, output_text_dir: str | None = None, temperature: float = 1.0, top_p: float = 1.0, n: int = 1, max_tokens: int = 512, logprobs: int | None = None, verbose: bool = False, **kwargs) -> None
[DEBUG] 2025-09-27 18:59:49,150 Docstring:
Perform pointwise evaluation.

Args:
    model: The model for evaluation.
    data: The data to evaluate.
    output_dir: The directory to save the evaluation output.
    prompt_dir: The directory containing the prompt data.
    batch_size: The batch size for evaluation.
    instruction_marker: The marker for the instruction.
    output_marker: The marker for the output.
    output_text_dir: The directory to save the output text.
    temperature: The temperature for sampling.
    top_p: The top-p value for sampling.
    n: The number of samples to generate.
    max_tokens: The maximum number of generated tokens for each sample.
    logprobs: The number of log probabilities to output.
    parse_fn: The function to parse the output.
    verbose: Whether to print verbose output.
    kwargs: Additional keyword arguments for the evaluation function.

Returns:
    None
[INFO] 2025-09-27 18:59:49,163 Loaded 240 llm_grader submissions across 6 questions
[DEBUG] 2025-09-27 18:59:49,169 Invoking pointwise evaluator on 240 examples
[DEBUG] 2025-09-27 18:59:49,508 Generating 240 examples...
Prompt example: [
  {
    "content": "You are a meticulous teaching assistant who grades student responses according to the rubric that accompanies each prompt. You must return an integer score only.",
    "role": "system"
  },
  {
    "content": "You will receive an instruction with embedded rubric details, the maximum score, and a student answer. Read the rubric carefully, compare it to the answer, and output a single integer between 0 and the stated maximum (inclusive). Do not output any explanation or extra text.\n\n# Assignment and Rubric:\nYou are a meticulous teaching assistant who grades student responses according to the provided rubric and reference materials.\n\n### Assignment\nNow do the same but with jobs of different lengths: 100, 200, and 300. The commands are (./scheduler.py -p SJF -l 100,200,300) and (./scheduler.py -p FIFO -l 100,200,300). Compute the response time and turnaround time for SJF and FIFO? What if you change the order of the job length? Try different orders to find the difference.\n\n### Rubric (Student-Facing)\n1.For correct \u201cAverage reponse time and Turnaround time\u201d for SJF (6.5 points)\n2.For correct \u201cAverage reponse time and Turnaround time\u201d for FIFO (6.5 points)\n3.For point out \u201cif change the order of job length, response time and turnaround time for the SJF policy should remain the same.\u201d (3 points) \n4.For correct explain \u201cthe results for FIFO policy in different orders will change.\u201d (3 points)\n\n### Instructor Criteria\ncase1: \n\u2022 For correct \u201cAverage reponse time and Turnaround time\u201d for SJF (6.5 points)\n\u2022 For correct \u201cAverage reponse time and Turnaround time\u201d for FIFO (6.5 points)\n\u2022 For point out \u201cif change the order of job length, response time and turnaround time for the SJF policy should remain the same.\u201d (3 points) \n\u2022 For correct explain \u201cthe results for FIFO policy in different orders will change.\u201d (3 points) \ncase2: \n\u2022 For point out \u201cif change the order of job length, response time and turnaround time for the SJF policy should remain the same.\u201d (3 points)  and explain the reason (6.5). \n\u2022 For correct explain \u201cthe results for FIFO policy in different orders will change.\u201d (3 points) and explain the reason (6.5).\n\n### Reference Answer\nThe response time and turnaround time for three jobs using the FIFO policy and SJF policy are the same in the given order of job length. If we change the order of job length, response time and turnaround time for the SJF policy should remain the same.\nHowever, the results for FIFO policy in different orders will change. In particular, if we run these jobs in order 300, 200, 100, it makes FIFO perform poorly (the average response time is 266.67, and turnaround time is 466.67).\n\n### Maximum Score\n19\n\n### Reference Materials\n# scheduler.py\n#! /usr/bin/env python\n\nimport sys\nfrom optparse import OptionParser\nimport random\n\nparser = OptionParser()\nparser.add_option(\"-s\", \"--seed\", default=0, help=\"the random seed\",\n                  action=\"store\", type=\"int\", dest=\"seed\")\nparser.add_option(\"-j\", \"--jobs\", default=3, help=\"number of jobs in the system\",\n                  action=\"store\", type=\"int\", dest=\"jobs\")\nparser.add_option(\"-l\", \"--jlist\", default=\"\", help=\"instead of random jobs, provide a comma-separated list of run times\",\n                  action=\"store\", type=\"string\", dest=\"jlist\")\nparser.add_option(\"-m\", \"--maxlen\", default=10, help=\"max length of job\",\n                  action=\"store\", type=\"int\", dest=\"maxlen\")\nparser.add_option(\"-p\", \"--policy\", default=\"FIFO\", help=\"sched policy to use: SJF, FIFO, RR\",\n                  action=\"store\", type=\"string\", dest=\"policy\")\nparser.add_option(\"-q\", \"--quantum\", help=\"length of time slice for RR policy\", default=1,\n                  action=\"store\", type=\"int\", dest=\"quantum\")\nparser.add_option(\"-c\", help=\"compute answers for me\", action=\"store_true\", default=False, dest=\"solve\")\n\n(options, args) = parser.parse_args()\n\nrandom.seed(options.seed)\n\nprint 'ARG policy', options.policy\nif options.jlist == '':\n    print 'ARG jobs', options.jobs\n    print 'ARG maxlen', options.maxlen\n    print 'ARG seed', options.seed\nelse:\n    print 'ARG jlist', options.jlist\n\nprint ''\n\nprint 'Here is the job list, with the run time of each job: '\n\nimport operator\n\njoblist = []\nif options.jlist == '':\n    for jobnum in range(0,options.jobs):\n        runtime = int(options.maxlen * random.random()) + 1\n        joblist.append([jobnum, runtime])\n        print '  Job', jobnum, '( length = ' + str(runtime) + ' )'\nelse:\n    jobnum = 0\n    for runtime in options.jlist.split(','):\n        joblist.append([jobnum, float(runtime)])\n        jobnum += 1\n    for job in joblist:\n        print '  Job', job[0], '( length = ' + str(job[1]) + ' )'\nprint '\\n'\n\nif options.solve == True:\n    print '** Solutions **\\n'\n    if options.policy == 'SJF':\n        joblist = sorted(joblist, key=operator.itemgetter(1))\n        options.policy = 'FIFO'\n\n    if options.policy == 'FIFO':\n        thetime = 0\n        print 'Execution trace:'\n        for job in joblist:\n            print '  [ time %3d ] Run job %d for %.2f secs ( DONE at %.2f )' % (thetime, job[0], job[1], thetime + job[1])\n            thetime += job[1]\n\n        print '\\nFinal statistics:'\n        t     = 0.0\n        count = 0\n        turnaroundSum = 0.0\n        waitSum       = 0.0\n        responseSum   = 0.0\n        for tmp in joblist:\n            jobnum  = tmp[0]\n            runtime = tmp[1]\n\n            response   = t\n            turnaround = t + runtime\n            wait       = t\n            print '  Job %3d -- Response: %3.2f  Turnaround %3.2f  Wait %3.2f' % (jobnum, response, turnaround, wait)\n            responseSum   += response\n            turnaroundSum += turnaround\n            waitSum       += wait\n            t += runtime\n            count = count + 1\n        print '\\n  Average -- Response: %3.2f  Turnaround %3.2f  Wait %3.2f\\n' % (responseSum/count, turnaroundSum/count, waitSum/count)\n\n    if options.policy == 'RR':\n        print 'Execution trace:'\n        turnaround = {}\n        response = {}\n        lastran = {}\n        wait = {}\n        quantum  = float(options.quantum)\n        jobcount = len(joblist)\n        for i in range(0,jobcount):\n            lastran[i] = 0.0\n            wait[i] = 0.0\n            turnaround[i] = 0.0\n            response[i] = -1\n\n        runlist = []\n        for e in joblist:\n            runlist.append(e)\n\n        thetime  = 0.0\n        while jobcount > 0:\n            # print '%d jobs remaining' % jobcount\n            job = runlist.pop(0)\n            jobnum  = job[0]\n            runtime = float(job[1])\n            if response[jobnum] == -1:\n                response[jobnum] = thetime\n            currwait = thetime - lastran[jobnum]\n            wait[jobnum] += currwait\n            if runtime > quantum:\n                runtime -= quantum\n                ranfor = quantum\n                print '  [ time %3d ] Run job %3d for %.2f secs' % (thetime, jobnum, ranfor)\n                runlist.append([jobnum, runtime])\n            else:\n                ranfor = runtime;\n                print '  [ time %3d ] Run job %3d for %.2f secs ( DONE at %.2f )' % (thetime, jobnum, ranfor, thetime + ranfor)\n                turnaround[jobnum] = thetime + ranfor\n                jobcount -= 1\n            thetime += ranfor\n            lastran[jobnum] = thetime\n\n        print '\\nFinal statistics:'\n        turnaroundSum = 0.0\n        waitSum       = 0.0\n        responseSum   = 0.0\n        for i in range(0,len(joblist)):\n            turnaroundSum += turnaround[i]\n            responseSum += response[i]\n            waitSum += wait[i]\n            print '  Job %3d -- Response: %3.2f  Turnaround %3.2f  Wait %3.2f' % (i, response[i], turnaround[i], wait[i])\n        count = len(joblist)\n\n        print '\\n  Average -- Response: %3.2f  Turnaround %3.2f  Wait %3.2f\\n' % (responseSum/count, turnaroundSum/count, waitSum/count)\n\n    if options.policy != 'FIFO' and options.policy != 'SJF' and options.policy != 'RR':\n        print 'Error: Policy', options.policy, 'is not available.'\n        sys.exit(0)\nelse:\n    print 'Compute the turnaround time, response time, and wait time for each job.'\n    print 'When you are done, run this program again, with the same arguments,'\n    print 'but with -c, which will thus provide you with the answers. You can use'\n    print '-s <somenumber> or your own job list (-l 10,15,20 for example)'\n    print 'to generate different problems for yourself.'\n    print ''\n\n# Student Answer:\nWhen changing the order of the length to \n\u201c ./scheduler.py -p SJF -l 300,200,100 \u201d, the scheduler will execute the last jobs first because it has the shortest length, then the execute the second and last the first. However, the change of the order of the jobs length will still execute from the first to the last job as it is FIFO.\n\n# Output Format:\nReturn a single integer score only.",
    "role": "user"
  }
]
[DEBUG] 2025-09-27 18:59:49,651 Completed evaluation; 0 parse failures detected
[DEBUG] 2025-09-27 18:59:49,651 Example prompt after evaluation:
[SYSTEM]
You are a meticulous teaching assistant who grades student responses according to the rubric that accompanies each prompt. You must return an integer score only.

[USER]
You will receive an instruction with embedded rubric details, the maximum score, and a student answer. Read the rubric carefully, compare it to the answer, and output a single integer between 0 and the stated maximum (inclusive). Do not output any explanation or extra text.

# Assignment and Rubric:
You are a meticulous teaching assistant who grades student responses according to the provided rubric and reference materials.

### Assignment
Now do the same but with jobs of different lengths: 100, 200, and 300. The commands are (./scheduler.py -p SJF -l 100,200,300) and (./scheduler.py -p FIFO -l 100,200,300). Compute the response time and turnaround time for SJF and FIFO? What if you change the order of the job length? Try different orders to find the difference.

### Rubric (Student-Facing)
1.For correct “Average reponse time and Turnaround time” for SJF (6.5 points)
2.For correct “Average reponse time and Turnaround time” for FIFO (6.5 points)
3.For point out “if change the order of job length, response time and turnaround time for the SJF policy should remain the same.” (3 points) 
4.For correct explain “the results for FIFO policy in different orders will change.” (3 points)

### Instructor Criteria
case1: 
• For correct “Average reponse time and Turnaround time” for SJF (6.5 points)
• For correct “Average reponse time and Turnaround time” for FIFO (6.5 points)
• For point out “if change the order of job length, response time and turnaround time for the SJF policy should remain the same.” (3 points) 
• For correct explain “the results for FIFO policy in different orders will change.” (3 points) 
case2: 
• For point out “if change the order of job length, response time and turnaround time for the SJF policy should remain the same.” (3 points)  and explain the reason (6.5). 
• For correct explain “the results for FIFO policy in different orders will change.” (3 points) and explain the reason (6.5).

### Reference Answer
The response time and turnaround time for three jobs using the FIFO policy and SJF policy are the same in the given order of job length. If we change the order of job length, response time and turnaround time for the SJF policy should remain the same.
However, the results for FIFO policy in different orders will change. In particular, if we run these jobs in order 300, 200, 100, it makes FIFO perform poorly (the average response time is 266.67, and turnaround time is 466.67).

### Maximum Score
19

### Reference Materials
# scheduler.py
#! /usr/bin/env python

import sys
from optparse import OptionParser
import random

parser = OptionParser()
parser.add_option("-s", "--seed", default=0, help="the random seed",
                  action="store", type="int", dest="seed")
parser.add_option("-j", "--jobs", default=3, help="number of jobs in the system",
                  action="store", type="int", dest="jobs")
parser.add_option("-l", "--jlist", default="", help="instead of random jobs, provide a comma-separated list of run times",
                  action="store", type="string", dest="jlist")
parser.add_option("-m", "--maxlen", default=10, help="max length of job",
                  action="store", type="int", dest="maxlen")
parser.add_option("-p", "--policy", default="FIFO", help="sched policy to use: SJF, FIFO, RR",
                  action="store", type="string", dest="policy")
parser.add_option("-q", "--quantum", help="length of time slice for RR policy", default=1,
                  action="store", type="int", dest="quantum")
parser.add_option("-c", help="compute answers for me", action="store_true", default=False, dest="solve")

(options, args) = parser.parse_args()

random.seed(options.seed)

print 'ARG policy', options.policy
if options.jlist == '':
    print 'ARG jobs', options.jobs
    print 'ARG maxlen', options.maxlen
    print 'ARG seed', options.seed
else:
    print 'ARG jlist', options.jlist

print ''

print 'Here is the job list, with the run time of each job: '

import operator

joblist = []
if options.jlist == '':
    for jobnum in range(0,options.jobs):
        runtime = int(options.maxlen * random.random()) + 1
        joblist.append([jobnum, runtime])
        print '  Job', jobnum, '( length = ' + str(runtime) + ' )'
else:
    jobnum = 0
    for runtime in options.jlist.split(','):
        joblist.append([jobnum, float(runtime)])
        jobnum += 1
    for job in joblist:
        print '  Job', job[0], '( length = ' + str(job[1]) + ' )'
print '\n'

if options.solve == True:
    print '** Solutions **\n'
    if options.policy == 'SJF':
        joblist = sorted(joblist, key=operator.itemgetter(1))
        options.policy = 'FIFO'

    if options.policy == 'FIFO':
        thetime = 0
        print 'Execution trace:'
        for job in joblist:
            print '  [ time %3d ] Run job %d for %.2f secs ( DONE at %.2f )' % (thetime, job[0], job[1], thetime + job[1])
            thetime += job[1]

        print '\nFinal statistics:'
        t     = 0.0
        count = 0
        turnaroundSum = 0.0
        waitSum       = 0.0
        responseSum   = 0.0
        for tmp in joblist:
            jobnum  = tmp[0]
            runtime = tmp[1]

            response   = t
            turnaround = t + runtime
            wait       = t
            print '  Job %3d -- Response: %3.2f  Turnaround %3.2f  Wait %3.2f' % (jobnum, response, turnaround, wait)
            responseSum   += response
            turnaroundSum += turnaround
            waitSum       += wait
            t += runtime
            count = count + 1
        print '\n  Average -- Response: %3.2f  Turnaround %3.2f  Wait %3.2f\n' % (responseSum/count, turnaroundSum/count, waitSum/count)

    if options.policy == 'RR':
        print 'Execution trace:'
        turnaround = {}
        response = {}
        lastran = {}
        wait = {}
        quantum  = float(options.quantum)
        jobcount = len(joblist)
        for i in range(0,jobcount):
            lastran[i] = 0.0
            wait[i] = 0.0
            turnaround[i] = 0.0
            response[i] = -1

        runlist = []
        for e in joblist:
            runlist.append(e)

        thetime  = 0.0
        while jobcount > 0:
            # print '%d jobs remaining' % jobcount
            job = runlist.pop(0)
            jobnum  = job[0]
            runtime = float(job[1])
            if response[jobnum] == -1:
                response[jobnum] = thetime
            currwait = thetime - lastran[jobnum]
            wait[jobnum] += currwait
            if runtime > quantum:
                runtime -= quantum
                ranfor = quantum
                print '  [ time %3d ] Run job %3d for %.2f secs' % (thetime, jobnum, ranfor)
                runlist.append([jobnum, runtime])
            else:
                ranfor = runtime;
                print '  [ time %3d ] Run job %3d for %.2f secs ( DONE at %.2f )' % (thetime, jobnum, ranfor, thetime + ranfor)
                turnaround[jobnum] = thetime + ranfor
                jobcount -= 1
            thetime += ranfor
            lastran[jobnum] = thetime

        print '\nFinal statistics:'
        turnaroundSum = 0.0
        waitSum       = 0.0
        responseSum   = 0.0
        for i in range(0,len(joblist)):
            turnaroundSum += turnaround[i]
            responseSum += response[i]
            waitSum += wait[i]
            print '  Job %3d -- Response: %3.2f  Turnaround %3.2f  Wait %3.2f' % (i, response[i], turnaround[i], wait[i])
        count = len(joblist)

        print '\n  Average -- Response: %3.2f  Turnaround %3.2f  Wait %3.2f\n' % (responseSum/count, turnaroundSum/count, waitSum/count)

    if options.policy != 'FIFO' and options.policy != 'SJF' and options.policy != 'RR':
        print 'Error: Policy', options.policy, 'is not available.'
        sys.exit(0)
else:
    print 'Compute the turnaround time, response time, and wait time for each job.'
    print 'When you are done, run this program again, with the same arguments,'
    print 'but with -c, which will thus provide you with the answers. You can use'
    print '-s <somenumber> or your own job list (-l 10,15,20 for example)'
    print 'to generate different problems for yourself.'
    print ''

# Student Answer:
When changing the order of the length to 
“ ./scheduler.py -p SJF -l 300,200,100 ”, the scheduler will execute the last jobs first because it has the shortest length, then the execute the second and last the first. However, the change of the order of the jobs length will still execute from the first to the last job as it is FIFO.

# Output Format:
Return a single integer score only.
[INFO] 2025-09-27 18:59:49,651 System prompt: You are a meticulous teaching assistant who grades student responses according to the rubric that accompanies each prompt. You must return an integer score only.
[DEBUG] 2025-09-27 18:59:49,652 Full System prompt:
You are a meticulous teaching assistant who grades student responses according to the rubric that accompanies each prompt. You must return an integer score only.
[INFO] 2025-09-27 18:59:49,652 User prompt: You will receive an instruction with embedded rubric details, the maximum score, and a student answer. Read the rubric carefully, compare it to the answer, and output a single integer between 0 and...
[DEBUG] 2025-09-27 18:59:49,652 Full User prompt:
You will receive an instruction with embedded rubric details, the maximum score, and a student answer. Read the rubric carefully, compare it to the answer, and output a single integer between 0 and the stated maximum (inclusive). Do not output any explanation or extra text.

# Assignment and Rubric:
You are a meticulous teaching assistant who grades student responses according to the provided rubric and reference materials.

### Assignment
Now let’s look at vector-avoid-hold-and-wait.c. What is the main problem with this approach? How does its performance compare to the other versions (i.e., vector-global-order and vector-try-wait), when running both with -p and without it?

### Rubric (Student-Facing)
three-subquestions, 5 points for each subquestion.
• For explain “main problem” (5 points)
• For explain the setting “without the -p flag” (5 points)
• For explain the setting “with the -p flag” (5 points)

### Instructor Criteria
three-subquestions, 5 points for each subquestion.
• For explain “main problem” (5 points)
• For explain the setting “without the -p flag” (5 points)
• For explain the setting “with the -p flag” (5 points)

### Reference Answer
The main problem with this approach is that it is too coarse: the global lock (which protects the acquisition of all the other locks) will be under contention even when the vectors being manipulated by each thread is different. The run times under heavy contention (without the -p flag) very close to those for vector-global-order. For the high parallelism (with the -p flag) case, vector-avoid-hold-and-wait performs as it does under high contention, but about twice as slow as vector-global-order under high parallelism. Consequently, the comparison between vector-global-order and vector-try-wait holds here as well.

### Maximum Score
15

### Reference Materials
# Makefile
ALL = vector-deadlock vector-global-order vector-try-wait vector-avoid-hold-and-wait vector-nolock
COMMON = vector-header.h main-common.c main-header.h

all: $(ALL)

clean:
	rm -f $(ALL) *~

vector-deadlock: vector-deadlock.c $(COMMON)
	gcc -o vector-deadlock vector-deadlock.c -Wall -pthread -O

vector-global-order: vector-global-order.c $(COMMON)
	gcc -o vector-global-order vector-global-order.c -Wall -pthread -O

vector-try-wait: vector-try-wait.c $(COMMON)
	gcc -o vector-try-wait vector-try-wait.c -Wall -pthread -O

vector-avoid-hold-and-wait: vector-avoid-hold-and-wait.c $(COMMON)
	gcc -o vector-avoid-hold-and-wait vector-avoid-hold-and-wait.c -Wall -pthread -O

vector-nolock: vector-nolock.c $(COMMON)
	gcc -o vector-nolock vector-nolock.c -Wall -pthread -O

# main-common.c
vector_t v[2 * MAX_THREADS];

// used to ensure print outs make sense
pthread_mutex_t print_lock = PTHREAD_MUTEX_INITIALIZER;

void usage(char *prog) {
    fprintf(stderr, "usage: %s [-d (turn on deadlocking behavior)] [-l loops] [-n num_threads] [-t (do timing)] [-v (for verbose)]\n", prog);
    exit(1);
}

// only called by one thread (not thread-safe)
void vector_init(vector_t *v, int value) {
    int i;
    for (i = 0; i < VECTOR_SIZE; i++) {
	v->values[i] = value;
    }
    Pthread_mutex_init(&v->lock, NULL);
}

// only called by one thread (not thread-safe)
void vector_print(vector_t *v, char *str) {
    int i;
    for (i = 0; i < VECTOR_SIZE; i++) {
	printf("%s[%d] %d\n", str, i, v->values[i]);
    }
}

void print_info(int call_return, int thread_id, int v0, int v1) {
    if (verbose == 0)
	return;
    Pthread_mutex_lock(&print_lock);
    int j;
    for (j = 0; j < thread_id; j++) printf("              ");
    if (call_return)
	printf("<-add(%d, %d)\n", v0, v1);
    else
	printf("->add(%d, %d)\n", v0, v1);
    Pthread_mutex_unlock(&print_lock);
}

typedef struct __thread_arg_t {
    int tid;
    int vector_add_order;
    int vector_0;
    int vector_1;
} thread_arg_t;

void *worker(void *arg) {
    thread_arg_t *args = (thread_arg_t *) arg;
    int i, v0, v1;
    for (i = 0; i < loops; i++) {
	if (args->vector_add_order == 0) {
	    v0 = args->vector_0;
	    v1 = args->vector_1;
	} else {
	    v0 = args->vector_1;
	    v1 = args->vector_0;
	}

	print_info(0, args->tid, v0, v1);

	vector_add(&v[v0], &v[v1]);

	print_info(1, args->tid, v0, v1);
    }
    return NULL;
}

int main(int argc, char *argv[]) {
    opterr = 0;
    int c;
    while ((c = getopt (argc, argv, "l:n:vtdp")) != -1) {
	switch (c) {
	case 'l':
	    loops = atoi(optarg);
	    break;
	case 'n':
	    num_threads = atoi(optarg);
	    break;
	case 'v':
	    verbose = 1;
	    break;
	case 't':
	    do_timing = 1;
	    break;
	case 'd':
	    cause_deadlock = 1;
	    break;
	case 'p':
	    enable_parallelism = 1;
	    break;
	default:
	    usage(argv[0]);
	}
    }

    assert(num_threads < MAX_THREADS);

    pthread_t pid[MAX_THREADS];
    thread_arg_t args[MAX_THREADS];
    int i;
    for (i = 0; i < num_threads; i++) {
	args[i].tid = i;
	if (enable_parallelism == 0) {
	    args[i].vector_0 = 0;
	    args[i].vector_1 = 1;
	} else {
	    args[i].vector_0 = i * 2;
	    args[i].vector_1 = i * 2 + 1;
	}

	if (cause_deadlock && i % 2 == 1)
	    args[i].vector_add_order = 1;
	else
	    args[i].vector_add_order = 0;
    }

    for (i = 0; i < 2 * MAX_THREADS; i++)
	vector_init(&v[i], i);

    double t1 = Time_GetSeconds();

    for (i = 0; i < num_threads; i++)
	Pthread_create(&pid[i], NULL, worker, (void *) &args[i]);
    for (i = 0; i < num_threads; i++)
	Pthread_join(pid[i], NULL);

    double t2 = Time_GetSeconds();

    fini();
    if (do_timing) {
	printf("Time: %.2f seconds\n", t2 - t1);
    }

    //vector_print(&v[0], "v1");
    //vector_print(&v[1], "v2");
    return 0;
}

# main-header.h
#ifndef __main_header_h__
#define __main_header_h__

#define MAX_THREADS (100)

int loops = 1;
int verbose = 0;
int num_threads = 2;
int do_timing = 0;
int cause_deadlock = 0;
int enable_parallelism = 0;

#endif // __main_header_h__

# mythreads.h
#ifndef __MYTHREADS_h__
#define __MYTHREADS_h__

#include <pthread.h>
#include <assert.h>
#include <stdlib.h>
#include <sys/time.h>

void *Malloc(size_t size) {
    void *rc = malloc(size);
    assert(rc != NULL);
    return rc;
}

double Time_GetSeconds() {
    struct timeval t;
    int rc = gettimeofday(&t, NULL);
    assert(rc == 0);
    return (double) ((double)t.tv_sec + (double)t.tv_usec / 1e6);
}

void Pthread_mutex_init(pthread_mutex_t *mutex,
			const pthread_mutexattr_t *attr) {
    int rc = pthread_mutex_init(mutex, attr);
    assert(rc == 0);
}


void Pthread_mutex_lock(pthread_mutex_t *m) {
    int rc = pthread_mutex_lock(m);
    assert(rc == 0);
}

void Pthread_mutex_unlock(pthread_mutex_t *m) {
    int rc = pthread_mutex_unlock(m);
    assert(rc == 0);
}

void Pthread_create(pthread_t *thread, const pthread_attr_t *attr,
		    void *(*start_routine)(void*), void *arg) {
    int rc = pthread_create(thread, attr, start_routine, arg);
    assert(rc == 0);
}

void Pthread_join(pthread_t thread, void **value_ptr) {
    int rc = pthread_join(thread, value_ptr);
    assert(rc == 0);
}



#endif // __MYTHREADS_h__

# vector-avoid-hold-and-wait.c
#include <stdio.h>
#include <stdlib.h>
#include <string.h>

#include <unistd.h>

#include "mythreads.h"

#include "main-header.h"
#include "vector-header.h"

// use this to make lock acquisition ATOMIC
pthread_mutex_t global = PTHREAD_MUTEX_INITIALIZER;

void vector_add(vector_t *v_dst, vector_t *v_src) {
    // put GLOBAL lock around all lock acquisition...
    Pthread_mutex_lock(&global);
    Pthread_mutex_lock(&v_dst->lock);
    Pthread_mutex_lock(&v_src->lock);
    Pthread_mutex_unlock(&global);
    int i;
    for (i = 0; i < VECTOR_SIZE; i++) {
	v_dst->values[i] = v_dst->values[i] + v_src->values[i];
    }
    Pthread_mutex_unlock(&v_dst->lock);
    Pthread_mutex_unlock(&v_src->lock);
}

void fini() {}

#include "main-common.c"

# vector-deadlock.c
#include <stdio.h>
#include <stdlib.h>
#include <string.h>
#include <unistd.h>

#include "mythreads.h"

#include "main-header.h"
#include "vector-header.h"

void vector_add(vector_t *v_dst, vector_t *v_src) {
    Pthread_mutex_lock(&v_dst->lock);
    Pthread_mutex_lock(&v_src->lock);
    int i;
    for (i = 0; i < VECTOR_SIZE; i++) {
	v_dst->values[i] = v_dst->values[i] + v_src->values[i];
    }
    Pthread_mutex_unlock(&v_dst->lock);
    Pthread_mutex_unlock(&v_src->lock);
}

void fini() {}

#include "main-common.c"

# vector-global-order.c
#include <stdio.h>
#include <stdlib.h>
#include <string.h>
#include <unistd.h>

#include "mythreads.h"

#include "main-header.h"
#include "vector-header.h"

void vector_add(vector_t *v_dst, vector_t *v_src) {
    if (v_dst < v_src) {
	Pthread_mutex_lock(&v_dst->lock);
	Pthread_mutex_lock(&v_src->lock);
    } else if (v_dst > v_src) {
	Pthread_mutex_lock(&v_src->lock);
	Pthread_mutex_lock(&v_dst->lock);
    } else {
	// special case: src and dst are the same
	Pthread_mutex_lock(&v_src->lock);
    }
    int i;
    for (i = 0; i < VECTOR_SIZE; i++) {
	v_dst->values[i] = v_dst->values[i] + v_src->values[i];
    }
    Pthread_mutex_unlock(&v_src->lock);
    if (v_dst != v_src)
	Pthread_mutex_unlock(&v_dst->lock);
}

void fini() {}


#include "main-common.c"

# vector-header.h
#ifndef __vector_header_h__
#define __vector_header_h__

#define VECTOR_SIZE (100)

typedef struct __vector {
    pthread_mutex_t lock;
    int values[VECTOR_SIZE];
} vector_t;


#endif // __vector_header_h__

# vector-nolock.c
#include <stdio.h>
#include <stdlib.h>
#include <string.h>
#include <unistd.h>

#include "mythreads.h"

#include "main-header.h"
#include "vector-header.h"

// taken from https://en.wikipedia.org/wiki/Fetch-and-add
int fetch_and_add(int * variable, int value) {
    asm volatile("lock; xaddl %%eax, %2;"
		 :"=a" (value)
		 :"a" (value), "m" (*variable)
		 :"memory");
    return value;
}

void vector_add(vector_t *v_dst, vector_t *v_src) {
    int i;
    for (i = 0; i < VECTOR_SIZE; i++) {
	fetch_and_add(&v_dst->values[i], v_src->values[i]);
    }
}

void fini() {}


#include "main-common.c"

# vector-try-wait.c
#include <stdio.h>
#include <stdlib.h>
#include <string.h>
#include <unistd.h>

#include "mythreads.h"

#include "main-header.h"
#include "vector-header.h"

int retry = 0;

void vector_add(vector_t *v_dst, vector_t *v_src) {
  top:
    if (pthread_mutex_trylock(&v_dst->lock) != 0) {
	goto top;
    }
    if (pthread_mutex_trylock(&v_src->lock) != 0) {
	retry++;
	Pthread_mutex_unlock(&v_dst->lock);
	goto top;
    }
    int i;
    for (i = 0; i < VECTOR_SIZE; i++) {
	v_dst->values[i] = v_dst->values[i] + v_src->values[i];
    }
    Pthread_mutex_unlock(&v_dst->lock);
    Pthread_mutex_unlock(&v_src->lock);
}

void fini() {
    printf("Retries: %d\n", retry);
}

#include "main-common.c"

# Student Answer:
With -p it is slightly slower than global order. Without -p it is in the middle between two methods.

# Output Format:
Return a single integer score only.
[INFO] 2025-09-27 18:59:49,653 Assignment: Now let’s look at vector-avoid-hold-and-wait.c. What is the main problem with this approach? How does its performance compare to the other versions (i.e., vector-global-order and vector-try-wait), ...
[DEBUG] 2025-09-27 18:59:49,653 Full Assignment:
Now let’s look at vector-avoid-hold-and-wait.c. What is the main problem with this approach? How does its performance compare to the other versions (i.e., vector-global-order and vector-try-wait), when running both with -p and without it?
[INFO] 2025-09-27 18:59:49,653 Rubric: three-subquestions, 5 points for each subquestion.
• For explain “main problem” (5 points)
• For explain the setting “without the -p flag” (5 points)
• For explain the setting “with the -p flag” (5...
[DEBUG] 2025-09-27 18:59:49,654 Full Rubric:
three-subquestions, 5 points for each subquestion.
• For explain “main problem” (5 points)
• For explain the setting “without the -p flag” (5 points)
• For explain the setting “with the -p flag” (5 points)
[INFO] 2025-09-27 18:59:49,654 Instructor criteria: three-subquestions, 5 points for each subquestion.
• For explain “main problem” (5 points)
• For explain the setting “without the -p flag” (5 points)
• For explain the setting “with the -p flag” (5...
[DEBUG] 2025-09-27 18:59:49,654 Full Instructor criteria:
three-subquestions, 5 points for each subquestion.
• For explain “main problem” (5 points)
• For explain the setting “without the -p flag” (5 points)
• For explain the setting “with the -p flag” (5 points)
[INFO] 2025-09-27 18:59:49,654 Reference answer: The main problem with this approach is that it is too coarse: the global lock (which protects the acquisition of all the other locks) will be under contention even when the vectors being manipulate...
[DEBUG] 2025-09-27 18:59:49,654 Full Reference answer:
The main problem with this approach is that it is too coarse: the global lock (which protects the acquisition of all the other locks) will be under contention even when the vectors being manipulated by each thread is different. The run times under heavy contention (without the -p flag) very close to those for vector-global-order. For the high parallelism (with the -p flag) case, vector-avoid-hold-and-wait performs as it does under high contention, but about twice as slow as vector-global-order under high parallelism. Consequently, the comparison between vector-global-order and vector-try-wait holds here as well.
[INFO] 2025-09-27 18:59:49,654 Maximum score: 15
[INFO] 2025-09-27 18:59:49,655 Reference materials: Makefile, main-common.c, main-header.h, mythreads.h, vector-avoid-hold-and-wait.c, vector-deadlock.c, vector-global-order.c, vector-header.h, vector-nolock.c, vector-try-wait.c
[DEBUG] 2025-09-27 18:59:49,655 Full Reference materials:
Makefile, main-common.c, main-header.h, mythreads.h, vector-avoid-hold-and-wait.c, vector-deadlock.c, vector-global-order.c, vector-header.h, vector-nolock.c, vector-try-wait.c
[DEBUG] 2025-09-27 18:59:49,655 Reference material [Makefile]:
ALL = vector-deadlock vector-global-order vector-try-wait vector-avoid-hold-and-wait vector-nolock
COMMON = vector-header.h main-common.c main-header.h

all: $(ALL)

clean:
	rm -f $(ALL) *~

vector-deadlock: vector-deadlock.c $(COMMON)
	gcc -o vector-deadlock vector-deadlock.c -Wall -pthread -O

vector-global-order: vector-global-order.c $(COMMON)
	gcc -o vector-global-order vector-global-order.c -Wall -pthread -O

vector-try-wait: vector-try-wait.c $(COMMON)
	gcc -o vector-try-wait vector-try-wait.c -Wall -pthread -O

vector-avoid-hold-and-wait: vector-avoid-hold-and-wait.c $(COMMON)
	gcc -o vector-avoid-hold-and-wait vector-avoid-hold-and-wait.c -Wall -pthread -O

vector-nolock: vector-nolock.c $(COMMON)
	gcc -o vector-nolock vector-nolock.c -Wall -pthread -O
[DEBUG] 2025-09-27 18:59:49,656 Reference material [main-common.c]:
vector_t v[2 * MAX_THREADS];

// used to ensure print outs make sense
pthread_mutex_t print_lock = PTHREAD_MUTEX_INITIALIZER;

void usage(char *prog) {
    fprintf(stderr, "usage: %s [-d (turn on deadlocking behavior)] [-l loops] [-n num_threads] [-t (do timing)] [-v (for verbose)]\n", prog);
    exit(1);
}

// only called by one thread (not thread-safe)
void vector_init(vector_t *v, int value) {
    int i;
    for (i = 0; i < VECTOR_SIZE; i++) {
	v->values[i] = value;
    }
    Pthread_mutex_init(&v->lock, NULL);
}

// only called by one thread (not thread-safe)
void vector_print(vector_t *v, char *str) {
    int i;
    for (i = 0; i < VECTOR_SIZE; i++) {
	printf("%s[%d] %d\n", str, i, v->values[i]);
    }
}

void print_info(int call_return, int thread_id, int v0, int v1) {
    if (verbose == 0)
	return;
    Pthread_mutex_lock(&print_lock);
    int j;
    for (j = 0; j < thread_id; j++) printf("              ");
    if (call_return)
	printf("<-add(%d, %d)\n", v0, v1);
    else
	printf("->add(%d, %d)\n", v0, v1);
    Pthread_mutex_unlock(&print_lock);
}

typedef struct __thread_arg_t {
    int tid;
    int vector_add_order;
    int vector_0;
    int vector_1;
} thread_arg_t;

void *worker(void *arg) {
    thread_arg_t *args = (thread_arg_t *) arg;
    int i, v0, v1;
    for (i = 0; i < loops; i++) {
	if (args->vector_add_order == 0) {
	    v0 = args->vector_0;
	    v1 = args->vector_1;
	} else {
	    v0 = args->vector_1;
	    v1 = args->vector_0;
	}

	print_info(0, args->tid, v0, v1);

	vector_add(&v[v0], &v[v1]);

	print_info(1, args->tid, v0, v1);
    }
    return NULL;
}

int main(int argc, char *argv[]) {
    opterr = 0;
    int c;
    while ((c = getopt (argc, argv, "l:n:vtdp")) != -1) {
	switch (c) {
	case 'l':
	    loops = atoi(optarg);
	    break;
	case 'n':
	    num_threads = atoi(optarg);
	    break;
	case 'v':
	    verbose = 1;
	    break;
	case 't':
	    do_timing = 1;
	    break;
	case 'd':
	    cause_deadlock = 1;
	    break;
	case 'p':
	    enable_parallelism = 1;
	    break;
	default:
	    usage(argv[0]);
	}
    }

    assert(num_threads < MAX_THREADS);

    pthread_t pid[MAX_THREADS];
    thread_arg_t args[MAX_THREADS];
    int i;
    for (i = 0; i < num_threads; i++) {
	args[i].tid = i;
	if (enable_parallelism == 0) {
	    args[i].vector_0 = 0;
	    args[i].vector_1 = 1;
	} else {
	    args[i].vector_0 = i * 2;
	    args[i].vector_1 = i * 2 + 1;
	}

	if (cause_deadlock && i % 2 == 1)
	    args[i].vector_add_order = 1;
	else
	    args[i].vector_add_order = 0;
    }

    for (i = 0; i < 2 * MAX_THREADS; i++)
	vector_init(&v[i], i);

    double t1 = Time_GetSeconds();

    for (i = 0; i < num_threads; i++)
	Pthread_create(&pid[i], NULL, worker, (void *) &args[i]);
    for (i = 0; i < num_threads; i++)
	Pthread_join(pid[i], NULL);

    double t2 = Time_GetSeconds();

    fini();
    if (do_timing) {
	printf("Time: %.2f seconds\n", t2 - t1);
    }

    //vector_print(&v[0], "v1");
    //vector_print(&v[1], "v2");
    return 0;
}
[DEBUG] 2025-09-27 18:59:49,656 Reference material [main-header.h]:
#ifndef __main_header_h__
#define __main_header_h__

#define MAX_THREADS (100)

int loops = 1;
int verbose = 0;
int num_threads = 2;
int do_timing = 0;
int cause_deadlock = 0;
int enable_parallelism = 0;

#endif // __main_header_h__
[DEBUG] 2025-09-27 18:59:49,656 Reference material [mythreads.h]:
#ifndef __MYTHREADS_h__
#define __MYTHREADS_h__

#include <pthread.h>
#include <assert.h>
#include <stdlib.h>
#include <sys/time.h>

void *Malloc(size_t size) {
    void *rc = malloc(size);
    assert(rc != NULL);
    return rc;
}

double Time_GetSeconds() {
    struct timeval t;
    int rc = gettimeofday(&t, NULL);
    assert(rc == 0);
    return (double) ((double)t.tv_sec + (double)t.tv_usec / 1e6);
}

void Pthread_mutex_init(pthread_mutex_t *mutex,
			const pthread_mutexattr_t *attr) {
    int rc = pthread_mutex_init(mutex, attr);
    assert(rc == 0);
}


void Pthread_mutex_lock(pthread_mutex_t *m) {
    int rc = pthread_mutex_lock(m);
    assert(rc == 0);
}

void Pthread_mutex_unlock(pthread_mutex_t *m) {
    int rc = pthread_mutex_unlock(m);
    assert(rc == 0);
}

void Pthread_create(pthread_t *thread, const pthread_attr_t *attr,
		    void *(*start_routine)(void*), void *arg) {
    int rc = pthread_create(thread, attr, start_routine, arg);
    assert(rc == 0);
}

void Pthread_join(pthread_t thread, void **value_ptr) {
    int rc = pthread_join(thread, value_ptr);
    assert(rc == 0);
}



#endif // __MYTHREADS_h__
[DEBUG] 2025-09-27 18:59:49,656 Reference material [vector-avoid-hold-and-wait.c]:
#include <stdio.h>
#include <stdlib.h>
#include <string.h>

#include <unistd.h>

#include "mythreads.h"

#include "main-header.h"
#include "vector-header.h"

// use this to make lock acquisition ATOMIC
pthread_mutex_t global = PTHREAD_MUTEX_INITIALIZER;

void vector_add(vector_t *v_dst, vector_t *v_src) {
    // put GLOBAL lock around all lock acquisition...
    Pthread_mutex_lock(&global);
    Pthread_mutex_lock(&v_dst->lock);
    Pthread_mutex_lock(&v_src->lock);
    Pthread_mutex_unlock(&global);
    int i;
    for (i = 0; i < VECTOR_SIZE; i++) {
	v_dst->values[i] = v_dst->values[i] + v_src->values[i];
    }
    Pthread_mutex_unlock(&v_dst->lock);
    Pthread_mutex_unlock(&v_src->lock);
}

void fini() {}

#include "main-common.c"
[DEBUG] 2025-09-27 18:59:49,656 Reference material [vector-deadlock.c]:
#include <stdio.h>
#include <stdlib.h>
#include <string.h>
#include <unistd.h>

#include "mythreads.h"

#include "main-header.h"
#include "vector-header.h"

void vector_add(vector_t *v_dst, vector_t *v_src) {
    Pthread_mutex_lock(&v_dst->lock);
    Pthread_mutex_lock(&v_src->lock);
    int i;
    for (i = 0; i < VECTOR_SIZE; i++) {
	v_dst->values[i] = v_dst->values[i] + v_src->values[i];
    }
    Pthread_mutex_unlock(&v_dst->lock);
    Pthread_mutex_unlock(&v_src->lock);
}

void fini() {}

#include "main-common.c"
[DEBUG] 2025-09-27 18:59:49,656 Reference material [vector-global-order.c]:
#include <stdio.h>
#include <stdlib.h>
#include <string.h>
#include <unistd.h>

#include "mythreads.h"

#include "main-header.h"
#include "vector-header.h"

void vector_add(vector_t *v_dst, vector_t *v_src) {
    if (v_dst < v_src) {
	Pthread_mutex_lock(&v_dst->lock);
	Pthread_mutex_lock(&v_src->lock);
    } else if (v_dst > v_src) {
	Pthread_mutex_lock(&v_src->lock);
	Pthread_mutex_lock(&v_dst->lock);
    } else {
	// special case: src and dst are the same
	Pthread_mutex_lock(&v_src->lock);
    }
    int i;
    for (i = 0; i < VECTOR_SIZE; i++) {
	v_dst->values[i] = v_dst->values[i] + v_src->values[i];
    }
    Pthread_mutex_unlock(&v_src->lock);
    if (v_dst != v_src)
	Pthread_mutex_unlock(&v_dst->lock);
}

void fini() {}


#include "main-common.c"
[DEBUG] 2025-09-27 18:59:49,656 Reference material [vector-header.h]:
#ifndef __vector_header_h__
#define __vector_header_h__

#define VECTOR_SIZE (100)

typedef struct __vector {
    pthread_mutex_t lock;
    int values[VECTOR_SIZE];
} vector_t;


#endif // __vector_header_h__
[DEBUG] 2025-09-27 18:59:49,656 Reference material [vector-nolock.c]:
#include <stdio.h>
#include <stdlib.h>
#include <string.h>
#include <unistd.h>

#include "mythreads.h"

#include "main-header.h"
#include "vector-header.h"

// taken from https://en.wikipedia.org/wiki/Fetch-and-add
int fetch_and_add(int * variable, int value) {
    asm volatile("lock; xaddl %%eax, %2;"
		 :"=a" (value)
		 :"a" (value), "m" (*variable)
		 :"memory");
    return value;
}

void vector_add(vector_t *v_dst, vector_t *v_src) {
    int i;
    for (i = 0; i < VECTOR_SIZE; i++) {
	fetch_and_add(&v_dst->values[i], v_src->values[i]);
    }
}

void fini() {}


#include "main-common.c"
[DEBUG] 2025-09-27 18:59:49,657 Reference material [vector-try-wait.c]:
#include <stdio.h>
#include <stdlib.h>
#include <string.h>
#include <unistd.h>

#include "mythreads.h"

#include "main-header.h"
#include "vector-header.h"

int retry = 0;

void vector_add(vector_t *v_dst, vector_t *v_src) {
  top:
    if (pthread_mutex_trylock(&v_dst->lock) != 0) {
	goto top;
    }
    if (pthread_mutex_trylock(&v_src->lock) != 0) {
	retry++;
	Pthread_mutex_unlock(&v_dst->lock);
	goto top;
    }
    int i;
    for (i = 0; i < VECTOR_SIZE; i++) {
	v_dst->values[i] = v_dst->values[i] + v_src->values[i];
    }
    Pthread_mutex_unlock(&v_dst->lock);
    Pthread_mutex_unlock(&v_src->lock);
}

void fini() {
    printf("Retries: %d\n", retry);
}

#include "main-common.c"
[INFO] 2025-09-27 18:59:49,657 Student answer: With -p it is slightly slower than global order. Without -p it is in the middle between two methods.
[DEBUG] 2025-09-27 18:59:49,657 Full Student answer:
With -p it is slightly slower than global order. Without -p it is in the middle between two methods.
[INFO] 2025-09-27 18:59:49,657 Output format: Return a single integer score only.
[DEBUG] 2025-09-27 18:59:49,658 Full Output format:
Return a single integer score only.
[INFO] 2025-09-27 18:59:49,658 Model outputs: Response #1:
2
[DEBUG] 2025-09-27 18:59:49,658 Full model outputs:
Response #1:
2
[DEBUG] 2025-09-27 18:59:49,658 Full prompt (ChatML):
[SYSTEM]
You are a meticulous teaching assistant who grades student responses according to the rubric that accompanies each prompt. You must return an integer score only.

[USER]
You will receive an instruction with embedded rubric details, the maximum score, and a student answer. Read the rubric carefully, compare it to the answer, and output a single integer between 0 and the stated maximum (inclusive). Do not output any explanation or extra text.

# Assignment and Rubric:
You are a meticulous teaching assistant who grades student responses according to the provided rubric and reference materials.

### Assignment
Now let’s look at vector-avoid-hold-and-wait.c. What is the main problem with this approach? How does its performance compare to the other versions (i.e., vector-global-order and vector-try-wait), when running both with -p and without it?

### Rubric (Student-Facing)
three-subquestions, 5 points for each subquestion.
• For explain “main problem” (5 points)
• For explain the setting “without the -p flag” (5 points)
• For explain the setting “with the -p flag” (5 points)

### Instructor Criteria
three-subquestions, 5 points for each subquestion.
• For explain “main problem” (5 points)
• For explain the setting “without the -p flag” (5 points)
• For explain the setting “with the -p flag” (5 points)

### Reference Answer
The main problem with this approach is that it is too coarse: the global lock (which protects the acquisition of all the other locks) will be under contention even when the vectors being manipulated by each thread is different. The run times under heavy contention (without the -p flag) very close to those for vector-global-order. For the high parallelism (with the -p flag) case, vector-avoid-hold-and-wait performs as it does under high contention, but about twice as slow as vector-global-order under high parallelism. Consequently, the comparison between vector-global-order and vector-try-wait holds here as well.

### Maximum Score
15

### Reference Materials
# Makefile
ALL = vector-deadlock vector-global-order vector-try-wait vector-avoid-hold-and-wait vector-nolock
COMMON = vector-header.h main-common.c main-header.h

all: $(ALL)

clean:
	rm -f $(ALL) *~

vector-deadlock: vector-deadlock.c $(COMMON)
	gcc -o vector-deadlock vector-deadlock.c -Wall -pthread -O

vector-global-order: vector-global-order.c $(COMMON)
	gcc -o vector-global-order vector-global-order.c -Wall -pthread -O

vector-try-wait: vector-try-wait.c $(COMMON)
	gcc -o vector-try-wait vector-try-wait.c -Wall -pthread -O

vector-avoid-hold-and-wait: vector-avoid-hold-and-wait.c $(COMMON)
	gcc -o vector-avoid-hold-and-wait vector-avoid-hold-and-wait.c -Wall -pthread -O

vector-nolock: vector-nolock.c $(COMMON)
	gcc -o vector-nolock vector-nolock.c -Wall -pthread -O

# main-common.c
vector_t v[2 * MAX_THREADS];

// used to ensure print outs make sense
pthread_mutex_t print_lock = PTHREAD_MUTEX_INITIALIZER;

void usage(char *prog) {
    fprintf(stderr, "usage: %s [-d (turn on deadlocking behavior)] [-l loops] [-n num_threads] [-t (do timing)] [-v (for verbose)]\n", prog);
    exit(1);
}

// only called by one thread (not thread-safe)
void vector_init(vector_t *v, int value) {
    int i;
    for (i = 0; i < VECTOR_SIZE; i++) {
	v->values[i] = value;
    }
    Pthread_mutex_init(&v->lock, NULL);
}

// only called by one thread (not thread-safe)
void vector_print(vector_t *v, char *str) {
    int i;
    for (i = 0; i < VECTOR_SIZE; i++) {
	printf("%s[%d] %d\n", str, i, v->values[i]);
    }
}

void print_info(int call_return, int thread_id, int v0, int v1) {
    if (verbose == 0)
	return;
    Pthread_mutex_lock(&print_lock);
    int j;
    for (j = 0; j < thread_id; j++) printf("              ");
    if (call_return)
	printf("<-add(%d, %d)\n", v0, v1);
    else
	printf("->add(%d, %d)\n", v0, v1);
    Pthread_mutex_unlock(&print_lock);
}

typedef struct __thread_arg_t {
    int tid;
    int vector_add_order;
    int vector_0;
    int vector_1;
} thread_arg_t;

void *worker(void *arg) {
    thread_arg_t *args = (thread_arg_t *) arg;
    int i, v0, v1;
    for (i = 0; i < loops; i++) {
	if (args->vector_add_order == 0) {
	    v0 = args->vector_0;
	    v1 = args->vector_1;
	} else {
	    v0 = args->vector_1;
	    v1 = args->vector_0;
	}

	print_info(0, args->tid, v0, v1);

	vector_add(&v[v0], &v[v1]);

	print_info(1, args->tid, v0, v1);
    }
    return NULL;
}

int main(int argc, char *argv[]) {
    opterr = 0;
    int c;
    while ((c = getopt (argc, argv, "l:n:vtdp")) != -1) {
	switch (c) {
	case 'l':
	    loops = atoi(optarg);
	    break;
	case 'n':
	    num_threads = atoi(optarg);
	    break;
	case 'v':
	    verbose = 1;
	    break;
	case 't':
	    do_timing = 1;
	    break;
	case 'd':
	    cause_deadlock = 1;
	    break;
	case 'p':
	    enable_parallelism = 1;
	    break;
	default:
	    usage(argv[0]);
	}
    }

    assert(num_threads < MAX_THREADS);

    pthread_t pid[MAX_THREADS];
    thread_arg_t args[MAX_THREADS];
    int i;
    for (i = 0; i < num_threads; i++) {
	args[i].tid = i;
	if (enable_parallelism == 0) {
	    args[i].vector_0 = 0;
	    args[i].vector_1 = 1;
	} else {
	    args[i].vector_0 = i * 2;
	    args[i].vector_1 = i * 2 + 1;
	}

	if (cause_deadlock && i % 2 == 1)
	    args[i].vector_add_order = 1;
	else
	    args[i].vector_add_order = 0;
    }

    for (i = 0; i < 2 * MAX_THREADS; i++)
	vector_init(&v[i], i);

    double t1 = Time_GetSeconds();

    for (i = 0; i < num_threads; i++)
	Pthread_create(&pid[i], NULL, worker, (void *) &args[i]);
    for (i = 0; i < num_threads; i++)
	Pthread_join(pid[i], NULL);

    double t2 = Time_GetSeconds();

    fini();
    if (do_timing) {
	printf("Time: %.2f seconds\n", t2 - t1);
    }

    //vector_print(&v[0], "v1");
    //vector_print(&v[1], "v2");
    return 0;
}

# main-header.h
#ifndef __main_header_h__
#define __main_header_h__

#define MAX_THREADS (100)

int loops = 1;
int verbose = 0;
int num_threads = 2;
int do_timing = 0;
int cause_deadlock = 0;
int enable_parallelism = 0;

#endif // __main_header_h__

# mythreads.h
#ifndef __MYTHREADS_h__
#define __MYTHREADS_h__

#include <pthread.h>
#include <assert.h>
#include <stdlib.h>
#include <sys/time.h>

void *Malloc(size_t size) {
    void *rc = malloc(size);
    assert(rc != NULL);
    return rc;
}

double Time_GetSeconds() {
    struct timeval t;
    int rc = gettimeofday(&t, NULL);
    assert(rc == 0);
    return (double) ((double)t.tv_sec + (double)t.tv_usec / 1e6);
}

void Pthread_mutex_init(pthread_mutex_t *mutex,
			const pthread_mutexattr_t *attr) {
    int rc = pthread_mutex_init(mutex, attr);
    assert(rc == 0);
}


void Pthread_mutex_lock(pthread_mutex_t *m) {
    int rc = pthread_mutex_lock(m);
    assert(rc == 0);
}

void Pthread_mutex_unlock(pthread_mutex_t *m) {
    int rc = pthread_mutex_unlock(m);
    assert(rc == 0);
}

void Pthread_create(pthread_t *thread, const pthread_attr_t *attr,
		    void *(*start_routine)(void*), void *arg) {
    int rc = pthread_create(thread, attr, start_routine, arg);
    assert(rc == 0);
}

void Pthread_join(pthread_t thread, void **value_ptr) {
    int rc = pthread_join(thread, value_ptr);
    assert(rc == 0);
}



#endif // __MYTHREADS_h__

# vector-avoid-hold-and-wait.c
#include <stdio.h>
#include <stdlib.h>
#include <string.h>

#include <unistd.h>

#include "mythreads.h"

#include "main-header.h"
#include "vector-header.h"

// use this to make lock acquisition ATOMIC
pthread_mutex_t global = PTHREAD_MUTEX_INITIALIZER;

void vector_add(vector_t *v_dst, vector_t *v_src) {
    // put GLOBAL lock around all lock acquisition...
    Pthread_mutex_lock(&global);
    Pthread_mutex_lock(&v_dst->lock);
    Pthread_mutex_lock(&v_src->lock);
    Pthread_mutex_unlock(&global);
    int i;
    for (i = 0; i < VECTOR_SIZE; i++) {
	v_dst->values[i] = v_dst->values[i] + v_src->values[i];
    }
    Pthread_mutex_unlock(&v_dst->lock);
    Pthread_mutex_unlock(&v_src->lock);
}

void fini() {}

#include "main-common.c"

# vector-deadlock.c
#include <stdio.h>
#include <stdlib.h>
#include <string.h>
#include <unistd.h>

#include "mythreads.h"

#include "main-header.h"
#include "vector-header.h"

void vector_add(vector_t *v_dst, vector_t *v_src) {
    Pthread_mutex_lock(&v_dst->lock);
    Pthread_mutex_lock(&v_src->lock);
    int i;
    for (i = 0; i < VECTOR_SIZE; i++) {
	v_dst->values[i] = v_dst->values[i] + v_src->values[i];
    }
    Pthread_mutex_unlock(&v_dst->lock);
    Pthread_mutex_unlock(&v_src->lock);
}

void fini() {}

#include "main-common.c"

# vector-global-order.c
#include <stdio.h>
#include <stdlib.h>
#include <string.h>
#include <unistd.h>

#include "mythreads.h"

#include "main-header.h"
#include "vector-header.h"

void vector_add(vector_t *v_dst, vector_t *v_src) {
    if (v_dst < v_src) {
	Pthread_mutex_lock(&v_dst->lock);
	Pthread_mutex_lock(&v_src->lock);
    } else if (v_dst > v_src) {
	Pthread_mutex_lock(&v_src->lock);
	Pthread_mutex_lock(&v_dst->lock);
    } else {
	// special case: src and dst are the same
	Pthread_mutex_lock(&v_src->lock);
    }
    int i;
    for (i = 0; i < VECTOR_SIZE; i++) {
	v_dst->values[i] = v_dst->values[i] + v_src->values[i];
    }
    Pthread_mutex_unlock(&v_src->lock);
    if (v_dst != v_src)
	Pthread_mutex_unlock(&v_dst->lock);
}

void fini() {}


#include "main-common.c"

# vector-header.h
#ifndef __vector_header_h__
#define __vector_header_h__

#define VECTOR_SIZE (100)

typedef struct __vector {
    pthread_mutex_t lock;
    int values[VECTOR_SIZE];
} vector_t;


#endif // __vector_header_h__

# vector-nolock.c
#include <stdio.h>
#include <stdlib.h>
#include <string.h>
#include <unistd.h>

#include "mythreads.h"

#include "main-header.h"
#include "vector-header.h"

// taken from https://en.wikipedia.org/wiki/Fetch-and-add
int fetch_and_add(int * variable, int value) {
    asm volatile("lock; xaddl %%eax, %2;"
		 :"=a" (value)
		 :"a" (value), "m" (*variable)
		 :"memory");
    return value;
}

void vector_add(vector_t *v_dst, vector_t *v_src) {
    int i;
    for (i = 0; i < VECTOR_SIZE; i++) {
	fetch_and_add(&v_dst->values[i], v_src->values[i]);
    }
}

void fini() {}


#include "main-common.c"

# vector-try-wait.c
#include <stdio.h>
#include <stdlib.h>
#include <string.h>
#include <unistd.h>

#include "mythreads.h"

#include "main-header.h"
#include "vector-header.h"

int retry = 0;

void vector_add(vector_t *v_dst, vector_t *v_src) {
  top:
    if (pthread_mutex_trylock(&v_dst->lock) != 0) {
	goto top;
    }
    if (pthread_mutex_trylock(&v_src->lock) != 0) {
	retry++;
	Pthread_mutex_unlock(&v_dst->lock);
	goto top;
    }
    int i;
    for (i = 0; i < VECTOR_SIZE; i++) {
	v_dst->values[i] = v_dst->values[i] + v_src->values[i];
    }
    Pthread_mutex_unlock(&v_dst->lock);
    Pthread_mutex_unlock(&v_src->lock);
}

void fini() {
    printf("Retries: %d\n", retry);
}

#include "main-common.c"

# Student Answer:
With -p it is slightly slower than global order. Without -p it is in the middle between two methods.

# Output Format:
Return a single integer score only.
[DEBUG] 2025-09-27 18:59:49,659 Metadata detail: {
  "question_id": "q3",
  "max_score": 15,
  "human_scores": [
    5.0,
    5,
    4
  ],
  "context_files": [
    {
      "relative_path": "Makefile",
      "content": "\nALL = vector-deadlock vector-global-order vector-try-wait vector-avoid-hold-and-wait vector-nolock\nCOMMON = vector-header.h main-common.c main-header.h\n\nall: $(ALL)\n\nclean:\n\trm -f $(ALL) *~\n\nvector-deadlock: vector-deadlock.c $(COMMON)\n\tgcc -o vector-deadlock vector-deadlock.c -Wall -pthread -O\n\nvector-global-order: vector-global-order.c $(COMMON)\n\tgcc -o vector-global-order vector-global-order.c -Wall -pthread -O\n\nvector-try-wait: vector-try-wait.c $(COMMON)\n\tgcc -o vector-try-wait vector-try-wait.c -Wall -pthread -O\n\nvector-avoid-hold-and-wait: vector-avoid-hold-and-wait.c $(COMMON)\n\tgcc -o vector-avoid-hold-and-wait vector-avoid-hold-and-wait.c -Wall -pthread -O\n\nvector-nolock: vector-nolock.c $(COMMON)\n\tgcc -o vector-nolock vector-nolock.c -Wall -pthread -O\n\n"
    },
    {
      "relative_path": "main-common.c",
      "content": "\nvector_t v[2 * MAX_THREADS];\n\n// used to ensure print outs make sense\npthread_mutex_t print_lock = PTHREAD_MUTEX_INITIALIZER;\n\nvoid usage(char *prog) {\n    fprintf(stderr, \"usage: %s [-d (turn on deadlocking behavior)] [-l loops] [-n num_threads] [-t (do timing)] [-v (for verbose)]\\n\", prog);\n    exit(1);\n}\n\n// only called by one thread (not thread-safe)\nvoid vector_init(vector_t *v, int value) {\n    int i;\n    for (i = 0; i < VECTOR_SIZE; i++) {\n\tv->values[i] = value;\n    }\n    Pthread_mutex_init(&v->lock, NULL);\n}\n\n// only called by one thread (not thread-safe)\nvoid vector_print(vector_t *v, char *str) {\n    int i;\n    for (i = 0; i < VECTOR_SIZE; i++) {\n\tprintf(\"%s[%d] %d\\n\", str, i, v->values[i]);\n    }\n}\n\nvoid print_info(int call_return, int thread_id, int v0, int v1) {\n    if (verbose == 0)\n\treturn;\n    Pthread_mutex_lock(&print_lock);\n    int j;\n    for (j = 0; j < thread_id; j++) printf(\"              \");\n    if (call_return)\n\tprintf(\"<-add(%d, %d)\\n\", v0, v1);\n    else\n\tprintf(\"->add(%d, %d)\\n\", v0, v1);\n    Pthread_mutex_unlock(&print_lock);\n}\n\ntypedef struct __thread_arg_t {\n    int tid;\n    int vector_add_order;\n    int vector_0;\n    int vector_1;\n} thread_arg_t;\n\nvoid *worker(void *arg) {\n    thread_arg_t *args = (thread_arg_t *) arg;\n    int i, v0, v1;\n    for (i = 0; i < loops; i++) {\n\tif (args->vector_add_order == 0) {\n\t    v0 = args->vector_0;\n\t    v1 = args->vector_1;\n\t} else {\n\t    v0 = args->vector_1;\n\t    v1 = args->vector_0;\n\t}\n\n\tprint_info(0, args->tid, v0, v1);\n\n\tvector_add(&v[v0], &v[v1]);\n\n\tprint_info(1, args->tid, v0, v1);\n    }\n    return NULL;\n}\n\nint main(int argc, char *argv[]) {\n    opterr = 0;\n    int c;\n    while ((c = getopt (argc, argv, \"l:n:vtdp\")) != -1) {\n\tswitch (c) {\n\tcase 'l':\n\t    loops = atoi(optarg);\n\t    break;\n\tcase 'n':\n\t    num_threads = atoi(optarg);\n\t    break;\n\tcase 'v':\n\t    verbose = 1;\n\t    break;\n\tcase 't':\n\t    do_timing = 1;\n\t    break;\n\tcase 'd':\n\t    cause_deadlock = 1;\n\t    break;\n\tcase 'p':\n\t    enable_parallelism = 1;\n\t    break;\n\tdefault:\n\t    usage(argv[0]);\n\t}\n    }\n\n    assert(num_threads < MAX_THREADS);\n\n    pthread_t pid[MAX_THREADS];\n    thread_arg_t args[MAX_THREADS];\n    int i;\n    for (i = 0; i < num_threads; i++) {\n\targs[i].tid = i;\n\tif (enable_parallelism == 0) {\n\t    args[i].vector_0 = 0;\n\t    args[i].vector_1 = 1;\n\t} else {\n\t    args[i].vector_0 = i * 2;\n\t    args[i].vector_1 = i * 2 + 1;\n\t}\n\n\tif (cause_deadlock && i % 2 == 1)\n\t    args[i].vector_add_order = 1;\n\telse\n\t    args[i].vector_add_order = 0;\n    }\n\n    for (i = 0; i < 2 * MAX_THREADS; i++)\n\tvector_init(&v[i], i);\n\n    double t1 = Time_GetSeconds();\n\n    for (i = 0; i < num_threads; i++)\n\tPthread_create(&pid[i], NULL, worker, (void *) &args[i]);\n    for (i = 0; i < num_threads; i++)\n\tPthread_join(pid[i], NULL);\n\n    double t2 = Time_GetSeconds();\n\n    fini();\n    if (do_timing) {\n\tprintf(\"Time: %.2f seconds\\n\", t2 - t1);\n    }\n\n    //vector_print(&v[0], \"v1\");\n    //vector_print(&v[1], \"v2\");\n    return 0;\n}\n"
    },
    {
      "relative_path": "main-header.h",
      "content": "#ifndef __main_header_h__\n#define __main_header_h__\n\n#define MAX_THREADS (100)\n\nint loops = 1;\nint verbose = 0;\nint num_threads = 2;\nint do_timing = 0;\nint cause_deadlock = 0;\nint enable_parallelism = 0;\n\n#endif // __main_header_h__\n"
    },
    {
      "relative_path": "mythreads.h",
      "content": "#ifndef __MYTHREADS_h__\n#define __MYTHREADS_h__\n\n#include <pthread.h>\n#include <assert.h>\n#include <stdlib.h>\n#include <sys/time.h>\n\nvoid *Malloc(size_t size) {\n    void *rc = malloc(size);\n    assert(rc != NULL);\n    return rc;\n}\n\ndouble Time_GetSeconds() {\n    struct timeval t;\n    int rc = gettimeofday(&t, NULL);\n    assert(rc == 0);\n    return (double) ((double)t.tv_sec + (double)t.tv_usec / 1e6);\n}\n\nvoid Pthread_mutex_init(pthread_mutex_t *mutex,\n\t\t\tconst pthread_mutexattr_t *attr) {\n    int rc = pthread_mutex_init(mutex, attr);\n    assert(rc == 0);\n}\n\n\nvoid Pthread_mutex_lock(pthread_mutex_t *m) {\n    int rc = pthread_mutex_lock(m);\n    assert(rc == 0);\n}\n\nvoid Pthread_mutex_unlock(pthread_mutex_t *m) {\n    int rc = pthread_mutex_unlock(m);\n    assert(rc == 0);\n}\n\nvoid Pthread_create(pthread_t *thread, const pthread_attr_t *attr,\n\t\t    void *(*start_routine)(void*), void *arg) {\n    int rc = pthread_create(thread, attr, start_routine, arg);\n    assert(rc == 0);\n}\n\nvoid Pthread_join(pthread_t thread, void **value_ptr) {\n    int rc = pthread_join(thread, value_ptr);\n    assert(rc == 0);\n}\n\n\n\n#endif // __MYTHREADS_h__\n"
    },
    {
      "relative_path": "vector-avoid-hold-and-wait.c",
      "content": "#include <stdio.h>\n#include <stdlib.h>\n#include <string.h>\n\n#include <unistd.h>\n\n#include \"mythreads.h\"\n\n#include \"main-header.h\"\n#include \"vector-header.h\"\n\n// use this to make lock acquisition ATOMIC\npthread_mutex_t global = PTHREAD_MUTEX_INITIALIZER;\n\nvoid vector_add(vector_t *v_dst, vector_t *v_src) {\n    // put GLOBAL lock around all lock acquisition...\n    Pthread_mutex_lock(&global);\n    Pthread_mutex_lock(&v_dst->lock);\n    Pthread_mutex_lock(&v_src->lock);\n    Pthread_mutex_unlock(&global);\n    int i;\n    for (i = 0; i < VECTOR_SIZE; i++) {\n\tv_dst->values[i] = v_dst->values[i] + v_src->values[i];\n    }\n    Pthread_mutex_unlock(&v_dst->lock);\n    Pthread_mutex_unlock(&v_src->lock);\n}\n\nvoid fini() {}\n\n#include \"main-common.c\"\n\n"
    },
    {
      "relative_path": "vector-deadlock.c",
      "content": "#include <stdio.h>\n#include <stdlib.h>\n#include <string.h>\n#include <unistd.h>\n\n#include \"mythreads.h\"\n\n#include \"main-header.h\"\n#include \"vector-header.h\"\n\nvoid vector_add(vector_t *v_dst, vector_t *v_src) {\n    Pthread_mutex_lock(&v_dst->lock);\n    Pthread_mutex_lock(&v_src->lock);\n    int i;\n    for (i = 0; i < VECTOR_SIZE; i++) {\n\tv_dst->values[i] = v_dst->values[i] + v_src->values[i];\n    }\n    Pthread_mutex_unlock(&v_dst->lock);\n    Pthread_mutex_unlock(&v_src->lock);\n}\n\nvoid fini() {}\n\n#include \"main-common.c\"\n"
    },
    {
      "relative_path": "vector-global-order.c",
      "content": "#include <stdio.h>\n#include <stdlib.h>\n#include <string.h>\n#include <unistd.h>\n\n#include \"mythreads.h\"\n\n#include \"main-header.h\"\n#include \"vector-header.h\"\n\nvoid vector_add(vector_t *v_dst, vector_t *v_src) {\n    if (v_dst < v_src) {\n\tPthread_mutex_lock(&v_dst->lock);\n\tPthread_mutex_lock(&v_src->lock);\n    } else if (v_dst > v_src) {\n\tPthread_mutex_lock(&v_src->lock);\n\tPthread_mutex_lock(&v_dst->lock);\n    } else {\n\t// special case: src and dst are the same\n\tPthread_mutex_lock(&v_src->lock);\n    }\n    int i;\n    for (i = 0; i < VECTOR_SIZE; i++) {\n\tv_dst->values[i] = v_dst->values[i] + v_src->values[i];\n    }\n    Pthread_mutex_unlock(&v_src->lock);\n    if (v_dst != v_src)\n\tPthread_mutex_unlock(&v_dst->lock);\n}\n\nvoid fini() {}\n\n\n#include \"main-common.c\"\n\n"
    },
    {
      "relative_path": "vector-header.h",
      "content": "#ifndef __vector_header_h__\n#define __vector_header_h__\n\n#define VECTOR_SIZE (100)\n\ntypedef struct __vector {\n    pthread_mutex_t lock;\n    int values[VECTOR_SIZE];\n} vector_t;\n\n\n#endif // __vector_header_h__\n\n"
    },
    {
      "relative_path": "vector-nolock.c",
      "content": "#include <stdio.h>\n#include <stdlib.h>\n#include <string.h>\n#include <unistd.h>\n\n#include \"mythreads.h\"\n\n#include \"main-header.h\"\n#include \"vector-header.h\"\n\n// taken from https://en.wikipedia.org/wiki/Fetch-and-add\nint fetch_and_add(int * variable, int value) {\n    asm volatile(\"lock; xaddl %%eax, %2;\"\n\t\t :\"=a\" (value)\n\t\t :\"a\" (value), \"m\" (*variable)\n\t\t :\"memory\");\n    return value;\n}\n\nvoid vector_add(vector_t *v_dst, vector_t *v_src) {\n    int i;\n    for (i = 0; i < VECTOR_SIZE; i++) {\n\tfetch_and_add(&v_dst->values[i], v_src->values[i]);\n    }\n}\n\nvoid fini() {}\n\n\n#include \"main-common.c\"\n\n"
    },
    {
      "relative_path": "vector-try-wait.c",
      "content": "#include <stdio.h>\n#include <stdlib.h>\n#include <string.h>\n#include <unistd.h>\n\n#include \"mythreads.h\"\n\n#include \"main-header.h\"\n#include \"vector-header.h\"\n\nint retry = 0;\n\nvoid vector_add(vector_t *v_dst, vector_t *v_src) {\n  top:\n    if (pthread_mutex_trylock(&v_dst->lock) != 0) {\n\tgoto top;\n    }\n    if (pthread_mutex_trylock(&v_src->lock) != 0) {\n\tretry++;\n\tPthread_mutex_unlock(&v_dst->lock);\n\tgoto top;\n    }\n    int i;\n    for (i = 0; i < VECTOR_SIZE; i++) {\n\tv_dst->values[i] = v_dst->values[i] + v_src->values[i];\n    }\n    Pthread_mutex_unlock(&v_dst->lock);\n    Pthread_mutex_unlock(&v_src->lock);\n}\n\nvoid fini() {\n    printf(\"Retries: %d\\n\", retry);\n}\n\n#include \"main-common.c\"\n\n"
    }
  ],
  "sections": {
    "assignment": "Now let’s look at vector-avoid-hold-and-wait.c. What is the main problem with this approach? How does its performance compare to the other versions (i.e., vector-global-order and vector-try-wait), when running both with -p and without it?",
    "rubric": "three-subquestions, 5 points for each subquestion.\n• For explain “main problem” (5 points)\n• For explain the setting “without the -p flag” (5 points)\n• For explain the setting “with the -p flag” (5 points)",
    "instructor_criteria": "three-subquestions, 5 points for each subquestion.\n• For explain “main problem” (5 points)\n• For explain the setting “without the -p flag” (5 points)\n• For explain the setting “with the -p flag” (5 points)",
    "reference_answer": "The main problem with this approach is that it is too coarse: the global lock (which protects the acquisition of all the other locks) will be under contention even when the vectors being manipulated by each thread is different. The run times under heavy contention (without the -p flag) very close to those for vector-global-order. For the high parallelism (with the -p flag) case, vector-avoid-hold-and-wait performs as it does under high contention, but about twice as slow as vector-global-order under high parallelism. Consequently, the comparison between vector-global-order and vector-try-wait holds here as well.",
    "max_score": 15,
    "reference_materials": [
      {
        "relative_path": "Makefile",
        "content": "ALL = vector-deadlock vector-global-order vector-try-wait vector-avoid-hold-and-wait vector-nolock\nCOMMON = vector-header.h main-common.c main-header.h\n\nall: $(ALL)\n\nclean:\n\trm -f $(ALL) *~\n\nvector-deadlock: vector-deadlock.c $(COMMON)\n\tgcc -o vector-deadlock vector-deadlock.c -Wall -pthread -O\n\nvector-global-order: vector-global-order.c $(COMMON)\n\tgcc -o vector-global-order vector-global-order.c -Wall -pthread -O\n\nvector-try-wait: vector-try-wait.c $(COMMON)\n\tgcc -o vector-try-wait vector-try-wait.c -Wall -pthread -O\n\nvector-avoid-hold-and-wait: vector-avoid-hold-and-wait.c $(COMMON)\n\tgcc -o vector-avoid-hold-and-wait vector-avoid-hold-and-wait.c -Wall -pthread -O\n\nvector-nolock: vector-nolock.c $(COMMON)\n\tgcc -o vector-nolock vector-nolock.c -Wall -pthread -O"
      },
      {
        "relative_path": "main-common.c",
        "content": "vector_t v[2 * MAX_THREADS];\n\n// used to ensure print outs make sense\npthread_mutex_t print_lock = PTHREAD_MUTEX_INITIALIZER;\n\nvoid usage(char *prog) {\n    fprintf(stderr, \"usage: %s [-d (turn on deadlocking behavior)] [-l loops] [-n num_threads] [-t (do timing)] [-v (for verbose)]\\n\", prog);\n    exit(1);\n}\n\n// only called by one thread (not thread-safe)\nvoid vector_init(vector_t *v, int value) {\n    int i;\n    for (i = 0; i < VECTOR_SIZE; i++) {\n\tv->values[i] = value;\n    }\n    Pthread_mutex_init(&v->lock, NULL);\n}\n\n// only called by one thread (not thread-safe)\nvoid vector_print(vector_t *v, char *str) {\n    int i;\n    for (i = 0; i < VECTOR_SIZE; i++) {\n\tprintf(\"%s[%d] %d\\n\", str, i, v->values[i]);\n    }\n}\n\nvoid print_info(int call_return, int thread_id, int v0, int v1) {\n    if (verbose == 0)\n\treturn;\n    Pthread_mutex_lock(&print_lock);\n    int j;\n    for (j = 0; j < thread_id; j++) printf(\"              \");\n    if (call_return)\n\tprintf(\"<-add(%d, %d)\\n\", v0, v1);\n    else\n\tprintf(\"->add(%d, %d)\\n\", v0, v1);\n    Pthread_mutex_unlock(&print_lock);\n}\n\ntypedef struct __thread_arg_t {\n    int tid;\n    int vector_add_order;\n    int vector_0;\n    int vector_1;\n} thread_arg_t;\n\nvoid *worker(void *arg) {\n    thread_arg_t *args = (thread_arg_t *) arg;\n    int i, v0, v1;\n    for (i = 0; i < loops; i++) {\n\tif (args->vector_add_order == 0) {\n\t    v0 = args->vector_0;\n\t    v1 = args->vector_1;\n\t} else {\n\t    v0 = args->vector_1;\n\t    v1 = args->vector_0;\n\t}\n\n\tprint_info(0, args->tid, v0, v1);\n\n\tvector_add(&v[v0], &v[v1]);\n\n\tprint_info(1, args->tid, v0, v1);\n    }\n    return NULL;\n}\n\nint main(int argc, char *argv[]) {\n    opterr = 0;\n    int c;\n    while ((c = getopt (argc, argv, \"l:n:vtdp\")) != -1) {\n\tswitch (c) {\n\tcase 'l':\n\t    loops = atoi(optarg);\n\t    break;\n\tcase 'n':\n\t    num_threads = atoi(optarg);\n\t    break;\n\tcase 'v':\n\t    verbose = 1;\n\t    break;\n\tcase 't':\n\t    do_timing = 1;\n\t    break;\n\tcase 'd':\n\t    cause_deadlock = 1;\n\t    break;\n\tcase 'p':\n\t    enable_parallelism = 1;\n\t    break;\n\tdefault:\n\t    usage(argv[0]);\n\t}\n    }\n\n    assert(num_threads < MAX_THREADS);\n\n    pthread_t pid[MAX_THREADS];\n    thread_arg_t args[MAX_THREADS];\n    int i;\n    for (i = 0; i < num_threads; i++) {\n\targs[i].tid = i;\n\tif (enable_parallelism == 0) {\n\t    args[i].vector_0 = 0;\n\t    args[i].vector_1 = 1;\n\t} else {\n\t    args[i].vector_0 = i * 2;\n\t    args[i].vector_1 = i * 2 + 1;\n\t}\n\n\tif (cause_deadlock && i % 2 == 1)\n\t    args[i].vector_add_order = 1;\n\telse\n\t    args[i].vector_add_order = 0;\n    }\n\n    for (i = 0; i < 2 * MAX_THREADS; i++)\n\tvector_init(&v[i], i);\n\n    double t1 = Time_GetSeconds();\n\n    for (i = 0; i < num_threads; i++)\n\tPthread_create(&pid[i], NULL, worker, (void *) &args[i]);\n    for (i = 0; i < num_threads; i++)\n\tPthread_join(pid[i], NULL);\n\n    double t2 = Time_GetSeconds();\n\n    fini();\n    if (do_timing) {\n\tprintf(\"Time: %.2f seconds\\n\", t2 - t1);\n    }\n\n    //vector_print(&v[0], \"v1\");\n    //vector_print(&v[1], \"v2\");\n    return 0;\n}"
      },
      {
        "relative_path": "main-header.h",
        "content": "#ifndef __main_header_h__\n#define __main_header_h__\n\n#define MAX_THREADS (100)\n\nint loops = 1;\nint verbose = 0;\nint num_threads = 2;\nint do_timing = 0;\nint cause_deadlock = 0;\nint enable_parallelism = 0;\n\n#endif // __main_header_h__"
      },
      {
        "relative_path": "mythreads.h",
        "content": "#ifndef __MYTHREADS_h__\n#define __MYTHREADS_h__\n\n#include <pthread.h>\n#include <assert.h>\n#include <stdlib.h>\n#include <sys/time.h>\n\nvoid *Malloc(size_t size) {\n    void *rc = malloc(size);\n    assert(rc != NULL);\n    return rc;\n}\n\ndouble Time_GetSeconds() {\n    struct timeval t;\n    int rc = gettimeofday(&t, NULL);\n    assert(rc == 0);\n    return (double) ((double)t.tv_sec + (double)t.tv_usec / 1e6);\n}\n\nvoid Pthread_mutex_init(pthread_mutex_t *mutex,\n\t\t\tconst pthread_mutexattr_t *attr) {\n    int rc = pthread_mutex_init(mutex, attr);\n    assert(rc == 0);\n}\n\n\nvoid Pthread_mutex_lock(pthread_mutex_t *m) {\n    int rc = pthread_mutex_lock(m);\n    assert(rc == 0);\n}\n\nvoid Pthread_mutex_unlock(pthread_mutex_t *m) {\n    int rc = pthread_mutex_unlock(m);\n    assert(rc == 0);\n}\n\nvoid Pthread_create(pthread_t *thread, const pthread_attr_t *attr,\n\t\t    void *(*start_routine)(void*), void *arg) {\n    int rc = pthread_create(thread, attr, start_routine, arg);\n    assert(rc == 0);\n}\n\nvoid Pthread_join(pthread_t thread, void **value_ptr) {\n    int rc = pthread_join(thread, value_ptr);\n    assert(rc == 0);\n}\n\n\n\n#endif // __MYTHREADS_h__"
      },
      {
        "relative_path": "vector-avoid-hold-and-wait.c",
        "content": "#include <stdio.h>\n#include <stdlib.h>\n#include <string.h>\n\n#include <unistd.h>\n\n#include \"mythreads.h\"\n\n#include \"main-header.h\"\n#include \"vector-header.h\"\n\n// use this to make lock acquisition ATOMIC\npthread_mutex_t global = PTHREAD_MUTEX_INITIALIZER;\n\nvoid vector_add(vector_t *v_dst, vector_t *v_src) {\n    // put GLOBAL lock around all lock acquisition...\n    Pthread_mutex_lock(&global);\n    Pthread_mutex_lock(&v_dst->lock);\n    Pthread_mutex_lock(&v_src->lock);\n    Pthread_mutex_unlock(&global);\n    int i;\n    for (i = 0; i < VECTOR_SIZE; i++) {\n\tv_dst->values[i] = v_dst->values[i] + v_src->values[i];\n    }\n    Pthread_mutex_unlock(&v_dst->lock);\n    Pthread_mutex_unlock(&v_src->lock);\n}\n\nvoid fini() {}\n\n#include \"main-common.c\""
      },
      {
        "relative_path": "vector-deadlock.c",
        "content": "#include <stdio.h>\n#include <stdlib.h>\n#include <string.h>\n#include <unistd.h>\n\n#include \"mythreads.h\"\n\n#include \"main-header.h\"\n#include \"vector-header.h\"\n\nvoid vector_add(vector_t *v_dst, vector_t *v_src) {\n    Pthread_mutex_lock(&v_dst->lock);\n    Pthread_mutex_lock(&v_src->lock);\n    int i;\n    for (i = 0; i < VECTOR_SIZE; i++) {\n\tv_dst->values[i] = v_dst->values[i] + v_src->values[i];\n    }\n    Pthread_mutex_unlock(&v_dst->lock);\n    Pthread_mutex_unlock(&v_src->lock);\n}\n\nvoid fini() {}\n\n#include \"main-common.c\""
      },
      {
        "relative_path": "vector-global-order.c",
        "content": "#include <stdio.h>\n#include <stdlib.h>\n#include <string.h>\n#include <unistd.h>\n\n#include \"mythreads.h\"\n\n#include \"main-header.h\"\n#include \"vector-header.h\"\n\nvoid vector_add(vector_t *v_dst, vector_t *v_src) {\n    if (v_dst < v_src) {\n\tPthread_mutex_lock(&v_dst->lock);\n\tPthread_mutex_lock(&v_src->lock);\n    } else if (v_dst > v_src) {\n\tPthread_mutex_lock(&v_src->lock);\n\tPthread_mutex_lock(&v_dst->lock);\n    } else {\n\t// special case: src and dst are the same\n\tPthread_mutex_lock(&v_src->lock);\n    }\n    int i;\n    for (i = 0; i < VECTOR_SIZE; i++) {\n\tv_dst->values[i] = v_dst->values[i] + v_src->values[i];\n    }\n    Pthread_mutex_unlock(&v_src->lock);\n    if (v_dst != v_src)\n\tPthread_mutex_unlock(&v_dst->lock);\n}\n\nvoid fini() {}\n\n\n#include \"main-common.c\""
      },
      {
        "relative_path": "vector-header.h",
        "content": "#ifndef __vector_header_h__\n#define __vector_header_h__\n\n#define VECTOR_SIZE (100)\n\ntypedef struct __vector {\n    pthread_mutex_t lock;\n    int values[VECTOR_SIZE];\n} vector_t;\n\n\n#endif // __vector_header_h__"
      },
      {
        "relative_path": "vector-nolock.c",
        "content": "#include <stdio.h>\n#include <stdlib.h>\n#include <string.h>\n#include <unistd.h>\n\n#include \"mythreads.h\"\n\n#include \"main-header.h\"\n#include \"vector-header.h\"\n\n// taken from https://en.wikipedia.org/wiki/Fetch-and-add\nint fetch_and_add(int * variable, int value) {\n    asm volatile(\"lock; xaddl %%eax, %2;\"\n\t\t :\"=a\" (value)\n\t\t :\"a\" (value), \"m\" (*variable)\n\t\t :\"memory\");\n    return value;\n}\n\nvoid vector_add(vector_t *v_dst, vector_t *v_src) {\n    int i;\n    for (i = 0; i < VECTOR_SIZE; i++) {\n\tfetch_and_add(&v_dst->values[i], v_src->values[i]);\n    }\n}\n\nvoid fini() {}\n\n\n#include \"main-common.c\""
      },
      {
        "relative_path": "vector-try-wait.c",
        "content": "#include <stdio.h>\n#include <stdlib.h>\n#include <string.h>\n#include <unistd.h>\n\n#include \"mythreads.h\"\n\n#include \"main-header.h\"\n#include \"vector-header.h\"\n\nint retry = 0;\n\nvoid vector_add(vector_t *v_dst, vector_t *v_src) {\n  top:\n    if (pthread_mutex_trylock(&v_dst->lock) != 0) {\n\tgoto top;\n    }\n    if (pthread_mutex_trylock(&v_src->lock) != 0) {\n\tretry++;\n\tPthread_mutex_unlock(&v_dst->lock);\n\tgoto top;\n    }\n    int i;\n    for (i = 0; i < VECTOR_SIZE; i++) {\n\tv_dst->values[i] = v_dst->values[i] + v_src->values[i];\n    }\n    Pthread_mutex_unlock(&v_dst->lock);\n    Pthread_mutex_unlock(&v_src->lock);\n}\n\nvoid fini() {\n    printf(\"Retries: %d\\n\", retry);\n}\n\n#include \"main-common.c\""
      }
    ]
  },
  "student_answer": "With -p it is slightly slower than global order. Without -p it is in the middle between two methods."
}
[INFO] 2025-09-27 18:59:49,665 Meta-evaluation sample (first 10 entries):
 idx |  model  |    h1   |    h2   |    h3   |   mean  |    std
---------------------------------------------------------------
  0 |   12.00 |    7.00 |    7.00 |    7.00 |    7.00 |    0.00
  1 |   19.00 |   19.00 |   19.00 |   19.00 |   19.00 |    0.00
  2 |   17.00 |   13.00 |   13.00 |   19.00 |   15.00 |    3.46
  3 |   17.00 |   13.00 |   13.00 |   13.00 |   13.00 |    0.00
  4 |   19.00 |   11.00 |   15.00 |   13.00 |   13.00 |    2.00
  5 |   17.00 |   19.00 |   19.00 |   19.00 |   19.00 |    0.00
  6 |   19.00 |    8.00 |    4.00 |    6.00 |    6.00 |    2.00
  7 |   19.00 |   19.00 |   19.00 |   19.00 |   19.00 |    0.00
  8 |   17.00 |   13.00 |   13.00 |   13.00 |   13.00 |    0.00
  9 |   19.00 |   19.00 |   19.00 |   19.00 |   19.00 |    0.00
[DEBUG] 2025-09-27 18:59:49,667 Full meta-evaluation summary:
{
  "pearson_corr": -0.03600443772806507,
  "model_scores": [
    12.0,
    19.0,
    17.0,
    17.0,
    19.0,
    17.0,
    19.0,
    19.0,
    17.0,
    19.0,
    7.0,
    17.0,
    19.0,
    19.0,
    2.0,
    7.0,
    12.0,
    19.0,
    12.0,
    19.0,
    19.0,
    9.0,
    19.0,
    19.0,
    19.0,
    10.0,
    19.0,
    19.0,
    19.0,
    14.0,
    17.0,
    19.0,
    17.0,
    19.0,
    12.0,
    19.0,
    12.0,
    19.0,
    19.0,
    19.0,
    0.0,
    0.0,
    0.0,
    0.0,
    0.0,
    0.0,
    0.0,
    0.0,
    0.0,
    0.0,
    0.0,
    0.0,
    0.0,
    0.0,
    0.0,
    0.0,
    0.0,
    0.0,
    0.0,
    0.0,
    0.0,
    0.0,
    0.0,
    0.0,
    0.0,
    0.0,
    0.0,
    0.0,
    0.0,
    0.0,
    0.0,
    0.0,
    0.0,
    0.0,
    0.0,
    0.0,
    0.0,
    0.0,
    0.0,
    0.0,
    2.0,
    2.0,
    2.0,
    2.0,
    2.0,
    2.0,
    2.0,
    2.0,
    0.0,
    2.0,
    2.0,
    2.0,
    0.0,
    2.0,
    2.0,
    2.0,
    2.0,
    2.0,
    2.0,
    0.0,
    2.0,
    2.0,
    0.0,
    2.0,
    2.0,
    0.0,
    2.0,
    0.0,
    0.0,
    2.0,
    0.0,
    2.0,
    2.0,
    2.0,
    2.0,
    2.0,
    2.0,
    2.0,
    2.0,
    0.0,
    0.0,
    0.0,
    0.0,
    0.0,
    0.0,
    0.0,
    0.0,
    0.0,
    0.0,
    0.0,
    0.0,
    0.0,
    0.0,
    0.0,
    0.0,
    0.0,
    0.0,
    0.0,
    0.0,
    0.0,
    0.0,
    0.0,
    0.0,
    0.0,
    0.0,
    0.0,
    0.0,
    0.0,
    0.0,
    0.0,
    0.0,
    0.0,
    0.0,
    0.0,
    0.0,
    0.0,
    0.0,
    0.0,
    0.0,
    0.0,
    0.0,
    0.0,
    0.0,
    0.0,
    0.0,
    0.0,
    0.0,
    0.0,
    0.0,
    0.0,
    0.0,
    0.0,
    0.0,
    0.0,
    0.0,
    0.0,
    0.0,
    0.0,
    0.0,
    0.0,
    0.0,
    0.0,
    0.0,
    0.0,
    0.0,
    0.0,
    0.0,
    0.0,
    0.0,
    0.0,
    0.0,
    0.0,
    0.0,
    0.0,
    0.0,
    0.0,
    0.0,
    0.0,
    0.0,
    0.0,
    0.0,
    0.0,
    0.0,
    0.0,
    0.0,
    0.0,
    0.0,
    0.0,
    0.0,
    0.0,
    0.0,
    0.0,
    0.0,
    0.0,
    0.0,
    0.0,
    0.0,
    0.0,
    0.0,
    0.0,
    0.0,
    0.0,
    0.0,
    0.0,
    0.0,
    0.0,
    0.0,
    0.0,
    0.0,
    0.0,
    0.0,
    0.0,
    0.0,
    0.0,
    0.0,
    0.0,
    0.0,
    0.0,
    0.0,
    0.0
  ],
  "human_means": [
    7.0,
    19.0,
    15.0,
    13.0,
    13.0,
    19.0,
    6.0,
    19.0,
    13.0,
    19.0,
    3.0,
    13.0,
    19.0,
    19.0,
    0.0,
    6.666666666666667,
    0.3333333333333333,
    19.0,
    6.333333333333333,
    19.0,
    6.0,
    7.333333333333333,
    6.666666666666667,
    19.0,
    13.0,
    0.0,
    19.0,
    6.666666666666667,
    19.0,
    6.666666666666667,
    13.0,
    19.0,
    19.0,
    6.0,
    0.0,
    5.0,
    6.0,
    17.0,
    19.0,
    19.0,
    16.0,
    5.333333333333333,
    8.0,
    8.0,
    12.0,
    4.0,
    16.0,
    8.0,
    16.0,
    16.0,
    5.333333333333333,
    14.666666666666666,
    13.333333333333334,
    4.0,
    4.0,
    4.0,
    4.0,
    4.0,
    16.0,
    9.333333333333334,
    16.0,
    0.0,
    16.0,
    4.0,
    16.0,
    16.0,
    16.0,
    4.0,
    16.0,
    8.0,
    14.666666666666666,
    16.0,
    0.0,
    16.0,
    14.666666666666666,
    0.0,
    8.0,
    4.0,
    4.0,
    16.0,
    15.0,
    13.333333333333334,
    5.666666666666667,
    10.0,
    9.666666666666666,
    15.0,
    15.0,
    15.0,
    10.666666666666666,
    5.0,
    15.0,
    10.666666666666666,
    5.0,
    15.0,
    7.333333333333333,
    7.666666666666667,
    5.666666666666667,
    4.666666666666667,
    8.0,
    5.0,
    15.0,
    10.666666666666666,
    7.333333333333333,
    11.0,
    10.333333333333334,
    7.0,
    14.333333333333334,
    6.666666666666667,
    9.0,
    10.666666666666666,
    5.666666666666667,
    13.666666666666666,
    8.0,
    10.666666666666666,
    12.666666666666666,
    15.0,
    10.0,
    14.333333333333334,
    13.333333333333334,
    0.3333333333333333,
    8.0,
    16.0,
    8.0,
    10.666666666666666,
    8.0,
    8.0,
    16.0,
    16.0,
    8.0,
    16.0,
    8.0,
    16.0,
    8.0,
    8.0,
    8.0,
    16.0,
    8.0,
    16.0,
    16.0,
    16.0,
    16.0,
    8.0,
    0.6666666666666666,
    16.0,
    16.0,
    0.0,
    16.0,
    0.6666666666666666,
    16.0,
    0.0,
    8.0,
    8.0,
    16.0,
    16.0,
    10.666666666666666,
    8.0,
    8.0,
    3.3333333333333335,
    16.0,
    8.0,
    13.666666666666666,
    27.0,
    0.3333333333333333,
    3.3333333333333335,
    3.0,
    3.0,
    3.3333333333333335,
    12.666666666666666,
    12.0,
    19.666666666666668,
    27.0,
    12.666666666666666,
    13.333333333333334,
    26.333333333333332,
    27.0,
    15.0,
    6.0,
    18.0,
    9.666666666666666,
    27.0,
    12.333333333333334,
    19.0,
    5.0,
    22.666666666666668,
    5.666666666666667,
    27.0,
    0.3333333333333333,
    27.0,
    12.0,
    9.333333333333334,
    11.333333333333334,
    2.3333333333333335,
    13.666666666666666,
    12.666666666666666,
    4.0,
    27.0,
    10.0,
    0.6666666666666666,
    8.666666666666666,
    4.0,
    30.0,
    4.0,
    22.5,
    33.0,
    33.0,
    24.5,
    30.0,
    40.0,
    30.0,
    5.0,
    17.5,
    12.5,
    35.5,
    21.0,
    21.0,
    37.5,
    17.5,
    37.5,
    25.5,
    37.5,
    37.5,
    20.0,
    5.0,
    37.5,
    37.5,
    32.5,
    37.5,
    32.5,
    26.0,
    32.5,
    37.5,
    37.5,
    35.0,
    24.5,
    0.0,
    0.0,
    37.5,
    17.5,
    17.5,
    37.5
  ],
  "per_example_stats": [
    {
      "id": "q1-1",
      "question_id": "q1",
      "human_scores": [
        7.0,
        7.0,
        7.0
      ],
      "mean": 7.0,
      "std": 0.0,
      "model_score": 12.0
    },
    {
      "id": "q1-2",
      "question_id": "q1",
      "human_scores": [
        19,
        19,
        19
      ],
      "mean": 19,
      "std": 0.0,
      "model_score": 19.0
    },
    {
      "id": "q1-3",
      "question_id": "q1",
      "human_scores": [
        13.0,
        13.0,
        19
      ],
      "mean": 15.0,
      "std": 3.4641016151377544,
      "model_score": 17.0
    },
    {
      "id": "q1-4",
      "question_id": "q1",
      "human_scores": [
        13.0,
        13.0,
        13.0
      ],
      "mean": 13.0,
      "std": 0.0,
      "model_score": 17.0
    },
    {
      "id": "q1-5",
      "question_id": "q1",
      "human_scores": [
        11,
        15,
        13
      ],
      "mean": 13,
      "std": 2.0,
      "model_score": 19.0
    },
    {
      "id": "q1-6",
      "question_id": "q1",
      "human_scores": [
        19.0,
        19.0,
        19
      ],
      "mean": 19.0,
      "std": 0.0,
      "model_score": 17.0
    },
    {
      "id": "q1-7",
      "question_id": "q1",
      "human_scores": [
        8,
        4,
        6
      ],
      "mean": 6,
      "std": 2.0,
      "model_score": 19.0
    },
    {
      "id": "q1-8",
      "question_id": "q1",
      "human_scores": [
        19,
        19,
        19
      ],
      "mean": 19,
      "std": 0.0,
      "model_score": 19.0
    },
    {
      "id": "q1-9",
      "question_id": "q1",
      "human_scores": [
        13.0,
        13.0,
        13.0
      ],
      "mean": 13.0,
      "std": 0.0,
      "model_score": 17.0
    },
    {
      "id": "q1-10",
      "question_id": "q1",
      "human_scores": [
        19,
        19,
        19
      ],
      "mean": 19,
      "std": 0.0,
      "model_score": 19.0
    },
    {
      "id": "q1-11",
      "question_id": "q1",
      "human_scores": [
        3,
        3,
        3.0
      ],
      "mean": 3.0,
      "std": 0.0,
      "model_score": 7.0
    },
    {
      "id": "q1-12",
      "question_id": "q1",
      "human_scores": [
        13.0,
        13.0,
        13.0
      ],
      "mean": 13.0,
      "std": 0.0,
      "model_score": 17.0
    },
    {
      "id": "q1-13",
      "question_id": "q1",
      "human_scores": [
        19.0,
        19.0,
        19.0
      ],
      "mean": 19.0,
      "std": 0.0,
      "model_score": 19.0
    },
    {
      "id": "q1-14",
      "question_id": "q1",
      "human_scores": [
        19.0,
        19.0,
        19.0
      ],
      "mean": 19.0,
      "std": 0.0,
      "model_score": 19.0
    },
    {
      "id": "q1-15",
      "question_id": "q1",
      "human_scores": [
        0,
        0,
        0
      ],
      "mean": 0,
      "std": 0.0,
      "model_score": 2.0
    },
    {
      "id": "q1-16",
      "question_id": "q1",
      "human_scores": [
        7.0,
        7.0,
        6.0
      ],
      "mean": 6.666666666666667,
      "std": 0.5773502691896257,
      "model_score": 7.0
    },
    {
      "id": "q1-17",
      "question_id": "q1",
      "human_scores": [
        1,
        0,
        0
      ],
      "mean": 0.3333333333333333,
      "std": 0.5773502691896257,
      "model_score": 12.0
    },
    {
      "id": "q1-18",
      "question_id": "q1",
      "human_scores": [
        19.0,
        19.0,
        19
      ],
      "mean": 19.0,
      "std": 0.0,
      "model_score": 19.0
    },
    {
      "id": "q1-19",
      "question_id": "q1",
      "human_scores": [
        6.5,
        6.5,
        6
      ],
      "mean": 6.333333333333333,
      "std": 0.28867513459481287,
      "model_score": 12.0
    },
    {
      "id": "q1-20",
      "question_id": "q1",
      "human_scores": [
        19.0,
        19.0,
        19.0
      ],
      "mean": 19.0,
      "std": 0.0,
      "model_score": 19.0
    },
    {
      "id": "q1-21",
      "question_id": "q1",
      "human_scores": [
        6,
        6,
        6
      ],
      "mean": 6,
      "std": 0.0,
      "model_score": 19.0
    },
    {
      "id": "q1-22",
      "question_id": "q1",
      "human_scores": [
        7.0,
        7.0,
        8
      ],
      "mean": 7.333333333333333,
      "std": 0.5773502691896257,
      "model_score": 9.0
    },
    {
      "id": "q1-23",
      "question_id": "q1",
      "human_scores": [
        8,
        6,
        6
      ],
      "mean": 6.666666666666667,
      "std": 1.1547005383792515,
      "model_score": 19.0
    },
    {
      "id": "q1-24",
      "question_id": "q1",
      "human_scores": [
        19,
        19,
        19
      ],
      "mean": 19,
      "std": 0.0,
      "model_score": 19.0
    },
    {
      "id": "q1-25",
      "question_id": "q1",
      "human_scores": [
        13.0,
        13.0,
        13.0
      ],
      "mean": 13.0,
      "std": 0.0,
      "model_score": 19.0
    },
    {
      "id": "q1-26",
      "question_id": "q1",
      "human_scores": [
        0,
        0,
        0
      ],
      "mean": 0,
      "std": 0.0,
      "model_score": 10.0
    },
    {
      "id": "q1-27",
      "question_id": "q1",
      "human_scores": [
        19,
        19,
        19.0
      ],
      "mean": 19.0,
      "std": 0.0,
      "model_score": 19.0
    },
    {
      "id": "q1-28",
      "question_id": "q1",
      "human_scores": [
        8,
        6,
        6
      ],
      "mean": 6.666666666666667,
      "std": 1.1547005383792515,
      "model_score": 19.0
    },
    {
      "id": "q1-29",
      "question_id": "q1",
      "human_scores": [
        19,
        19,
        19
      ],
      "mean": 19,
      "std": 0.0,
      "model_score": 19.0
    },
    {
      "id": "q1-30",
      "question_id": "q1",
      "human_scores": [
        7.0,
        7.0,
        6
      ],
      "mean": 6.666666666666667,
      "std": 0.5773502691896257,
      "model_score": 14.0
    },
    {
      "id": "q1-31",
      "question_id": "q1",
      "human_scores": [
        13.0,
        13.0,
        13.0
      ],
      "mean": 13.0,
      "std": 0.0,
      "model_score": 17.0
    },
    {
      "id": "q1-32",
      "question_id": "q1",
      "human_scores": [
        19,
        19,
        19
      ],
      "mean": 19,
      "std": 0.0,
      "model_score": 19.0
    },
    {
      "id": "q1-33",
      "question_id": "q1",
      "human_scores": [
        19.0,
        19.0,
        19.0
      ],
      "mean": 19.0,
      "std": 0.0,
      "model_score": 17.0
    },
    {
      "id": "q1-34",
      "question_id": "q1",
      "human_scores": [
        6,
        6,
        6
      ],
      "mean": 6,
      "std": 0.0,
      "model_score": 19.0
    },
    {
      "id": "q1-35",
      "question_id": "q1",
      "human_scores": [
        0,
        0,
        0
      ],
      "mean": 0,
      "std": 0.0,
      "model_score": 12.0
    },
    {
      "id": "q1-36",
      "question_id": "q1",
      "human_scores": [
        6.0,
        6.0,
        3.0
      ],
      "mean": 5.0,
      "std": 1.7320508075688772,
      "model_score": 19.0
    },
    {
      "id": "q1-37",
      "question_id": "q1",
      "human_scores": [
        6,
        6,
        6
      ],
      "mean": 6,
      "std": 0.0,
      "model_score": 12.0
    },
    {
      "id": "q1-38",
      "question_id": "q1",
      "human_scores": [
        19,
        19,
        13.0
      ],
      "mean": 17.0,
      "std": 3.4641016151377544,
      "model_score": 19.0
    },
    {
      "id": "q1-39",
      "question_id": "q1",
      "human_scores": [
        19,
        19,
        19
      ],
      "mean": 19,
      "std": 0.0,
      "model_score": 19.0
    },
    {
      "id": "q1-40",
      "question_id": "q1",
      "human_scores": [
        19,
        19,
        19
      ],
      "mean": 19,
      "std": 0.0,
      "model_score": 19.0
    },
    {
      "id": "q2-1",
      "question_id": "q2",
      "human_scores": [
        16,
        16,
        16
      ],
      "mean": 16,
      "std": 0.0,
      "model_score": 0.0
    },
    {
      "id": "q2-2",
      "question_id": "q2",
      "human_scores": [
        8.0,
        4.0,
        4
      ],
      "mean": 5.333333333333333,
      "std": 2.309401076758503,
      "model_score": 0.0
    },
    {
      "id": "q2-3",
      "question_id": "q2",
      "human_scores": [
        8,
        8,
        8
      ],
      "mean": 8,
      "std": 0.0,
      "model_score": 0.0
    },
    {
      "id": "q2-4",
      "question_id": "q2",
      "human_scores": [
        8.0,
        8.0,
        8
      ],
      "mean": 8.0,
      "std": 0.0,
      "model_score": 0.0
    },
    {
      "id": "q2-5",
      "question_id": "q2",
      "human_scores": [
        12,
        12,
        12
      ],
      "mean": 12,
      "std": 0.0,
      "model_score": 0.0
    },
    {
      "id": "q2-6",
      "question_id": "q2",
      "human_scores": [
        4.0,
        4,
        4
      ],
      "mean": 4.0,
      "std": 0.0,
      "model_score": 0.0
    },
    {
      "id": "q2-7",
      "question_id": "q2",
      "human_scores": [
        16,
        16,
        16
      ],
      "mean": 16,
      "std": 0.0,
      "model_score": 0.0
    },
    {
      "id": "q2-8",
      "question_id": "q2",
      "human_scores": [
        8,
        8,
        8
      ],
      "mean": 8,
      "std": 0.0,
      "model_score": 0.0
    },
    {
      "id": "q2-9",
      "question_id": "q2",
      "human_scores": [
        16.0,
        16.0,
        16.0
      ],
      "mean": 16.0,
      "std": 0.0,
      "model_score": 0.0
    },
    {
      "id": "q2-10",
      "question_id": "q2",
      "human_scores": [
        16.0,
        16.0,
        16.0
      ],
      "mean": 16.0,
      "std": 0.0,
      "model_score": 0.0
    },
    {
      "id": "q2-11",
      "question_id": "q2",
      "human_scores": [
        8.0,
        4.0,
        4
      ],
      "mean": 5.333333333333333,
      "std": 2.309401076758503,
      "model_score": 0.0
    },
    {
      "id": "q2-12",
      "question_id": "q2",
      "human_scores": [
        16,
        16,
        12
      ],
      "mean": 14.666666666666666,
      "std": 2.309401076758503,
      "model_score": 0.0
    },
    {
      "id": "q2-13",
      "question_id": "q2",
      "human_scores": [
        16,
        16,
        8
      ],
      "mean": 13.333333333333334,
      "std": 4.618802153517006,
      "model_score": 0.0
    },
    {
      "id": "q2-14",
      "question_id": "q2",
      "human_scores": [
        4,
        4,
        4
      ],
      "mean": 4,
      "std": 0.0,
      "model_score": 0.0
    },
    {
      "id": "q2-15",
      "question_id": "q2",
      "human_scores": [
        4,
        4,
        4
      ],
      "mean": 4,
      "std": 0.0,
      "model_score": 0.0
    },
    {
      "id": "q2-16",
      "question_id": "q2",
      "human_scores": [
        4,
        4,
        4
      ],
      "mean": 4,
      "std": 0.0,
      "model_score": 0.0
    },
    {
      "id": "q2-17",
      "question_id": "q2",
      "human_scores": [
        4.0,
        4.0,
        4
      ],
      "mean": 4.0,
      "std": 0.0,
      "model_score": 0.0
    },
    {
      "id": "q2-18",
      "question_id": "q2",
      "human_scores": [
        4,
        4,
        4
      ],
      "mean": 4,
      "std": 0.0,
      "model_score": 0.0
    },
    {
      "id": "q2-19",
      "question_id": "q2",
      "human_scores": [
        16,
        16,
        16
      ],
      "mean": 16,
      "std": 0.0,
      "model_score": 0.0
    },
    {
      "id": "q2-20",
      "question_id": "q2",
      "human_scores": [
        12,
        8,
        8
      ],
      "mean": 9.333333333333334,
      "std": 2.309401076758503,
      "model_score": 0.0
    },
    {
      "id": "q2-21",
      "question_id": "q2",
      "human_scores": [
        16,
        16,
        16
      ],
      "mean": 16,
      "std": 0.0,
      "model_score": 0.0
    },
    {
      "id": "q2-22",
      "question_id": "q2",
      "human_scores": [
        0,
        0,
        0
      ],
      "mean": 0,
      "std": 0.0,
      "model_score": 0.0
    },
    {
      "id": "q2-23",
      "question_id": "q2",
      "human_scores": [
        16,
        16,
        16
      ],
      "mean": 16,
      "std": 0.0,
      "model_score": 0.0
    },
    {
      "id": "q2-24",
      "question_id": "q2",
      "human_scores": [
        4.0,
        4,
        4
      ],
      "mean": 4.0,
      "std": 0.0,
      "model_score": 0.0
    },
    {
      "id": "q2-25",
      "question_id": "q2",
      "human_scores": [
        16,
        16,
        16
      ],
      "mean": 16,
      "std": 0.0,
      "model_score": 0.0
    },
    {
      "id": "q2-26",
      "question_id": "q2",
      "human_scores": [
        16.0,
        16.0,
        16
      ],
      "mean": 16.0,
      "std": 0.0,
      "model_score": 0.0
    },
    {
      "id": "q2-27",
      "question_id": "q2",
      "human_scores": [
        16.0,
        16.0,
        16
      ],
      "mean": 16.0,
      "std": 0.0,
      "model_score": 0.0
    },
    {
      "id": "q2-28",
      "question_id": "q2",
      "human_scores": [
        4,
        4,
        4
      ],
      "mean": 4,
      "std": 0.0,
      "model_score": 0.0
    },
    {
      "id": "q2-29",
      "question_id": "q2",
      "human_scores": [
        16,
        16,
        16
      ],
      "mean": 16,
      "std": 0.0,
      "model_score": 0.0
    },
    {
      "id": "q2-30",
      "question_id": "q2",
      "human_scores": [
        8.0,
        8,
        8
      ],
      "mean": 8.0,
      "std": 0.0,
      "model_score": 0.0
    },
    {
      "id": "q2-31",
      "question_id": "q2",
      "human_scores": [
        12,
        16,
        16
      ],
      "mean": 14.666666666666666,
      "std": 2.309401076758503,
      "model_score": 0.0
    },
    {
      "id": "q2-32",
      "question_id": "q2",
      "human_scores": [
        16.0,
        16.0,
        16
      ],
      "mean": 16.0,
      "std": 0.0,
      "model_score": 0.0
    },
    {
      "id": "q2-33",
      "question_id": "q2",
      "human_scores": [
        0,
        0,
        0
      ],
      "mean": 0,
      "std": 0.0,
      "model_score": 0.0
    },
    {
      "id": "q2-34",
      "question_id": "q2",
      "human_scores": [
        16.0,
        16.0,
        16.0
      ],
      "mean": 16.0,
      "std": 0.0,
      "model_score": 0.0
    },
    {
      "id": "q2-35",
      "question_id": "q2",
      "human_scores": [
        16,
        16,
        12
      ],
      "mean": 14.666666666666666,
      "std": 2.309401076758503,
      "model_score": 0.0
    },
    {
      "id": "q2-36",
      "question_id": "q2",
      "human_scores": [
        0,
        0,
        0
      ],
      "mean": 0,
      "std": 0.0,
      "model_score": 0.0
    },
    {
      "id": "q2-37",
      "question_id": "q2",
      "human_scores": [
        8.0,
        8.0,
        8
      ],
      "mean": 8.0,
      "std": 0.0,
      "model_score": 0.0
    },
    {
      "id": "q2-38",
      "question_id": "q2",
      "human_scores": [
        4,
        4,
        4
      ],
      "mean": 4,
      "std": 0.0,
      "model_score": 0.0
    },
    {
      "id": "q2-39",
      "question_id": "q2",
      "human_scores": [
        4,
        4,
        4
      ],
      "mean": 4,
      "std": 0.0,
      "model_score": 0.0
    },
    {
      "id": "q2-40",
      "question_id": "q2",
      "human_scores": [
        16,
        16,
        16.0
      ],
      "mean": 16.0,
      "std": 0.0,
      "model_score": 0.0
    },
    {
      "id": "q3-1",
      "question_id": "q3",
      "human_scores": [
        15,
        15,
        15
      ],
      "mean": 15,
      "std": 0.0,
      "model_score": 2.0
    },
    {
      "id": "q3-2",
      "question_id": "q3",
      "human_scores": [
        10.0,
        15,
        15
      ],
      "mean": 13.333333333333334,
      "std": 2.8867513459481287,
      "model_score": 2.0
    },
    {
      "id": "q3-3",
      "question_id": "q3",
      "human_scores": [
        5,
        7,
        5
      ],
      "mean": 5.666666666666667,
      "std": 1.1547005383792515,
      "model_score": 2.0
    },
    {
      "id": "q3-4",
      "question_id": "q3",
      "human_scores": [
        10.0,
        10,
        10
      ],
      "mean": 10.0,
      "std": 0.0,
      "model_score": 2.0
    },
    {
      "id": "q3-5",
      "question_id": "q3",
      "human_scores": [
        12,
        8,
        9
      ],
      "mean": 9.666666666666666,
      "std": 2.0816659994661326,
      "model_score": 2.0
    },
    {
      "id": "q3-6",
      "question_id": "q3",
      "human_scores": [
        15,
        15,
        15
      ],
      "mean": 15,
      "std": 0.0,
      "model_score": 2.0
    },
    {
      "id": "q3-7",
      "question_id": "q3",
      "human_scores": [
        15.0,
        15,
        15
      ],
      "mean": 15.0,
      "std": 0.0,
      "model_score": 2.0
    },
    {
      "id": "q3-8",
      "question_id": "q3",
      "human_scores": [
        15,
        15,
        15
      ],
      "mean": 15,
      "std": 0.0,
      "model_score": 2.0
    },
    {
      "id": "q3-9",
      "question_id": "q3",
      "human_scores": [
        12,
        10,
        10
      ],
      "mean": 10.666666666666666,
      "std": 1.1547005383792515,
      "model_score": 0.0
    },
    {
      "id": "q3-10",
      "question_id": "q3",
      "human_scores": [
        5,
        5,
        5
      ],
      "mean": 5,
      "std": 0.0,
      "model_score": 2.0
    },
    {
      "id": "q3-11",
      "question_id": "q3",
      "human_scores": [
        15.0,
        15,
        15
      ],
      "mean": 15.0,
      "std": 0.0,
      "model_score": 2.0
    },
    {
      "id": "q3-12",
      "question_id": "q3",
      "human_scores": [
        10.0,
        12,
        10
      ],
      "mean": 10.666666666666666,
      "std": 1.1547005383792515,
      "model_score": 2.0
    },
    {
      "id": "q3-13",
      "question_id": "q3",
      "human_scores": [
        7,
        5,
        3
      ],
      "mean": 5,
      "std": 2.0,
      "model_score": 0.0
    },
    {
      "id": "q3-14",
      "question_id": "q3",
      "human_scores": [
        15,
        15,
        15
      ],
      "mean": 15,
      "std": 0.0,
      "model_score": 2.0
    },
    {
      "id": "q3-15",
      "question_id": "q3",
      "human_scores": [
        10.0,
        5,
        7
      ],
      "mean": 7.333333333333333,
      "std": 2.516611478423583,
      "model_score": 2.0
    },
    {
      "id": "q3-16",
      "question_id": "q3",
      "human_scores": [
        10,
        5,
        8
      ],
      "mean": 7.666666666666667,
      "std": 2.516611478423583,
      "model_score": 2.0
    },
    {
      "id": "q3-17",
      "question_id": "q3",
      "human_scores": [
        7,
        5,
        5
      ],
      "mean": 5.666666666666667,
      "std": 1.1547005383792515,
      "model_score": 2.0
    },
    {
      "id": "q3-18",
      "question_id": "q3",
      "human_scores": [
        5.0,
        5,
        4
      ],
      "mean": 4.666666666666667,
      "std": 0.5773502691896257,
      "model_score": 2.0
    },
    {
      "id": "q3-19",
      "question_id": "q3",
      "human_scores": [
        8,
        9,
        7
      ],
      "mean": 8,
      "std": 1.0,
      "model_score": 2.0
    },
    {
      "id": "q3-20",
      "question_id": "q3",
      "human_scores": [
        5.0,
        5,
        5
      ],
      "mean": 5.0,
      "std": 0.0,
      "model_score": 0.0
    },
    {
      "id": "q3-21",
      "question_id": "q3",
      "human_scores": [
        15,
        15,
        15
      ],
      "mean": 15,
      "std": 0.0,
      "model_score": 2.0
    },
    {
      "id": "q3-22",
      "question_id": "q3",
      "human_scores": [
        10.0,
        12,
        10
      ],
      "mean": 10.666666666666666,
      "std": 1.1547005383792515,
      "model_score": 2.0
    },
    {
      "id": "q3-23",
      "question_id": "q3",
      "human_scores": [
        10.0,
        5,
        7
      ],
      "mean": 7.333333333333333,
      "std": 2.516611478423583,
      "model_score": 0.0
    },
    {
      "id": "q3-24",
      "question_id": "q3",
      "human_scores": [
        13.0,
        10,
        10
      ],
      "mean": 11.0,
      "std": 1.7320508075688772,
      "model_score": 2.0
    },
    {
      "id": "q3-25",
      "question_id": "q3",
      "human_scores": [
        11,
        10,
        10
      ],
      "mean": 10.333333333333334,
      "std": 0.5773502691896257,
      "model_score": 2.0
    },
    {
      "id": "q3-26",
      "question_id": "q3",
      "human_scores": [
        5.0,
        9,
        7
      ],
      "mean": 7.0,
      "std": 2.0,
      "model_score": 0.0
    },
    {
      "id": "q3-27",
      "question_id": "q3",
      "human_scores": [
        15,
        13,
        15
      ],
      "mean": 14.333333333333334,
      "std": 1.1547005383792515,
      "model_score": 2.0
    },
    {
      "id": "q3-28",
      "question_id": "q3",
      "human_scores": [
        8,
        7,
        5
      ],
      "mean": 6.666666666666667,
      "std": 1.5275252316519468,
      "model_score": 0.0
    },
    {
      "id": "q3-29",
      "question_id": "q3",
      "human_scores": [
        8,
        10,
        9
      ],
      "mean": 9,
      "std": 1.0,
      "model_score": 0.0
    },
    {
      "id": "q3-30",
      "question_id": "q3",
      "human_scores": [
        10,
        12,
        10
      ],
      "mean": 10.666666666666666,
      "std": 1.1547005383792515,
      "model_score": 2.0
    },
    {
      "id": "q3-31",
      "question_id": "q3",
      "human_scores": [
        5,
        7,
        5
      ],
      "mean": 5.666666666666667,
      "std": 1.1547005383792515,
      "model_score": 0.0
    },
    {
      "id": "q3-32",
      "question_id": "q3",
      "human_scores": [
        13.0,
        15,
        13
      ],
      "mean": 13.666666666666666,
      "std": 1.1547005383792515,
      "model_score": 2.0
    },
    {
      "id": "q3-33",
      "question_id": "q3",
      "human_scores": [
        10.0,
        7,
        7
      ],
      "mean": 8.0,
      "std": 1.7320508075688772,
      "model_score": 2.0
    },
    {
      "id": "q3-34",
      "question_id": "q3",
      "human_scores": [
        10.0,
        12,
        10
      ],
      "mean": 10.666666666666666,
      "std": 1.1547005383792515,
      "model_score": 2.0
    },
    {
      "id": "q3-35",
      "question_id": "q3",
      "human_scores": [
        15,
        10,
        13
      ],
      "mean": 12.666666666666666,
      "std": 2.516611478423583,
      "model_score": 2.0
    },
    {
      "id": "q3-36",
      "question_id": "q3",
      "human_scores": [
        15,
        15,
        15
      ],
      "mean": 15,
      "std": 0.0,
      "model_score": 2.0
    },
    {
      "id": "q3-37",
      "question_id": "q3",
      "human_scores": [
        10.0,
        10,
        10
      ],
      "mean": 10.0,
      "std": 0.0,
      "model_score": 2.0
    },
    {
      "id": "q3-38",
      "question_id": "q3",
      "human_scores": [
        15.0,
        13,
        15
      ],
      "mean": 14.333333333333334,
      "std": 1.1547005383792515,
      "model_score": 2.0
    },
    {
      "id": "q3-39",
      "question_id": "q3",
      "human_scores": [
        10.0,
        15,
        15
      ],
      "mean": 13.333333333333334,
      "std": 2.8867513459481287,
      "model_score": 2.0
    },
    {
      "id": "q3-40",
      "question_id": "q3",
      "human_scores": [
        1.0,
        0,
        0
      ],
      "mean": 0.3333333333333333,
      "std": 0.5773502691896257,
      "model_score": 0.0
    },
    {
      "id": "q4-1",
      "question_id": "q4",
      "human_scores": [
        8.0,
        8.0,
        8.0
      ],
      "mean": 8.0,
      "std": 0.0,
      "model_score": 0.0
    },
    {
      "id": "q4-2",
      "question_id": "q4",
      "human_scores": [
        16.0,
        16.0,
        16
      ],
      "mean": 16.0,
      "std": 0.0,
      "model_score": 0.0
    },
    {
      "id": "q4-3",
      "question_id": "q4",
      "human_scores": [
        8.0,
        8.0,
        8
      ],
      "mean": 8.0,
      "std": 0.0,
      "model_score": 0.0
    },
    {
      "id": "q4-4",
      "question_id": "q4",
      "human_scores": [
        16.0,
        8,
        8
      ],
      "mean": 10.666666666666666,
      "std": 4.618802153517006,
      "model_score": 0.0
    },
    {
      "id": "q4-5",
      "question_id": "q4",
      "human_scores": [
        8,
        8,
        8
      ],
      "mean": 8,
      "std": 0.0,
      "model_score": 0.0
    },
    {
      "id": "q4-6",
      "question_id": "q4",
      "human_scores": [
        8.0,
        8.0,
        8
      ],
      "mean": 8.0,
      "std": 0.0,
      "model_score": 0.0
    },
    {
      "id": "q4-7",
      "question_id": "q4",
      "human_scores": [
        16.0,
        16.0,
        16
      ],
      "mean": 16.0,
      "std": 0.0,
      "model_score": 0.0
    },
    {
      "id": "q4-8",
      "question_id": "q4",
      "human_scores": [
        16.0,
        16.0,
        16.0
      ],
      "mean": 16.0,
      "std": 0.0,
      "model_score": 0.0
    },
    {
      "id": "q4-9",
      "question_id": "q4",
      "human_scores": [
        8.0,
        8,
        8
      ],
      "mean": 8.0,
      "std": 0.0,
      "model_score": 0.0
    },
    {
      "id": "q4-10",
      "question_id": "q4",
      "human_scores": [
        16,
        16,
        16
      ],
      "mean": 16,
      "std": 0.0,
      "model_score": 0.0
    },
    {
      "id": "q4-11",
      "question_id": "q4",
      "human_scores": [
        8.0,
        8.0,
        8
      ],
      "mean": 8.0,
      "std": 0.0,
      "model_score": 0.0
    },
    {
      "id": "q4-12",
      "question_id": "q4",
      "human_scores": [
        16.0,
        16.0,
        16
      ],
      "mean": 16.0,
      "std": 0.0,
      "model_score": 0.0
    },
    {
      "id": "q4-13",
      "question_id": "q4",
      "human_scores": [
        8.0,
        8.0,
        8
      ],
      "mean": 8.0,
      "std": 0.0,
      "model_score": 0.0
    },
    {
      "id": "q4-14",
      "question_id": "q4",
      "human_scores": [
        8,
        8,
        8
      ],
      "mean": 8,
      "std": 0.0,
      "model_score": 0.0
    },
    {
      "id": "q4-15",
      "question_id": "q4",
      "human_scores": [
        8.0,
        8.0,
        8
      ],
      "mean": 8.0,
      "std": 0.0,
      "model_score": 0.0
    },
    {
      "id": "q4-16",
      "question_id": "q4",
      "human_scores": [
        16,
        16,
        16
      ],
      "mean": 16,
      "std": 0.0,
      "model_score": 0.0
    },
    {
      "id": "q4-17",
      "question_id": "q4",
      "human_scores": [
        8.0,
        8,
        8
      ],
      "mean": 8.0,
      "std": 0.0,
      "model_score": 0.0
    },
    {
      "id": "q4-18",
      "question_id": "q4",
      "human_scores": [
        16,
        16,
        16
      ],
      "mean": 16,
      "std": 0.0,
      "model_score": 0.0
    },
    {
      "id": "q4-19",
      "question_id": "q4",
      "human_scores": [
        16.0,
        16.0,
        16
      ],
      "mean": 16.0,
      "std": 0.0,
      "model_score": 0.0
    },
    {
      "id": "q4-20",
      "question_id": "q4",
      "human_scores": [
        16.0,
        16.0,
        16
      ],
      "mean": 16.0,
      "std": 0.0,
      "model_score": 0.0
    },
    {
      "id": "q4-21",
      "question_id": "q4",
      "human_scores": [
        16,
        16,
        16
      ],
      "mean": 16,
      "std": 0.0,
      "model_score": 0.0
    },
    {
      "id": "q4-22",
      "question_id": "q4",
      "human_scores": [
        8,
        8,
        8
      ],
      "mean": 8,
      "std": 0.0,
      "model_score": 0.0
    },
    {
      "id": "q4-23",
      "question_id": "q4",
      "human_scores": [
        2,
        0,
        0
      ],
      "mean": 0.6666666666666666,
      "std": 1.1547005383792515,
      "model_score": 0.0
    },
    {
      "id": "q4-24",
      "question_id": "q4",
      "human_scores": [
        16.0,
        16.0,
        16
      ],
      "mean": 16.0,
      "std": 0.0,
      "model_score": 0.0
    },
    {
      "id": "q4-25",
      "question_id": "q4",
      "human_scores": [
        16.0,
        16.0,
        16
      ],
      "mean": 16.0,
      "std": 0.0,
      "model_score": 0.0
    },
    {
      "id": "q4-26",
      "question_id": "q4",
      "human_scores": [
        0.0,
        0.0,
        0
      ],
      "mean": 0.0,
      "std": 0.0,
      "model_score": 0.0
    },
    {
      "id": "q4-27",
      "question_id": "q4",
      "human_scores": [
        16.0,
        16.0,
        16
      ],
      "mean": 16.0,
      "std": 0.0,
      "model_score": 0.0
    },
    {
      "id": "q4-28",
      "question_id": "q4",
      "human_scores": [
        2,
        0,
        0
      ],
      "mean": 0.6666666666666666,
      "std": 1.1547005383792515,
      "model_score": 0.0
    },
    {
      "id": "q4-29",
      "question_id": "q4",
      "human_scores": [
        16,
        16,
        16
      ],
      "mean": 16,
      "std": 0.0,
      "model_score": 0.0
    },
    {
      "id": "q4-30",
      "question_id": "q4",
      "human_scores": [
        0.0,
        0.0,
        0
      ],
      "mean": 0.0,
      "std": 0.0,
      "model_score": 0.0
    },
    {
      "id": "q4-31",
      "question_id": "q4",
      "human_scores": [
        8.0,
        8,
        8
      ],
      "mean": 8.0,
      "std": 0.0,
      "model_score": 0.0
    },
    {
      "id": "q4-32",
      "question_id": "q4",
      "human_scores": [
        8,
        8,
        8
      ],
      "mean": 8,
      "std": 0.0,
      "model_score": 0.0
    },
    {
      "id": "q4-33",
      "question_id": "q4",
      "human_scores": [
        16.0,
        16.0,
        16
      ],
      "mean": 16.0,
      "std": 0.0,
      "model_score": 0.0
    },
    {
      "id": "q4-34",
      "question_id": "q4",
      "human_scores": [
        16.0,
        16.0,
        16
      ],
      "mean": 16.0,
      "std": 0.0,
      "model_score": 0.0
    },
    {
      "id": "q4-35",
      "question_id": "q4",
      "human_scores": [
        16.0,
        8,
        8
      ],
      "mean": 10.666666666666666,
      "std": 4.618802153517006,
      "model_score": 0.0
    },
    {
      "id": "q4-36",
      "question_id": "q4",
      "human_scores": [
        8,
        8,
        8
      ],
      "mean": 8,
      "std": 0.0,
      "model_score": 0.0
    },
    {
      "id": "q4-37",
      "question_id": "q4",
      "human_scores": [
        8,
        8,
        8
      ],
      "mean": 8,
      "std": 0.0,
      "model_score": 0.0
    },
    {
      "id": "q4-38",
      "question_id": "q4",
      "human_scores": [
        10.0,
        0,
        0
      ],
      "mean": 3.3333333333333335,
      "std": 5.773502691896257,
      "model_score": 0.0
    },
    {
      "id": "q4-39",
      "question_id": "q4",
      "human_scores": [
        16,
        16,
        16
      ],
      "mean": 16,
      "std": 0.0,
      "model_score": 0.0
    },
    {
      "id": "q4-40",
      "question_id": "q4",
      "human_scores": [
        8.0,
        8.0,
        8
      ],
      "mean": 8.0,
      "std": 0.0,
      "model_score": 0.0
    },
    {
      "id": "q5-1",
      "question_id": "q5",
      "human_scores": [
        13.0,
        15,
        13
      ],
      "mean": 13.666666666666666,
      "std": 1.1547005383792515,
      "model_score": 0.0
    },
    {
      "id": "q5-2",
      "question_id": "q5",
      "human_scores": [
        27.0,
        27,
        27
      ],
      "mean": 27.0,
      "std": 0.0,
      "model_score": 0.0
    },
    {
      "id": "q5-3",
      "question_id": "q5",
      "human_scores": [
        1.0,
        0,
        0
      ],
      "mean": 0.3333333333333333,
      "std": 0.5773502691896257,
      "model_score": 0.0
    },
    {
      "id": "q5-4",
      "question_id": "q5",
      "human_scores": [
        2,
        5,
        3
      ],
      "mean": 3.3333333333333335,
      "std": 1.5275252316519468,
      "model_score": 0.0
    },
    {
      "id": "q5-5",
      "question_id": "q5",
      "human_scores": [
        2.0,
        4,
        3
      ],
      "mean": 3.0,
      "std": 1.0,
      "model_score": 0.0
    },
    {
      "id": "q5-6",
      "question_id": "q5",
      "human_scores": [
        3,
        3,
        3
      ],
      "mean": 3,
      "std": 0.0,
      "model_score": 0.0
    },
    {
      "id": "q5-7",
      "question_id": "q5",
      "human_scores": [
        4,
        3,
        3
      ],
      "mean": 3.3333333333333335,
      "std": 0.5773502691896257,
      "model_score": 0.0
    },
    {
      "id": "q5-8",
      "question_id": "q5",
      "human_scores": [
        11,
        15,
        12
      ],
      "mean": 12.666666666666666,
      "std": 2.0816659994661326,
      "model_score": 0.0
    },
    {
      "id": "q5-9",
      "question_id": "q5",
      "human_scores": [
        8,
        16,
        12
      ],
      "mean": 12,
      "std": 4.0,
      "model_score": 0.0
    },
    {
      "id": "q5-10",
      "question_id": "q5",
      "human_scores": [
        18,
        20,
        21
      ],
      "mean": 19.666666666666668,
      "std": 1.5275252316519468,
      "model_score": 0.0
    },
    {
      "id": "q5-11",
      "question_id": "q5",
      "human_scores": [
        27.0,
        27,
        27
      ],
      "mean": 27.0,
      "std": 0.0,
      "model_score": 0.0
    },
    {
      "id": "q5-12",
      "question_id": "q5",
      "human_scores": [
        11,
        15,
        12
      ],
      "mean": 12.666666666666666,
      "std": 2.0816659994661326,
      "model_score": 0.0
    },
    {
      "id": "q5-13",
      "question_id": "q5",
      "human_scores": [
        15,
        13,
        12
      ],
      "mean": 13.333333333333334,
      "std": 1.5275252316519468,
      "model_score": 0.0
    },
    {
      "id": "q5-14",
      "question_id": "q5",
      "human_scores": [
        27.0,
        25,
        27
      ],
      "mean": 26.333333333333332,
      "std": 1.1547005383792515,
      "model_score": 0.0
    },
    {
      "id": "q5-15",
      "question_id": "q5",
      "human_scores": [
        27.0,
        27,
        27
      ],
      "mean": 27.0,
      "std": 0.0,
      "model_score": 0.0
    },
    {
      "id": "q5-16",
      "question_id": "q5",
      "human_scores": [
        12,
        18,
        15
      ],
      "mean": 15,
      "std": 3.0,
      "model_score": 0.0
    },
    {
      "id": "q5-17",
      "question_id": "q5",
      "human_scores": [
        7.0,
        5,
        6
      ],
      "mean": 6.0,
      "std": 1.0,
      "model_score": 0.0
    },
    {
      "id": "q5-18",
      "question_id": "q5",
      "human_scores": [
        20,
        16,
        18
      ],
      "mean": 18,
      "std": 2.0,
      "model_score": 0.0
    },
    {
      "id": "q5-19",
      "question_id": "q5",
      "human_scores": [
        9,
        11,
        9
      ],
      "mean": 9.666666666666666,
      "std": 1.1547005383792515,
      "model_score": 0.0
    },
    {
      "id": "q5-20",
      "question_id": "q5",
      "human_scores": [
        27.0,
        27,
        27
      ],
      "mean": 27.0,
      "std": 0.0,
      "model_score": 0.0
    },
    {
      "id": "q5-21",
      "question_id": "q5",
      "human_scores": [
        15.0,
        10,
        12
      ],
      "mean": 12.333333333333334,
      "std": 2.516611478423583,
      "model_score": 0.0
    },
    {
      "id": "q5-22",
      "question_id": "q5",
      "human_scores": [
        23.0,
        16,
        18
      ],
      "mean": 19.0,
      "std": 3.605551275463989,
      "model_score": 0.0
    },
    {
      "id": "q5-23",
      "question_id": "q5",
      "human_scores": [
        6,
        6,
        3
      ],
      "mean": 5,
      "std": 1.7320508075688772,
      "model_score": 0.0
    },
    {
      "id": "q5-24",
      "question_id": "q5",
      "human_scores": [
        20,
        27,
        21
      ],
      "mean": 22.666666666666668,
      "std": 3.7859388972001824,
      "model_score": 0.0
    },
    {
      "id": "q5-25",
      "question_id": "q5",
      "human_scores": [
        5,
        9,
        3
      ],
      "mean": 5.666666666666667,
      "std": 3.0550504633038935,
      "model_score": 0.0
    },
    {
      "id": "q5-26",
      "question_id": "q5",
      "human_scores": [
        27,
        27,
        27
      ],
      "mean": 27,
      "std": 0.0,
      "model_score": 0.0
    },
    {
      "id": "q5-27",
      "question_id": "q5",
      "human_scores": [
        0.0,
        1,
        0
      ],
      "mean": 0.3333333333333333,
      "std": 0.5773502691896257,
      "model_score": 0.0
    },
    {
      "id": "q5-28",
      "question_id": "q5",
      "human_scores": [
        27.0,
        27,
        27
      ],
      "mean": 27.0,
      "std": 0.0,
      "model_score": 0.0
    },
    {
      "id": "q5-29",
      "question_id": "q5",
      "human_scores": [
        12.0,
        12,
        12
      ],
      "mean": 12.0,
      "std": 0.0,
      "model_score": 0.0
    },
    {
      "id": "q5-30",
      "question_id": "q5",
      "human_scores": [
        9.0,
        10,
        9
      ],
      "mean": 9.333333333333334,
      "std": 0.5773502691896257,
      "model_score": 0.0
    },
    {
      "id": "q5-31",
      "question_id": "q5",
      "human_scores": [
        10,
        12,
        12
      ],
      "mean": 11.333333333333334,
      "std": 1.1547005383792515,
      "model_score": 0.0
    },
    {
      "id": "q5-32",
      "question_id": "q5",
      "human_scores": [
        4,
        3,
        0
      ],
      "mean": 2.3333333333333335,
      "std": 2.0816659994661326,
      "model_score": 0.0
    },
    {
      "id": "q5-33",
      "question_id": "q5",
      "human_scores": [
        13,
        15,
        13
      ],
      "mean": 13.666666666666666,
      "std": 1.1547005383792515,
      "model_score": 0.0
    },
    {
      "id": "q5-34",
      "question_id": "q5",
      "human_scores": [
        16,
        10,
        12
      ],
      "mean": 12.666666666666666,
      "std": 3.0550504633038935,
      "model_score": 0.0
    },
    {
      "id": "q5-35",
      "question_id": "q5",
      "human_scores": [
        5,
        5,
        2
      ],
      "mean": 4,
      "std": 1.7320508075688772,
      "model_score": 0.0
    },
    {
      "id": "q5-36",
      "question_id": "q5",
      "human_scores": [
        27.0,
        27,
        27
      ],
      "mean": 27.0,
      "std": 0.0,
      "model_score": 0.0
    },
    {
      "id": "q5-37",
      "question_id": "q5",
      "human_scores": [
        9.0,
        12,
        9
      ],
      "mean": 10.0,
      "std": 1.7320508075688772,
      "model_score": 0.0
    },
    {
      "id": "q5-38",
      "question_id": "q5",
      "human_scores": [
        2,
        0,
        0
      ],
      "mean": 0.6666666666666666,
      "std": 1.1547005383792515,
      "model_score": 0.0
    },
    {
      "id": "q5-39",
      "question_id": "q5",
      "human_scores": [
        9.0,
        8,
        9
      ],
      "mean": 8.666666666666666,
      "std": 0.5773502691896257,
      "model_score": 0.0
    },
    {
      "id": "q5-40",
      "question_id": "q5",
      "human_scores": [
        5,
        4,
        3
      ],
      "mean": 4,
      "std": 1.0,
      "model_score": 0.0
    },
    {
      "id": "q6-1",
      "question_id": "q6",
      "human_scores": [
        30.0,
        30
      ],
      "mean": 30.0,
      "std": 0.0,
      "model_score": 0.0
    },
    {
      "id": "q6-2",
      "question_id": "q6",
      "human_scores": [
        0.0,
        8
      ],
      "mean": 4.0,
      "std": 5.656854249492381,
      "model_score": 0.0
    },
    {
      "id": "q6-3",
      "question_id": "q6",
      "human_scores": [
        25.0,
        20
      ],
      "mean": 22.5,
      "std": 3.5355339059327378,
      "model_score": 0.0
    },
    {
      "id": "q6-4",
      "question_id": "q6",
      "human_scores": [
        33.0,
        33
      ],
      "mean": 33.0,
      "std": 0.0,
      "model_score": 0.0
    },
    {
      "id": "q6-5",
      "question_id": "q6",
      "human_scores": [
        33,
        33
      ],
      "mean": 33,
      "std": 0.0,
      "model_score": 0.0
    },
    {
      "id": "q6-6",
      "question_id": "q6",
      "human_scores": [
        25.0,
        24
      ],
      "mean": 24.5,
      "std": 0.7071067811865476,
      "model_score": 0.0
    },
    {
      "id": "q6-7",
      "question_id": "q6",
      "human_scores": [
        30.0,
        30
      ],
      "mean": 30.0,
      "std": 0.0,
      "model_score": 0.0
    },
    {
      "id": "q6-8",
      "question_id": "q6",
      "human_scores": [
        40.0,
        40
      ],
      "mean": 40.0,
      "std": 0.0,
      "model_score": 0.0
    },
    {
      "id": "q6-9",
      "question_id": "q6",
      "human_scores": [
        30.0,
        30
      ],
      "mean": 30.0,
      "std": 0.0,
      "model_score": 0.0
    },
    {
      "id": "q6-10",
      "question_id": "q6",
      "human_scores": [
        0.0,
        10
      ],
      "mean": 5.0,
      "std": 7.0710678118654755,
      "model_score": 0.0
    },
    {
      "id": "q6-11",
      "question_id": "q6",
      "human_scores": [
        25.0,
        10
      ],
      "mean": 17.5,
      "std": 10.606601717798213,
      "model_score": 0.0
    },
    {
      "id": "q6-12",
      "question_id": "q6",
      "human_scores": [
        10,
        15
      ],
      "mean": 12.5,
      "std": 3.5355339059327378,
      "model_score": 0.0
    },
    {
      "id": "q6-13",
      "question_id": "q6",
      "human_scores": [
        33.0,
        38
      ],
      "mean": 35.5,
      "std": 3.5355339059327378,
      "model_score": 0.0
    },
    {
      "id": "q6-14",
      "question_id": "q6",
      "human_scores": [
        25.0,
        17
      ],
      "mean": 21.0,
      "std": 5.656854249492381,
      "model_score": 0.0
    },
    {
      "id": "q6-15",
      "question_id": "q6",
      "human_scores": [
        25,
        17
      ],
      "mean": 21,
      "std": 5.656854249492381,
      "model_score": 0.0
    },
    {
      "id": "q6-16",
      "question_id": "q6",
      "human_scores": [
        35,
        40
      ],
      "mean": 37.5,
      "std": 3.5355339059327378,
      "model_score": 0.0
    },
    {
      "id": "q6-17",
      "question_id": "q6",
      "human_scores": [
        15.0,
        20
      ],
      "mean": 17.5,
      "std": 3.5355339059327378,
      "model_score": 0.0
    },
    {
      "id": "q6-18",
      "question_id": "q6",
      "human_scores": [
        35.0,
        40
      ],
      "mean": 37.5,
      "std": 3.5355339059327378,
      "model_score": 0.0
    },
    {
      "id": "q6-19",
      "question_id": "q6",
      "human_scores": [
        23.0,
        28
      ],
      "mean": 25.5,
      "std": 3.5355339059327378,
      "model_score": 0.0
    },
    {
      "id": "q6-20",
      "question_id": "q6",
      "human_scores": [
        35.0,
        40
      ],
      "mean": 37.5,
      "std": 3.5355339059327378,
      "model_score": 0.0
    },
    {
      "id": "q6-21",
      "question_id": "q6",
      "human_scores": [
        35,
        40
      ],
      "mean": 37.5,
      "std": 3.5355339059327378,
      "model_score": 0.0
    },
    {
      "id": "q6-22",
      "question_id": "q6",
      "human_scores": [
        25.0,
        15
      ],
      "mean": 20.0,
      "std": 7.0710678118654755,
      "model_score": 0.0
    },
    {
      "id": "q6-23",
      "question_id": "q6",
      "human_scores": [
        5.0,
        5
      ],
      "mean": 5.0,
      "std": 0.0,
      "model_score": 0.0
    },
    {
      "id": "q6-24",
      "question_id": "q6",
      "human_scores": [
        35,
        40
      ],
      "mean": 37.5,
      "std": 3.5355339059327378,
      "model_score": 0.0
    },
    {
      "id": "q6-25",
      "question_id": "q6",
      "human_scores": [
        35,
        40
      ],
      "mean": 37.5,
      "std": 3.5355339059327378,
      "model_score": 0.0
    },
    {
      "id": "q6-26",
      "question_id": "q6",
      "human_scores": [
        30.0,
        35
      ],
      "mean": 32.5,
      "std": 3.5355339059327378,
      "model_score": 0.0
    },
    {
      "id": "q6-27",
      "question_id": "q6",
      "human_scores": [
        35,
        40
      ],
      "mean": 37.5,
      "std": 3.5355339059327378,
      "model_score": 0.0
    },
    {
      "id": "q6-28",
      "question_id": "q6",
      "human_scores": [
        30.0,
        35
      ],
      "mean": 32.5,
      "std": 3.5355339059327378,
      "model_score": 0.0
    },
    {
      "id": "q6-29",
      "question_id": "q6",
      "human_scores": [
        25.0,
        27
      ],
      "mean": 26.0,
      "std": 1.4142135623730951,
      "model_score": 0.0
    },
    {
      "id": "q6-30",
      "question_id": "q6",
      "human_scores": [
        30.0,
        35
      ],
      "mean": 32.5,
      "std": 3.5355339059327378,
      "model_score": 0.0
    },
    {
      "id": "q6-31",
      "question_id": "q6",
      "human_scores": [
        35,
        40
      ],
      "mean": 37.5,
      "std": 3.5355339059327378,
      "model_score": 0.0
    },
    {
      "id": "q6-32",
      "question_id": "q6",
      "human_scores": [
        35,
        40
      ],
      "mean": 37.5,
      "std": 3.5355339059327378,
      "model_score": 0.0
    },
    {
      "id": "q6-33",
      "question_id": "q6",
      "human_scores": [
        30.0,
        40
      ],
      "mean": 35.0,
      "std": 7.0710678118654755,
      "model_score": 0.0
    },
    {
      "id": "q6-34",
      "question_id": "q6",
      "human_scores": [
        25.0,
        24
      ],
      "mean": 24.5,
      "std": 0.7071067811865476,
      "model_score": 0.0
    },
    {
      "id": "q6-35",
      "question_id": "q6",
      "human_scores": [
        0.0,
        0
      ],
      "mean": 0.0,
      "std": 0.0,
      "model_score": 0.0
    },
    {
      "id": "q6-36",
      "question_id": "q6",
      "human_scores": [
        0.0,
        0
      ],
      "mean": 0.0,
      "std": 0.0,
      "model_score": 0.0
    },
    {
      "id": "q6-37",
      "question_id": "q6",
      "human_scores": [
        35,
        40
      ],
      "mean": 37.5,
      "std": 3.5355339059327378,
      "model_score": 0.0
    },
    {
      "id": "q6-38",
      "question_id": "q6",
      "human_scores": [
        15.0,
        20
      ],
      "mean": 17.5,
      "std": 3.5355339059327378,
      "model_score": 0.0
    },
    {
      "id": "q6-39",
      "question_id": "q6",
      "human_scores": [
        15.0,
        20
      ],
      "mean": 17.5,
      "std": 3.5355339059327378,
      "model_score": 0.0
    },
    {
      "id": "q6-40",
      "question_id": "q6",
      "human_scores": [
        35.0,
        40
      ],
      "mean": 37.5,
      "std": 3.5355339059327378,
      "model_score": 0.0
    }
  ]
}
[INFO] 2025-09-27 18:59:49,672 Saved meta-eval summary to /nfs/roberts/project/pi_ac3458/vl298/Prompt-Perturbation/ReIFE/results/llm_grader_pointwise.dummy_api.base_pointwise.pointwise_vanilla.meta.json
